source,regime,N,causal,dtype,seed,head,rank,audit_rows,mean_relative_l2,p95_relative_l2,max_relative_l2,nonfinite_rows
synthetic,scale_0.1,4096,False,torch.float16,1234,0,64,256,0.0411299467086792,0.04412681981921196,0.046146638691425323,0
synthetic,scale_0.1,4096,False,torch.float16,1234,0,256,256,0.017504699528217316,0.01909421756863594,0.020041607320308685,0
synthetic,scale_0.1,4096,False,torch.float16,1234,0,1024,256,0.010122588835656643,0.010919561609625816,0.011438696645200253,0
synthetic,scale_0.1,4096,False,torch.float16,1234,1,64,256,0.035982050001621246,0.03894166648387909,0.0415845587849617,0
synthetic,scale_0.1,4096,False,torch.float16,1234,1,256,256,0.018706217408180237,0.0203799307346344,0.02240397036075592,0
synthetic,scale_0.1,4096,False,torch.float16,1234,1,1024,256,0.01131572388112545,0.012082760222256184,0.013086220249533653,0
synthetic,scale_0.1,4096,False,torch.float16,1234,2,64,256,0.031270239502191544,0.03355862945318222,0.03550409525632858,0
synthetic,scale_0.1,4096,False,torch.float16,1234,2,256,256,0.016801120713353157,0.017920609563589096,0.018899712711572647,0
synthetic,scale_0.1,4096,False,torch.float16,1234,2,1024,256,0.008769504725933075,0.00940993893891573,0.009945448487997055,0
synthetic,scale_0.1,4096,False,torch.float16,1234,3,64,256,0.03551387041807175,0.03820032626390457,0.03948768973350525,0
synthetic,scale_0.1,4096,False,torch.float16,1234,3,256,256,0.017485355958342552,0.01918059214949608,0.020364629104733467,0
synthetic,scale_0.1,4096,False,torch.float16,1234,3,1024,256,0.010730031877756119,0.011457907035946846,0.012069257907569408,0
synthetic,scale_0.1,4096,False,torch.float16,1234,4,64,256,0.039251647889614105,0.04255051910877228,0.04381294175982475,0
synthetic,scale_0.1,4096,False,torch.float16,1234,4,256,256,0.017459115013480186,0.018742866814136505,0.01958593539893627,0
synthetic,scale_0.1,4096,False,torch.float16,1234,4,1024,256,0.009967414662241936,0.01079100463539362,0.011259740218520164,0
synthetic,scale_0.1,4096,False,torch.float16,1234,5,64,256,0.034103814512491226,0.03663821890950203,0.039073579013347626,0
synthetic,scale_0.1,4096,False,torch.float16,1234,5,256,256,0.015054387971758842,0.01623777486383915,0.017027823254466057,0
synthetic,scale_0.1,4096,False,torch.float16,1234,5,1024,256,0.007430982775986195,0.008059285581111908,0.008379769511520863,0
synthetic,scale_0.1,4096,False,torch.float16,1234,6,64,256,0.03246549144387245,0.035527460277080536,0.03940926492214203,0
synthetic,scale_0.1,4096,False,torch.float16,1234,6,256,256,0.01450852956622839,0.015557803213596344,0.016529647633433342,0
synthetic,scale_0.1,4096,False,torch.float16,1234,6,1024,256,0.008366182446479797,0.008980357088148594,0.009492471814155579,0
synthetic,scale_0.1,4096,False,torch.float16,1234,7,64,256,0.04681617021560669,0.05128411203622818,0.05310434103012085,0
synthetic,scale_0.1,4096,False,torch.float16,1234,7,256,256,0.01867423579096794,0.020126808434724808,0.02168697863817215,0
synthetic,scale_0.1,4096,False,torch.float16,1234,7,1024,256,0.009639304131269455,0.01042040903121233,0.011240347288548946,0
synthetic,scale_0.1,4096,False,torch.float16,2345,0,64,256,0.030548986047506332,0.03305279091000557,0.03479918837547302,0
synthetic,scale_0.1,4096,False,torch.float16,2345,0,256,256,0.012731900438666344,0.013988670893013477,0.014538358896970749,0
synthetic,scale_0.1,4096,False,torch.float16,2345,0,1024,256,0.007837550714612007,0.00839109718799591,0.00916130468249321,0
synthetic,scale_0.1,4096,False,torch.float16,2345,1,64,256,0.030202751979231834,0.03299856185913086,0.034818101674318314,0
synthetic,scale_0.1,4096,False,torch.float16,2345,1,256,256,0.014071556739509106,0.015466993674635887,0.01645466685295105,0
synthetic,scale_0.1,4096,False,torch.float16,2345,1,1024,256,0.01042567752301693,0.011047441512346268,0.011549594812095165,0
synthetic,scale_0.1,4096,False,torch.float16,2345,2,64,256,0.043811678886413574,0.046356670558452606,0.048207540065050125,0
synthetic,scale_0.1,4096,False,torch.float16,2345,2,256,256,0.014163750223815441,0.015676219016313553,0.01635625958442688,0
synthetic,scale_0.1,4096,False,torch.float16,2345,2,1024,256,0.010894158855080605,0.011663067154586315,0.012283654883503914,0
synthetic,scale_0.1,4096,False,torch.float16,2345,3,64,256,0.048413243144750595,0.05125065892934799,0.05417659133672714,0
synthetic,scale_0.1,4096,False,torch.float16,2345,3,256,256,0.01737874746322632,0.01906415820121765,0.021080249920487404,0
synthetic,scale_0.1,4096,False,torch.float16,2345,3,1024,256,0.013002339750528336,0.013942286372184753,0.014330565929412842,0
synthetic,scale_0.1,4096,False,torch.float16,2345,4,64,256,0.04376787692308426,0.046843450516462326,0.04891760274767876,0
synthetic,scale_0.1,4096,False,torch.float16,2345,4,256,256,0.012866759672760963,0.01418897695839405,0.014932502061128616,0
synthetic,scale_0.1,4096,False,torch.float16,2345,4,1024,256,0.009543544612824917,0.010260161943733692,0.010877016931772232,0
synthetic,scale_0.1,4096,False,torch.float16,2345,5,64,256,0.03565358370542526,0.037742920219898224,0.04026852548122406,0
synthetic,scale_0.1,4096,False,torch.float16,2345,5,256,256,0.010529659688472748,0.011650359258055687,0.012485282495617867,0
synthetic,scale_0.1,4096,False,torch.float16,2345,5,1024,256,0.008357109501957893,0.009006636217236519,0.009396897628903389,0
synthetic,scale_0.1,4096,False,torch.float16,2345,6,64,256,0.033740878105163574,0.036357469856739044,0.03725896403193474,0
synthetic,scale_0.1,4096,False,torch.float16,2345,6,256,256,0.013743177987635136,0.015016508288681507,0.016069501638412476,0
synthetic,scale_0.1,4096,False,torch.float16,2345,6,1024,256,0.00904224906116724,0.009779335930943489,0.010075009427964687,0
synthetic,scale_0.1,4096,False,torch.float16,2345,7,64,256,0.04365496709942818,0.04726113751530647,0.0505964457988739,0
synthetic,scale_0.1,4096,False,torch.float16,2345,7,256,256,0.014887820929288864,0.01633084937930107,0.017389632761478424,0
synthetic,scale_0.1,4096,False,torch.float16,2345,7,1024,256,0.010213578119874,0.011020628735423088,0.012022185139358044,0
synthetic,scale_0.1,4096,False,torch.float16,3456,0,64,256,0.0376676544547081,0.04081904515624046,0.04300666227936745,0
synthetic,scale_0.1,4096,False,torch.float16,3456,0,256,256,0.018932238221168518,0.02054624632000923,0.02175702154636383,0
synthetic,scale_0.1,4096,False,torch.float16,3456,0,1024,256,0.01160203292965889,0.012555206194519997,0.013846789486706257,0
synthetic,scale_0.1,4096,False,torch.float16,3456,1,64,256,0.038216911256313324,0.04145067185163498,0.043370191007852554,0
synthetic,scale_0.1,4096,False,torch.float16,3456,1,256,256,0.021978911012411118,0.02326495572924614,0.0241495780646801,0
synthetic,scale_0.1,4096,False,torch.float16,3456,1,1024,256,0.009038460440933704,0.009871846064925194,0.010906754992902279,0
synthetic,scale_0.1,4096,False,torch.float16,3456,2,64,256,0.03540484607219696,0.03881433233618736,0.04098742455244064,0
synthetic,scale_0.1,4096,False,torch.float16,3456,2,256,256,0.019155580550432205,0.020429784432053566,0.022023888304829597,0
synthetic,scale_0.1,4096,False,torch.float16,3456,2,1024,256,0.008566289208829403,0.00929840188473463,0.009765077382326126,0
synthetic,scale_0.1,4096,False,torch.float16,3456,3,64,256,0.03371875733137131,0.03697379678487778,0.04242585226893425,0
synthetic,scale_0.1,4096,False,torch.float16,3456,3,256,256,0.020306887105107307,0.02160225808620453,0.022617753595113754,0
synthetic,scale_0.1,4096,False,torch.float16,3456,3,1024,256,0.010330489836633205,0.011291513219475746,0.012513956986367702,0
synthetic,scale_0.1,4096,False,torch.float16,3456,4,64,256,0.032312750816345215,0.03462018817663193,0.03672875463962555,0
synthetic,scale_0.1,4096,False,torch.float16,3456,4,256,256,0.016999462619423866,0.018418651074171066,0.0196374598890543,0
synthetic,scale_0.1,4096,False,torch.float16,3456,4,1024,256,0.007985584437847137,0.008763858117163181,0.009483006782829762,0
synthetic,scale_0.1,4096,False,torch.float16,3456,5,64,256,0.03957000747323036,0.0434391014277935,0.0471288226544857,0
synthetic,scale_0.1,4096,False,torch.float16,3456,5,256,256,0.020148077979683876,0.02169668860733509,0.0229855477809906,0
synthetic,scale_0.1,4096,False,torch.float16,3456,5,1024,256,0.010269936174154282,0.011161638423800468,0.011832515709102154,0
synthetic,scale_0.1,4096,False,torch.float16,3456,6,64,256,0.033524103462696075,0.036184489727020264,0.039995189756155014,0
synthetic,scale_0.1,4096,False,torch.float16,3456,6,256,256,0.019552573561668396,0.02081768959760666,0.021709498018026352,0
synthetic,scale_0.1,4096,False,torch.float16,3456,6,1024,256,0.009679779410362244,0.010558221489191055,0.011575346812605858,0
synthetic,scale_0.1,4096,False,torch.float16,3456,7,64,256,0.03742646798491478,0.04128323495388031,0.04334253445267677,0
synthetic,scale_0.1,4096,False,torch.float16,3456,7,256,256,0.02656315453350544,0.028629422187805176,0.029918590560555458,0
synthetic,scale_0.1,4096,False,torch.float16,3456,7,1024,256,0.01061499584466219,0.01148922648280859,0.012414812110364437,0
synthetic,scale_0.1,4096,False,torch.float32,1234,0,64,256,0.041128888726234436,0.04412682726979256,0.04614637419581413,0
synthetic,scale_0.1,4096,False,torch.float32,1234,0,256,256,0.017503991723060608,0.01909344270825386,0.02004072070121765,0
synthetic,scale_0.1,4096,False,torch.float32,1234,0,1024,256,0.010122494772076607,0.010918961837887764,0.01143886148929596,0
synthetic,scale_0.1,4096,False,torch.float32,1234,1,64,256,0.03598209470510483,0.03894244134426117,0.04158556088805199,0
synthetic,scale_0.1,4096,False,torch.float32,1234,1,256,256,0.0187070369720459,0.020380862057209015,0.022405138239264488,0
synthetic,scale_0.1,4096,False,torch.float32,1234,1,1024,256,0.011315965093672276,0.012083289213478565,0.013086340390145779,0
synthetic,scale_0.1,4096,False,torch.float32,1234,2,64,256,0.031270723789930344,0.0335586816072464,0.035503700375556946,0
synthetic,scale_0.1,4096,False,torch.float32,1234,2,256,256,0.016801780089735985,0.017921481281518936,0.01890145055949688,0
synthetic,scale_0.1,4096,False,torch.float32,1234,2,1024,256,0.008769335225224495,0.009409827180206776,0.009945090860128403,0
synthetic,scale_0.1,4096,False,torch.float32,1234,3,64,256,0.035515375435352325,0.03820221126079559,0.039490707218647,0
synthetic,scale_0.1,4096,False,torch.float32,1234,3,256,256,0.017484745010733604,0.019179899245500565,0.020364154130220413,0
synthetic,scale_0.1,4096,False,torch.float32,1234,3,1024,256,0.010729923844337463,0.011457891203463078,0.01206942554563284,0
synthetic,scale_0.1,4096,False,torch.float32,1234,4,64,256,0.03924968093633652,0.042547743767499924,0.04381018131971359,0
synthetic,scale_0.1,4096,False,torch.float32,1234,4,256,256,0.017458191141486168,0.01874184049665928,0.019584836438298225,0
synthetic,scale_0.1,4096,False,torch.float32,1234,4,1024,256,0.009967220015823841,0.010790692642331123,0.011259148828685284,0
synthetic,scale_0.1,4096,False,torch.float32,1234,5,64,256,0.03410455584526062,0.03663916140794754,0.039072949439287186,0
synthetic,scale_0.1,4096,False,torch.float32,1234,5,256,256,0.015053726732730865,0.016237597912549973,0.017027124762535095,0
synthetic,scale_0.1,4096,False,torch.float32,1234,5,1024,256,0.007430826313793659,0.008059031330049038,0.008379737846553326,0
synthetic,scale_0.1,4096,False,torch.float32,1234,6,64,256,0.0324670746922493,0.03552887216210365,0.03941049426794052,0
synthetic,scale_0.1,4096,False,torch.float32,1234,6,256,256,0.014508889988064766,0.015558678656816483,0.016529714688658714,0
synthetic,scale_0.1,4096,False,torch.float32,1234,6,1024,256,0.008366473950445652,0.008980795741081238,0.009493114426732063,0
synthetic,scale_0.1,4096,False,torch.float32,1234,7,64,256,0.04681190103292465,0.05127914249897003,0.05310116335749626,0
synthetic,scale_0.1,4096,False,torch.float32,1234,7,256,256,0.018672604113817215,0.020125433802604675,0.02168581821024418,0
synthetic,scale_0.1,4096,False,torch.float32,1234,7,1024,256,0.009638404473662376,0.01041947677731514,0.011239611543715,0
synthetic,scale_0.1,4096,False,torch.float32,2345,0,64,256,0.030548881739377975,0.03305297717452049,0.034799542278051376,0
synthetic,scale_0.1,4096,False,torch.float32,2345,0,256,256,0.012731507420539856,0.013988366350531578,0.014537886716425419,0
synthetic,scale_0.1,4096,False,torch.float32,2345,0,1024,256,0.007837575860321522,0.008391095325350761,0.0091614481061697,0
synthetic,scale_0.1,4096,False,torch.float32,2345,1,64,256,0.030202478170394897,0.032998889684677124,0.034817058593034744,0
synthetic,scale_0.1,4096,False,torch.float32,2345,1,256,256,0.014070900157094002,0.015466642566025257,0.016454271972179413,0
synthetic,scale_0.1,4096,False,torch.float32,2345,1,1024,256,0.010425696149468422,0.011047297157347202,0.011549615301191807,0
synthetic,scale_0.1,4096,False,torch.float32,2345,2,64,256,0.043813664466142654,0.046358685940504074,0.0482100248336792,0
synthetic,scale_0.1,4096,False,torch.float32,2345,2,256,256,0.0141643937677145,0.015677109360694885,0.01635693572461605,0
synthetic,scale_0.1,4096,False,torch.float32,2345,2,1024,256,0.010894030332565308,0.011663087643682957,0.012283225543797016,0
synthetic,scale_0.1,4096,False,torch.float32,2345,3,64,256,0.04841674864292145,0.051255688071250916,0.0541813001036644,0
synthetic,scale_0.1,4096,False,torch.float32,2345,3,256,256,0.017379123717546463,0.019064536318182945,0.021081024780869484,0
synthetic,scale_0.1,4096,False,torch.float32,2345,3,1024,256,0.013002414256334305,0.013942133635282516,0.014331057667732239,0
synthetic,scale_0.1,4096,False,torch.float32,2345,4,64,256,0.04376471787691116,0.04684079438447952,0.048914551734924316,0
synthetic,scale_0.1,4096,False,torch.float32,2345,4,256,256,0.012866366654634476,0.014188479632139206,0.014932557940483093,0
synthetic,scale_0.1,4096,False,torch.float32,2345,4,1024,256,0.00954341795295477,0.010259957984089851,0.010877148248255253,0
synthetic,scale_0.1,4096,False,torch.float32,2345,5,64,256,0.035655342042446136,0.03774445876479149,0.04027062654495239,0
synthetic,scale_0.1,4096,False,torch.float32,2345,5,256,256,0.010529717430472374,0.011650389060378075,0.01248515397310257,0
synthetic,scale_0.1,4096,False,torch.float32,2345,5,1024,256,0.008357669226825237,0.009006979875266552,0.009397706016898155,0
synthetic,scale_0.1,4096,False,torch.float32,2345,6,64,256,0.033741191029548645,0.03635745868086815,0.0372607447206974,0
synthetic,scale_0.1,4096,False,torch.float32,2345,6,256,256,0.013743738643825054,0.015017380006611347,0.01606985554099083,0
synthetic,scale_0.1,4096,False,torch.float32,2345,6,1024,256,0.009042263962328434,0.009779343381524086,0.010075357742607594,0
synthetic,scale_0.1,4096,False,torch.float32,2345,7,64,256,0.043655022978782654,0.047262564301490784,0.050596173852682114,0
synthetic,scale_0.1,4096,False,torch.float32,2345,7,256,256,0.014887060970067978,0.01633051224052906,0.01738833263516426,0
synthetic,scale_0.1,4096,False,torch.float32,2345,7,1024,256,0.010213684290647507,0.011020177975296974,0.012022245675325394,0
synthetic,scale_0.1,4096,False,torch.float32,3456,0,64,256,0.037668026983737946,0.040819648653268814,0.043006833642721176,0
synthetic,scale_0.1,4096,False,torch.float32,3456,0,256,256,0.018932241946458817,0.02054654248058796,0.02175755985081196,0
synthetic,scale_0.1,4096,False,torch.float32,3456,0,1024,256,0.011601484380662441,0.012554534710943699,0.01384616270661354,0
synthetic,scale_0.1,4096,False,torch.float32,3456,1,64,256,0.03821644186973572,0.04144986346364021,0.04337126016616821,0
synthetic,scale_0.1,4096,False,torch.float32,3456,1,256,256,0.02197890542447567,0.023264586925506592,0.024149782955646515,0
synthetic,scale_0.1,4096,False,torch.float32,3456,1,1024,256,0.009038417600095272,0.009872033260762691,0.01090623252093792,0
synthetic,scale_0.1,4096,False,torch.float32,3456,2,64,256,0.03540321812033653,0.03881217539310455,0.04098426550626755,0
synthetic,scale_0.1,4096,False,torch.float32,3456,2,256,256,0.019155316054821014,0.02042977511882782,0.02202436327934265,0
synthetic,scale_0.1,4096,False,torch.float32,3456,2,1024,256,0.00856605265289545,0.009298186749219894,0.00976455770432949,0
synthetic,scale_0.1,4096,False,torch.float32,3456,3,64,256,0.0337182953953743,0.03697331249713898,0.04242333769798279,0
synthetic,scale_0.1,4096,False,torch.float32,3456,3,256,256,0.020306013524532318,0.02160158008337021,0.022616690024733543,0
synthetic,scale_0.1,4096,False,torch.float32,3456,3,1024,256,0.010330691933631897,0.01129210740327835,0.012514925561845303,0
synthetic,scale_0.1,4096,False,torch.float32,3456,4,64,256,0.03231240063905716,0.03461935743689537,0.036728549748659134,0
synthetic,scale_0.1,4096,False,torch.float32,3456,4,256,256,0.017000587657094002,0.01842019334435463,0.019638366997241974,0
synthetic,scale_0.1,4096,False,torch.float32,3456,4,1024,256,0.007985638454556465,0.008764412254095078,0.009482931345701218,0
synthetic,scale_0.1,4096,False,torch.float32,3456,5,64,256,0.039570122957229614,0.043440114706754684,0.04712944105267525,0
synthetic,scale_0.1,4096,False,torch.float32,3456,5,256,256,0.020147163420915604,0.02169566974043846,0.022985218092799187,0
synthetic,scale_0.1,4096,False,torch.float32,3456,5,1024,256,0.010269860737025738,0.011161398142576218,0.011832128278911114,0
synthetic,scale_0.1,4096,False,torch.float32,3456,6,64,256,0.03352455049753189,0.036185234785079956,0.03999509662389755,0
synthetic,scale_0.1,4096,False,torch.float32,3456,6,256,256,0.01955384388566017,0.02081805095076561,0.021711407229304314,0
synthetic,scale_0.1,4096,False,torch.float32,3456,6,1024,256,0.009680042043328285,0.010558400303125381,0.011575787328183651,0
synthetic,scale_0.1,4096,False,torch.float32,3456,7,64,256,0.03742694854736328,0.041284091770648956,0.04334188252687454,0
synthetic,scale_0.1,4096,False,torch.float32,3456,7,256,256,0.026563987135887146,0.028629489243030548,0.02991931512951851,0
synthetic,scale_0.1,4096,False,torch.float32,3456,7,1024,256,0.01061599887907505,0.011490384116768837,0.012416006997227669,0
synthetic,scale_0.1,4096,True,torch.float16,1234,0,64,256,0.03757423162460327,0.04208824038505554,0.04517599567770958,0
synthetic,scale_0.1,4096,True,torch.float16,1234,0,256,256,0.0167077649384737,0.018766852095723152,0.020530536770820618,0
synthetic,scale_0.1,4096,True,torch.float16,1234,0,1024,256,0.010220257565379143,0.011735107749700546,0.01360141858458519,0
synthetic,scale_0.1,4096,True,torch.float16,1234,1,64,256,0.033850427716970444,0.03750033676624298,0.04180700331926346,0
synthetic,scale_0.1,4096,True,torch.float16,1234,1,256,256,0.017342783510684967,0.019826125353574753,0.020612837746739388,0
synthetic,scale_0.1,4096,True,torch.float16,1234,1,1024,256,0.010517420247197151,0.011764423921704292,0.012273365631699562,0
synthetic,scale_0.1,4096,True,torch.float16,1234,2,64,256,0.03452347218990326,0.04064716398715973,0.046542324125766754,0
synthetic,scale_0.1,4096,True,torch.float16,1234,2,256,256,0.016507485881447792,0.018650274723768234,0.021721772849559784,0
synthetic,scale_0.1,4096,True,torch.float16,1234,2,1024,256,0.008648712188005447,0.0097283273935318,0.011226085014641285,0
synthetic,scale_0.1,4096,True,torch.float16,1234,3,64,256,0.034974947571754456,0.039037130773067474,0.041432932019233704,0
synthetic,scale_0.1,4096,True,torch.float16,1234,3,256,256,0.01579037308692932,0.018344273790717125,0.021250134333968163,0
synthetic,scale_0.1,4096,True,torch.float16,1234,3,1024,256,0.010405993089079857,0.011744586750864983,0.012359549291431904,0
synthetic,scale_0.1,4096,True,torch.float16,1234,4,64,256,0.0384683832526207,0.04385288804769516,0.05094074830412865,0
synthetic,scale_0.1,4096,True,torch.float16,1234,4,256,256,0.016289150342345238,0.019001081585884094,0.021112514659762383,0
synthetic,scale_0.1,4096,True,torch.float16,1234,4,1024,256,0.009693309664726257,0.01103732455521822,0.011561831459403038,0
synthetic,scale_0.1,4096,True,torch.float16,1234,5,64,256,0.03434757888317108,0.039464324712753296,0.046509768813848495,0
synthetic,scale_0.1,4096,True,torch.float16,1234,5,256,256,0.016864623874425888,0.019913015887141228,0.021558688953518867,0
synthetic,scale_0.1,4096,True,torch.float16,1234,5,1024,256,0.007933340966701508,0.009413737803697586,0.011653047986328602,0
synthetic,scale_0.1,4096,True,torch.float16,1234,6,64,256,0.033194564282894135,0.040245987474918365,0.04588849097490311,0
synthetic,scale_0.1,4096,True,torch.float16,1234,6,256,256,0.017387980595231056,0.022057371214032173,0.025186020880937576,0
synthetic,scale_0.1,4096,True,torch.float16,1234,6,1024,256,0.009764137677848339,0.012027988210320473,0.013486942276358604,0
synthetic,scale_0.1,4096,True,torch.float16,1234,7,64,256,0.04006405174732208,0.04696360602974892,0.051397718489170074,0
synthetic,scale_0.1,4096,True,torch.float16,1234,7,256,256,0.01750478893518448,0.02002057246863842,0.021520832553505898,0
synthetic,scale_0.1,4096,True,torch.float16,1234,7,1024,256,0.008998651057481766,0.010216124355793,0.01108166016638279,0
synthetic,scale_0.1,4096,True,torch.float16,2345,0,64,256,0.036335378885269165,0.04215145856142044,0.05249622464179993,0
synthetic,scale_0.1,4096,True,torch.float16,2345,0,256,256,0.014088623225688934,0.0158153735101223,0.01763894222676754,0
synthetic,scale_0.1,4096,True,torch.float16,2345,0,1024,256,0.008908949792385101,0.01005643978714943,0.010611706413328648,0
synthetic,scale_0.1,4096,True,torch.float16,2345,1,64,256,0.0344918891787529,0.040256161242723465,0.04363097995519638,0
synthetic,scale_0.1,4096,True,torch.float16,2345,1,256,256,0.014636567793786526,0.0168712567538023,0.018163198605179787,0
synthetic,scale_0.1,4096,True,torch.float16,2345,1,1024,256,0.009663520380854607,0.01124699879437685,0.011951071210205555,0
synthetic,scale_0.1,4096,True,torch.float16,2345,2,64,256,0.03893114626407623,0.04376435652375221,0.04762288182973862,0
synthetic,scale_0.1,4096,True,torch.float16,2345,2,256,256,0.01440606452524662,0.016851598396897316,0.018690483644604683,0
synthetic,scale_0.1,4096,True,torch.float16,2345,2,1024,256,0.009143408387899399,0.011220748536288738,0.012257374823093414,0
synthetic,scale_0.1,4096,True,torch.float16,2345,3,64,256,0.040291108191013336,0.051130328327417374,0.05625830963253975,0
synthetic,scale_0.1,4096,True,torch.float16,2345,3,256,256,0.015334060415625572,0.01846826821565628,0.021138248965144157,0
synthetic,scale_0.1,4096,True,torch.float16,2345,3,1024,256,0.010156538337469101,0.013373524881899357,0.014580965973436832,0
synthetic,scale_0.1,4096,True,torch.float16,2345,4,64,256,0.041022129356861115,0.046439774334430695,0.04972803592681885,0
synthetic,scale_0.1,4096,True,torch.float16,2345,4,256,256,0.013791052624583244,0.01627698913216591,0.017958486452698708,0
synthetic,scale_0.1,4096,True,torch.float16,2345,4,1024,256,0.008865179494023323,0.010947841219604015,0.01413688249886036,0
synthetic,scale_0.1,4096,True,torch.float16,2345,5,64,256,0.031775832176208496,0.03580927848815918,0.04750760272145271,0
synthetic,scale_0.1,4096,True,torch.float16,2345,5,256,256,0.01243195403367281,0.014675479382276535,0.018104704096913338,0
synthetic,scale_0.1,4096,True,torch.float16,2345,5,1024,256,0.007916565984487534,0.009136276319622993,0.010569031350314617,0
synthetic,scale_0.1,4096,True,torch.float16,2345,6,64,256,0.03514020889997482,0.0412495881319046,0.046939678490161896,0
synthetic,scale_0.1,4096,True,torch.float16,2345,6,256,256,0.012910312041640282,0.014837823808193207,0.01591426506638527,0
synthetic,scale_0.1,4096,True,torch.float16,2345,6,1024,256,0.009175458922982216,0.010262273252010345,0.011165302246809006,0
synthetic,scale_0.1,4096,True,torch.float16,2345,7,64,256,0.042801983654499054,0.049316443502902985,0.05515296384692192,0
synthetic,scale_0.1,4096,True,torch.float16,2345,7,256,256,0.015474175103008747,0.0180900190025568,0.021547196432948112,0
synthetic,scale_0.1,4096,True,torch.float16,2345,7,1024,256,0.01020706444978714,0.011542301625013351,0.014154334552586079,0
synthetic,scale_0.1,4096,True,torch.float16,3456,0,64,256,0.03323327749967575,0.038302723318338394,0.041844502091407776,0
synthetic,scale_0.1,4096,True,torch.float16,3456,0,256,256,0.01951413042843342,0.021994400769472122,0.02621173858642578,0
synthetic,scale_0.1,4096,True,torch.float16,3456,0,1024,256,0.010725609958171844,0.012184824794530869,0.012873658910393715,0
synthetic,scale_0.1,4096,True,torch.float16,3456,1,64,256,0.03664061427116394,0.043556708842515945,0.04813773185014725,0
synthetic,scale_0.1,4096,True,torch.float16,3456,1,256,256,0.021385930478572845,0.023948941379785538,0.02847222238779068,0
synthetic,scale_0.1,4096,True,torch.float16,3456,1,1024,256,0.008805499412119389,0.010057937353849411,0.011941147968173027,0
synthetic,scale_0.1,4096,True,torch.float16,3456,2,64,256,0.03480856865644455,0.0398765504360199,0.04559682309627533,0
synthetic,scale_0.1,4096,True,torch.float16,3456,2,256,256,0.018711470067501068,0.021512866020202637,0.024704309180378914,0
synthetic,scale_0.1,4096,True,torch.float16,3456,2,1024,256,0.008652850985527039,0.010036551393568516,0.010727153159677982,0
synthetic,scale_0.1,4096,True,torch.float16,3456,3,64,256,0.03174235671758652,0.03780009225010872,0.043498266488313675,0
synthetic,scale_0.1,4096,True,torch.float16,3456,3,256,256,0.01941748894751072,0.022432925179600716,0.02346506528556347,0
synthetic,scale_0.1,4096,True,torch.float16,3456,3,1024,256,0.01078762300312519,0.01321968249976635,0.015111297369003296,0
synthetic,scale_0.1,4096,True,torch.float16,3456,4,64,256,0.032740190625190735,0.0382915735244751,0.04058728367090225,0
synthetic,scale_0.1,4096,True,torch.float16,3456,4,256,256,0.017266442999243736,0.02028679847717285,0.023756250739097595,0
synthetic,scale_0.1,4096,True,torch.float16,3456,4,1024,256,0.008548219688236713,0.009742025285959244,0.010653256438672543,0
synthetic,scale_0.1,4096,True,torch.float16,3456,5,64,256,0.03870731592178345,0.04536117613315582,0.047979943454265594,0
synthetic,scale_0.1,4096,True,torch.float16,3456,5,256,256,0.021173369139432907,0.024090096354484558,0.026290612295269966,0
synthetic,scale_0.1,4096,True,torch.float16,3456,5,1024,256,0.010015945881605148,0.011547937989234924,0.012755893170833588,0
synthetic,scale_0.1,4096,True,torch.float16,3456,6,64,256,0.03301201015710831,0.03932120278477669,0.04407422989606857,0
synthetic,scale_0.1,4096,True,torch.float16,3456,6,256,256,0.019251041114330292,0.02178737334907055,0.023626035079360008,0
synthetic,scale_0.1,4096,True,torch.float16,3456,6,1024,256,0.00995700340718031,0.011999106034636497,0.012984191998839378,0
synthetic,scale_0.1,4096,True,torch.float16,3456,7,64,256,0.03216176480054855,0.03840851038694382,0.04372723028063774,0
synthetic,scale_0.1,4096,True,torch.float16,3456,7,256,256,0.021712029352784157,0.02687310054898262,0.028196534141898155,0
synthetic,scale_0.1,4096,True,torch.float16,3456,7,1024,256,0.00903596356511116,0.010801046155393124,0.012429232709109783,0
synthetic,scale_0.1,4096,True,torch.float32,1234,0,64,256,0.03757252171635628,0.04208681732416153,0.04517222195863724,0
synthetic,scale_0.1,4096,True,torch.float32,1234,0,256,256,0.016707170754671097,0.01876617781817913,0.02053062617778778,0
synthetic,scale_0.1,4096,True,torch.float32,1234,0,1024,256,0.010220017284154892,0.011735326610505581,0.013601617887616158,0
synthetic,scale_0.1,4096,True,torch.float32,1234,1,64,256,0.03385034576058388,0.03749876841902733,0.04180678725242615,0
synthetic,scale_0.1,4096,True,torch.float32,1234,1,256,256,0.017343632876873016,0.01982775144279003,0.02061481587588787,0
synthetic,scale_0.1,4096,True,torch.float32,1234,1,1024,256,0.010517733171582222,0.011764733120799065,0.012274020351469517,0
synthetic,scale_0.1,4096,True,torch.float32,1234,2,64,256,0.03452368825674057,0.04065100476145744,0.046547796577215195,0
synthetic,scale_0.1,4096,True,torch.float32,1234,2,256,256,0.01650768145918846,0.018650317564606667,0.021723512560129166,0
synthetic,scale_0.1,4096,True,torch.float32,1234,2,1024,256,0.008648516610264778,0.009728439152240753,0.011226474307477474,0
synthetic,scale_0.1,4096,True,torch.float32,1234,3,64,256,0.034975916147232056,0.03903885930776596,0.04143406078219414,0
synthetic,scale_0.1,4096,True,torch.float32,1234,3,256,256,0.015790199860930443,0.018343878909945488,0.021249491721391678,0
synthetic,scale_0.1,4096,True,torch.float32,1234,3,1024,256,0.01040595956146717,0.011744577437639236,0.012360096909105778,0
synthetic,scale_0.1,4096,True,torch.float32,1234,4,64,256,0.038468137383461,0.043852128088474274,0.05094342306256294,0
synthetic,scale_0.1,4096,True,torch.float32,1234,4,256,256,0.016288913786411285,0.019000595435500145,0.02111176587641239,0
synthetic,scale_0.1,4096,True,torch.float32,1234,4,1024,256,0.009693223983049393,0.011037607677280903,0.011561775580048561,0
synthetic,scale_0.1,4096,True,torch.float32,1234,5,64,256,0.034347232431173325,0.03946181386709213,0.046507272869348526,0
synthetic,scale_0.1,4096,True,torch.float32,1234,5,256,256,0.01686403527855873,0.019912047311663628,0.021558260545134544,0
synthetic,scale_0.1,4096,True,torch.float32,1234,5,1024,256,0.007933279499411583,0.00941319577395916,0.011651868931949139,0
synthetic,scale_0.1,4096,True,torch.float32,1234,6,64,256,0.03319533169269562,0.04024476557970047,0.04589098319411278,0
synthetic,scale_0.1,4096,True,torch.float32,1234,6,256,256,0.017388304695487022,0.022058269008994102,0.025186197832226753,0
synthetic,scale_0.1,4096,True,torch.float32,1234,6,1024,256,0.009764466434717178,0.012028580531477928,0.013487253338098526,0
synthetic,scale_0.1,4096,True,torch.float32,1234,7,64,256,0.04006356745958328,0.04695950448513031,0.0513983853161335,0
synthetic,scale_0.1,4096,True,torch.float32,1234,7,256,256,0.01750459149479866,0.02002032846212387,0.02151932194828987,0
synthetic,scale_0.1,4096,True,torch.float32,1234,7,1024,256,0.008998416364192963,0.010215487331151962,0.011081339791417122,0
synthetic,scale_0.1,4096,True,torch.float32,2345,0,64,256,0.03633623942732811,0.04215317592024803,0.05249190330505371,0
synthetic,scale_0.1,4096,True,torch.float32,2345,0,256,256,0.014088492840528488,0.015815338119864464,0.017639128491282463,0
synthetic,scale_0.1,4096,True,torch.float32,2345,0,1024,256,0.008909045718610287,0.010056915692985058,0.010612299665808678,0
synthetic,scale_0.1,4096,True,torch.float32,2345,1,64,256,0.034491486847400665,0.04025654122233391,0.04363039508461952,0
synthetic,scale_0.1,4096,True,torch.float32,2345,1,256,256,0.01463619340211153,0.01687152124941349,0.01816265471279621,0
synthetic,scale_0.1,4096,True,torch.float32,2345,1,1024,256,0.009663444012403488,0.011246869340538979,0.011950766667723656,0
synthetic,scale_0.1,4096,True,torch.float32,2345,2,64,256,0.03893118351697922,0.043762434273958206,0.04762223735451698,0
synthetic,scale_0.1,4096,True,torch.float32,2345,2,256,256,0.014406186528503895,0.01685168966650963,0.01868961565196514,0
synthetic,scale_0.1,4096,True,torch.float32,2345,2,1024,256,0.009143201634287834,0.011220421642065048,0.012257090769708157,0
synthetic,scale_0.1,4096,True,torch.float32,2345,3,64,256,0.040291137993335724,0.05113152787089348,0.05626107379794121,0
synthetic,scale_0.1,4096,True,torch.float32,2345,3,256,256,0.015333989635109901,0.018468448892235756,0.02113860473036766,0
synthetic,scale_0.1,4096,True,torch.float32,2345,3,1024,256,0.01015666127204895,0.013374077156186104,0.014581135474145412,0
synthetic,scale_0.1,4096,True,torch.float32,2345,4,64,256,0.041021477431058884,0.046438172459602356,0.049725305289030075,0
synthetic,scale_0.1,4096,True,torch.float32,2345,4,256,256,0.013790376484394073,0.016276562586426735,0.017958445474505424,0
synthetic,scale_0.1,4096,True,torch.float32,2345,4,1024,256,0.008865362033247948,0.010948503389954567,0.014137663878500462,0
synthetic,scale_0.1,4096,True,torch.float32,2345,5,64,256,0.031776733696460724,0.03581232577562332,0.04751177504658699,0
synthetic,scale_0.1,4096,True,torch.float32,2345,5,256,256,0.012431646697223186,0.014675711281597614,0.018104733899235725,0
synthetic,scale_0.1,4096,True,torch.float32,2345,5,1024,256,0.007916796952486038,0.009136839769780636,0.010569753125309944,0
synthetic,scale_0.1,4096,True,torch.float32,2345,6,64,256,0.03514043241739273,0.04125204309821129,0.04694046452641487,0
synthetic,scale_0.1,4096,True,torch.float32,2345,6,256,256,0.012910900637507439,0.014837648719549179,0.015914160758256912,0
synthetic,scale_0.1,4096,True,torch.float32,2345,6,1024,256,0.009175416082143784,0.010262316092848778,0.01116546243429184,0
synthetic,scale_0.1,4096,True,torch.float32,2345,7,64,256,0.04280205816030502,0.04931612312793732,0.05515262857079506,0
synthetic,scale_0.1,4096,True,torch.float32,2345,7,256,256,0.015474321320652962,0.018089668825268745,0.0215445589274168,0
synthetic,scale_0.1,4096,True,torch.float32,2345,7,1024,256,0.010206907987594604,0.011542381718754768,0.014154771342873573,0
synthetic,scale_0.1,4096,True,torch.float32,3456,0,64,256,0.033233560621738434,0.038303449749946594,0.04184723272919655,0
synthetic,scale_0.1,4096,True,torch.float32,3456,0,256,256,0.01951431669294834,0.021994978189468384,0.026211917400360107,0
synthetic,scale_0.1,4096,True,torch.float32,3456,0,1024,256,0.010725469328463078,0.012184577994048595,0.012873971834778786,0
synthetic,scale_0.1,4096,True,torch.float32,3456,1,64,256,0.03663940355181694,0.04355780780315399,0.04813889041543007,0
synthetic,scale_0.1,4096,True,torch.float32,3456,1,256,256,0.02138609066605568,0.02394944429397583,0.02846960537135601,0
synthetic,scale_0.1,4096,True,torch.float32,3456,1,1024,256,0.008805541321635246,0.010057736188173294,0.011941095814108849,0
synthetic,scale_0.1,4096,True,torch.float32,3456,2,64,256,0.034807439893484116,0.03987613692879677,0.045595936477184296,0
synthetic,scale_0.1,4096,True,torch.float32,3456,2,256,256,0.018710851669311523,0.021512046456336975,0.024703705683350563,0
synthetic,scale_0.1,4096,True,torch.float32,3456,2,1024,256,0.008652990683913231,0.010036831721663475,0.010727792046964169,0
synthetic,scale_0.1,4096,True,torch.float32,3456,3,64,256,0.03174214065074921,0.037800081074237823,0.04349833354353905,0
synthetic,scale_0.1,4096,True,torch.float32,3456,3,256,256,0.01941683515906334,0.022433895617723465,0.023465365171432495,0
synthetic,scale_0.1,4096,True,torch.float32,3456,3,1024,256,0.010787272825837135,0.013218536972999573,0.015110003761947155,0
synthetic,scale_0.1,4096,True,torch.float32,3456,4,64,256,0.032738979905843735,0.038289494812488556,0.040584683418273926,0
synthetic,scale_0.1,4096,True,torch.float32,3456,4,256,256,0.01726664789021015,0.020286627113819122,0.02375694550573826,0
synthetic,scale_0.1,4096,True,torch.float32,3456,4,1024,256,0.008547737263143063,0.00974135473370552,0.010652238503098488,0
synthetic,scale_0.1,4096,True,torch.float32,3456,5,64,256,0.03870680183172226,0.04536092281341553,0.04798045754432678,0
synthetic,scale_0.1,4096,True,torch.float32,3456,5,256,256,0.021172665059566498,0.02408977411687374,0.02628920041024685,0
synthetic,scale_0.1,4096,True,torch.float32,3456,5,1024,256,0.010016029700636864,0.011548363603651524,0.012756161391735077,0
synthetic,scale_0.1,4096,True,torch.float32,3456,6,64,256,0.033011533319950104,0.0393231175839901,0.04407453536987305,0
synthetic,scale_0.1,4096,True,torch.float32,3456,6,256,256,0.019251389428973198,0.02178865112364292,0.02362537942826748,0
synthetic,scale_0.1,4096,True,torch.float32,3456,6,1024,256,0.009956898167729378,0.011999097652733326,0.012984189204871655,0
synthetic,scale_0.1,4096,True,torch.float32,3456,7,64,256,0.03216312453150749,0.03840900957584381,0.04372717812657356,0
synthetic,scale_0.1,4096,True,torch.float32,3456,7,256,256,0.021713420748710632,0.026874367147684097,0.028197865933179855,0
synthetic,scale_0.1,4096,True,torch.float32,3456,7,1024,256,0.009036669507622719,0.010802250355482101,0.012429652735590935,0
synthetic,scale_0.2,4096,False,torch.float16,1234,0,64,256,0.09622547030448914,0.10934776812791824,0.13319528102874756,0
synthetic,scale_0.2,4096,False,torch.float16,1234,0,256,256,0.04146045818924904,0.048087410628795624,0.052277661859989166,0
synthetic,scale_0.2,4096,False,torch.float16,1234,0,1024,256,0.024039771407842636,0.027721557766199112,0.02904539182782173,0
synthetic,scale_0.2,4096,False,torch.float16,1234,1,64,256,0.08860816061496735,0.10299855470657349,0.12669456005096436,0
synthetic,scale_0.2,4096,False,torch.float16,1234,1,256,256,0.0445268452167511,0.0522671639919281,0.06920906901359558,0
synthetic,scale_0.2,4096,False,torch.float16,1234,1,1024,256,0.02648588828742504,0.030095655471086502,0.03372156247496605,0
synthetic,scale_0.2,4096,False,torch.float16,1234,2,64,256,0.0771445780992508,0.08934573084115982,0.10845224559307098,0
synthetic,scale_0.2,4096,False,torch.float16,1234,2,256,256,0.04303082078695297,0.04867248237133026,0.05917553976178169,0
synthetic,scale_0.2,4096,False,torch.float16,1234,2,1024,256,0.021675411611795425,0.024345213547348976,0.027048854157328606,0
synthetic,scale_0.2,4096,False,torch.float16,1234,3,64,256,0.08607304096221924,0.09878203272819519,0.12038962543010712,0
synthetic,scale_0.2,4096,False,torch.float16,1234,3,256,256,0.043492142111063004,0.05112049728631973,0.05556890368461609,0
synthetic,scale_0.2,4096,False,torch.float16,1234,3,1024,256,0.02499501407146454,0.028214741498231888,0.03079867549240589,0
synthetic,scale_0.2,4096,False,torch.float16,1234,4,64,256,0.0949244573712349,0.10901127755641937,0.12065228819847107,0
synthetic,scale_0.2,4096,False,torch.float16,1234,4,256,256,0.043753594160079956,0.05004608631134033,0.05457635968923569,0
synthetic,scale_0.2,4096,False,torch.float16,1234,4,1024,256,0.02360333502292633,0.027333667501807213,0.030124736949801445,0
synthetic,scale_0.2,4096,False,torch.float16,1234,5,64,256,0.0801973044872284,0.09215380996465683,0.1082494854927063,0
synthetic,scale_0.2,4096,False,torch.float16,1234,5,256,256,0.037201471626758575,0.04356823489069939,0.048347000032663345,0
synthetic,scale_0.2,4096,False,torch.float16,1234,5,1024,256,0.01825348660349846,0.020937785506248474,0.023447532206773758,0
synthetic,scale_0.2,4096,False,torch.float16,1234,6,64,256,0.0785093605518341,0.09279666841030121,0.13807784020900726,0
synthetic,scale_0.2,4096,False,torch.float16,1234,6,256,256,0.037843912839889526,0.04330868273973465,0.049214813858270645,0
synthetic,scale_0.2,4096,False,torch.float16,1234,6,1024,256,0.02128741890192032,0.023772479966282845,0.02669469639658928,0
synthetic,scale_0.2,4096,False,torch.float16,1234,7,64,256,0.1079995334148407,0.12781529128551483,0.13885243237018585,0
synthetic,scale_0.2,4096,False,torch.float16,1234,7,256,256,0.04715132713317871,0.05494287237524986,0.060081012547016144,0
synthetic,scale_0.2,4096,False,torch.float16,1234,7,1024,256,0.02320266142487526,0.026617323979735374,0.02997676469385624,0
synthetic,scale_0.2,4096,False,torch.float16,2345,0,64,256,0.07430636882781982,0.08582210540771484,0.09229998290538788,0
synthetic,scale_0.2,4096,False,torch.float16,2345,0,256,256,0.03175726532936096,0.0373222716152668,0.04183005914092064,0
synthetic,scale_0.2,4096,False,torch.float16,2345,0,1024,256,0.019042938947677612,0.021479839459061623,0.024969620630145073,0
synthetic,scale_0.2,4096,False,torch.float16,2345,1,64,256,0.07483460009098053,0.08771166950464249,0.11148802936077118,0
synthetic,scale_0.2,4096,False,torch.float16,2345,1,256,256,0.036056485027074814,0.04267054796218872,0.04489006847143173,0
synthetic,scale_0.2,4096,False,torch.float16,2345,1,1024,256,0.02426759898662567,0.027087584137916565,0.02963825687766075,0
synthetic,scale_0.2,4096,False,torch.float16,2345,2,64,256,0.1014600396156311,0.11484400928020477,0.12511374056339264,0
synthetic,scale_0.2,4096,False,torch.float16,2345,2,256,256,0.039260707795619965,0.046966005116701126,0.051428765058517456,0
synthetic,scale_0.2,4096,False,torch.float16,2345,2,1024,256,0.02608683332800865,0.029607346281409264,0.03210620954632759,0
synthetic,scale_0.2,4096,False,torch.float16,2345,3,64,256,0.11369149386882782,0.129352867603302,0.15674282610416412,0
synthetic,scale_0.2,4096,False,torch.float16,2345,3,256,256,0.04368168115615845,0.053219035267829895,0.06291942298412323,0
synthetic,scale_0.2,4096,False,torch.float16,2345,3,1024,256,0.030498459935188293,0.034779250621795654,0.038348861038684845,0
synthetic,scale_0.2,4096,False,torch.float16,2345,4,64,256,0.10129931569099426,0.11779315769672394,0.12674738466739655,0
synthetic,scale_0.2,4096,False,torch.float16,2345,4,256,256,0.03641849756240845,0.042683277279138565,0.04776003956794739,0
synthetic,scale_0.2,4096,False,torch.float16,2345,4,1024,256,0.023279882967472076,0.02659495547413826,0.030170995742082596,0
synthetic,scale_0.2,4096,False,torch.float16,2345,5,64,256,0.08574637025594711,0.09622609615325928,0.13183216750621796,0
synthetic,scale_0.2,4096,False,torch.float16,2345,5,256,256,0.02862362191081047,0.033534303307533264,0.03844805434346199,0
synthetic,scale_0.2,4096,False,torch.float16,2345,5,1024,256,0.019328050315380096,0.022183695808053017,0.02560521475970745,0
synthetic,scale_0.2,4096,False,torch.float16,2345,6,64,256,0.07996270805597305,0.09196101129055023,0.10431169718503952,0
synthetic,scale_0.2,4096,False,torch.float16,2345,6,256,256,0.034575290977954865,0.040502216666936874,0.04875402897596359,0
synthetic,scale_0.2,4096,False,torch.float16,2345,6,1024,256,0.020868469029664993,0.023998524993658066,0.02628903277218342,0
synthetic,scale_0.2,4096,False,torch.float16,2345,7,64,256,0.1014784574508667,0.11874403804540634,0.16295939683914185,0
synthetic,scale_0.2,4096,False,torch.float16,2345,7,256,256,0.040002964437007904,0.04685385897755623,0.05146915838122368,0
synthetic,scale_0.2,4096,False,torch.float16,2345,7,1024,256,0.024613887071609497,0.028153253719210625,0.03261938691139221,0
synthetic,scale_0.2,4096,False,torch.float16,3456,0,64,256,0.09164535999298096,0.1077272891998291,0.11810000985860825,0
synthetic,scale_0.2,4096,False,torch.float16,3456,0,256,256,0.047784432768821716,0.05439784377813339,0.06281773746013641,0
synthetic,scale_0.2,4096,False,torch.float16,3456,0,1024,256,0.027247324585914612,0.031040851026773453,0.03507658466696739,0
synthetic,scale_0.2,4096,False,torch.float16,3456,1,64,256,0.09003656357526779,0.10726755857467651,0.12355364114046097,0
synthetic,scale_0.2,4096,False,torch.float16,3456,1,256,256,0.05190207064151764,0.05804523080587387,0.06164759024977684,0
synthetic,scale_0.2,4096,False,torch.float16,3456,1,1024,256,0.02198934741318226,0.025901371613144875,0.029225118458271027,0
synthetic,scale_0.2,4096,False,torch.float16,3456,2,64,256,0.0874224454164505,0.10397569090127945,0.14441537857055664,0
synthetic,scale_0.2,4096,False,torch.float16,3456,2,256,256,0.04616865515708923,0.05174282193183899,0.06533730030059814,0
synthetic,scale_0.2,4096,False,torch.float16,3456,2,1024,256,0.02186802588403225,0.025027083232998848,0.02706765942275524,0
synthetic,scale_0.2,4096,False,torch.float16,3456,3,64,256,0.08549760282039642,0.10663896799087524,0.13013894855976105,0
synthetic,scale_0.2,4096,False,torch.float16,3456,3,256,256,0.04718644917011261,0.05343211442232132,0.06297094374895096,0
synthetic,scale_0.2,4096,False,torch.float16,3456,3,1024,256,0.025503525510430336,0.029523465782403946,0.034161221235990524,0
synthetic,scale_0.2,4096,False,torch.float16,3456,4,64,256,0.07987243682146072,0.09265755861997604,0.10714501142501831,0
synthetic,scale_0.2,4096,False,torch.float16,3456,4,256,256,0.039934344589710236,0.04629229009151459,0.053224384784698486,0
synthetic,scale_0.2,4096,False,torch.float16,3456,4,1024,256,0.02027132734656334,0.023620136082172394,0.026507694274187088,0
synthetic,scale_0.2,4096,False,torch.float16,3456,5,64,256,0.09547418355941772,0.11121293157339096,0.1366833597421646,0
synthetic,scale_0.2,4096,False,torch.float16,3456,5,256,256,0.047113243490457535,0.05454238876700401,0.06140154227614403,0
synthetic,scale_0.2,4096,False,torch.float16,3456,5,1024,256,0.02484184503555298,0.029001645743846893,0.031174855306744576,0
synthetic,scale_0.2,4096,False,torch.float16,3456,6,64,256,0.08341041207313538,0.0973285585641861,0.11565715074539185,0
synthetic,scale_0.2,4096,False,torch.float16,3456,6,256,256,0.0463009774684906,0.05181841552257538,0.058961864560842514,0
synthetic,scale_0.2,4096,False,torch.float16,3456,6,1024,256,0.023654816672205925,0.027308523654937744,0.03271941840648651,0
synthetic,scale_0.2,4096,False,torch.float16,3456,7,64,256,0.09622003138065338,0.11588265746831894,0.13921387493610382,0
synthetic,scale_0.2,4096,False,torch.float16,3456,7,256,256,0.061135370284318924,0.07101917266845703,0.07423410564661026,0
synthetic,scale_0.2,4096,False,torch.float16,3456,7,1024,256,0.026434702798724174,0.030105065554380417,0.034836459904909134,0
synthetic,scale_0.2,4096,False,torch.float32,1234,0,64,256,0.09622263163328171,0.10934380441904068,0.13317731022834778,0
synthetic,scale_0.2,4096,False,torch.float32,1234,0,256,256,0.04145825654268265,0.04808531701564789,0.0522746667265892,0
synthetic,scale_0.2,4096,False,torch.float32,1234,0,1024,256,0.02403957024216652,0.02772127278149128,0.029044819995760918,0
synthetic,scale_0.2,4096,False,torch.float32,1234,1,64,256,0.08860962092876434,0.10300235450267792,0.12669768929481506,0
synthetic,scale_0.2,4096,False,torch.float32,1234,1,256,256,0.04452824220061302,0.05227134749293327,0.06920928508043289,0
synthetic,scale_0.2,4096,False,torch.float32,1234,1,1024,256,0.026486344635486603,0.030095160007476807,0.03372134268283844,0
synthetic,scale_0.2,4096,False,torch.float32,1234,2,64,256,0.07714566588401794,0.08934973180294037,0.10845061391592026,0
synthetic,scale_0.2,4096,False,torch.float32,1234,2,256,256,0.043032314628362656,0.048675086349248886,0.05918149650096893,0
synthetic,scale_0.2,4096,False,torch.float32,1234,2,1024,256,0.021675392985343933,0.024344615638256073,0.027047956362366676,0
synthetic,scale_0.2,4096,False,torch.float32,1234,3,64,256,0.08607544004917145,0.09878682345151901,0.12039191275835037,0
synthetic,scale_0.2,4096,False,torch.float32,1234,3,256,256,0.04349110648036003,0.051119472831487656,0.0555691160261631,0
synthetic,scale_0.2,4096,False,torch.float32,1234,3,1024,256,0.024994809180498123,0.02821435034275055,0.03079857863485813,0
synthetic,scale_0.2,4096,False,torch.float32,1234,4,64,256,0.09491988271474838,0.10900960862636566,0.1206507459282875,0
synthetic,scale_0.2,4096,False,torch.float32,1234,4,256,256,0.04375167563557625,0.050045620650053024,0.054572977125644684,0
synthetic,scale_0.2,4096,False,torch.float32,1234,4,1024,256,0.023602867498993874,0.027333028614521027,0.030124520882964134,0
synthetic,scale_0.2,4096,False,torch.float32,1234,5,64,256,0.08019845932722092,0.09215280413627625,0.10824377089738846,0
synthetic,scale_0.2,4096,False,torch.float32,1234,5,256,256,0.03720085322856903,0.04356854781508446,0.04834858328104019,0
synthetic,scale_0.2,4096,False,torch.float32,1234,5,1024,256,0.018253175541758537,0.020937513560056686,0.023448167368769646,0
synthetic,scale_0.2,4096,False,torch.float32,1234,6,64,256,0.07851211726665497,0.09279714524745941,0.13809159398078918,0
synthetic,scale_0.2,4096,False,torch.float32,1234,6,256,256,0.037844300270080566,0.04331043362617493,0.049211516976356506,0
synthetic,scale_0.2,4096,False,torch.float32,1234,6,1024,256,0.021287951618433,0.023772455751895905,0.026694675907492638,0
synthetic,scale_0.2,4096,False,torch.float32,1234,7,64,256,0.10799063742160797,0.12780341506004333,0.13883456587791443,0
synthetic,scale_0.2,4096,False,torch.float32,1234,7,256,256,0.0471469983458519,0.05493994057178497,0.06007775291800499,0
synthetic,scale_0.2,4096,False,torch.float32,1234,7,1024,256,0.02320079319179058,0.026615791022777557,0.029975291341543198,0
synthetic,scale_0.2,4096,False,torch.float32,2345,0,64,256,0.07430669665336609,0.08582229167222977,0.09229942411184311,0
synthetic,scale_0.2,4096,False,torch.float32,2345,0,256,256,0.03175666928291321,0.037323061376810074,0.041829608380794525,0
synthetic,scale_0.2,4096,False,torch.float32,2345,0,1024,256,0.019042806699872017,0.021480724215507507,0.02496935985982418,0
synthetic,scale_0.2,4096,False,torch.float32,2345,1,64,256,0.07483309507369995,0.08770793676376343,0.11148664355278015,0
synthetic,scale_0.2,4096,False,torch.float32,2345,1,256,256,0.03605436906218529,0.04266892001032829,0.04489020258188248,0
synthetic,scale_0.2,4096,False,torch.float32,2345,1,1024,256,0.024267639964818954,0.027087971568107605,0.02963869273662567,0
synthetic,scale_0.2,4096,False,torch.float32,2345,2,64,256,0.10146403312683105,0.11484494060277939,0.12510615587234497,0
synthetic,scale_0.2,4096,False,torch.float32,2345,2,256,256,0.03926217928528786,0.04696786031126976,0.05143219605088234,0
synthetic,scale_0.2,4096,False,torch.float32,2345,2,1024,256,0.026087120175361633,0.029607251286506653,0.032105546444654465,0
synthetic,scale_0.2,4096,False,torch.float32,2345,3,64,256,0.11369572579860687,0.12936370074748993,0.15675221383571625,0
synthetic,scale_0.2,4096,False,torch.float32,2345,3,256,256,0.04368166625499725,0.053215838968753815,0.06292050331830978,0
synthetic,scale_0.2,4096,False,torch.float32,2345,3,1024,256,0.030498821288347244,0.034778863191604614,0.038346827030181885,0
synthetic,scale_0.2,4096,False,torch.float32,2345,4,64,256,0.10129225999116898,0.11778776347637177,0.12674540281295776,0
synthetic,scale_0.2,4096,False,torch.float32,2345,4,256,256,0.03641728684306145,0.04268062859773636,0.047761090099811554,0
synthetic,scale_0.2,4096,False,torch.float32,2345,4,1024,256,0.0232795849442482,0.026594137772917747,0.030171791091561317,0
synthetic,scale_0.2,4096,False,torch.float32,2345,5,64,256,0.08574984222650528,0.09623222053050995,0.13184556365013123,0
synthetic,scale_0.2,4096,False,torch.float32,2345,5,256,256,0.028624095022678375,0.03353483974933624,0.03844904899597168,0
synthetic,scale_0.2,4096,False,torch.float32,2345,5,1024,256,0.01932900957763195,0.022184768691658974,0.02560587413609028,0
synthetic,scale_0.2,4096,False,torch.float32,2345,6,64,256,0.07996511459350586,0.0919676125049591,0.1043117493391037,0
synthetic,scale_0.2,4096,False,torch.float32,2345,6,256,256,0.03457619249820709,0.04050242900848389,0.048749569803476334,0
synthetic,scale_0.2,4096,False,torch.float32,2345,6,1024,256,0.020868197083473206,0.023997941985726357,0.026287417858839035,0
synthetic,scale_0.2,4096,False,torch.float32,2345,7,64,256,0.10147725045681,0.11874577403068542,0.16294696927070618,0
synthetic,scale_0.2,4096,False,torch.float32,2345,7,256,256,0.04000068083405495,0.04684733599424362,0.05146269127726555,0
synthetic,scale_0.2,4096,False,torch.float32,2345,7,1024,256,0.024613935500383377,0.028153549879789352,0.03261781856417656,0
synthetic,scale_0.2,4096,False,torch.float32,3456,0,64,256,0.09164579212665558,0.10773230344057083,0.11810774356126785,0
synthetic,scale_0.2,4096,False,torch.float32,3456,0,256,256,0.04778410494327545,0.05439581349492073,0.06281916797161102,0
synthetic,scale_0.2,4096,False,torch.float32,3456,0,1024,256,0.027246182784438133,0.031039617955684662,0.03507540002465248,0
synthetic,scale_0.2,4096,False,torch.float32,3456,1,64,256,0.09003547579050064,0.10726171731948853,0.1235540583729744,0
synthetic,scale_0.2,4096,False,torch.float32,3456,1,256,256,0.05190129205584526,0.058044467121362686,0.06164919584989548,0
synthetic,scale_0.2,4096,False,torch.float32,3456,1,1024,256,0.021989524364471436,0.025901081040501595,0.029223760589957237,0
synthetic,scale_0.2,4096,False,torch.float32,3456,2,64,256,0.08741810917854309,0.10397101193666458,0.14441978931427002,0
synthetic,scale_0.2,4096,False,torch.float32,3456,2,256,256,0.04616823047399521,0.051742393523454666,0.06533512473106384,0
synthetic,scale_0.2,4096,False,torch.float32,3456,2,1024,256,0.02186727337539196,0.025026727467775345,0.027065487578511238,0
synthetic,scale_0.2,4096,False,torch.float32,3456,3,64,256,0.08549647033214569,0.1066383346915245,0.1301291286945343,0
synthetic,scale_0.2,4096,False,torch.float32,3456,3,256,256,0.04718568176031113,0.053425878286361694,0.0629730299115181,0
synthetic,scale_0.2,4096,False,torch.float32,3456,3,1024,256,0.025503598153591156,0.02952413819730282,0.0341619998216629,0
synthetic,scale_0.2,4096,False,torch.float32,3456,4,64,256,0.07987302541732788,0.09266383945941925,0.10714347660541534,0
synthetic,scale_0.2,4096,False,torch.float32,3456,4,256,256,0.03993586078286171,0.04629562050104141,0.053222738206386566,0
synthetic,scale_0.2,4096,False,torch.float32,3456,4,1024,256,0.02027216926217079,0.02362130954861641,0.026507897302508354,0
synthetic,scale_0.2,4096,False,torch.float32,3456,5,64,256,0.09547334909439087,0.11122004687786102,0.13666701316833496,0
synthetic,scale_0.2,4096,False,torch.float32,3456,5,256,256,0.04711141064763069,0.05453908443450928,0.06140286102890968,0
synthetic,scale_0.2,4096,False,torch.float32,3456,5,1024,256,0.02484165132045746,0.02900107577443123,0.031173964962363243,0
synthetic,scale_0.2,4096,False,torch.float32,3456,6,64,256,0.08341145515441895,0.09733276069164276,0.11566075682640076,0
synthetic,scale_0.2,4096,False,torch.float32,3456,6,256,256,0.046303700655698776,0.05182303860783577,0.058965884149074554,0
synthetic,scale_0.2,4096,False,torch.float32,3456,6,1024,256,0.023655589669942856,0.027308933436870575,0.03272123262286186,0
synthetic,scale_0.2,4096,False,torch.float32,3456,7,64,256,0.09621930122375488,0.11587652564048767,0.1392488330602646,0
synthetic,scale_0.2,4096,False,torch.float32,3456,7,256,256,0.06113683432340622,0.07102231681346893,0.07423720508813858,0
synthetic,scale_0.2,4096,False,torch.float32,3456,7,1024,256,0.02643626369535923,0.030107207596302032,0.0348380021750927,0
synthetic,scale_0.2,4096,True,torch.float16,1234,0,64,256,0.08825628459453583,0.1061236709356308,0.12133120000362396,0
synthetic,scale_0.2,4096,True,torch.float16,1234,0,256,256,0.04055023938417435,0.047741323709487915,0.05633297935128212,0
synthetic,scale_0.2,4096,True,torch.float16,1234,0,1024,256,0.024093616753816605,0.028990523889660835,0.033134978264570236,0
synthetic,scale_0.2,4096,True,torch.float16,1234,1,64,256,0.08456391841173172,0.0991605818271637,0.1311456859111786,0
synthetic,scale_0.2,4096,True,torch.float16,1234,1,256,256,0.04302630200982094,0.05141112580895424,0.0609385222196579,0
synthetic,scale_0.2,4096,True,torch.float16,1234,1,1024,256,0.024619581177830696,0.028819739818572998,0.03063703142106533,0
synthetic,scale_0.2,4096,True,torch.float16,1234,2,64,256,0.0829046443104744,0.1019517034292221,0.11795678734779358,0
synthetic,scale_0.2,4096,True,torch.float16,1234,2,256,256,0.041436322033405304,0.04901573807001114,0.06431208550930023,0
synthetic,scale_0.2,4096,True,torch.float16,1234,2,1024,256,0.021469440311193466,0.025143560022115707,0.02765831910073757,0
synthetic,scale_0.2,4096,True,torch.float16,1234,3,64,256,0.08603275567293167,0.10287167131900787,0.11122234910726547,0
synthetic,scale_0.2,4096,True,torch.float16,1234,3,256,256,0.03949659317731857,0.04829346388578415,0.05313520506024361,0
synthetic,scale_0.2,4096,True,torch.float16,1234,3,1024,256,0.024261321872472763,0.02869654819369316,0.030942177399992943,0
synthetic,scale_0.2,4096,True,torch.float16,1234,4,64,256,0.09173499047756195,0.11323312669992447,0.1295844316482544,0
synthetic,scale_0.2,4096,True,torch.float16,1234,4,256,256,0.041655056178569794,0.05095211789011955,0.05666663870215416,0
synthetic,scale_0.2,4096,True,torch.float16,1234,4,1024,256,0.022720681503415108,0.027001606300473213,0.030483728274703026,0
synthetic,scale_0.2,4096,True,torch.float16,1234,5,64,256,0.08378884196281433,0.1035526692867279,0.14180797338485718,0
synthetic,scale_0.2,4096,True,torch.float16,1234,5,256,256,0.03985485062003136,0.04710368067026138,0.051437605172395706,0
synthetic,scale_0.2,4096,True,torch.float16,1234,5,1024,256,0.01934678480029106,0.023650672286748886,0.027887050062417984,0
synthetic,scale_0.2,4096,True,torch.float16,1234,6,64,256,0.08256073296070099,0.10112179070711136,0.16826170682907104,0
synthetic,scale_0.2,4096,True,torch.float16,1234,6,256,256,0.04363396018743515,0.05380958318710327,0.06232622265815735,0
synthetic,scale_0.2,4096,True,torch.float16,1234,6,1024,256,0.024079013615846634,0.02904033474624157,0.03321994096040726,0
synthetic,scale_0.2,4096,True,torch.float16,1234,7,64,256,0.0940447747707367,0.11397185176610947,0.137779101729393,0
synthetic,scale_0.2,4096,True,torch.float16,1234,7,256,256,0.043154358863830566,0.05204270780086517,0.06077827140688896,0
synthetic,scale_0.2,4096,True,torch.float16,1234,7,1024,256,0.021168697625398636,0.02518838830292225,0.02886081300675869,0
synthetic,scale_0.2,4096,True,torch.float16,2345,0,64,256,0.08568259328603745,0.104410320520401,0.11694461107254028,0
synthetic,scale_0.2,4096,True,torch.float16,2345,0,256,256,0.034966275095939636,0.041514065116643906,0.04603496566414833,0
synthetic,scale_0.2,4096,True,torch.float16,2345,0,1024,256,0.02173313871026039,0.025333739817142487,0.028315670788288116,0
synthetic,scale_0.2,4096,True,torch.float16,2345,1,64,256,0.08324578404426575,0.09912914037704468,0.11732978373765945,0
synthetic,scale_0.2,4096,True,torch.float16,2345,1,256,256,0.0376754067838192,0.04451761394739151,0.049742478877305984,0
synthetic,scale_0.2,4096,True,torch.float16,2345,1,1024,256,0.02248965948820114,0.026669451966881752,0.029668696224689484,0
synthetic,scale_0.2,4096,True,torch.float16,2345,2,64,256,0.09333421289920807,0.1117478609085083,0.13287843763828278,0
synthetic,scale_0.2,4096,True,torch.float16,2345,2,256,256,0.03894641250371933,0.046342916786670685,0.057207465171813965,0
synthetic,scale_0.2,4096,True,torch.float16,2345,2,1024,256,0.0227547325193882,0.027429189532995224,0.030660929158329964,0
synthetic,scale_0.2,4096,True,torch.float16,2345,3,64,256,0.09502437710762024,0.12369975447654724,0.1499844640493393,0
synthetic,scale_0.2,4096,True,torch.float16,2345,3,256,256,0.03936069831252098,0.05001622438430786,0.061934228986501694,0
synthetic,scale_0.2,4096,True,torch.float16,2345,3,1024,256,0.024593640118837357,0.03258482366800308,0.03689442202448845,0
synthetic,scale_0.2,4096,True,torch.float16,2345,4,64,256,0.09448584914207458,0.11189761757850647,0.1276659518480301,0
synthetic,scale_0.2,4096,True,torch.float16,2345,4,256,256,0.038036540150642395,0.046185173094272614,0.058822356164455414,0
synthetic,scale_0.2,4096,True,torch.float16,2345,4,1024,256,0.021809089928865433,0.027730565518140793,0.03240135684609413,0
synthetic,scale_0.2,4096,True,torch.float16,2345,5,64,256,0.07763031125068665,0.09079243242740631,0.12060615420341492,0
synthetic,scale_0.2,4096,True,torch.float16,2345,5,256,256,0.03165776655077934,0.04006332904100418,0.04959012567996979,0
synthetic,scale_0.2,4096,True,torch.float16,2345,5,1024,256,0.01876496523618698,0.022430812940001488,0.02762228064239025,0
synthetic,scale_0.2,4096,True,torch.float16,2345,6,64,256,0.0845404714345932,0.10200578719377518,0.12463200092315674,0
synthetic,scale_0.2,4096,True,torch.float16,2345,6,256,256,0.03413613885641098,0.04002692177891731,0.044552840292453766,0
synthetic,scale_0.2,4096,True,torch.float16,2345,6,1024,256,0.021583162248134613,0.025243034586310387,0.027849916368722916,0
synthetic,scale_0.2,4096,True,torch.float16,2345,7,64,256,0.09841020405292511,0.11976874619722366,0.14958830177783966,0
synthetic,scale_0.2,4096,True,torch.float16,2345,7,256,256,0.040441520512104034,0.04899108409881592,0.05398070812225342,0
synthetic,scale_0.2,4096,True,torch.float16,2345,7,1024,256,0.023915132507681847,0.02804773673415184,0.036437567323446274,0
synthetic,scale_0.2,4096,True,torch.float16,3456,0,64,256,0.08027492463588715,0.09936600923538208,0.10756107419729233,0
synthetic,scale_0.2,4096,True,torch.float16,3456,0,256,256,0.04778815060853958,0.0551794059574604,0.07080435007810593,0
synthetic,scale_0.2,4096,True,torch.float16,3456,0,1024,256,0.025114834308624268,0.02949502319097519,0.03593674302101135,0
synthetic,scale_0.2,4096,True,torch.float16,3456,1,64,256,0.0849929228425026,0.10565947741270065,0.1190260648727417,0
synthetic,scale_0.2,4096,True,torch.float16,3456,1,256,256,0.05022082105278969,0.0586654357612133,0.06971217691898346,0
synthetic,scale_0.2,4096,True,torch.float16,3456,1,1024,256,0.02169608697295189,0.026110831648111343,0.029532618820667267,0
synthetic,scale_0.2,4096,True,torch.float16,3456,2,64,256,0.08766429126262665,0.10558727383613586,0.14977093040943146,0
synthetic,scale_0.2,4096,True,torch.float16,3456,2,256,256,0.04471461847424507,0.05290983244776726,0.06612007319927216,0
synthetic,scale_0.2,4096,True,torch.float16,3456,2,1024,256,0.021544871851801872,0.02580348029732704,0.02930104173719883,0
synthetic,scale_0.2,4096,True,torch.float16,3456,3,64,256,0.07964525371789932,0.10187794268131256,0.13302889466285706,0
synthetic,scale_0.2,4096,True,torch.float16,3456,3,256,256,0.04536787047982216,0.053875796496868134,0.058344073593616486,0
synthetic,scale_0.2,4096,True,torch.float16,3456,3,1024,256,0.026061881333589554,0.03182222694158554,0.0374082587659359,0
synthetic,scale_0.2,4096,True,torch.float16,3456,4,64,256,0.07874844968318939,0.09392035007476807,0.11133875697851181,0
synthetic,scale_0.2,4096,True,torch.float16,3456,4,256,256,0.04090127721428871,0.049973294138908386,0.06342684477567673,0
synthetic,scale_0.2,4096,True,torch.float16,3456,4,1024,256,0.02129857987165451,0.02505546808242798,0.027607936412096024,0
synthetic,scale_0.2,4096,True,torch.float16,3456,5,64,256,0.09445364028215408,0.11538399755954742,0.14354875683784485,0
synthetic,scale_0.2,4096,True,torch.float16,3456,5,256,256,0.04960833489894867,0.058995891362428665,0.06308776885271072,0
synthetic,scale_0.2,4096,True,torch.float16,3456,5,1024,256,0.024505572393536568,0.029215103015303612,0.03297289088368416,0
synthetic,scale_0.2,4096,True,torch.float16,3456,6,64,256,0.08223916590213776,0.10120965540409088,0.1328701674938202,0
synthetic,scale_0.2,4096,True,torch.float16,3456,6,256,256,0.04592178016901016,0.053716711699962616,0.05805419757962227,0
synthetic,scale_0.2,4096,True,torch.float16,3456,6,1024,256,0.02402675896883011,0.02971542254090309,0.03426256403326988,0
synthetic,scale_0.2,4096,True,torch.float16,3456,7,64,256,0.08138376474380493,0.10564138740301132,0.13341273367404938,0
synthetic,scale_0.2,4096,True,torch.float16,3456,7,256,256,0.051079146564006805,0.06350149214267731,0.07036902010440826,0
synthetic,scale_0.2,4096,True,torch.float16,3456,7,1024,256,0.022118743509054184,0.02703048288822174,0.035657819360494614,0
synthetic,scale_0.2,4096,True,torch.float32,1234,0,64,256,0.08825230598449707,0.1061147004365921,0.12132281810045242,0
synthetic,scale_0.2,4096,True,torch.float32,1234,0,256,256,0.040548667311668396,0.04773973673582077,0.056331001222133636,0
synthetic,scale_0.2,4096,True,torch.float32,1234,0,1024,256,0.024093184620141983,0.028988711535930634,0.03313165530562401,0
synthetic,scale_0.2,4096,True,torch.float32,1234,1,64,256,0.0845649316906929,0.09916176646947861,0.13115090131759644,0
synthetic,scale_0.2,4096,True,torch.float32,1234,1,256,256,0.04302790388464928,0.051410432904958725,0.060933057218790054,0
synthetic,scale_0.2,4096,True,torch.float32,1234,1,1024,256,0.024620087817311287,0.028820278123021126,0.030638564378023148,0
synthetic,scale_0.2,4096,True,torch.float32,1234,2,64,256,0.0829046219587326,0.10195492208003998,0.11795854568481445,0
synthetic,scale_0.2,4096,True,torch.float32,1234,2,256,256,0.04143654555082321,0.049017880111932755,0.06431623548269272,0
synthetic,scale_0.2,4096,True,torch.float32,1234,2,1024,256,0.021468982100486755,0.025143761187791824,0.027660338208079338,0
synthetic,scale_0.2,4096,True,torch.float32,1234,3,64,256,0.08603431284427643,0.10286825895309448,0.11122151464223862,0
synthetic,scale_0.2,4096,True,torch.float32,1234,3,256,256,0.039496179670095444,0.04829138517379761,0.053139474242925644,0
synthetic,scale_0.2,4096,True,torch.float32,1234,3,1024,256,0.024261316284537315,0.028695134446024895,0.03094252571463585,0
synthetic,scale_0.2,4096,True,torch.float32,1234,4,64,256,0.0917346179485321,0.11323411017656326,0.12958146631717682,0
synthetic,scale_0.2,4096,True,torch.float32,1234,4,256,256,0.04165475443005562,0.0509517565369606,0.05666450783610344,0
synthetic,scale_0.2,4096,True,torch.float32,1234,4,1024,256,0.022720538079738617,0.02700076438486576,0.0304847564548254,0
synthetic,scale_0.2,4096,True,torch.float32,1234,5,64,256,0.08378756046295166,0.10355202853679657,0.14179354906082153,0
synthetic,scale_0.2,4096,True,torch.float32,1234,5,256,256,0.03985387831926346,0.04710126295685768,0.05143773555755615,0
synthetic,scale_0.2,4096,True,torch.float32,1234,5,1024,256,0.019346538931131363,0.02364996448159218,0.02788737043738365,0
synthetic,scale_0.2,4096,True,torch.float32,1234,6,64,256,0.08256213366985321,0.10112039744853973,0.16828753054141998,0
synthetic,scale_0.2,4096,True,torch.float32,1234,6,256,256,0.04363477975130081,0.053809165954589844,0.06232582777738571,0
synthetic,scale_0.2,4096,True,torch.float32,1234,6,1024,256,0.02407962828874588,0.029041742905974388,0.033220674842596054,0
synthetic,scale_0.2,4096,True,torch.float32,1234,7,64,256,0.09404438734054565,0.11396761238574982,0.1377798169851303,0
synthetic,scale_0.2,4096,True,torch.float32,1234,7,256,256,0.04315389320254326,0.0520411878824234,0.06077514588832855,0
synthetic,scale_0.2,4096,True,torch.float32,1234,7,1024,256,0.021168284118175507,0.02518637664616108,0.028860727325081825,0
synthetic,scale_0.2,4096,True,torch.float32,2345,0,64,256,0.08568479120731354,0.1044052466750145,0.11693356931209564,0
synthetic,scale_0.2,4096,True,torch.float32,2345,0,256,256,0.03496606647968292,0.041514381766319275,0.046036411076784134,0
synthetic,scale_0.2,4096,True,torch.float32,2345,0,1024,256,0.021733293309807777,0.02533557079732418,0.028316490352153778,0
synthetic,scale_0.2,4096,True,torch.float32,2345,1,64,256,0.08324433118104935,0.09911801666021347,0.11731782555580139,0
synthetic,scale_0.2,4096,True,torch.float32,2345,1,256,256,0.037674158811569214,0.044516295194625854,0.049740977585315704,0
synthetic,scale_0.2,4096,True,torch.float32,2345,1,1024,256,0.022489333525300026,0.026668749749660492,0.029668623581528664,0
synthetic,scale_0.2,4096,True,torch.float32,2345,2,64,256,0.09333498775959015,0.11175570636987686,0.13288916647434235,0
synthetic,scale_0.2,4096,True,torch.float32,2345,2,256,256,0.038946732878685,0.046342961490154266,0.05721057578921318,0
synthetic,scale_0.2,4096,True,torch.float32,2345,2,1024,256,0.022754469886422157,0.02742921933531761,0.030661776661872864,0
synthetic,scale_0.2,4096,True,torch.float32,2345,3,64,256,0.09502352774143219,0.12369583547115326,0.14998887479305267,0
synthetic,scale_0.2,4096,True,torch.float32,2345,3,256,256,0.039360277354717255,0.050013333559036255,0.061933934688568115,0
synthetic,scale_0.2,4096,True,torch.float32,2345,3,1024,256,0.024594008922576904,0.032585516571998596,0.036894891411066055,0
synthetic,scale_0.2,4096,True,torch.float32,2345,4,64,256,0.09448420256376266,0.11189627647399902,0.1276632696390152,0
synthetic,scale_0.2,4096,True,torch.float32,2345,4,256,256,0.03803517669439316,0.04618386924266815,0.05882880464196205,0
synthetic,scale_0.2,4096,True,torch.float32,2345,4,1024,256,0.02180919423699379,0.027731459587812424,0.03240203484892845,0
synthetic,scale_0.2,4096,True,torch.float32,2345,5,64,256,0.07763218879699707,0.0908006951212883,0.1206047385931015,0
synthetic,scale_0.2,4096,True,torch.float32,2345,5,256,256,0.03165701776742935,0.0400628000497818,0.04958929494023323,0
synthetic,scale_0.2,4096,True,torch.float32,2345,5,1024,256,0.018765468150377274,0.022430606186389923,0.027622386813163757,0
synthetic,scale_0.2,4096,True,torch.float32,2345,6,64,256,0.08454182744026184,0.1020064726471901,0.12462998181581497,0
synthetic,scale_0.2,4096,True,torch.float32,2345,6,256,256,0.03413701057434082,0.04002784937620163,0.044551629573106766,0
synthetic,scale_0.2,4096,True,torch.float32,2345,6,1024,256,0.021582718938589096,0.025242749601602554,0.027849296107888222,0
synthetic,scale_0.2,4096,True,torch.float32,2345,7,64,256,0.09841007739305496,0.11976295709609985,0.14957784116268158,0
synthetic,scale_0.2,4096,True,torch.float32,2345,7,256,256,0.04044155403971672,0.04898981750011444,0.05397629365324974,0
synthetic,scale_0.2,4096,True,torch.float32,2345,7,1024,256,0.023914791643619537,0.028047936037182808,0.036438796669244766,0
synthetic,scale_0.2,4096,True,torch.float32,3456,0,64,256,0.08027572929859161,0.09936567395925522,0.10756294429302216,0
synthetic,scale_0.2,4096,True,torch.float32,3456,0,256,256,0.0477883517742157,0.05518653243780136,0.07080685347318649,0
synthetic,scale_0.2,4096,True,torch.float32,3456,0,1024,256,0.025114379823207855,0.02949555218219757,0.035939306020736694,0
synthetic,scale_0.2,4096,True,torch.float32,3456,1,64,256,0.08498995006084442,0.10566464066505432,0.1190161406993866,0
synthetic,scale_0.2,4096,True,torch.float32,3456,1,256,256,0.05022049695253372,0.05866420269012451,0.06971826404333115,0
synthetic,scale_0.2,4096,True,torch.float32,3456,1,1024,256,0.02169618383049965,0.026111122220754623,0.029533889144659042,0
synthetic,scale_0.2,4096,True,torch.float32,3456,2,64,256,0.08766144514083862,0.10558228939771652,0.14977355301380157,0
synthetic,scale_0.2,4096,True,torch.float32,3456,2,256,256,0.04471322149038315,0.05290820077061653,0.06611748784780502,0
synthetic,scale_0.2,4096,True,torch.float32,3456,2,1024,256,0.02154500037431717,0.0258017610758543,0.029302703216671944,0
synthetic,scale_0.2,4096,True,torch.float32,3456,3,64,256,0.07964366674423218,0.10187166929244995,0.13302357494831085,0
synthetic,scale_0.2,4096,True,torch.float32,3456,3,256,256,0.04536636918783188,0.05387468636035919,0.058335158973932266,0
synthetic,scale_0.2,4096,True,torch.float32,3456,3,1024,256,0.02606099098920822,0.03182134032249451,0.03740540146827698,0
synthetic,scale_0.2,4096,True,torch.float32,3456,4,64,256,0.07874646037817001,0.09391405433416367,0.11132397502660751,0
synthetic,scale_0.2,4096,True,torch.float32,3456,4,256,256,0.04090128839015961,0.04997117072343826,0.06342756748199463,0
synthetic,scale_0.2,4096,True,torch.float32,3456,4,1024,256,0.021298106759786606,0.025055797770619392,0.027608780190348625,0
synthetic,scale_0.2,4096,True,torch.float32,3456,5,64,256,0.09445194900035858,0.11538397520780563,0.1435369849205017,0
synthetic,scale_0.2,4096,True,torch.float32,3456,5,256,256,0.049606889486312866,0.05899253487586975,0.06308285892009735,0
synthetic,scale_0.2,4096,True,torch.float32,3456,5,1024,256,0.024505894631147385,0.02921643853187561,0.03297382965683937,0
synthetic,scale_0.2,4096,True,torch.float32,3456,6,64,256,0.08223895728588104,0.10120943933725357,0.13288240134716034,0
synthetic,scale_0.2,4096,True,torch.float32,3456,6,256,256,0.04592232406139374,0.05371830239892006,0.05805343762040138,0
synthetic,scale_0.2,4096,True,torch.float32,3456,6,1024,256,0.024026673287153244,0.029713932424783707,0.03426068276166916,0
synthetic,scale_0.2,4096,True,torch.float32,3456,7,64,256,0.08138608932495117,0.10564357787370682,0.1334189623594284,0
synthetic,scale_0.2,4096,True,torch.float32,3456,7,256,256,0.05108172073960304,0.06350472569465637,0.07037398964166641,0
synthetic,scale_0.2,4096,True,torch.float32,3456,7,1024,256,0.022119823843240738,0.027032053098082542,0.035660091787576675,0
synthetic,scale_0.25,4096,False,torch.float16,1234,0,64,256,0.13648588955402374,0.16320236027240753,0.21430864930152893,0
synthetic,scale_0.25,4096,False,torch.float16,1234,0,256,256,0.05990755558013916,0.07312330603599548,0.0880923867225647,0
synthetic,scale_0.25,4096,False,torch.float16,1234,0,1024,256,0.03445778787136078,0.04072406888008118,0.044302795082330704,0
synthetic,scale_0.25,4096,False,torch.float16,1234,1,64,256,0.12764307856559753,0.154414102435112,0.19709064066410065,0
synthetic,scale_0.25,4096,False,torch.float16,1234,1,256,256,0.06521309912204742,0.07830503582954407,0.12075848877429962,0
synthetic,scale_0.25,4096,False,torch.float16,1234,1,1024,256,0.037710756063461304,0.043807558715343475,0.04983850568532944,0
synthetic,scale_0.25,4096,False,torch.float16,1234,2,64,256,0.11175762116909027,0.13541251420974731,0.17452439665794373,0
synthetic,scale_0.25,4096,False,torch.float16,1234,2,256,256,0.06314229965209961,0.07493472844362259,0.10080995410680771,0
synthetic,scale_0.25,4096,False,torch.float16,1234,2,1024,256,0.031538546085357666,0.03619295358657837,0.04015868902206421,0
synthetic,scale_0.25,4096,False,torch.float16,1234,3,64,256,0.12437082082033157,0.1530119776725769,0.1981220543384552,0
synthetic,scale_0.25,4096,False,torch.float16,1234,3,256,256,0.06406058371067047,0.07957112044095993,0.0951712429523468,0
synthetic,scale_0.25,4096,False,torch.float16,1234,3,1024,256,0.03559417277574539,0.0412297323346138,0.04689329117536545,0
synthetic,scale_0.25,4096,False,torch.float16,1234,4,64,256,0.13564857840538025,0.15920551121234894,0.20332220196723938,0
synthetic,scale_0.25,4096,False,torch.float16,1234,4,256,256,0.06421086192131042,0.07563407719135284,0.08928017318248749,0
synthetic,scale_0.25,4096,False,torch.float16,1234,4,1024,256,0.03397466242313385,0.04007106274366379,0.04686468467116356,0
synthetic,scale_0.25,4096,False,torch.float16,1234,5,64,256,0.1136617660522461,0.13760939240455627,0.1802922785282135,0
synthetic,scale_0.25,4096,False,torch.float16,1234,5,256,256,0.05453243851661682,0.06555638462305069,0.08111671358346939,0
synthetic,scale_0.25,4096,False,torch.float16,1234,5,1024,256,0.026996977627277374,0.0322483628988266,0.03948627784848213,0
synthetic,scale_0.25,4096,False,torch.float16,1234,6,64,256,0.11300966143608093,0.13779807090759277,0.26539111137390137,0
synthetic,scale_0.25,4096,False,torch.float16,1234,6,256,256,0.057019442319869995,0.0683903694152832,0.08851416409015656,0
synthetic,scale_0.25,4096,False,torch.float16,1234,6,1024,256,0.03138304501771927,0.03695967048406601,0.04069897159934044,0
synthetic,scale_0.25,4096,False,torch.float16,1234,7,64,256,0.1505976915359497,0.18140463531017303,0.21304753422737122,0
synthetic,scale_0.25,4096,False,torch.float16,1234,7,256,256,0.06917309015989304,0.08341014385223389,0.09842287003993988,0
synthetic,scale_0.25,4096,False,torch.float16,1234,7,1024,256,0.03367810696363449,0.03922648727893829,0.047438450157642365,0
synthetic,scale_0.25,4096,False,torch.float16,2345,0,64,256,0.10775132477283478,0.1319434493780136,0.15185388922691345,0
synthetic,scale_0.25,4096,False,torch.float16,2345,0,256,256,0.04705486446619034,0.05725347623229027,0.06879766285419464,0
synthetic,scale_0.25,4096,False,torch.float16,2345,0,1024,256,0.02765795588493347,0.03185341879725456,0.037299808114767075,0
synthetic,scale_0.25,4096,False,torch.float16,2345,1,64,256,0.1095469519495964,0.1346888393163681,0.18018801510334015,0
synthetic,scale_0.25,4096,False,torch.float16,2345,1,256,256,0.05382999777793884,0.06567628681659698,0.07107897102832794,0
synthetic,scale_0.25,4096,False,torch.float16,2345,1,1024,256,0.03412136435508728,0.03929376229643822,0.043144434690475464,0
synthetic,scale_0.25,4096,False,torch.float16,2345,2,64,256,0.14206719398498535,0.16868072748184204,0.20395945012569427,0
synthetic,scale_0.25,4096,False,torch.float16,2345,2,256,256,0.060260385274887085,0.07350440323352814,0.09031432121992111,0
synthetic,scale_0.25,4096,False,torch.float16,2345,2,1024,256,0.0372513011097908,0.04380686953663826,0.04907820746302605,0
synthetic,scale_0.25,4096,False,torch.float16,2345,3,64,256,0.1606598198413849,0.19171957671642303,0.2499242126941681,0
synthetic,scale_0.25,4096,False,torch.float16,2345,3,256,256,0.06442219018936157,0.07995273172855377,0.11864703893661499,0
synthetic,scale_0.25,4096,False,torch.float16,2345,3,1024,256,0.042866289615631104,0.05036519467830658,0.06208210438489914,0
synthetic,scale_0.25,4096,False,torch.float16,2345,4,64,256,0.14127597212791443,0.17075791954994202,0.19578354060649872,0
synthetic,scale_0.25,4096,False,torch.float16,2345,4,256,256,0.05622672289609909,0.06936269998550415,0.08018498122692108,0
synthetic,scale_0.25,4096,False,torch.float16,2345,4,1024,256,0.033823199570178986,0.039759308099746704,0.04628617689013481,0
synthetic,scale_0.25,4096,False,torch.float16,2345,5,64,256,0.1218123808503151,0.14248573780059814,0.2295614629983902,0
synthetic,scale_0.25,4096,False,torch.float16,2345,5,256,256,0.043913550674915314,0.05310351029038429,0.06346640735864639,0
synthetic,scale_0.25,4096,False,torch.float16,2345,5,1024,256,0.027398837730288506,0.032434895634651184,0.03949189931154251,0
synthetic,scale_0.25,4096,False,torch.float16,2345,6,64,256,0.11412284523248672,0.1381392478942871,0.16687071323394775,0
synthetic,scale_0.25,4096,False,torch.float16,2345,6,256,256,0.05121944099664688,0.06275218725204468,0.07954871654510498,0
synthetic,scale_0.25,4096,False,torch.float16,2345,6,1024,256,0.029694240540266037,0.03512215614318848,0.04437059536576271,0
synthetic,scale_0.25,4096,False,torch.float16,2345,7,64,256,0.14440584182739258,0.1760399341583252,0.317085862159729,0
synthetic,scale_0.25,4096,False,torch.float16,2345,7,256,256,0.06079611927270889,0.07468539476394653,0.09239412099123001,0
synthetic,scale_0.25,4096,False,torch.float16,2345,7,1024,256,0.035577092319726944,0.0423889122903347,0.04927687719464302,0
synthetic,scale_0.25,4096,False,torch.float16,3456,0,64,256,0.1326320320367813,0.16404877603054047,0.20469477772712708,0
synthetic,scale_0.25,4096,False,torch.float16,3456,0,256,256,0.07019402831792831,0.08218411356210709,0.11452284455299377,0
synthetic,scale_0.25,4096,False,torch.float16,3456,0,1024,256,0.038756512105464935,0.046340569853782654,0.05468812957406044,0
synthetic,scale_0.25,4096,False,torch.float16,3456,1,64,256,0.1279255449771881,0.1599254012107849,0.21597187221050262,0
synthetic,scale_0.25,4096,False,torch.float16,3456,1,256,256,0.07317246496677399,0.08474265038967133,0.09322478622198105,0
synthetic,scale_0.25,4096,False,torch.float16,3456,1,1024,256,0.03223097324371338,0.03939265012741089,0.04289817437529564,0
synthetic,scale_0.25,4096,False,torch.float16,3456,2,64,256,0.1273096799850464,0.159814715385437,0.276716411113739,0
synthetic,scale_0.25,4096,False,torch.float16,3456,2,256,256,0.06669990718364716,0.07694482803344727,0.10535412281751633,0
synthetic,scale_0.25,4096,False,torch.float16,3456,2,1024,256,0.03285680711269379,0.03949706628918648,0.043477728962898254,0
synthetic,scale_0.25,4096,False,torch.float16,3456,3,64,256,0.12807852029800415,0.17122332751750946,0.2351677119731903,0
synthetic,scale_0.25,4096,False,torch.float16,3456,3,256,256,0.06788419187068939,0.08203835040330887,0.10976262390613556,0
synthetic,scale_0.25,4096,False,torch.float16,3456,3,1024,256,0.03720099478960037,0.044218748807907104,0.051517289131879807,0
synthetic,scale_0.25,4096,False,torch.float16,3456,4,64,256,0.11605204641819,0.14437070488929749,0.17785006761550903,0
synthetic,scale_0.25,4096,False,torch.float16,3456,4,256,256,0.057271502912044525,0.06959798187017441,0.08355892449617386,0
synthetic,scale_0.25,4096,False,torch.float16,3456,4,1024,256,0.030119895935058594,0.03593246638774872,0.04032091796398163,0
synthetic,scale_0.25,4096,False,torch.float16,3456,5,64,256,0.13736039400100708,0.16702085733413696,0.2475254386663437,0
synthetic,scale_0.25,4096,False,torch.float16,3456,5,256,256,0.06754529476165771,0.07977040857076645,0.11176107823848724,0
synthetic,scale_0.25,4096,False,torch.float16,3456,5,1024,256,0.03603009134531021,0.04337356612086296,0.05152874067425728,0
synthetic,scale_0.25,4096,False,torch.float16,3456,6,64,256,0.12140614539384842,0.1461171805858612,0.19603952765464783,0
synthetic,scale_0.25,4096,False,torch.float16,3456,6,256,256,0.06611141562461853,0.07752689719200134,0.08936294168233871,0
synthetic,scale_0.25,4096,False,torch.float16,3456,6,1024,256,0.03436054289340973,0.04101504385471344,0.05009359493851662,0
synthetic,scale_0.25,4096,False,torch.float16,3456,7,64,256,0.14374671876430511,0.1871601641178131,0.27972230315208435,0
synthetic,scale_0.25,4096,False,torch.float16,3456,7,256,256,0.08526099473237991,0.10155491530895233,0.11078443378210068,0
synthetic,scale_0.25,4096,False,torch.float16,3456,7,1024,256,0.03897301107645035,0.04528377205133438,0.054401811212301254,0
synthetic,scale_0.25,4096,False,torch.float32,1234,0,64,256,0.1364734023809433,0.163177490234375,0.21427865326404572,0
synthetic,scale_0.25,4096,False,torch.float32,1234,0,256,256,0.059906255453825,0.07312420010566711,0.08808454871177673,0
synthetic,scale_0.25,4096,False,torch.float32,1234,0,1024,256,0.03445643559098244,0.04072180762887001,0.04430060461163521,0
synthetic,scale_0.25,4096,False,torch.float32,1234,1,64,256,0.12764929234981537,0.1544220745563507,0.19709530472755432,0
synthetic,scale_0.25,4096,False,torch.float32,1234,1,256,256,0.06521455198526382,0.07830062508583069,0.12073499709367752,0
synthetic,scale_0.25,4096,False,torch.float32,1234,1,1024,256,0.037711553275585175,0.04380997642874718,0.04984011501073837,0
synthetic,scale_0.25,4096,False,torch.float32,1234,2,64,256,0.11175865679979324,0.13539904356002808,0.17452770471572876,0
synthetic,scale_0.25,4096,False,torch.float32,1234,2,256,256,0.06314404308795929,0.07494527846574783,0.10082107037305832,0
synthetic,scale_0.25,4096,False,torch.float32,1234,2,1024,256,0.03153791278600693,0.036191996186971664,0.040159840136766434,0
synthetic,scale_0.25,4096,False,torch.float32,1234,3,64,256,0.12437668442726135,0.15302540361881256,0.19810527563095093,0
synthetic,scale_0.25,4096,False,torch.float32,1234,3,256,256,0.0640578493475914,0.07957036793231964,0.09517226368188858,0
synthetic,scale_0.25,4096,False,torch.float32,1234,3,1024,256,0.03559417277574539,0.041229456663131714,0.04689653590321541,0
synthetic,scale_0.25,4096,False,torch.float32,1234,4,64,256,0.13565094769001007,0.15921634435653687,0.20332737267017365,0
synthetic,scale_0.25,4096,False,torch.float32,1234,4,256,256,0.06420928239822388,0.07563135772943497,0.0892978310585022,0
synthetic,scale_0.25,4096,False,torch.float32,1234,4,1024,256,0.03397420048713684,0.04007023572921753,0.04686567932367325,0
synthetic,scale_0.25,4096,False,torch.float32,1234,5,64,256,0.11365864425897598,0.13760845363140106,0.18029017746448517,0
synthetic,scale_0.25,4096,False,torch.float32,1234,5,256,256,0.05453047901391983,0.06555338203907013,0.08111729472875595,0
synthetic,scale_0.25,4096,False,torch.float32,1234,5,1024,256,0.026996977627277374,0.03224853798747063,0.0394786074757576,0
synthetic,scale_0.25,4096,False,torch.float32,1234,6,64,256,0.11301369965076447,0.1377997249364853,0.2654117941856384,0
synthetic,scale_0.25,4096,False,torch.float32,1234,6,256,256,0.057017259299755096,0.06838229298591614,0.08850495517253876,0
synthetic,scale_0.25,4096,False,torch.float32,1234,6,1024,256,0.03138284385204315,0.03696008026599884,0.04070024564862251,0
synthetic,scale_0.25,4096,False,torch.float32,1234,7,64,256,0.15058162808418274,0.1813862919807434,0.2130211442708969,0
synthetic,scale_0.25,4096,False,torch.float32,1234,7,256,256,0.0691642165184021,0.08339494466781616,0.09841912984848022,0
synthetic,scale_0.25,4096,False,torch.float32,1234,7,1024,256,0.03367599844932556,0.039223987609148026,0.04743628203868866,0
synthetic,scale_0.25,4096,False,torch.float32,2345,0,64,256,0.10774935036897659,0.13193979859352112,0.1518547385931015,0
synthetic,scale_0.25,4096,False,torch.float32,2345,0,256,256,0.04705379530787468,0.05725131556391716,0.06879981607198715,0
synthetic,scale_0.25,4096,False,torch.float32,2345,0,1024,256,0.027656851336359978,0.031851984560489655,0.03730016574263573,0
synthetic,scale_0.25,4096,False,torch.float32,2345,1,64,256,0.10954735428094864,0.1346973478794098,0.18019914627075195,0
synthetic,scale_0.25,4096,False,torch.float32,2345,1,256,256,0.053829990327358246,0.06567230820655823,0.07107275724411011,0
synthetic,scale_0.25,4096,False,torch.float32,2345,1,1024,256,0.03412069380283356,0.03929140046238899,0.043141428381204605,0
synthetic,scale_0.25,4096,False,torch.float32,2345,2,64,256,0.14207196235656738,0.1687001883983612,0.2039845734834671,0
synthetic,scale_0.25,4096,False,torch.float32,2345,2,256,256,0.0602666512131691,0.07351315766572952,0.09032499045133591,0
synthetic,scale_0.25,4096,False,torch.float32,2345,2,1024,256,0.03725200146436691,0.0438099205493927,0.04908141493797302,0
synthetic,scale_0.25,4096,False,torch.float32,2345,3,64,256,0.16066336631774902,0.19171594083309174,0.24989882111549377,0
synthetic,scale_0.25,4096,False,torch.float32,2345,3,256,256,0.06442241370677948,0.07995594292879105,0.11864614486694336,0
synthetic,scale_0.25,4096,False,torch.float32,2345,3,1024,256,0.04286578297615051,0.050367143005132675,0.0620802603662014,0
synthetic,scale_0.25,4096,False,torch.float32,2345,4,64,256,0.14126980304718018,0.17074653506278992,0.19577302038669586,0
synthetic,scale_0.25,4096,False,torch.float32,2345,4,256,256,0.056223314255476,0.0693536251783371,0.08018304407596588,0
synthetic,scale_0.25,4096,False,torch.float32,2345,4,1024,256,0.03382284939289093,0.03975910693407059,0.04628613218665123,0
synthetic,scale_0.25,4096,False,torch.float32,2345,5,64,256,0.12181442975997925,0.14248676598072052,0.22959299385547638,0
synthetic,scale_0.25,4096,False,torch.float32,2345,5,256,256,0.043914683163166046,0.053101859986782074,0.06346480548381805,0
synthetic,scale_0.25,4096,False,torch.float32,2345,5,1024,256,0.02739945612847805,0.032434526830911636,0.03949474170804024,0
synthetic,scale_0.25,4096,False,torch.float32,2345,6,64,256,0.11412235349416733,0.13813669979572296,0.16685931384563446,0
synthetic,scale_0.25,4096,False,torch.float32,2345,6,256,256,0.051218725740909576,0.06275203078985214,0.07954955846071243,0
synthetic,scale_0.25,4096,False,torch.float32,2345,6,1024,256,0.02969338186085224,0.035121094435453415,0.0443669892847538,0
synthetic,scale_0.25,4096,False,torch.float32,2345,7,64,256,0.14440271258354187,0.17605483531951904,0.3171352744102478,0
synthetic,scale_0.25,4096,False,torch.float32,2345,7,256,256,0.060792990028858185,0.07467985153198242,0.09241161495447159,0
synthetic,scale_0.25,4096,False,torch.float32,2345,7,1024,256,0.035575635731220245,0.04238554835319519,0.049276042729616165,0
synthetic,scale_0.25,4096,False,torch.float32,3456,0,64,256,0.1326284110546112,0.16404856741428375,0.20468319952487946,0
synthetic,scale_0.25,4096,False,torch.float32,3456,0,256,256,0.07019197940826416,0.08218962699174881,0.11450693756341934,0
synthetic,scale_0.25,4096,False,torch.float32,3456,0,1024,256,0.03875626623630524,0.04634462669491768,0.054683245718479156,0
synthetic,scale_0.25,4096,False,torch.float32,3456,1,64,256,0.1279236078262329,0.15991811454296112,0.2159939855337143,0
synthetic,scale_0.25,4096,False,torch.float32,3456,1,256,256,0.07317160815000534,0.08474531769752502,0.09323731064796448,0
synthetic,scale_0.25,4096,False,torch.float32,3456,1,1024,256,0.03223033994436264,0.03939452022314072,0.0428960882127285,0
synthetic,scale_0.25,4096,False,torch.float32,3456,2,64,256,0.12729787826538086,0.1598091721534729,0.2767030596733093,0
synthetic,scale_0.25,4096,False,torch.float32,3456,2,256,256,0.0666956901550293,0.07694225013256073,0.10535407811403275,0
synthetic,scale_0.25,4096,False,torch.float32,3456,2,1024,256,0.032855309545993805,0.03949303925037384,0.04347379878163338,0
synthetic,scale_0.25,4096,False,torch.float32,3456,3,64,256,0.12807705998420715,0.17120954394340515,0.23517459630966187,0
synthetic,scale_0.25,4096,False,torch.float32,3456,3,256,256,0.06788358092308044,0.08203712105751038,0.10978128015995026,0
synthetic,scale_0.25,4096,False,torch.float32,3456,3,1024,256,0.03720129281282425,0.044219374656677246,0.05151170492172241,0
synthetic,scale_0.25,4096,False,torch.float32,3456,4,64,256,0.11605359613895416,0.144370898604393,0.17784440517425537,0
synthetic,scale_0.25,4096,False,torch.float32,3456,4,256,256,0.057271432131528854,0.06959706544876099,0.08354056626558304,0
synthetic,scale_0.25,4096,False,torch.float32,3456,4,1024,256,0.030121224001049995,0.03593708574771881,0.04032367095351219,0
synthetic,scale_0.25,4096,False,torch.float32,3456,5,64,256,0.13736101984977722,0.16702114045619965,0.24753466248512268,0
synthetic,scale_0.25,4096,False,torch.float32,3456,5,256,256,0.0675448477268219,0.07976662367582321,0.11175643652677536,0
synthetic,scale_0.25,4096,False,torch.float32,3456,5,1024,256,0.03603117913007736,0.04336993768811226,0.05153439939022064,0
synthetic,scale_0.25,4096,False,torch.float32,3456,6,64,256,0.12140952050685883,0.14611345529556274,0.19602347910404205,0
synthetic,scale_0.25,4096,False,torch.float32,3456,6,256,256,0.06611631065607071,0.07752793282270432,0.0893736258149147,0
synthetic,scale_0.25,4096,False,torch.float32,3456,6,1024,256,0.03436054289340973,0.041013289242982864,0.050096530467271805,0
synthetic,scale_0.25,4096,False,torch.float32,3456,7,64,256,0.14374731481075287,0.18715167045593262,0.27972251176834106,0
synthetic,scale_0.25,4096,False,torch.float32,3456,7,256,256,0.08525997400283813,0.10155338048934937,0.11078601330518723,0
synthetic,scale_0.25,4096,False,torch.float32,3456,7,1024,256,0.03897373378276825,0.04528428241610527,0.05440087988972664,0
synthetic,scale_0.25,4096,True,torch.float16,1234,0,64,256,0.12609802186489105,0.15709881484508514,0.1967364251613617,0
synthetic,scale_0.25,4096,True,torch.float16,1234,0,256,256,0.05956777185201645,0.07432307302951813,0.08730106055736542,0
synthetic,scale_0.25,4096,True,torch.float16,1234,0,1024,256,0.034419551491737366,0.04272229224443436,0.05144698545336723,0
synthetic,scale_0.25,4096,True,torch.float16,1234,1,64,256,0.12318269163370132,0.1510656476020813,0.20869506895542145,0
synthetic,scale_0.25,4096,True,torch.float16,1234,1,256,256,0.0635586678981781,0.0781300961971283,0.10262343287467957,0
synthetic,scale_0.25,4096,True,torch.float16,1234,1,1024,256,0.03539561480283737,0.04240401089191437,0.04794086888432503,0
synthetic,scale_0.25,4096,True,torch.float16,1234,2,64,256,0.11800326406955719,0.15494078397750854,0.18086637556552887,0
synthetic,scale_0.25,4096,True,torch.float16,1234,2,256,256,0.06062386929988861,0.07405848056077957,0.10097859054803848,0
synthetic,scale_0.25,4096,True,torch.float16,1234,2,1024,256,0.03126062452793121,0.03694261237978935,0.04224737361073494,0
synthetic,scale_0.25,4096,True,torch.float16,1234,3,64,256,0.12404602020978928,0.15419891476631165,0.1783207207918167,0
synthetic,scale_0.25,4096,True,torch.float16,1234,3,256,256,0.05847477167844772,0.07215595990419388,0.09113656729459763,0
synthetic,scale_0.25,4096,True,torch.float16,1234,3,1024,256,0.034442804753780365,0.04165195673704147,0.04392179474234581,0
synthetic,scale_0.25,4096,True,torch.float16,1234,4,64,256,0.13025541603565216,0.16838684678077698,0.20735877752304077,0
synthetic,scale_0.25,4096,True,torch.float16,1234,4,256,256,0.061659734696149826,0.07704856991767883,0.09701615571975708,0
synthetic,scale_0.25,4096,True,torch.float16,1234,4,1024,256,0.03252624720335007,0.04022262990474701,0.047206588089466095,0
synthetic,scale_0.25,4096,True,torch.float16,1234,5,64,256,0.12088567763566971,0.1609521359205246,0.23309014737606049,0
synthetic,scale_0.25,4096,True,torch.float16,1234,5,256,256,0.05723170191049576,0.07001298666000366,0.08293074369430542,0
synthetic,scale_0.25,4096,True,torch.float16,1234,5,1024,256,0.028378335759043694,0.0352015346288681,0.0414549820125103,0
synthetic,scale_0.25,4096,True,torch.float16,1234,6,64,256,0.11995470523834229,0.1495894491672516,0.327201783657074,0
synthetic,scale_0.25,4096,True,torch.float16,1234,6,256,256,0.0643283873796463,0.07924627512693405,0.09780476987361908,0
synthetic,scale_0.25,4096,True,torch.float16,1234,6,1024,256,0.034875620156526566,0.04148248955607414,0.047307491302490234,0
synthetic,scale_0.25,4096,True,torch.float16,1234,7,64,256,0.1325959414243698,0.16723103821277618,0.20234811305999756,0
synthetic,scale_0.25,4096,True,torch.float16,1234,7,256,256,0.06342817097902298,0.08002570271492004,0.10333746671676636,0
synthetic,scale_0.25,4096,True,torch.float16,1234,7,1024,256,0.030659709125757217,0.03695838898420334,0.04566997289657593,0
synthetic,scale_0.25,4096,True,torch.float16,2345,0,64,256,0.12183638662099838,0.1494358777999878,0.17389141023159027,0
synthetic,scale_0.25,4096,True,torch.float16,2345,0,256,256,0.05181897059082985,0.06456909328699112,0.07668288797140121,0
synthetic,scale_0.25,4096,True,torch.float16,2345,0,1024,256,0.031534552574157715,0.03753364086151123,0.04188443347811699,0
synthetic,scale_0.25,4096,True,torch.float16,2345,1,64,256,0.12015241384506226,0.1494215428829193,0.20016451179981232,0
synthetic,scale_0.25,4096,True,torch.float16,2345,1,256,256,0.05602224916219711,0.06869204342365265,0.07465206831693649,0
synthetic,scale_0.25,4096,True,torch.float16,2345,1,1024,256,0.031885430216789246,0.03889041766524315,0.04300995171070099,0
synthetic,scale_0.25,4096,True,torch.float16,2345,2,64,256,0.13365544378757477,0.16971227526664734,0.22142040729522705,0
synthetic,scale_0.25,4096,True,torch.float16,2345,2,256,256,0.059223249554634094,0.07419377565383911,0.09874130040407181,0
synthetic,scale_0.25,4096,True,torch.float16,2345,2,1024,256,0.03316875919699669,0.04016069322824478,0.049180787056684494,0
synthetic,scale_0.25,4096,True,torch.float16,2345,3,64,256,0.13540229201316833,0.17666012048721313,0.22675038874149323,0
synthetic,scale_0.25,4096,True,torch.float16,2345,3,256,256,0.0587218776345253,0.07530511915683746,0.09614422172307968,0
synthetic,scale_0.25,4096,True,torch.float16,2345,3,1024,256,0.03532478213310242,0.04655067250132561,0.05417606607079506,0
synthetic,scale_0.25,4096,True,torch.float16,2345,4,64,256,0.1331537961959839,0.16368916630744934,0.21108175814151764,0
synthetic,scale_0.25,4096,True,torch.float16,2345,4,256,256,0.05808073654770851,0.07299209386110306,0.09455734491348267,0
synthetic,scale_0.25,4096,True,torch.float16,2345,4,1024,256,0.031878601759672165,0.041317299008369446,0.04626522585749626,0
synthetic,scale_0.25,4096,True,torch.float16,2345,5,64,256,0.1116303950548172,0.13705509901046753,0.22922852635383606,0
synthetic,scale_0.25,4096,True,torch.float16,2345,5,256,256,0.04714830964803696,0.061244621872901917,0.07304844260215759,0
synthetic,scale_0.25,4096,True,torch.float16,2345,5,1024,256,0.02693096175789833,0.03243448585271835,0.044048018753528595,0
synthetic,scale_0.25,4096,True,torch.float16,2345,6,64,256,0.12112864851951599,0.15587539970874786,0.19427184760570526,0
synthetic,scale_0.25,4096,True,torch.float16,2345,6,256,256,0.051505930721759796,0.06256768852472305,0.08159277588129044,0
synthetic,scale_0.25,4096,True,torch.float16,2345,6,1024,256,0.031051822006702423,0.03725510090589523,0.0485292486846447,0
synthetic,scale_0.25,4096,True,torch.float16,2345,7,64,256,0.138508141040802,0.17029471695423126,0.32049837708473206,0
synthetic,scale_0.25,4096,True,torch.float16,2345,7,256,256,0.06061425060033798,0.07557202875614166,0.08598286658525467,0
synthetic,scale_0.25,4096,True,torch.float16,2345,7,1024,256,0.03406871110200882,0.04115065559744835,0.0538841113448143,0
synthetic,scale_0.25,4096,True,torch.float16,3456,0,64,256,0.11703294515609741,0.14971742033958435,0.19037169218063354,0
synthetic,scale_0.25,4096,True,torch.float16,3456,0,256,256,0.0690678060054779,0.08257334679365158,0.1200982928276062,0
synthetic,scale_0.25,4096,True,torch.float16,3456,0,1024,256,0.03572477400302887,0.04263187199831009,0.05554777756333351,0
synthetic,scale_0.25,4096,True,torch.float16,3456,1,64,256,0.12072283029556274,0.15204326808452606,0.21361516416072845,0
synthetic,scale_0.25,4096,True,torch.float16,3456,1,256,256,0.07083860784769058,0.08655773103237152,0.10316293686628342,0
synthetic,scale_0.25,4096,True,torch.float16,3456,1,1024,256,0.031821660697460175,0.03996196389198303,0.04438801109790802,0
synthetic,scale_0.25,4096,True,torch.float16,3456,2,64,256,0.12781623005867004,0.15894822776317596,0.2897939383983612,0
synthetic,scale_0.25,4096,True,torch.float16,3456,2,256,256,0.06412570178508759,0.07746284455060959,0.10643003135919571,0
synthetic,scale_0.25,4096,True,torch.float16,3456,2,1024,256,0.03191187232732773,0.03863450139760971,0.04903383553028107,0
synthetic,scale_0.25,4096,True,torch.float16,3456,3,64,256,0.11848840117454529,0.15712468326091766,0.23804478347301483,0
synthetic,scale_0.25,4096,True,torch.float16,3456,3,256,256,0.06522643566131592,0.08190406858921051,0.09983266890048981,0
synthetic,scale_0.25,4096,True,torch.float16,3456,3,1024,256,0.037470743060112,0.04641423746943474,0.05390828847885132,0
synthetic,scale_0.25,4096,True,torch.float16,3456,4,64,256,0.11345362663269043,0.141540065407753,0.20493152737617493,0
synthetic,scale_0.25,4096,True,torch.float16,3456,4,256,256,0.05915185809135437,0.07419832050800323,0.09586238861083984,0
synthetic,scale_0.25,4096,True,torch.float16,3456,4,1024,256,0.03139181807637215,0.03804134204983711,0.042056769132614136,0
synthetic,scale_0.25,4096,True,torch.float16,3456,5,64,256,0.13649235665798187,0.17473085224628448,0.2543117105960846,0
synthetic,scale_0.25,4096,True,torch.float16,3456,5,256,256,0.07055404782295227,0.08786725997924805,0.11146990209817886,0
synthetic,scale_0.25,4096,True,torch.float16,3456,5,1024,256,0.03575789928436279,0.043236035853624344,0.04937255010008812,0
synthetic,scale_0.25,4096,True,torch.float16,3456,6,64,256,0.1203448697924614,0.15007421374320984,0.2237231284379959,0
synthetic,scale_0.25,4096,True,torch.float16,3456,6,256,256,0.06562032550573349,0.07782893627882004,0.08819862455129623,0
synthetic,scale_0.25,4096,True,torch.float16,3456,6,1024,256,0.03457018360495567,0.04330449551343918,0.05222032964229584,0
synthetic,scale_0.25,4096,True,torch.float16,3456,7,64,256,0.12070583552122116,0.16685907542705536,0.2449546754360199,0
synthetic,scale_0.25,4096,True,torch.float16,3456,7,256,256,0.07203276455402374,0.09118437767028809,0.10420925915241241,0
synthetic,scale_0.25,4096,True,torch.float16,3456,7,1024,256,0.03250399976968765,0.04075879603624344,0.05613312870264053,0
synthetic,scale_0.25,4096,True,torch.float32,1234,0,64,256,0.1260913461446762,0.15709179639816284,0.19672061502933502,0
synthetic,scale_0.25,4096,True,torch.float32,1234,0,256,256,0.059566691517829895,0.07431827485561371,0.0872964859008789,0
synthetic,scale_0.25,4096,True,torch.float32,1234,0,1024,256,0.03441854938864708,0.04272308945655823,0.05144757404923439,0
synthetic,scale_0.25,4096,True,torch.float32,1234,1,64,256,0.12318570911884308,0.15108279883861542,0.2086993008852005,0
synthetic,scale_0.25,4096,True,torch.float32,1234,1,256,256,0.06356047838926315,0.07813552021980286,0.10260071605443954,0
synthetic,scale_0.25,4096,True,torch.float32,1234,1,1024,256,0.03539609909057617,0.04240588843822479,0.04794098436832428,0
synthetic,scale_0.25,4096,True,torch.float32,1234,2,64,256,0.11800257861614227,0.15495511889457703,0.18084591627120972,0
synthetic,scale_0.25,4096,True,torch.float32,1234,2,256,256,0.060624200850725174,0.0740584060549736,0.1009841039776802,0
synthetic,scale_0.25,4096,True,torch.float32,1234,2,1024,256,0.03125954419374466,0.03693992644548416,0.04225068539381027,0
synthetic,scale_0.25,4096,True,torch.float32,1234,3,64,256,0.1240464299917221,0.15420234203338623,0.17829656600952148,0
synthetic,scale_0.25,4096,True,torch.float32,1234,3,256,256,0.05847392976284027,0.07216200232505798,0.09113578498363495,0
synthetic,scale_0.25,4096,True,torch.float32,1234,3,1024,256,0.03444289043545723,0.04165366664528847,0.043920330703258514,0
synthetic,scale_0.25,4096,True,torch.float32,1234,4,64,256,0.13025622069835663,0.1683804988861084,0.20736362040042877,0
synthetic,scale_0.25,4096,True,torch.float32,1234,4,256,256,0.061659589409828186,0.07705484330654144,0.09703219681978226,0
synthetic,scale_0.25,4096,True,torch.float32,1234,4,1024,256,0.032526373863220215,0.040218476206064224,0.047211989760398865,0
synthetic,scale_0.25,4096,True,torch.float32,1234,5,64,256,0.12088367342948914,0.16094279289245605,0.23310473561286926,0
synthetic,scale_0.25,4096,True,torch.float32,1234,5,256,256,0.05723088979721069,0.070014089345932,0.0829286128282547,0
synthetic,scale_0.25,4096,True,torch.float32,1234,5,1024,256,0.02837778814136982,0.03520232066512108,0.04144725576043129,0
synthetic,scale_0.25,4096,True,torch.float32,1234,6,64,256,0.11995729058980942,0.1495995819568634,0.3272314667701721,0
synthetic,scale_0.25,4096,True,torch.float32,1234,6,256,256,0.06432745605707169,0.07924100756645203,0.09780063480138779,0
synthetic,scale_0.25,4096,True,torch.float32,1234,6,1024,256,0.034876033663749695,0.04148240387439728,0.047311197966337204,0
synthetic,scale_0.25,4096,True,torch.float32,1234,7,64,256,0.13259407877922058,0.1672423630952835,0.202351376414299,0
synthetic,scale_0.25,4096,True,torch.float32,1234,7,256,256,0.06342606246471405,0.08002099394798279,0.10334410518407822,0
synthetic,scale_0.25,4096,True,torch.float32,1234,7,1024,256,0.03065919131040573,0.03695668280124664,0.04566742479801178,0
synthetic,scale_0.25,4096,True,torch.float32,2345,0,64,256,0.12183727324008942,0.14943449199199677,0.17387612164020538,0
synthetic,scale_0.25,4096,True,torch.float32,2345,0,256,256,0.05181894451379776,0.06456981599330902,0.076679527759552,0
synthetic,scale_0.25,4096,True,torch.float32,2345,0,1024,256,0.031534090638160706,0.037535183131694794,0.04188169166445732,0
synthetic,scale_0.25,4096,True,torch.float32,2345,1,64,256,0.12014956027269363,0.14942725002765656,0.20017960667610168,0
synthetic,scale_0.25,4096,True,torch.float32,2345,1,256,256,0.05602259933948517,0.06869296729564667,0.07465088367462158,0
synthetic,scale_0.25,4096,True,torch.float32,2345,1,1024,256,0.03188495337963104,0.03888910263776779,0.04300762340426445,0
synthetic,scale_0.25,4096,True,torch.float32,2345,2,64,256,0.13365662097930908,0.16973114013671875,0.22144560515880585,0
synthetic,scale_0.25,4096,True,torch.float32,2345,2,256,256,0.059225160628557205,0.07419806718826294,0.09873928129673004,0
synthetic,scale_0.25,4096,True,torch.float32,2345,2,1024,256,0.03316862881183624,0.0401608943939209,0.0491819754242897,0
synthetic,scale_0.25,4096,True,torch.float32,2345,3,64,256,0.13540396094322205,0.17665450274944305,0.22678610682487488,0
synthetic,scale_0.25,4096,True,torch.float32,2345,3,256,256,0.05872299522161484,0.0753009095788002,0.09614428877830505,0
synthetic,scale_0.25,4096,True,torch.float32,2345,3,1024,256,0.03532489389181137,0.04655119776725769,0.05417635664343834,0
synthetic,scale_0.25,4096,True,torch.float32,2345,4,64,256,0.13315346837043762,0.16368496417999268,0.21107761561870575,0
synthetic,scale_0.25,4096,True,torch.float32,2345,4,256,256,0.05807867646217346,0.07299087941646576,0.09456101059913635,0
synthetic,scale_0.25,4096,True,torch.float32,2345,4,1024,256,0.03187919408082962,0.04131573438644409,0.04626939818263054,0
synthetic,scale_0.25,4096,True,torch.float32,2345,5,64,256,0.11163023859262466,0.1370617151260376,0.22925060987472534,0
synthetic,scale_0.25,4096,True,torch.float32,2345,5,256,256,0.04714823514223099,0.06124579533934593,0.07304004579782486,0
synthetic,scale_0.25,4096,True,torch.float32,2345,5,1024,256,0.02693072333931923,0.03243448585271835,0.04404834657907486,0
synthetic,scale_0.25,4096,True,torch.float32,2345,6,64,256,0.12112884223461151,0.15590836107730865,0.19426898658275604,0
synthetic,scale_0.25,4096,True,torch.float32,2345,6,256,256,0.05150534212589264,0.06256624311208725,0.08159340918064117,0
synthetic,scale_0.25,4096,True,torch.float32,2345,6,1024,256,0.031051238998770714,0.03725333511829376,0.04852961376309395,0
synthetic,scale_0.25,4096,True,torch.float32,2345,7,64,256,0.13850641250610352,0.17030033469200134,0.32053491473197937,0
synthetic,scale_0.25,4096,True,torch.float32,2345,7,256,256,0.060615554451942444,0.0755777657032013,0.08598223328590393,0
synthetic,scale_0.25,4096,True,torch.float32,2345,7,1024,256,0.03406792879104614,0.04114946722984314,0.05388455465435982,0
synthetic,scale_0.25,4096,True,torch.float32,3456,0,64,256,0.11703244596719742,0.1497040092945099,0.19036360085010529,0
synthetic,scale_0.25,4096,True,torch.float32,3456,0,256,256,0.06906658411026001,0.08256923407316208,0.12008687108755112,0
synthetic,scale_0.25,4096,True,torch.float32,3456,0,1024,256,0.035724736750125885,0.042630068957805634,0.05555287376046181,0
synthetic,scale_0.25,4096,True,torch.float32,3456,1,64,256,0.12071861326694489,0.15203988552093506,0.21363505721092224,0
synthetic,scale_0.25,4096,True,torch.float32,3456,1,256,256,0.0708371251821518,0.08655442297458649,0.10316836833953857,0
synthetic,scale_0.25,4096,True,torch.float32,3456,1,1024,256,0.031820327043533325,0.0399620495736599,0.04438606649637222,0
synthetic,scale_0.25,4096,True,torch.float32,3456,2,64,256,0.12780585885047913,0.15893389284610748,0.2897804081439972,0
synthetic,scale_0.25,4096,True,torch.float32,3456,2,256,256,0.06412199139595032,0.0774635300040245,0.10642964392900467,0
synthetic,scale_0.25,4096,True,torch.float32,3456,2,1024,256,0.031911663711071014,0.03863491863012314,0.04904160648584366,0
synthetic,scale_0.25,4096,True,torch.float32,3456,3,64,256,0.11848411709070206,0.15711581707000732,0.23799675703048706,0
synthetic,scale_0.25,4096,True,torch.float32,3456,3,256,256,0.06522368639707565,0.0818963423371315,0.09981976449489594,0
synthetic,scale_0.25,4096,True,torch.float32,3456,3,1024,256,0.037469737231731415,0.04641222953796387,0.05390344187617302,0
synthetic,scale_0.25,4096,True,torch.float32,3456,4,64,256,0.11345355212688446,0.14152824878692627,0.2049274891614914,0
synthetic,scale_0.25,4096,True,torch.float32,3456,4,256,256,0.059151798486709595,0.0741981491446495,0.09585728496313095,0
synthetic,scale_0.25,4096,True,torch.float32,3456,4,1024,256,0.031391456723213196,0.038039106875658035,0.042059533298015594,0
synthetic,scale_0.25,4096,True,torch.float32,3456,5,64,256,0.13649390637874603,0.1747395545244217,0.2543301582336426,0
synthetic,scale_0.25,4096,True,torch.float32,3456,5,256,256,0.07055418193340302,0.08786900341510773,0.11146705597639084,0
synthetic,scale_0.25,4096,True,torch.float32,3456,5,1024,256,0.03575895354151726,0.04323954880237579,0.04937206953763962,0
synthetic,scale_0.25,4096,True,torch.float32,3456,6,64,256,0.12034454196691513,0.15006420016288757,0.22371439635753632,0
synthetic,scale_0.25,4096,True,torch.float32,3456,6,256,256,0.06562145054340363,0.07783707976341248,0.08819470554590225,0
synthetic,scale_0.25,4096,True,torch.float32,3456,6,1024,256,0.03456981107592583,0.043302781879901886,0.05221876874566078,0
synthetic,scale_0.25,4096,True,torch.float32,3456,7,64,256,0.1207055151462555,0.16683974862098694,0.24497365951538086,0
synthetic,scale_0.25,4096,True,torch.float32,3456,7,256,256,0.07203331589698792,0.0911865234375,0.10420793294906616,0
synthetic,scale_0.25,4096,True,torch.float32,3456,7,1024,256,0.03250458836555481,0.040758345276117325,0.05613323673605919,0
synthetic,scale_0.3,4096,False,torch.float16,1234,0,64,256,0.19103488326072693,0.24826404452323914,0.3386128544807434,0
synthetic,scale_0.3,4096,False,torch.float16,1234,0,256,256,0.08644339442253113,0.10972802340984344,0.1548394411802292,0
synthetic,scale_0.3,4096,False,torch.float16,1234,0,1024,256,0.04931911453604698,0.06153317168354988,0.07014576345682144,0
synthetic,scale_0.3,4096,False,torch.float16,1234,1,64,256,0.18021875619888306,0.23127518594264984,0.29112565517425537,0
synthetic,scale_0.3,4096,False,torch.float16,1234,1,256,256,0.0956152081489563,0.11944110691547394,0.2142348289489746,0
synthetic,scale_0.3,4096,False,torch.float16,1234,1,1024,256,0.053755611181259155,0.06506451964378357,0.08159233629703522,0
synthetic,scale_0.3,4096,False,torch.float16,1234,2,64,256,0.15925449132919312,0.20623824000358582,0.3105493485927582,0
synthetic,scale_0.3,4096,False,torch.float16,1234,2,256,256,0.09139524400234222,0.11252862215042114,0.20128943026065826,0
synthetic,scale_0.3,4096,False,torch.float16,1234,2,1024,256,0.045480046421289444,0.05374700576066971,0.059014372527599335,0
synthetic,scale_0.3,4096,False,torch.float16,1234,3,64,256,0.17719177901744843,0.23082640767097473,0.3182234466075897,0
synthetic,scale_0.3,4096,False,torch.float16,1234,3,256,256,0.09366054087877274,0.12159911543130875,0.16473157703876495,0
synthetic,scale_0.3,4096,False,torch.float16,1234,3,1024,256,0.05081751197576523,0.06077197939157486,0.08344575017690659,0
synthetic,scale_0.3,4096,False,torch.float16,1234,4,64,256,0.19120967388153076,0.2354719638824463,0.3604868948459625,0
synthetic,scale_0.3,4096,False,torch.float16,1234,4,256,256,0.0934828519821167,0.11484135687351227,0.17034952342510223,0
synthetic,scale_0.3,4096,False,torch.float16,1234,4,1024,256,0.04895085096359253,0.059089045971632004,0.08298808336257935,0
synthetic,scale_0.3,4096,False,torch.float16,1234,5,64,256,0.15942323207855225,0.2010391801595688,0.29766616225242615,0
synthetic,scale_0.3,4096,False,torch.float16,1234,5,256,256,0.07930031418800354,0.1019056886434555,0.15513105690479279,0
synthetic,scale_0.3,4096,False,torch.float16,1234,5,1024,256,0.03996879607439041,0.050290826708078384,0.06671976298093796,0
synthetic,scale_0.3,4096,False,torch.float16,1234,6,64,256,0.15999293327331543,0.20674598217010498,0.47912904620170593,0
synthetic,scale_0.3,4096,False,torch.float16,1234,6,256,256,0.08455811440944672,0.10528513044118881,0.15754936635494232,0
synthetic,scale_0.3,4096,False,torch.float16,1234,6,1024,256,0.04588651284575462,0.05596863478422165,0.06607645750045776,0
synthetic,scale_0.3,4096,False,torch.float16,1234,7,64,256,0.20646855235099792,0.2602404057979584,0.3222290575504303,0
synthetic,scale_0.3,4096,False,torch.float16,1234,7,256,256,0.10028476268053055,0.12801438570022583,0.19103185832500458,0
synthetic,scale_0.3,4096,False,torch.float16,1234,7,1024,256,0.0487063005566597,0.05864875018596649,0.07758882641792297,0
synthetic,scale_0.3,4096,False,torch.float16,2345,0,64,256,0.15392601490020752,0.1961720585823059,0.24602597951889038,0
synthetic,scale_0.3,4096,False,torch.float16,2345,0,256,256,0.06919053196907043,0.0889720618724823,0.11272849887609482,0
synthetic,scale_0.3,4096,False,torch.float16,2345,0,1024,256,0.04002780839800835,0.0482625812292099,0.05540131404995918,0
synthetic,scale_0.3,4096,False,torch.float16,2345,1,64,256,0.15826630592346191,0.20728304982185364,0.29358169436454773,0
synthetic,scale_0.3,4096,False,torch.float16,2345,1,256,256,0.07936899363994598,0.1012781634926796,0.11129209399223328,0
synthetic,scale_0.3,4096,False,torch.float16,2345,1,1024,256,0.04764612019062042,0.05771045759320259,0.06253541260957718,0
synthetic,scale_0.3,4096,False,torch.float16,2345,2,64,256,0.19666296243667603,0.25276464223861694,0.3351507782936096,0
synthetic,scale_0.3,4096,False,torch.float16,2345,2,256,256,0.09062666445970535,0.11865159869194031,0.16241927444934845,0
synthetic,scale_0.3,4096,False,torch.float16,2345,2,1024,256,0.05276186019182205,0.06434179097414017,0.081759013235569,0
synthetic,scale_0.3,4096,False,torch.float16,2345,3,64,256,0.22374650835990906,0.2906021177768707,0.38888928294181824,0
synthetic,scale_0.3,4096,False,torch.float16,2345,3,256,256,0.0942700058221817,0.12203499674797058,0.22864995896816254,0
synthetic,scale_0.3,4096,False,torch.float16,2345,3,1024,256,0.059734031558036804,0.07192680239677429,0.10279025882482529,0
synthetic,scale_0.3,4096,False,torch.float16,2345,4,64,256,0.1944943070411682,0.2456413358449936,0.30791544914245605,0
synthetic,scale_0.3,4096,False,torch.float16,2345,4,256,256,0.0847681388258934,0.11138398945331573,0.140489861369133,0
synthetic,scale_0.3,4096,False,torch.float16,2345,4,1024,256,0.048842623829841614,0.059692174196243286,0.07580918818712234,0
synthetic,scale_0.3,4096,False,torch.float16,2345,5,64,256,0.16995665431022644,0.20917463302612305,0.3916444182395935,0
synthetic,scale_0.3,4096,False,torch.float16,2345,5,256,256,0.0663154199719429,0.08489301055669785,0.11934781074523926,0
synthetic,scale_0.3,4096,False,torch.float16,2345,5,1024,256,0.03890163451433182,0.04664536565542221,0.06045617163181305,0
synthetic,scale_0.3,4096,False,torch.float16,2345,6,64,256,0.16109558939933777,0.20780256390571594,0.2778666615486145,0
synthetic,scale_0.3,4096,False,torch.float16,2345,6,256,256,0.07516925781965256,0.09612105786800385,0.1652987003326416,0
synthetic,scale_0.3,4096,False,torch.float16,2345,6,1024,256,0.04235682263970375,0.05158001556992531,0.07850965857505798,0
synthetic,scale_0.3,4096,False,torch.float16,2345,7,64,256,0.20396322011947632,0.25799357891082764,0.6013838052749634,0
synthetic,scale_0.3,4096,False,torch.float16,2345,7,256,256,0.09086860716342926,0.11790941655635834,0.18062569200992584,0
synthetic,scale_0.3,4096,False,torch.float16,2345,7,1024,256,0.05120231956243515,0.0639975517988205,0.07488282769918442,0
synthetic,scale_0.3,4096,False,torch.float16,3456,0,64,256,0.18920400738716125,0.24902400374412537,0.3638465404510498,0
synthetic,scale_0.3,4096,False,torch.float16,3456,0,256,256,0.10183586925268173,0.1263955533504486,0.20973721146583557,0
synthetic,scale_0.3,4096,False,torch.float16,3456,0,1024,256,0.05500473082065582,0.0686512142419815,0.09302962571382523,0
synthetic,scale_0.3,4096,False,torch.float16,3456,1,64,256,0.17973557114601135,0.24061119556427002,0.4162847399711609,0
synthetic,scale_0.3,4096,False,torch.float16,3456,1,256,256,0.10202410817146301,0.12511253356933594,0.15576587617397308,0
synthetic,scale_0.3,4096,False,torch.float16,3456,1,1024,256,0.047247834503650665,0.06161141395568848,0.07550938427448273,0
synthetic,scale_0.3,4096,False,torch.float16,3456,2,64,256,0.18176256120204926,0.23656760156154633,0.5114061236381531,0
synthetic,scale_0.3,4096,False,torch.float16,3456,2,256,256,0.09595361351966858,0.11777564138174057,0.1670655608177185,0
synthetic,scale_0.3,4096,False,torch.float16,3456,2,1024,256,0.049199722707271576,0.06090273708105087,0.07906357198953629,0
synthetic,scale_0.3,4096,False,torch.float16,3456,3,64,256,0.18927496671676636,0.2785254120826721,0.4231182634830475,0
synthetic,scale_0.3,4096,False,torch.float16,3456,3,256,256,0.09786343574523926,0.1258278489112854,0.19181226193904877,0
synthetic,scale_0.3,4096,False,torch.float16,3456,3,1024,256,0.05417223647236824,0.0684356689453125,0.08723814785480499,0
synthetic,scale_0.3,4096,False,torch.float16,3456,4,64,256,0.1659829020500183,0.21729353070259094,0.31155264377593994,0
synthetic,scale_0.3,4096,False,torch.float16,3456,4,256,256,0.08198763430118561,0.10460472106933594,0.14679689705371857,0
synthetic,scale_0.3,4096,False,torch.float16,3456,4,1024,256,0.04443095251917839,0.054928768426179886,0.06636667996644974,0
synthetic,scale_0.3,4096,False,torch.float16,3456,5,64,256,0.19500529766082764,0.25807443261146545,0.4337758421897888,0
synthetic,scale_0.3,4096,False,torch.float16,3456,5,256,256,0.09658458828926086,0.1204485297203064,0.20543833076953888,0
synthetic,scale_0.3,4096,False,torch.float16,3456,5,1024,256,0.05195394903421402,0.06401236355304718,0.08586955070495605,0
synthetic,scale_0.3,4096,False,torch.float16,3456,6,64,256,0.17357692122459412,0.2211472988128662,0.34250181913375854,0
synthetic,scale_0.3,4096,False,torch.float16,3456,6,256,256,0.0938483476638794,0.11573942750692368,0.14272287487983704,0
synthetic,scale_0.3,4096,False,torch.float16,3456,6,1024,256,0.04968288168311119,0.06124718487262726,0.07615629583597183,0
synthetic,scale_0.3,4096,False,torch.float16,3456,7,64,256,0.21112914383411407,0.3015870451927185,0.5292810201644897,0
synthetic,scale_0.3,4096,False,torch.float16,3456,7,256,256,0.11798819899559021,0.14379844069480896,0.17445285618305206,0
synthetic,scale_0.3,4096,False,torch.float16,3456,7,1024,256,0.057121749967336655,0.06894496828317642,0.0887429416179657,0
synthetic,scale_0.3,4096,False,torch.float32,1234,0,64,256,0.19102463126182556,0.24827739596366882,0.3386525809764862,0
synthetic,scale_0.3,4096,False,torch.float32,1234,0,256,256,0.0864398255944252,0.1097167581319809,0.15486495196819305,0
synthetic,scale_0.3,4096,False,torch.float32,1234,0,1024,256,0.04931674152612686,0.06152709573507309,0.07013833522796631,0
synthetic,scale_0.3,4096,False,torch.float32,1234,1,64,256,0.18022648990154266,0.23131194710731506,0.2911645174026489,0
synthetic,scale_0.3,4096,False,torch.float32,1234,1,256,256,0.09562049806118011,0.11943467706441879,0.21423618495464325,0
synthetic,scale_0.3,4096,False,torch.float32,1234,1,1024,256,0.053756117820739746,0.0650680810213089,0.08161533623933792,0
synthetic,scale_0.3,4096,False,torch.float32,1234,2,64,256,0.15925024449825287,0.20622986555099487,0.3105631172657013,0
synthetic,scale_0.3,4096,False,torch.float32,1234,2,256,256,0.09139592945575714,0.11251995712518692,0.20132137835025787,0
synthetic,scale_0.3,4096,False,torch.float32,1234,2,1024,256,0.04548020660877228,0.05375269800424576,0.05900858715176582,0
synthetic,scale_0.3,4096,False,torch.float32,1234,3,64,256,0.17719666659832,0.23082321882247925,0.3182185888290405,0
synthetic,scale_0.3,4096,False,torch.float32,1234,3,256,256,0.09366191178560257,0.12159344553947449,0.1647527515888214,0
synthetic,scale_0.3,4096,False,torch.float32,1234,3,1024,256,0.05081799626350403,0.06077885255217552,0.08345058560371399,0
synthetic,scale_0.3,4096,False,torch.float32,1234,4,64,256,0.1912032961845398,0.23550945520401,0.36047297716140747,0
synthetic,scale_0.3,4096,False,torch.float32,1234,4,256,256,0.09348132461309433,0.11483542621135712,0.1703302264213562,0
synthetic,scale_0.3,4096,False,torch.float32,1234,4,1024,256,0.0489499494433403,0.059088461101055145,0.08297904580831528,0
synthetic,scale_0.3,4096,False,torch.float32,1234,5,64,256,0.15942642092704773,0.20103153586387634,0.2976676821708679,0
synthetic,scale_0.3,4096,False,torch.float32,1234,5,256,256,0.079300656914711,0.10189178586006165,0.15517058968544006,0
synthetic,scale_0.3,4096,False,torch.float32,1234,5,1024,256,0.03996878117322922,0.05029110237956047,0.06671293079853058,0
synthetic,scale_0.3,4096,False,torch.float32,1234,6,64,256,0.15999358892440796,0.2067505121231079,0.47908997535705566,0
synthetic,scale_0.3,4096,False,torch.float32,1234,6,256,256,0.08455720543861389,0.10528159141540527,0.1574985235929489,0
synthetic,scale_0.3,4096,False,torch.float32,1234,6,1024,256,0.04588691517710686,0.05597328394651413,0.06607545912265778,0
synthetic,scale_0.3,4096,False,torch.float32,1234,7,64,256,0.206447035074234,0.2602419853210449,0.322221577167511,0
synthetic,scale_0.3,4096,False,torch.float32,1234,7,256,256,0.10027404129505157,0.12800374627113342,0.19106847047805786,0
synthetic,scale_0.3,4096,False,torch.float32,1234,7,1024,256,0.048702023923397064,0.058641426265239716,0.07758119702339172,0
synthetic,scale_0.3,4096,False,torch.float32,2345,0,64,256,0.15392403304576874,0.19617068767547607,0.2460232824087143,0
synthetic,scale_0.3,4096,False,torch.float32,2345,0,256,256,0.0691896378993988,0.08898139744997025,0.11273093521595001,0
synthetic,scale_0.3,4096,False,torch.float32,2345,0,1024,256,0.04002740606665611,0.048259224742650986,0.05540015920996666,0
synthetic,scale_0.3,4096,False,torch.float32,2345,1,64,256,0.15826721489429474,0.20728851854801178,0.293602854013443,0
synthetic,scale_0.3,4096,False,torch.float32,2345,1,256,256,0.07936744391918182,0.10127697885036469,0.11129783093929291,0
synthetic,scale_0.3,4096,False,torch.float32,2345,1,1024,256,0.04764436185359955,0.057709701359272,0.06253810226917267,0
synthetic,scale_0.3,4096,False,torch.float32,2345,2,64,256,0.19667211174964905,0.2527751326560974,0.3351563513278961,0
synthetic,scale_0.3,4096,False,torch.float32,2345,2,256,256,0.09063128381967545,0.1186402440071106,0.1624264270067215,0
synthetic,scale_0.3,4096,False,torch.float32,2345,2,1024,256,0.05276444926857948,0.064344123005867,0.08175822347402573,0
synthetic,scale_0.3,4096,False,torch.float32,2345,3,64,256,0.22374124825000763,0.29065224528312683,0.3889155685901642,0
synthetic,scale_0.3,4096,False,torch.float32,2345,3,256,256,0.09427134692668915,0.12204299867153168,0.22861039638519287,0
synthetic,scale_0.3,4096,False,torch.float32,2345,3,1024,256,0.05973564460873604,0.07192648202180862,0.10278025269508362,0
synthetic,scale_0.3,4096,False,torch.float32,2345,4,64,256,0.19447895884513855,0.2455912083387375,0.30786845088005066,0
synthetic,scale_0.3,4096,False,torch.float32,2345,4,256,256,0.08476671576499939,0.1113712266087532,0.14046381413936615,0
synthetic,scale_0.3,4096,False,torch.float32,2345,4,1024,256,0.04884164780378342,0.05969204381108284,0.075808085501194,0
synthetic,scale_0.3,4096,False,torch.float32,2345,5,64,256,0.1699632704257965,0.2091871052980423,0.3916555941104889,0
synthetic,scale_0.3,4096,False,torch.float32,2345,5,256,256,0.06631752848625183,0.08489257842302322,0.11933260411024094,0
synthetic,scale_0.3,4096,False,torch.float32,2345,5,1024,256,0.03890315443277359,0.04665052518248558,0.06045447662472725,0
synthetic,scale_0.3,4096,False,torch.float32,2345,6,64,256,0.16109661757946014,0.20781326293945312,0.27784550189971924,0
synthetic,scale_0.3,4096,False,torch.float32,2345,6,256,256,0.07517002522945404,0.09611400961875916,0.16525472700595856,0
synthetic,scale_0.3,4096,False,torch.float32,2345,6,1024,256,0.042355976998806,0.051576510071754456,0.07850221544504166,0
synthetic,scale_0.3,4096,False,torch.float32,2345,7,64,256,0.20396068692207336,0.2579955756664276,0.6015290021896362,0
synthetic,scale_0.3,4096,False,torch.float32,2345,7,256,256,0.09086544811725616,0.11790801584720612,0.18062704801559448,0
synthetic,scale_0.3,4096,False,torch.float32,2345,7,1024,256,0.051201172173023224,0.06398724764585495,0.07489073276519775,0
synthetic,scale_0.3,4096,False,torch.float32,3456,0,64,256,0.1891998052597046,0.24901655316352844,0.3639078438282013,0
synthetic,scale_0.3,4096,False,torch.float32,3456,0,256,256,0.10183237493038177,0.1263885200023651,0.20970100164413452,0
synthetic,scale_0.3,4096,False,torch.float32,3456,0,1024,256,0.05500396713614464,0.06865008175373077,0.09302550554275513,0
synthetic,scale_0.3,4096,False,torch.float32,3456,1,64,256,0.17972739040851593,0.240589439868927,0.41632699966430664,0
synthetic,scale_0.3,4096,False,torch.float32,3456,1,256,256,0.10201899707317352,0.1251082718372345,0.15575352311134338,0
synthetic,scale_0.3,4096,False,torch.float32,3456,1,1024,256,0.047245416790246964,0.0616077184677124,0.07549642771482468,0
synthetic,scale_0.3,4096,False,torch.float32,3456,2,64,256,0.18174993991851807,0.23653440177440643,0.5113948583602905,0
synthetic,scale_0.3,4096,False,torch.float32,3456,2,256,256,0.09594742953777313,0.1177799329161644,0.16704705357551575,0
synthetic,scale_0.3,4096,False,torch.float32,3456,2,1024,256,0.04919785261154175,0.06089900806546211,0.07906349748373032,0
synthetic,scale_0.3,4096,False,torch.float32,3456,3,64,256,0.18927675485610962,0.27854907512664795,0.4232189953327179,0
synthetic,scale_0.3,4096,False,torch.float32,3456,3,256,256,0.09786302596330643,0.12582626938819885,0.19182875752449036,0
synthetic,scale_0.3,4096,False,torch.float32,3456,3,1024,256,0.05417262390255928,0.06843677908182144,0.087257981300354,0
synthetic,scale_0.3,4096,False,torch.float32,3456,4,64,256,0.16599032282829285,0.2173032909631729,0.31162169575691223,0
synthetic,scale_0.3,4096,False,torch.float32,3456,4,256,256,0.08198751509189606,0.1045977920293808,0.14682598412036896,0
synthetic,scale_0.3,4096,False,torch.float32,3456,4,1024,256,0.04443161189556122,0.054923731833696365,0.06638280302286148,0
synthetic,scale_0.3,4096,False,torch.float32,3456,5,64,256,0.19500628113746643,0.25808534026145935,0.4338485300540924,0
synthetic,scale_0.3,4096,False,torch.float32,3456,5,256,256,0.09658293426036835,0.12044967710971832,0.20543277263641357,0
synthetic,scale_0.3,4096,False,torch.float32,3456,5,1024,256,0.051953159272670746,0.06400825083255768,0.08588395267724991,0
synthetic,scale_0.3,4096,False,torch.float32,3456,6,64,256,0.17357976734638214,0.22117272019386292,0.34249335527420044,0
synthetic,scale_0.3,4096,False,torch.float32,3456,6,256,256,0.09385289251804352,0.1157429963350296,0.14275702834129333,0
synthetic,scale_0.3,4096,False,torch.float32,3456,6,1024,256,0.04968469962477684,0.06125696003437042,0.07615725696086884,0
synthetic,scale_0.3,4096,False,torch.float32,3456,7,64,256,0.21112963557243347,0.3015707731246948,0.5292960405349731,0
synthetic,scale_0.3,4096,False,torch.float32,3456,7,256,256,0.11799120903015137,0.14380210638046265,0.174476757645607,0
synthetic,scale_0.3,4096,False,torch.float32,3456,7,1024,256,0.05712199956178665,0.06894391775131226,0.08874643594026566,0
synthetic,scale_0.3,4096,True,torch.float16,1234,0,64,256,0.17812414467334747,0.23695987462997437,0.31314119696617126,0
synthetic,scale_0.3,4096,True,torch.float16,1234,0,256,256,0.08737943321466446,0.11559481173753738,0.1525336652994156,0
synthetic,scale_0.3,4096,True,torch.float16,1234,0,1024,256,0.04915330186486244,0.06386148184537888,0.07900024950504303,0
synthetic,scale_0.3,4096,True,torch.float16,1234,1,64,256,0.1757899820804596,0.22413381934165955,0.313068151473999,0
synthetic,scale_0.3,4096,True,torch.float16,1234,1,256,256,0.0933377593755722,0.12046165764331818,0.1745680868625641,0
synthetic,scale_0.3,4096,True,torch.float16,1234,1,1024,256,0.051167286932468414,0.06326054036617279,0.0863259807229042,0
synthetic,scale_0.3,4096,True,torch.float16,1234,2,64,256,0.16530224680900574,0.22586104273796082,0.3003876507282257,0
synthetic,scale_0.3,4096,True,torch.float16,1234,2,256,256,0.08784651756286621,0.11209428310394287,0.20122292637825012,0
synthetic,scale_0.3,4096,True,torch.float16,1234,2,1024,256,0.04508871212601662,0.055225495249032974,0.06361102312803268,0
synthetic,scale_0.3,4096,True,torch.float16,1234,3,64,256,0.17549297213554382,0.22302323579788208,0.28597700595855713,0
synthetic,scale_0.3,4096,True,torch.float16,1234,3,256,256,0.08584757894277573,0.11197550594806671,0.15631166100502014,0
synthetic,scale_0.3,4096,True,torch.float16,1234,3,1024,256,0.04888704791665077,0.06032613292336464,0.0740312784910202,0
synthetic,scale_0.3,4096,True,torch.float16,1234,4,64,256,0.18217536807060242,0.2411670982837677,0.3650124669075012,0
synthetic,scale_0.3,4096,True,torch.float16,1234,4,256,256,0.09022023528814316,0.11517374217510223,0.178785502910614,0
synthetic,scale_0.3,4096,True,torch.float16,1234,4,1024,256,0.04673140496015549,0.05999716371297836,0.07636313885450363,0
synthetic,scale_0.3,4096,True,torch.float16,1234,5,64,256,0.17216846346855164,0.2401610016822815,0.3805270791053772,0
synthetic,scale_0.3,4096,True,torch.float16,1234,5,256,256,0.08196227252483368,0.10508757829666138,0.14058014750480652,0
synthetic,scale_0.3,4096,True,torch.float16,1234,5,1024,256,0.04164820909500122,0.052955325692892075,0.06745582818984985,0
synthetic,scale_0.3,4096,True,torch.float16,1234,6,64,256,0.17067527770996094,0.2278914451599121,0.6021587252616882,0
synthetic,scale_0.3,4096,True,torch.float16,1234,6,256,256,0.09370042383670807,0.1200961172580719,0.17353704571723938,0
synthetic,scale_0.3,4096,True,torch.float16,1234,6,1024,256,0.0501374676823616,0.06270253658294678,0.07637803256511688,0
synthetic,scale_0.3,4096,True,torch.float16,1234,7,64,256,0.18392081558704376,0.2426663637161255,0.3223193287849426,0
synthetic,scale_0.3,4096,True,torch.float16,1234,7,256,256,0.09283502399921417,0.12511827051639557,0.2070818394422531,0
synthetic,scale_0.3,4096,True,torch.float16,1234,7,1024,256,0.04449227452278137,0.055457305163145065,0.0748022273182869,0
synthetic,scale_0.3,4096,True,torch.float16,2345,0,64,256,0.17079861462116241,0.2185831218957901,0.2796601355075836,0
synthetic,scale_0.3,4096,True,torch.float16,2345,0,256,256,0.07617194950580597,0.0994938462972641,0.12792257964611053,0
synthetic,scale_0.3,4096,True,torch.float16,2345,0,1024,256,0.04550478607416153,0.05597910284996033,0.06709453463554382,0
synthetic,scale_0.3,4096,True,torch.float16,2345,1,64,256,0.17124353349208832,0.22280651330947876,0.3451349139213562,0
synthetic,scale_0.3,4096,True,torch.float16,2345,1,256,256,0.08207334578037262,0.10429666936397552,0.12140350788831711,0
synthetic,scale_0.3,4096,True,torch.float16,2345,1,1024,256,0.04512475058436394,0.05621014162898064,0.06411731243133545,0
synthetic,scale_0.3,4096,True,torch.float16,2345,2,64,256,0.18939313292503357,0.25391528010368347,0.3689660429954529,0
synthetic,scale_0.3,4096,True,torch.float16,2345,2,256,256,0.08859424293041229,0.11651666462421417,0.16592761874198914,0
synthetic,scale_0.3,4096,True,torch.float16,2345,2,1024,256,0.04790889471769333,0.059566862881183624,0.08192994445562363,0
synthetic,scale_0.3,4096,True,torch.float16,2345,3,64,256,0.1905251145362854,0.2654378414154053,0.3773362338542938,0
synthetic,scale_0.3,4096,True,torch.float16,2345,3,256,256,0.08653080463409424,0.11709989607334137,0.18107068538665771,0
synthetic,scale_0.3,4096,True,torch.float16,2345,3,1024,256,0.05034678801894188,0.068125419318676,0.08580205589532852,0
synthetic,scale_0.3,4096,True,torch.float16,2345,4,64,256,0.1860664188861847,0.2422042191028595,0.33786529302597046,0
synthetic,scale_0.3,4096,True,torch.float16,2345,4,256,256,0.08693703263998032,0.11375929415225983,0.153975710272789,0
synthetic,scale_0.3,4096,True,torch.float16,2345,4,1024,256,0.046347059309482574,0.060103774070739746,0.07006087899208069,0
synthetic,scale_0.3,4096,True,torch.float16,2345,5,64,256,0.15777334570884705,0.2046360969543457,0.41829177737236023,0
synthetic,scale_0.3,4096,True,torch.float16,2345,5,256,256,0.06957559287548065,0.09456725418567657,0.13598240911960602,0
synthetic,scale_0.3,4096,True,torch.float16,2345,5,1024,256,0.03861895203590393,0.04782096669077873,0.07145077735185623,0
synthetic,scale_0.3,4096,True,torch.float16,2345,6,64,256,0.17084643244743347,0.2333521693944931,0.30208495259284973,0
synthetic,scale_0.3,4096,True,torch.float16,2345,6,256,256,0.07659146189689636,0.09888365864753723,0.15703317523002625,0
synthetic,scale_0.3,4096,True,torch.float16,2345,6,1024,256,0.044612400233745575,0.05522355064749718,0.0884854644536972,0
synthetic,scale_0.3,4096,True,torch.float16,2345,7,64,256,0.19350798428058624,0.24625471234321594,0.6699422001838684,0
synthetic,scale_0.3,4096,True,torch.float16,2345,7,256,256,0.08954939246177673,0.11587407439947128,0.14470288157463074,0
synthetic,scale_0.3,4096,True,torch.float16,2345,7,1024,256,0.048533692955970764,0.06085069850087166,0.0796281173825264,0
synthetic,scale_0.3,4096,True,torch.float16,3456,0,64,256,0.16880905628204346,0.22585350275039673,0.33691656589508057,0
synthetic,scale_0.3,4096,True,torch.float16,3456,0,256,256,0.09868238866329193,0.12239514291286469,0.20272968709468842,0
synthetic,scale_0.3,4096,True,torch.float16,3456,0,1024,256,0.05075804516673088,0.06386879086494446,0.08992119133472443,0
synthetic,scale_0.3,4096,True,torch.float16,3456,1,64,256,0.17018316686153412,0.22768095135688782,0.40988850593566895,0
synthetic,scale_0.3,4096,True,torch.float16,3456,1,256,256,0.09883188456296921,0.12758520245552063,0.15133197605609894,0
synthetic,scale_0.3,4096,True,torch.float16,3456,1,1024,256,0.0465318001806736,0.061142005026340485,0.08588864654302597,0
synthetic,scale_0.3,4096,True,torch.float16,3456,2,64,256,0.18194857239723206,0.23676326870918274,0.5334407687187195,0
synthetic,scale_0.3,4096,True,torch.float16,3456,2,256,256,0.09145888686180115,0.11304514110088348,0.16849882900714874,0
synthetic,scale_0.3,4096,True,torch.float16,3456,2,1024,256,0.047210291028022766,0.058176178485155106,0.09111818671226501,0
synthetic,scale_0.3,4096,True,torch.float16,3456,3,64,256,0.17382782697677612,0.25833356380462646,0.43000856041908264,0
synthetic,scale_0.3,4096,True,torch.float16,3456,3,256,256,0.09386955946683884,0.12371691316366196,0.17715512216091156,0
synthetic,scale_0.3,4096,True,torch.float16,3456,3,1024,256,0.05359426885843277,0.0676482766866684,0.07912450283765793,0
synthetic,scale_0.3,4096,True,torch.float16,3456,4,64,256,0.16132721304893494,0.2152213156223297,0.36183491349220276,0
synthetic,scale_0.3,4096,True,torch.float16,3456,4,256,256,0.0854434072971344,0.11425461620092392,0.14234086871147156,0
synthetic,scale_0.3,4096,True,torch.float16,3456,4,1024,256,0.04608980566263199,0.05731432884931564,0.0687183290719986,0
synthetic,scale_0.3,4096,True,torch.float16,3456,5,64,256,0.19422316551208496,0.2645324468612671,0.4411192536354065,0
synthetic,scale_0.3,4096,True,torch.float16,3456,5,256,256,0.09970828890800476,0.1312374323606491,0.19617460668087006,0
synthetic,scale_0.3,4096,True,torch.float16,3456,5,1024,256,0.05183781683444977,0.06462935358285904,0.0852629691362381,0
synthetic,scale_0.3,4096,True,torch.float16,3456,6,64,256,0.17318308353424072,0.22198547422885895,0.3727045953273773,0
synthetic,scale_0.3,4096,True,torch.float16,3456,6,256,256,0.09294021874666214,0.11523038148880005,0.14827221632003784,0
synthetic,scale_0.3,4096,True,torch.float16,3456,6,1024,256,0.0495050773024559,0.06376947462558746,0.0785878449678421,0
synthetic,scale_0.3,4096,True,torch.float16,3456,7,64,256,0.17640039324760437,0.2572437822818756,0.4688761830329895,0
synthetic,scale_0.3,4096,True,torch.float16,3456,7,256,256,0.10047082602977753,0.1285056173801422,0.15512174367904663,0
synthetic,scale_0.3,4096,True,torch.float16,3456,7,1024,256,0.04769046604633331,0.06171373277902603,0.0872778445482254,0
synthetic,scale_0.3,4096,True,torch.float32,1234,0,64,256,0.1781165897846222,0.23694223165512085,0.3131851851940155,0
synthetic,scale_0.3,4096,True,torch.float32,1234,0,256,256,0.08737611770629883,0.11559635400772095,0.15255917608737946,0
synthetic,scale_0.3,4096,True,torch.float32,1234,0,1024,256,0.049152031540870667,0.06386122107505798,0.0790041834115982,0
synthetic,scale_0.3,4096,True,torch.float32,1234,1,64,256,0.17579469084739685,0.22415299713611603,0.3131106495857239,0
synthetic,scale_0.3,4096,True,torch.float32,1234,1,256,256,0.093340665102005,0.12045712769031525,0.1745721846818924,0
synthetic,scale_0.3,4096,True,torch.float32,1234,1,1024,256,0.05116811394691467,0.06325933337211609,0.08633944392204285,0
synthetic,scale_0.3,4096,True,torch.float32,1234,2,64,256,0.16529709100723267,0.22588253021240234,0.30040422081947327,0
synthetic,scale_0.3,4096,True,torch.float32,1234,2,256,256,0.08784668147563934,0.11209047585725784,0.20125146210193634,0
synthetic,scale_0.3,4096,True,torch.float32,1234,2,1024,256,0.045087166130542755,0.055220071226358414,0.06360677629709244,0
synthetic,scale_0.3,4096,True,torch.float32,1234,3,64,256,0.17549289762973785,0.2230360507965088,0.28597497940063477,0
synthetic,scale_0.3,4096,True,torch.float32,1234,3,256,256,0.08584798872470856,0.1119781881570816,0.1563291996717453,0
synthetic,scale_0.3,4096,True,torch.float32,1234,3,1024,256,0.04888699948787689,0.060324110090732574,0.07403174787759781,0
synthetic,scale_0.3,4096,True,torch.float32,1234,4,64,256,0.18217507004737854,0.2411411553621292,0.3649939000606537,0
synthetic,scale_0.3,4096,True,torch.float32,1234,4,256,256,0.09022160619497299,0.11517854034900665,0.17879508435726166,0
synthetic,scale_0.3,4096,True,torch.float32,1234,4,1024,256,0.04673152044415474,0.05999474972486496,0.07638166844844818,0
synthetic,scale_0.3,4096,True,torch.float32,1234,5,64,256,0.17216938734054565,0.24016287922859192,0.38049888610839844,0
synthetic,scale_0.3,4096,True,torch.float32,1234,5,256,256,0.08196267485618591,0.10507579147815704,0.14061994850635529,0
synthetic,scale_0.3,4096,True,torch.float32,1234,5,1024,256,0.04164811968803406,0.05295650660991669,0.06745393574237823,0
synthetic,scale_0.3,4096,True,torch.float32,1234,6,64,256,0.17067737877368927,0.22784271836280823,0.6021141409873962,0
synthetic,scale_0.3,4096,True,torch.float32,1234,6,256,256,0.09369886666536331,0.1200937032699585,0.1734904795885086,0
synthetic,scale_0.3,4096,True,torch.float32,1234,6,1024,256,0.050137996673583984,0.0627085417509079,0.0763833224773407,0
synthetic,scale_0.3,4096,True,torch.float32,1234,7,64,256,0.18391475081443787,0.2426380217075348,0.32232043147087097,0
synthetic,scale_0.3,4096,True,torch.float32,1234,7,256,256,0.09283335506916046,0.12512773275375366,0.20711855590343475,0
synthetic,scale_0.3,4096,True,torch.float32,1234,7,1024,256,0.04449067264795303,0.05544827878475189,0.07479356974363327,0
synthetic,scale_0.3,4096,True,torch.float32,2345,0,64,256,0.17079901695251465,0.21858736872673035,0.2796681225299835,0
synthetic,scale_0.3,4096,True,torch.float32,2345,0,256,256,0.07617221772670746,0.09949187934398651,0.12794995307922363,0
synthetic,scale_0.3,4096,True,torch.float32,2345,0,1024,256,0.04550424590706825,0.05597897246479988,0.06709360331296921,0
synthetic,scale_0.3,4096,True,torch.float32,2345,1,64,256,0.1712413728237152,0.22280719876289368,0.34514427185058594,0
synthetic,scale_0.3,4096,True,torch.float32,2345,1,256,256,0.0820729210972786,0.10429243743419647,0.12139976769685745,0
synthetic,scale_0.3,4096,True,torch.float32,2345,1,1024,256,0.04512350261211395,0.056207407265901566,0.06412253528833389,0
synthetic,scale_0.3,4096,True,torch.float32,2345,2,64,256,0.18939317762851715,0.25395119190216064,0.36895281076431274,0
synthetic,scale_0.3,4096,True,torch.float32,2345,2,256,256,0.08859674632549286,0.11652359366416931,0.16594798862934113,0
synthetic,scale_0.3,4096,True,torch.float32,2345,2,1024,256,0.04790952429175377,0.059565819799900055,0.08192788064479828,0
synthetic,scale_0.3,4096,True,torch.float32,2345,3,64,256,0.1905204802751541,0.2654217779636383,0.37729790806770325,0
synthetic,scale_0.3,4096,True,torch.float32,2345,3,256,256,0.08653179556131363,0.11709164083003998,0.18102703988552094,0
synthetic,scale_0.3,4096,True,torch.float32,2345,3,1024,256,0.05034790560603142,0.06812557578086853,0.08578593283891678,0
synthetic,scale_0.3,4096,True,torch.float32,2345,4,64,256,0.18605761229991913,0.24218575656414032,0.33782699704170227,0
synthetic,scale_0.3,4096,True,torch.float32,2345,4,256,256,0.08693572878837585,0.11375853419303894,0.1539866328239441,0
synthetic,scale_0.3,4096,True,torch.float32,2345,4,1024,256,0.046347394585609436,0.06009867042303085,0.07006590813398361,0
synthetic,scale_0.3,4096,True,torch.float32,2345,5,64,256,0.1577782928943634,0.20464374125003815,0.41827279329299927,0
synthetic,scale_0.3,4096,True,torch.float32,2345,5,256,256,0.06957657635211945,0.09456976503133774,0.1359645575284958,0
synthetic,scale_0.3,4096,True,torch.float32,2345,5,1024,256,0.03861863166093826,0.04781734198331833,0.0714474767446518,0
synthetic,scale_0.3,4096,True,torch.float32,2345,6,64,256,0.17084649205207825,0.2333337962627411,0.3020660877227783,0
synthetic,scale_0.3,4096,True,torch.float32,2345,6,256,256,0.07659198343753815,0.09887401759624481,0.15698941051959991,0
synthetic,scale_0.3,4096,True,torch.float32,2345,6,1024,256,0.04461172968149185,0.05522080510854721,0.08848191797733307,0
synthetic,scale_0.3,4096,True,torch.float32,2345,7,64,256,0.19351142644882202,0.24626219272613525,0.6701538562774658,0
synthetic,scale_0.3,4096,True,torch.float32,2345,7,256,256,0.08955056965351105,0.11587733030319214,0.14470532536506653,0
synthetic,scale_0.3,4096,True,torch.float32,2345,7,1024,256,0.04853329434990883,0.06084517017006874,0.07962214201688766,0
synthetic,scale_0.3,4096,True,torch.float32,3456,0,64,256,0.1688065230846405,0.22584488987922668,0.33695051074028015,0
synthetic,scale_0.3,4096,True,torch.float32,3456,0,256,256,0.09868200123310089,0.12239570170640945,0.20272348821163177,0
synthetic,scale_0.3,4096,True,torch.float32,3456,0,1024,256,0.05075819790363312,0.06387016177177429,0.08991499245166779,0
synthetic,scale_0.3,4096,True,torch.float32,3456,1,64,256,0.17017295956611633,0.22764070332050323,0.4099193811416626,0
synthetic,scale_0.3,4096,True,torch.float32,3456,1,256,256,0.09882702678442001,0.12757517397403717,0.15132135152816772,0
synthetic,scale_0.3,4096,True,torch.float32,3456,1,1024,256,0.04653002321720123,0.06114320084452629,0.08585326373577118,0
synthetic,scale_0.3,4096,True,torch.float32,3456,2,64,256,0.18194055557250977,0.23679010570049286,0.533440113067627,0
synthetic,scale_0.3,4096,True,torch.float32,3456,2,256,256,0.09145485609769821,0.11304923892021179,0.1684809774160385,0
synthetic,scale_0.3,4096,True,torch.float32,3456,2,1024,256,0.04720938205718994,0.05817549675703049,0.09112504869699478,0
synthetic,scale_0.3,4096,True,torch.float32,3456,3,64,256,0.17382493615150452,0.25830167531967163,0.43008312582969666,0
synthetic,scale_0.3,4096,True,torch.float32,3456,3,256,256,0.09386749565601349,0.12369802594184875,0.17712146043777466,0
synthetic,scale_0.3,4096,True,torch.float32,3456,3,1024,256,0.05359292030334473,0.06764362007379532,0.07912436872720718,0
synthetic,scale_0.3,4096,True,torch.float32,3456,4,64,256,0.16133102774620056,0.21522575616836548,0.3619353473186493,0
synthetic,scale_0.3,4096,True,torch.float32,3456,4,256,256,0.08544371277093887,0.1142682433128357,0.14235642552375793,0
synthetic,scale_0.3,4096,True,torch.float32,3456,4,1024,256,0.04608917981386185,0.057308122515678406,0.06873494386672974,0
synthetic,scale_0.3,4096,True,torch.float32,3456,5,64,256,0.19422587752342224,0.26455122232437134,0.44120246171951294,0
synthetic,scale_0.3,4096,True,torch.float32,3456,5,256,256,0.09970711171627045,0.13123048841953278,0.1961643099784851,0
synthetic,scale_0.3,4096,True,torch.float32,3456,5,1024,256,0.0518379732966423,0.06462963670492172,0.0852653905749321,0
synthetic,scale_0.3,4096,True,torch.float32,3456,6,64,256,0.17318329215049744,0.22196531295776367,0.3726786673069,0
synthetic,scale_0.3,4096,True,torch.float32,3456,6,256,256,0.09294077754020691,0.11522173881530762,0.1483086347579956,0
synthetic,scale_0.3,4096,True,torch.float32,3456,6,1024,256,0.04950593411922455,0.06376610696315765,0.07858622819185257,0
synthetic,scale_0.3,4096,True,torch.float32,3456,7,64,256,0.17640087008476257,0.2572125196456909,0.46890726685523987,0
synthetic,scale_0.3,4096,True,torch.float32,3456,7,256,256,0.10047511011362076,0.12849965691566467,0.15511977672576904,0
synthetic,scale_0.3,4096,True,torch.float32,3456,7,1024,256,0.047691572457551956,0.06171553209424019,0.08728140592575073,0
synthetic,scale_0.4,4096,False,torch.float16,1234,0,64,256,0.3662435710430145,0.559597909450531,0.7985140085220337,0
synthetic,scale_0.4,4096,False,torch.float16,1234,0,256,256,0.18296056985855103,0.2601834833621979,0.4643077850341797,0
synthetic,scale_0.4,4096,False,torch.float16,1234,0,1024,256,0.10616586357355118,0.15342383086681366,0.2594850957393646,0
synthetic,scale_0.4,4096,False,torch.float16,1234,1,64,256,0.3474538326263428,0.5216531157493591,0.6822536587715149,0
synthetic,scale_0.4,4096,False,torch.float16,1234,1,256,256,0.20893022418022156,0.30004286766052246,0.6379949450492859,0
synthetic,scale_0.4,4096,False,torch.float16,1234,1,1024,256,0.11515552550554276,0.16367961466312408,0.37503373622894287,0
synthetic,scale_0.4,4096,False,torch.float16,1234,2,64,256,0.3161156177520752,0.4717901349067688,0.9099825620651245,0
synthetic,scale_0.4,4096,False,torch.float16,1234,2,256,256,0.19228491187095642,0.26578736305236816,0.7778042554855347,0
synthetic,scale_0.4,4096,False,torch.float16,1234,2,1024,256,0.09684718400239944,0.1277870535850525,0.1778363734483719,0
synthetic,scale_0.4,4096,False,torch.float16,1234,3,64,256,0.3507542014122009,0.5057368278503418,0.7580322623252869,0
synthetic,scale_0.4,4096,False,torch.float16,1234,3,256,256,0.20213420689105988,0.31106263399124146,0.4797224998474121,0
synthetic,scale_0.4,4096,False,torch.float16,1234,3,1024,256,0.10983213037252426,0.14919716119766235,0.4271693825721741,0
synthetic,scale_0.4,4096,False,torch.float16,1234,4,64,256,0.379506379365921,0.5388897657394409,1.059143304824829,0
synthetic,scale_0.4,4096,False,torch.float16,1234,4,256,256,0.20291760563850403,0.28882449865341187,0.6515576243400574,0
synthetic,scale_0.4,4096,False,torch.float16,1234,4,1024,256,0.10641145706176758,0.1465267539024353,0.34695932269096375,0
synthetic,scale_0.4,4096,False,torch.float16,1234,5,64,256,0.31399959325790405,0.4657015800476074,0.7087123394012451,0
synthetic,scale_0.4,4096,False,torch.float16,1234,5,256,256,0.1685899943113327,0.256409227848053,0.5872548818588257,0
synthetic,scale_0.4,4096,False,torch.float16,1234,5,1024,256,0.09161501377820969,0.13178884983062744,0.3198781907558441,0
synthetic,scale_0.4,4096,False,torch.float16,1234,6,64,256,0.31110280752182007,0.431395024061203,1.1909658908843994,0
synthetic,scale_0.4,4096,False,torch.float16,1234,6,256,256,0.18204061686992645,0.24469292163848877,0.46488386392593384,0
synthetic,scale_0.4,4096,False,torch.float16,1234,6,1024,256,0.10090143233537674,0.14820319414138794,0.1891929805278778,0
synthetic,scale_0.4,4096,False,torch.float16,1234,7,64,256,0.3806644678115845,0.5432252883911133,0.7050177454948425,0
synthetic,scale_0.4,4096,False,torch.float16,1234,7,256,256,0.2105962038040161,0.2936159670352936,0.674117386341095,0
synthetic,scale_0.4,4096,False,torch.float16,1234,7,1024,256,0.1046442836523056,0.13953156769275665,0.21558168530464172,0
synthetic,scale_0.4,4096,False,torch.float16,2345,0,64,256,0.3066304326057434,0.4515443444252014,0.6024748682975769,0
synthetic,scale_0.4,4096,False,torch.float16,2345,0,256,256,0.1489591747522354,0.22143419086933136,0.36023348569869995,0
synthetic,scale_0.4,4096,False,torch.float16,2345,0,1024,256,0.08669924736022949,0.12209312617778778,0.17208819091320038,0
synthetic,scale_0.4,4096,False,torch.float16,2345,1,64,256,0.32364892959594727,0.4896883964538574,0.7786774039268494,0
synthetic,scale_0.4,4096,False,torch.float16,2345,1,256,256,0.17043271660804749,0.24486179649829865,0.37300652265548706,0
synthetic,scale_0.4,4096,False,torch.float16,2345,1,1024,256,0.09685026854276657,0.13551032543182373,0.21173909306526184,0
synthetic,scale_0.4,4096,False,torch.float16,2345,2,64,256,0.38012760877609253,0.5620906352996826,0.8085222244262695,0
synthetic,scale_0.4,4096,False,torch.float16,2345,2,256,256,0.1992679387331009,0.29538771510124207,0.5471668839454651,0
synthetic,scale_0.4,4096,False,torch.float16,2345,2,1024,256,0.10922296345233917,0.1501818597316742,0.25493407249450684,0
synthetic,scale_0.4,4096,False,torch.float16,2345,3,64,256,0.42733556032180786,0.6502610445022583,0.9453368186950684,0
synthetic,scale_0.4,4096,False,torch.float16,2345,3,256,256,0.20286360383033752,0.30372336506843567,0.7488764524459839,0
synthetic,scale_0.4,4096,False,torch.float16,2345,3,1024,256,0.1205524206161499,0.15712521970272064,0.3048090934753418,0
synthetic,scale_0.4,4096,False,torch.float16,2345,4,64,256,0.36844706535339355,0.5439233779907227,0.6956705451011658,0
synthetic,scale_0.4,4096,False,torch.float16,2345,4,256,256,0.1859973967075348,0.27743566036224365,0.42107632756233215,0
synthetic,scale_0.4,4096,False,torch.float16,2345,4,1024,256,0.10510314255952835,0.14703334867954254,0.25525230169296265,0
synthetic,scale_0.4,4096,False,torch.float16,2345,5,64,256,0.3239661455154419,0.46173959970474243,0.9902178049087524,0
synthetic,scale_0.4,4096,False,torch.float16,2345,5,256,256,0.14849422872066498,0.22385281324386597,0.4079442322254181,0
synthetic,scale_0.4,4096,False,torch.float16,2345,5,1024,256,0.08260107040405273,0.1098150983452797,0.15338890254497528,0
synthetic,scale_0.4,4096,False,torch.float16,2345,6,64,256,0.3184559941291809,0.47477856278419495,0.7642374038696289,0
synthetic,scale_0.4,4096,False,torch.float16,2345,6,256,256,0.1609121859073639,0.23966291546821594,0.6628029942512512,0
synthetic,scale_0.4,4096,False,torch.float16,2345,6,1024,256,0.09057852625846863,0.12288544327020645,0.25741392374038696,0
synthetic,scale_0.4,4096,False,torch.float16,2345,7,64,256,0.40700095891952515,0.6015570759773254,1.7532912492752075,0
synthetic,scale_0.4,4096,False,torch.float16,2345,7,256,256,0.19883805513381958,0.2981879413127899,0.6480973958969116,0
synthetic,scale_0.4,4096,False,torch.float16,2345,7,1024,256,0.1092386320233345,0.1543072611093521,0.1947593241930008,0
synthetic,scale_0.4,4096,False,torch.float16,3456,0,64,256,0.37642329931259155,0.5548768043518066,0.9732628464698792,0
synthetic,scale_0.4,4096,False,torch.float16,3456,0,256,256,0.2139924317598343,0.30074256658554077,0.6204822659492493,0
synthetic,scale_0.4,4096,False,torch.float16,3456,0,1024,256,0.1161051094532013,0.15945547819137573,0.39833253622055054,0
synthetic,scale_0.4,4096,False,torch.float16,3456,1,64,256,0.3515438437461853,0.5273057818412781,1.234214425086975,0
synthetic,scale_0.4,4096,False,torch.float16,3456,1,256,256,0.20191071927547455,0.28117430210113525,0.5284963250160217,0
synthetic,scale_0.4,4096,False,torch.float16,3456,1,1024,256,0.10651443898677826,0.15314963459968567,0.3696368634700775,0
synthetic,scale_0.4,4096,False,torch.float16,3456,2,64,256,0.35468727350234985,0.5259588360786438,1.4473460912704468,0
synthetic,scale_0.4,4096,False,torch.float16,3456,2,256,256,0.20252904295921326,0.28555208444595337,0.44956913590431213,0
synthetic,scale_0.4,4096,False,torch.float16,3456,2,1024,256,0.11339260637760162,0.16537080705165863,0.2955579161643982,0
synthetic,scale_0.4,4096,False,torch.float16,3456,3,64,256,0.39923301339149475,0.6894688606262207,1.283721923828125,0
synthetic,scale_0.4,4096,False,torch.float16,3456,3,256,256,0.20729774236679077,0.3121241629123688,0.5400241613388062,0
synthetic,scale_0.4,4096,False,torch.float16,3456,3,1024,256,0.12241055071353912,0.18643337488174438,0.37077489495277405,0
synthetic,scale_0.4,4096,False,torch.float16,3456,4,64,256,0.3310759663581848,0.4821239411830902,0.8170351982116699,0
synthetic,scale_0.4,4096,False,torch.float16,3456,4,256,256,0.17160984873771667,0.2522343099117279,0.4626627564430237,0
synthetic,scale_0.4,4096,False,torch.float16,3456,4,1024,256,0.09853149205446243,0.1380820870399475,0.28666260838508606,0
synthetic,scale_0.4,4096,False,torch.float16,3456,5,64,256,0.3865118622779846,0.5989455580711365,1.117045283317566,0
synthetic,scale_0.4,4096,False,torch.float16,3456,5,256,256,0.20026785135269165,0.2932342290878296,0.6131055951118469,0
synthetic,scale_0.4,4096,False,torch.float16,3456,5,1024,256,0.11103563755750656,0.15279865264892578,0.2574567198753357,0
synthetic,scale_0.4,4096,False,torch.float16,3456,6,64,256,0.344950795173645,0.5160548686981201,1.0211820602416992,0
synthetic,scale_0.4,4096,False,torch.float16,3456,6,256,256,0.19302362203598022,0.2784944176673889,0.42982161045074463,0
synthetic,scale_0.4,4096,False,torch.float16,3456,6,1024,256,0.10755294561386108,0.15601766109466553,0.2623448073863983,0
synthetic,scale_0.4,4096,False,torch.float16,3456,7,64,256,0.4382833242416382,0.7344185709953308,1.6260626316070557,0
synthetic,scale_0.4,4096,False,torch.float16,3456,7,256,256,0.23252147436141968,0.3341667950153351,0.4701414108276367,0
synthetic,scale_0.4,4096,False,torch.float16,3456,7,1024,256,0.12553255259990692,0.16993027925491333,0.38166290521621704,0
synthetic,scale_0.4,4096,False,torch.float32,1234,0,64,256,0.36622729897499084,0.5594591498374939,0.798190712928772,0
synthetic,scale_0.4,4096,False,torch.float32,1234,0,256,256,0.18294557929039001,0.2601659893989563,0.464182585477829,0
synthetic,scale_0.4,4096,False,torch.float32,1234,0,1024,256,0.10616402328014374,0.15344347059726715,0.25951266288757324,0
synthetic,scale_0.4,4096,False,torch.float32,1234,1,64,256,0.3474612534046173,0.521631121635437,0.6823416948318481,0
synthetic,scale_0.4,4096,False,torch.float32,1234,1,256,256,0.20893821120262146,0.3000642657279968,0.6378991603851318,0
synthetic,scale_0.4,4096,False,torch.float32,1234,1,1024,256,0.1151590645313263,0.16366101801395416,0.37516656517982483,0
synthetic,scale_0.4,4096,False,torch.float32,1234,2,64,256,0.31611618399620056,0.4718147814273834,0.9100162982940674,0
synthetic,scale_0.4,4096,False,torch.float32,1234,2,256,256,0.19228878617286682,0.26573407649993896,0.77784663438797,0
synthetic,scale_0.4,4096,False,torch.float32,1234,2,1024,256,0.09684900939464569,0.12782929837703705,0.17785057425498962,0
synthetic,scale_0.4,4096,False,torch.float32,1234,3,64,256,0.3507593274116516,0.5056509971618652,0.7580865025520325,0
synthetic,scale_0.4,4096,False,torch.float32,1234,3,256,256,0.2021338939666748,0.3110390901565552,0.4797566831111908,0
synthetic,scale_0.4,4096,False,torch.float32,1234,3,1024,256,0.10983404517173767,0.1492023915052414,0.4271852672100067,0
synthetic,scale_0.4,4096,False,torch.float32,1234,4,64,256,0.3794889748096466,0.5388320088386536,1.05925452709198,0
synthetic,scale_0.4,4096,False,torch.float32,1234,4,256,256,0.2029137909412384,0.2887970209121704,0.6513904929161072,0
synthetic,scale_0.4,4096,False,torch.float32,1234,4,1024,256,0.10641029477119446,0.14650759100914001,0.346844881772995,0
synthetic,scale_0.4,4096,False,torch.float32,1234,5,64,256,0.31399184465408325,0.4656681418418884,0.7086569666862488,0
synthetic,scale_0.4,4096,False,torch.float32,1234,5,256,256,0.16859033703804016,0.2563641369342804,0.5872532725334167,0
synthetic,scale_0.4,4096,False,torch.float32,1234,5,1024,256,0.0916147381067276,0.13180434703826904,0.3200426995754242,0
synthetic,scale_0.4,4096,False,torch.float32,1234,6,64,256,0.31110644340515137,0.43138736486434937,1.1910451650619507,0
synthetic,scale_0.4,4096,False,torch.float32,1234,6,256,256,0.18204303085803986,0.24473285675048828,0.4648316204547882,0
synthetic,scale_0.4,4096,False,torch.float32,1234,6,1024,256,0.10090211033821106,0.1482231616973877,0.1891634166240692,0
synthetic,scale_0.4,4096,False,torch.float32,1234,7,64,256,0.3806311786174774,0.5432238578796387,0.7048996686935425,0
synthetic,scale_0.4,4096,False,torch.float32,1234,7,256,256,0.21058063209056854,0.2935969829559326,0.6736695170402527,0
synthetic,scale_0.4,4096,False,torch.float32,1234,7,1024,256,0.10463765263557434,0.1394965946674347,0.21569852530956268,0
synthetic,scale_0.4,4096,False,torch.float32,2345,0,64,256,0.3066368103027344,0.4515725076198578,0.6025390625,0
synthetic,scale_0.4,4096,False,torch.float32,2345,0,256,256,0.14896050095558167,0.22143471240997314,0.3602443337440491,0
synthetic,scale_0.4,4096,False,torch.float32,2345,0,1024,256,0.08669917285442352,0.12206696718931198,0.17220914363861084,0
synthetic,scale_0.4,4096,False,torch.float32,2345,1,64,256,0.32363656163215637,0.4896090030670166,0.7784794569015503,0
synthetic,scale_0.4,4096,False,torch.float32,2345,1,256,256,0.17042657732963562,0.2448423206806183,0.37296250462532043,0
synthetic,scale_0.4,4096,False,torch.float32,2345,1,1024,256,0.09685014188289642,0.13550691306591034,0.21174250543117523,0
synthetic,scale_0.4,4096,False,torch.float32,2345,2,64,256,0.38013893365859985,0.5621292591094971,0.8085089325904846,0
synthetic,scale_0.4,4096,False,torch.float32,2345,2,256,256,0.1992691159248352,0.29537078738212585,0.5473878979682922,0
synthetic,scale_0.4,4096,False,torch.float32,2345,2,1024,256,0.10922613739967346,0.15017960965633392,0.2550053596496582,0
synthetic,scale_0.4,4096,False,torch.float32,2345,3,64,256,0.4273378252983093,0.6503273248672485,0.9453789591789246,0
synthetic,scale_0.4,4096,False,torch.float32,2345,3,256,256,0.20286422967910767,0.3036937713623047,0.7490519881248474,0
synthetic,scale_0.4,4096,False,torch.float32,2345,3,1024,256,0.12055453658103943,0.1571853905916214,0.30479684472084045,0
synthetic,scale_0.4,4096,False,torch.float32,2345,4,64,256,0.3684338331222534,0.5439454913139343,0.6956937909126282,0
synthetic,scale_0.4,4096,False,torch.float32,2345,4,256,256,0.18599063158035278,0.277425080537796,0.4210469722747803,0
synthetic,scale_0.4,4096,False,torch.float32,2345,4,1024,256,0.1050998866558075,0.14701904356479645,0.25524136424064636,0
synthetic,scale_0.4,4096,False,torch.float32,2345,5,64,256,0.3239814341068268,0.4616865813732147,0.9903624653816223,0
synthetic,scale_0.4,4096,False,torch.float32,2345,5,256,256,0.148497074842453,0.2238975465297699,0.4080289602279663,0
synthetic,scale_0.4,4096,False,torch.float32,2345,5,1024,256,0.08260191977024078,0.10981058329343796,0.1533336639404297,0
synthetic,scale_0.4,4096,False,torch.float32,2345,6,64,256,0.3184620141983032,0.47479742765426636,0.7645003199577332,0
synthetic,scale_0.4,4096,False,torch.float32,2345,6,256,256,0.1609087437391281,0.2396775335073471,0.6627727150917053,0
synthetic,scale_0.4,4096,False,torch.float32,2345,6,1024,256,0.09057631343603134,0.12289266288280487,0.257441908121109,0
synthetic,scale_0.4,4096,False,torch.float32,2345,7,64,256,0.40698373317718506,0.6014740467071533,1.7530468702316284,0
synthetic,scale_0.4,4096,False,torch.float32,2345,7,256,256,0.19882886111736298,0.29818207025527954,0.6479008197784424,0
synthetic,scale_0.4,4096,False,torch.float32,2345,7,1024,256,0.10923462361097336,0.15429259836673737,0.19470293819904327,0
synthetic,scale_0.4,4096,False,torch.float32,3456,0,64,256,0.3764224052429199,0.5548908710479736,0.9734857082366943,0
synthetic,scale_0.4,4096,False,torch.float32,3456,0,256,256,0.21399112045764923,0.3007831573486328,0.6204449534416199,0
synthetic,scale_0.4,4096,False,torch.float32,3456,0,1024,256,0.1161019578576088,0.15944302082061768,0.3982239365577698,0
synthetic,scale_0.4,4096,False,torch.float32,3456,1,64,256,0.3515353500843048,0.5273070335388184,1.2342641353607178,0
synthetic,scale_0.4,4096,False,torch.float32,3456,1,256,256,0.20190581679344177,0.28118574619293213,0.5287289619445801,0
synthetic,scale_0.4,4096,False,torch.float32,3456,1,1024,256,0.10651440918445587,0.15314693748950958,0.36964961886405945,0
synthetic,scale_0.4,4096,False,torch.float32,3456,2,64,256,0.35467252135276794,0.525938093662262,1.447375774383545,0
synthetic,scale_0.4,4096,False,torch.float32,3456,2,256,256,0.20252519845962524,0.28555914759635925,0.449579119682312,0
synthetic,scale_0.4,4096,False,torch.float32,3456,2,1024,256,0.11338691413402557,0.16536849737167358,0.2955613136291504,0
synthetic,scale_0.4,4096,False,torch.float32,3456,3,64,256,0.39922866225242615,0.6894807815551758,1.2836130857467651,0
synthetic,scale_0.4,4096,False,torch.float32,3456,3,256,256,0.20729833841323853,0.31216222047805786,0.5400694608688354,0
synthetic,scale_0.4,4096,False,torch.float32,3456,3,1024,256,0.12241300940513611,0.18642306327819824,0.3707437515258789,0
synthetic,scale_0.4,4096,False,torch.float32,3456,4,64,256,0.331087589263916,0.4821229577064514,0.816949725151062,0
synthetic,scale_0.4,4096,False,torch.float32,3456,4,256,256,0.17160837352275848,0.2522304952144623,0.4625665247440338,0
synthetic,scale_0.4,4096,False,torch.float32,3456,4,1024,256,0.0985352098941803,0.13809055089950562,0.2867104709148407,0
synthetic,scale_0.4,4096,False,torch.float32,3456,5,64,256,0.3865041136741638,0.5989063382148743,1.1168689727783203,0
synthetic,scale_0.4,4096,False,torch.float32,3456,5,256,256,0.20026589930057526,0.29312917590141296,0.6128308773040771,0
synthetic,scale_0.4,4096,False,torch.float32,3456,5,1024,256,0.11103720217943192,0.15282213687896729,0.2574135661125183,0
synthetic,scale_0.4,4096,False,torch.float32,3456,6,64,256,0.3449535667896271,0.5158984661102295,1.021239161491394,0
synthetic,scale_0.4,4096,False,torch.float32,3456,6,256,256,0.19303256273269653,0.27853429317474365,0.42986491322517395,0
synthetic,scale_0.4,4096,False,torch.float32,3456,6,1024,256,0.1075558215379715,0.15603895485401154,0.26239505410194397,0
synthetic,scale_0.4,4096,False,torch.float32,3456,7,64,256,0.4382634460926056,0.7344497442245483,1.625961184501648,0
synthetic,scale_0.4,4096,False,torch.float32,3456,7,256,256,0.23252734541893005,0.3341943621635437,0.47015440464019775,0
synthetic,scale_0.4,4096,False,torch.float32,3456,7,1024,256,0.12553241848945618,0.1699291169643402,0.38150879740715027,0
synthetic,scale_0.4,4096,True,torch.float16,1234,0,64,256,0.34866437315940857,0.5538936257362366,0.7626277804374695,0
synthetic,scale_0.4,4096,True,torch.float16,1234,0,256,256,0.19004341959953308,0.29815149307250977,0.4632420241832733,0
synthetic,scale_0.4,4096,True,torch.float16,1234,0,1024,256,0.10520727932453156,0.15580829977989197,0.22311311960220337,0
synthetic,scale_0.4,4096,True,torch.float16,1234,1,64,256,0.3431410789489746,0.5000556111335754,0.6476386785507202,0
synthetic,scale_0.4,4096,True,torch.float16,1234,1,256,256,0.20189771056175232,0.2863408327102661,0.49660617113113403,0
synthetic,scale_0.4,4096,True,torch.float16,1234,1,1024,256,0.11227215826511383,0.16166719794273376,0.37510812282562256,0
synthetic,scale_0.4,4096,True,torch.float16,1234,2,64,256,0.31925666332244873,0.497635155916214,0.8887536525726318,0
synthetic,scale_0.4,4096,True,torch.float16,1234,2,256,256,0.1868467926979065,0.269732803106308,0.8507344126701355,0
synthetic,scale_0.4,4096,True,torch.float16,1234,2,1024,256,0.09592665731906891,0.12472878396511078,0.20497097074985504,0
synthetic,scale_0.4,4096,True,torch.float16,1234,3,64,256,0.34041205048561096,0.4798452854156494,0.7184410095214844,0
synthetic,scale_0.4,4096,True,torch.float16,1234,3,256,256,0.18512123823165894,0.27520304918289185,0.4423859417438507,0
synthetic,scale_0.4,4096,True,torch.float16,1234,3,1024,256,0.1037948876619339,0.14084233343601227,0.262289822101593,0
synthetic,scale_0.4,4096,True,torch.float16,1234,4,64,256,0.35185497999191284,0.5252473950386047,1.0643868446350098,0
synthetic,scale_0.4,4096,True,torch.float16,1234,4,256,256,0.19382333755493164,0.2852766513824463,0.649307131767273,0
synthetic,scale_0.4,4096,True,torch.float16,1234,4,1024,256,0.10182768106460571,0.14208801090717316,0.30492010712623596,0
synthetic,scale_0.4,4096,True,torch.float16,1234,5,64,256,0.3459889888763428,0.6152534484863281,1.0091679096221924,0
synthetic,scale_0.4,4096,True,torch.float16,1234,5,256,256,0.17138351500034332,0.2573346793651581,0.5476974844932556,0
synthetic,scale_0.4,4096,True,torch.float16,1234,5,1024,256,0.0932517796754837,0.13413837552070618,0.22660022974014282,0
synthetic,scale_0.4,4096,True,torch.float16,1234,6,64,256,0.33108919858932495,0.48714479804039,1.5755051374435425,0
synthetic,scale_0.4,4096,True,torch.float16,1234,6,256,256,0.19696110486984253,0.27900752425193787,0.5096799731254578,0
synthetic,scale_0.4,4096,True,torch.float16,1234,6,1024,256,0.10721491277217865,0.15337784588336945,0.19827042520046234,0
synthetic,scale_0.4,4096,True,torch.float16,1234,7,64,256,0.3462114930152893,0.5230427980422974,0.7942396402359009,0
synthetic,scale_0.4,4096,True,torch.float16,1234,7,256,256,0.20077916979789734,0.3039935827255249,0.7718729376792908,0
synthetic,scale_0.4,4096,True,torch.float16,1234,7,1024,256,0.09646043181419373,0.1339719593524933,0.20892030000686646,0
synthetic,scale_0.4,4096,True,torch.float16,2345,0,64,256,0.32926857471466064,0.4581020474433899,0.6931043863296509,0
synthetic,scale_0.4,4096,True,torch.float16,2345,0,256,256,0.16327506303787231,0.24725565314292908,0.43307098746299744,0
synthetic,scale_0.4,4096,True,torch.float16,2345,0,1024,256,0.09728242456912994,0.13731352984905243,0.1725129634141922,0
synthetic,scale_0.4,4096,True,torch.float16,2345,1,64,256,0.3407512903213501,0.49440547823905945,0.952711284160614,0
synthetic,scale_0.4,4096,True,torch.float16,2345,1,256,256,0.17372338473796844,0.24541717767715454,0.40295904874801636,0
synthetic,scale_0.4,4096,True,torch.float16,2345,1,1024,256,0.09426886588335037,0.13318371772766113,0.20373769104480743,0
synthetic,scale_0.4,4096,True,torch.float16,2345,2,64,256,0.3826338052749634,0.6246669888496399,1.0587248802185059,0
synthetic,scale_0.4,4096,True,torch.float16,2345,2,256,256,0.19452835619449615,0.28988295793533325,0.5943402051925659,0
synthetic,scale_0.4,4096,True,torch.float16,2345,2,1024,256,0.1024390459060669,0.14412160217761993,0.2582497000694275,0
synthetic,scale_0.4,4096,True,torch.float16,2345,3,64,256,0.3705850839614868,0.6080688834190369,0.9138407111167908,0
synthetic,scale_0.4,4096,True,torch.float16,2345,3,256,256,0.18507826328277588,0.2829970717430115,0.6052598357200623,0
synthetic,scale_0.4,4096,True,torch.float16,2345,3,1024,256,0.10526301711797714,0.14672943949699402,0.2851355969905853,0
synthetic,scale_0.4,4096,True,torch.float16,2345,4,64,256,0.3623467683792114,0.5321140885353088,0.7461879253387451,0
synthetic,scale_0.4,4096,True,torch.float16,2345,4,256,256,0.18986855447292328,0.28037500381469727,0.568281352519989,0
synthetic,scale_0.4,4096,True,torch.float16,2345,4,1024,256,0.10068148374557495,0.1447412222623825,0.21795088052749634,0
synthetic,scale_0.4,4096,True,torch.float16,2345,5,64,256,0.30777254700660706,0.4483278691768646,1.1316674947738647,0
synthetic,scale_0.4,4096,True,torch.float16,2345,5,256,256,0.15143588185310364,0.2525932788848877,0.4583585262298584,0
synthetic,scale_0.4,4096,True,torch.float16,2345,5,1024,256,0.08255196362733841,0.11645413190126419,0.18546776473522186,0
synthetic,scale_0.4,4096,True,torch.float16,2345,6,64,256,0.3319740295410156,0.526122510433197,0.6487616896629333,0
synthetic,scale_0.4,4096,True,torch.float16,2345,6,256,256,0.16634753346443176,0.2527430057525635,0.5383405089378357,0
synthetic,scale_0.4,4096,True,torch.float16,2345,6,1024,256,0.09457364678382874,0.12476057559251785,0.3034164607524872,0
synthetic,scale_0.4,4096,True,torch.float16,2345,7,64,256,0.3800078332424164,0.5842031240463257,2.2604236602783203,0
synthetic,scale_0.4,4096,True,torch.float16,2345,7,256,256,0.19206543266773224,0.28658097982406616,0.469430536031723,0
synthetic,scale_0.4,4096,True,torch.float16,2345,7,1024,256,0.10315932333469391,0.15259237587451935,0.19830843806266785,0
synthetic,scale_0.4,4096,True,torch.float16,3456,0,64,256,0.34318259358406067,0.5172218084335327,0.8877810835838318,0
synthetic,scale_0.4,4096,True,torch.float16,3456,0,256,256,0.201305091381073,0.28819629549980164,0.5180730819702148,0
synthetic,scale_0.4,4096,True,torch.float16,3456,0,1024,256,0.1075139120221138,0.15017902851104736,0.4096185266971588,0
synthetic,scale_0.4,4096,True,torch.float16,3456,1,64,256,0.3354613780975342,0.5078595280647278,1.21250319480896,0
synthetic,scale_0.4,4096,True,torch.float16,3456,1,256,256,0.1938808560371399,0.2762523591518402,0.5126583576202393,0
synthetic,scale_0.4,4096,True,torch.float16,3456,1,1024,256,0.10382022708654404,0.1509847193956375,0.47578272223472595,0
synthetic,scale_0.4,4096,True,torch.float16,3456,2,64,256,0.35105016827583313,0.48892492055892944,1.4836763143539429,0
synthetic,scale_0.4,4096,True,torch.float16,3456,2,256,256,0.18963627517223358,0.2690292298793793,0.41183361411094666,0
synthetic,scale_0.4,4096,True,torch.float16,3456,2,1024,256,0.10698796808719635,0.1479947417974472,0.3148563802242279,0
synthetic,scale_0.4,4096,True,torch.float16,3456,3,64,256,0.3600192666053772,0.6353440880775452,1.2331827878952026,0
synthetic,scale_0.4,4096,True,torch.float16,3456,3,256,256,0.19817087054252625,0.3138452470302582,0.561037003993988,0
synthetic,scale_0.4,4096,True,torch.float16,3456,3,1024,256,0.11446613818407059,0.17563991248607635,0.21277207136154175,0
synthetic,scale_0.4,4096,True,torch.float16,3456,4,64,256,0.3183915615081787,0.48292431235313416,0.926029622554779,0
synthetic,scale_0.4,4096,True,torch.float16,3456,4,256,256,0.18121518194675446,0.28068724274635315,0.43707823753356934,0
synthetic,scale_0.4,4096,True,torch.float16,3456,4,1024,256,0.1020253375172615,0.14723771810531616,0.28215333819389343,0
synthetic,scale_0.4,4096,True,torch.float16,3456,5,64,256,0.38362064957618713,0.5826576352119446,1.1391794681549072,0
synthetic,scale_0.4,4096,True,torch.float16,3456,5,256,256,0.20148588716983795,0.29449522495269775,0.5497568249702454,0
synthetic,scale_0.4,4096,True,torch.float16,3456,5,1024,256,0.11147506535053253,0.15137644112110138,0.31349876523017883,0
synthetic,scale_0.4,4096,True,torch.float16,3456,6,64,256,0.347740113735199,0.49601590633392334,1.3302946090698242,0
synthetic,scale_0.4,4096,True,torch.float16,3456,6,256,256,0.18885162472724915,0.28251537680625916,0.45579439401626587,0
synthetic,scale_0.4,4096,True,torch.float16,3456,6,1024,256,0.1056525856256485,0.15770632028579712,0.26201316714286804,0
synthetic,scale_0.4,4096,True,torch.float16,3456,7,64,256,0.3649166226387024,0.623205304145813,1.308281421661377,0
synthetic,scale_0.4,4096,True,torch.float16,3456,7,256,256,0.19775688648223877,0.28893163800239563,0.38667476177215576,0
synthetic,scale_0.4,4096,True,torch.float16,3456,7,1024,256,0.1060490757226944,0.15239711105823517,0.2613102197647095,0
synthetic,scale_0.4,4096,True,torch.float32,1234,0,64,256,0.34865081310272217,0.5538648366928101,0.7623564004898071,0
synthetic,scale_0.4,4096,True,torch.float32,1234,0,256,256,0.19003014266490936,0.2981821596622467,0.4628608524799347,0
synthetic,scale_0.4,4096,True,torch.float32,1234,0,1024,256,0.10520486533641815,0.15579652786254883,0.22307337820529938,0
synthetic,scale_0.4,4096,True,torch.float32,1234,1,64,256,0.3431454598903656,0.5000280737876892,0.6477470993995667,0
synthetic,scale_0.4,4096,True,torch.float32,1234,1,256,256,0.201907217502594,0.2863647937774658,0.4964907169342041,0
synthetic,scale_0.4,4096,True,torch.float32,1234,1,1024,256,0.11227364093065262,0.16167312860488892,0.3751427233219147,0
synthetic,scale_0.4,4096,True,torch.float32,1234,2,64,256,0.31925371289253235,0.4977323114871979,0.888620913028717,0
synthetic,scale_0.4,4096,True,torch.float32,1234,2,256,256,0.18684586882591248,0.2697069048881531,0.8508120179176331,0
synthetic,scale_0.4,4096,True,torch.float32,1234,2,1024,256,0.0959249883890152,0.12472075968980789,0.20489680767059326,0
synthetic,scale_0.4,4096,True,torch.float32,1234,3,64,256,0.34041833877563477,0.4798692464828491,0.7184017300605774,0
synthetic,scale_0.4,4096,True,torch.float32,1234,3,256,256,0.18512043356895447,0.2751941680908203,0.4424663484096527,0
synthetic,scale_0.4,4096,True,torch.float32,1234,3,1024,256,0.10379663109779358,0.14083236455917358,0.2622719705104828,0
synthetic,scale_0.4,4096,True,torch.float32,1234,4,64,256,0.3518514633178711,0.5252928733825684,1.064489483833313,0
synthetic,scale_0.4,4096,True,torch.float32,1234,4,256,256,0.19382350146770477,0.28529536724090576,0.6490685343742371,0
synthetic,scale_0.4,4096,True,torch.float32,1234,4,1024,256,0.10182663798332214,0.14209523797035217,0.30481818318367004,0
synthetic,scale_0.4,4096,True,torch.float32,1234,5,64,256,0.34598106145858765,0.6151322722434998,1.009165644645691,0
synthetic,scale_0.4,4096,True,torch.float32,1234,5,256,256,0.1713823825120926,0.2573453485965729,0.5477359294891357,0
synthetic,scale_0.4,4096,True,torch.float32,1234,5,1024,256,0.09325216710567474,0.13412266969680786,0.22663632035255432,0
synthetic,scale_0.4,4096,True,torch.float32,1234,6,64,256,0.33109402656555176,0.4871945381164551,1.5761250257492065,0
synthetic,scale_0.4,4096,True,torch.float32,1234,6,256,256,0.1969650685787201,0.2790086269378662,0.509652853012085,0
synthetic,scale_0.4,4096,True,torch.float32,1234,6,1024,256,0.10721578449010849,0.15337738394737244,0.1982347071170807,0
synthetic,scale_0.4,4096,True,torch.float32,1234,7,64,256,0.3462076783180237,0.5230388045310974,0.7942551970481873,0
synthetic,scale_0.4,4096,True,torch.float32,1234,7,256,256,0.2007807195186615,0.30410316586494446,0.7715811133384705,0
synthetic,scale_0.4,4096,True,torch.float32,1234,7,1024,256,0.0964607372879982,0.1339719146490097,0.20897358655929565,0
synthetic,scale_0.4,4096,True,torch.float32,2345,0,64,256,0.32928267121315,0.45813947916030884,0.6930185556411743,0
synthetic,scale_0.4,4096,True,torch.float32,2345,0,256,256,0.16327770054340363,0.24718669056892395,0.4330713152885437,0
synthetic,scale_0.4,4096,True,torch.float32,2345,0,1024,256,0.09728352725505829,0.13730794191360474,0.1726343333721161,0
synthetic,scale_0.4,4096,True,torch.float32,2345,1,64,256,0.3407391309738159,0.49439042806625366,0.9523845314979553,0
synthetic,scale_0.4,4096,True,torch.float32,2345,1,256,256,0.1737213134765625,0.24544477462768555,0.40292519330978394,0
synthetic,scale_0.4,4096,True,torch.float32,2345,1,1024,256,0.0942688137292862,0.13318130373954773,0.2037600576877594,0
synthetic,scale_0.4,4096,True,torch.float32,2345,2,64,256,0.38264936208724976,0.6245423555374146,1.0590165853500366,0
synthetic,scale_0.4,4096,True,torch.float32,2345,2,256,256,0.19452661275863647,0.2898983955383301,0.5945602655410767,0
synthetic,scale_0.4,4096,True,torch.float32,2345,2,1024,256,0.10243825614452362,0.14411711692810059,0.25831547379493713,0
synthetic,scale_0.4,4096,True,torch.float32,2345,3,64,256,0.3705862760543823,0.6080119013786316,0.9138696789741516,0
synthetic,scale_0.4,4096,True,torch.float32,2345,3,256,256,0.1850782036781311,0.282997190952301,0.6053789854049683,0
synthetic,scale_0.4,4096,True,torch.float32,2345,3,1024,256,0.10526363551616669,0.14671984314918518,0.2850201427936554,0
synthetic,scale_0.4,4096,True,torch.float32,2345,4,64,256,0.3623475730419159,0.5321013927459717,0.7461315393447876,0
synthetic,scale_0.4,4096,True,torch.float32,2345,4,256,256,0.18986628949642181,0.28033673763275146,0.5682348608970642,0
synthetic,scale_0.4,4096,True,torch.float32,2345,4,1024,256,0.10067962110042572,0.14469386637210846,0.2179287075996399,0
synthetic,scale_0.4,4096,True,torch.float32,2345,5,64,256,0.30778273940086365,0.44842153787612915,1.1316545009613037,0
synthetic,scale_0.4,4096,True,torch.float32,2345,5,256,256,0.1514325737953186,0.25261616706848145,0.45829087495803833,0
synthetic,scale_0.4,4096,True,torch.float32,2345,5,1024,256,0.08255243301391602,0.11645659804344177,0.18543310463428497,0
synthetic,scale_0.4,4096,True,torch.float32,2345,6,64,256,0.3319780230522156,0.526339054107666,0.6488361358642578,0
synthetic,scale_0.4,4096,True,torch.float32,2345,6,256,256,0.16634580492973328,0.25272634625434875,0.5383992791175842,0
synthetic,scale_0.4,4096,True,torch.float32,2345,6,1024,256,0.09457232803106308,0.12475170195102692,0.30346083641052246,0
synthetic,scale_0.4,4096,True,torch.float32,2345,7,64,256,0.3800051808357239,0.5840898752212524,2.2602875232696533,0
synthetic,scale_0.4,4096,True,torch.float32,2345,7,256,256,0.19206556677818298,0.2865360379219055,0.4693828523159027,0
synthetic,scale_0.4,4096,True,torch.float32,2345,7,1024,256,0.10315768420696259,0.15262183547019958,0.19836978614330292,0
synthetic,scale_0.4,4096,True,torch.float32,3456,0,64,256,0.34318089485168457,0.5172353386878967,0.8879258036613464,0
synthetic,scale_0.4,4096,True,torch.float32,3456,0,256,256,0.20130611956119537,0.2881973385810852,0.51809161901474,0
synthetic,scale_0.4,4096,True,torch.float32,3456,0,1024,256,0.10751104354858398,0.15017521381378174,0.4095141887664795,0
synthetic,scale_0.4,4096,True,torch.float32,3456,1,64,256,0.33544570207595825,0.507758617401123,1.2124634981155396,0
synthetic,scale_0.4,4096,True,torch.float32,3456,1,256,256,0.1938799023628235,0.2762871980667114,0.5128145217895508,0
synthetic,scale_0.4,4096,True,torch.float32,3456,1,1024,256,0.1038191169500351,0.15098300576210022,0.47581616044044495,0
synthetic,scale_0.4,4096,True,torch.float32,3456,2,64,256,0.3510441780090332,0.48892080783843994,1.4836649894714355,0
synthetic,scale_0.4,4096,True,torch.float32,3456,2,256,256,0.18963277339935303,0.2690180540084839,0.4118509292602539,0
synthetic,scale_0.4,4096,True,torch.float32,3456,2,1024,256,0.10698627680540085,0.1479921191930771,0.31490933895111084,0
synthetic,scale_0.4,4096,True,torch.float32,3456,3,64,256,0.36000579595565796,0.635158896446228,1.232936978340149,0
synthetic,scale_0.4,4096,True,torch.float32,3456,3,256,256,0.1981639564037323,0.3137895464897156,0.5609711408615112,0
synthetic,scale_0.4,4096,True,torch.float32,3456,3,1024,256,0.11446310579776764,0.17565211653709412,0.21277983486652374,0
synthetic,scale_0.4,4096,True,torch.float32,3456,4,64,256,0.3183909058570862,0.4829515814781189,0.9259093999862671,0
synthetic,scale_0.4,4096,True,torch.float32,3456,4,256,256,0.1812116503715515,0.280709832906723,0.436970978975296,0
synthetic,scale_0.4,4096,True,torch.float32,3456,4,1024,256,0.10202488303184509,0.14725646376609802,0.2821778357028961,0
synthetic,scale_0.4,4096,True,torch.float32,3456,5,64,256,0.38361406326293945,0.5827696919441223,1.1390612125396729,0
synthetic,scale_0.4,4096,True,torch.float32,3456,5,256,256,0.2014847844839096,0.2944796085357666,0.5495850443840027,0
synthetic,scale_0.4,4096,True,torch.float32,3456,5,1024,256,0.11147800087928772,0.1513967514038086,0.3134293854236603,0
synthetic,scale_0.4,4096,True,torch.float32,3456,6,64,256,0.34773778915405273,0.4958876371383667,1.330286979675293,0
synthetic,scale_0.4,4096,True,torch.float32,3456,6,256,256,0.18885378539562225,0.28254470229148865,0.45583710074424744,0
synthetic,scale_0.4,4096,True,torch.float32,3456,6,1024,256,0.10565270483493805,0.15770506858825684,0.2620636820793152,0
synthetic,scale_0.4,4096,True,torch.float32,3456,7,64,256,0.3649190664291382,0.6230125427246094,1.3080991506576538,0
synthetic,scale_0.4,4096,True,torch.float32,3456,7,256,256,0.19776475429534912,0.28897860646247864,0.38670656085014343,0
synthetic,scale_0.4,4096,True,torch.float32,3456,7,1024,256,0.1060510128736496,0.15238329768180847,0.2612859010696411,0
synthetic,scale_0.5,4096,False,torch.float16,1234,0,64,256,0.6754189729690552,1.110767126083374,1.6908684968948364,0
synthetic,scale_0.5,4096,False,torch.float16,1234,0,256,256,0.38696902990341187,0.6463524103164673,1.1980067491531372,0
synthetic,scale_0.5,4096,False,torch.float16,1234,0,1024,256,0.24609360098838806,0.44055652618408203,1.293496012687683,0
synthetic,scale_0.5,4096,False,torch.float16,1234,1,64,256,0.6407610774040222,1.0048954486846924,1.6116024255752563,0
synthetic,scale_0.5,4096,False,torch.float16,1234,1,256,256,0.454441100358963,0.7776710391044617,1.5122867822647095,0
synthetic,scale_0.5,4096,False,torch.float16,1234,1,1024,256,0.2616949677467346,0.45782697200775146,1.732650637626648,0
synthetic,scale_0.5,4096,False,torch.float16,1234,2,64,256,0.6066511869430542,1.0646302700042725,2.1814026832580566,0
synthetic,scale_0.5,4096,False,torch.float16,1234,2,256,256,0.410113126039505,0.6631932258605957,2.3735334873199463,0
synthetic,scale_0.5,4096,False,torch.float16,1234,2,1024,256,0.2169114202260971,0.33736658096313477,0.5994545817375183,0
synthetic,scale_0.5,4096,False,torch.float16,1234,3,64,256,0.6641433238983154,1.0558269023895264,1.5961378812789917,0
synthetic,scale_0.5,4096,False,torch.float16,1234,3,256,256,0.43904489278793335,0.8137840628623962,1.4202450513839722,0
synthetic,scale_0.5,4096,False,torch.float16,1234,3,1024,256,0.25655919313430786,0.4151259660720825,2.1015689373016357,0
synthetic,scale_0.5,4096,False,torch.float16,1234,4,64,256,0.7543168663978577,1.2084870338439941,3.1731979846954346,0
synthetic,scale_0.5,4096,False,torch.float16,1234,4,256,256,0.4572622776031494,0.8506506681442261,2.5007736682891846,0
synthetic,scale_0.5,4096,False,torch.float16,1234,4,1024,256,0.24613499641418457,0.40565961599349976,1.2318480014801025,0
synthetic,scale_0.5,4096,False,torch.float16,1234,5,64,256,0.6159080862998962,1.1037354469299316,1.801828145980835,0
synthetic,scale_0.5,4096,False,torch.float16,1234,5,256,256,0.3576275706291199,0.6374256610870361,1.8892838954925537,0
synthetic,scale_0.5,4096,False,torch.float16,1234,5,1024,256,0.22581928968429565,0.42498451471328735,2.1541192531585693,0
synthetic,scale_0.5,4096,False,torch.float16,1234,6,64,256,0.5796902179718018,0.9002609848976135,2.1816110610961914,0
synthetic,scale_0.5,4096,False,torch.float16,1234,6,256,256,0.383144736289978,0.6053061485290527,1.2804865837097168,0
synthetic,scale_0.5,4096,False,torch.float16,1234,6,1024,256,0.23475730419158936,0.4107230007648468,0.6661126613616943,0
synthetic,scale_0.5,4096,False,torch.float16,1234,7,64,256,0.6847139596939087,1.0722541809082031,1.4120384454727173,0
synthetic,scale_0.5,4096,False,torch.float16,1234,7,256,256,0.4387553632259369,0.7172129154205322,1.7925158739089966,0
synthetic,scale_0.5,4096,False,torch.float16,1234,7,1024,256,0.23381929099559784,0.3894560933113098,0.7152664065361023,0
synthetic,scale_0.5,4096,False,torch.float16,2345,0,64,256,0.5925114750862122,0.9905001521110535,1.433543086051941,0
synthetic,scale_0.5,4096,False,torch.float16,2345,0,256,256,0.314448744058609,0.5478973984718323,1.0046783685684204,0
synthetic,scale_0.5,4096,False,torch.float16,2345,0,1024,256,0.19661933183670044,0.34412068128585815,0.5025506615638733,0
synthetic,scale_0.5,4096,False,torch.float16,2345,1,64,256,0.6372328996658325,1.1034717559814453,1.7191941738128662,0
synthetic,scale_0.5,4096,False,torch.float16,2345,1,256,256,0.35989341139793396,0.608062744140625,0.974448561668396,0
synthetic,scale_0.5,4096,False,torch.float16,2345,1,1024,256,0.21206259727478027,0.332422137260437,0.9074119925498962,0
synthetic,scale_0.5,4096,False,torch.float16,2345,2,64,256,0.7517169117927551,1.3560959100723267,1.8109480142593384,0
synthetic,scale_0.5,4096,False,torch.float16,2345,2,256,256,0.4250037372112274,0.744864284992218,1.6762821674346924,0
synthetic,scale_0.5,4096,False,torch.float16,2345,2,1024,256,0.23963718116283417,0.3857118487358093,0.8374164700508118,0
synthetic,scale_0.5,4096,False,torch.float16,2345,3,64,256,0.7967387437820435,1.3911157846450806,2.079011917114258,0
synthetic,scale_0.5,4096,False,torch.float16,2345,3,256,256,0.4326128363609314,0.7253203988075256,1.786756992340088,0
synthetic,scale_0.5,4096,False,torch.float16,2345,3,1024,256,0.2610805630683899,0.42427659034729004,0.8904497623443604,0
synthetic,scale_0.5,4096,False,torch.float16,2345,4,64,256,0.6941702365875244,1.1103558540344238,1.8307626247406006,0
synthetic,scale_0.5,4096,False,torch.float16,2345,4,256,256,0.3944658637046814,0.6870541572570801,1.0985013246536255,0
synthetic,scale_0.5,4096,False,torch.float16,2345,4,1024,256,0.2408103346824646,0.40527281165122986,0.8198260068893433,0
synthetic,scale_0.5,4096,False,torch.float16,2345,5,64,256,0.6016359329223633,1.0084261894226074,1.9611873626708984,0
synthetic,scale_0.5,4096,False,torch.float16,2345,5,256,256,0.327642023563385,0.5464739799499512,1.1634646654129028,0
synthetic,scale_0.5,4096,False,torch.float16,2345,5,1024,256,0.1865241825580597,0.3030238747596741,0.5774072408676147,0
synthetic,scale_0.5,4096,False,torch.float16,2345,6,64,256,0.6177163124084473,1.127596378326416,2.0407559871673584,0
synthetic,scale_0.5,4096,False,torch.float16,2345,6,256,256,0.3386070132255554,0.5690893530845642,2.0077614784240723,0
synthetic,scale_0.5,4096,False,torch.float16,2345,6,1024,256,0.20661848783493042,0.3390601575374603,0.7519093751907349,0
synthetic,scale_0.5,4096,False,torch.float16,2345,7,64,256,0.8074840903282166,1.4338111877441406,3.883796215057373,0
synthetic,scale_0.5,4096,False,torch.float16,2345,7,256,256,0.42387640476226807,0.6907596588134766,1.8134267330169678,0
synthetic,scale_0.5,4096,False,torch.float16,2345,7,1024,256,0.2424599677324295,0.41387173533439636,0.5804719924926758,0
synthetic,scale_0.5,4096,False,torch.float16,3456,0,64,256,0.7246556878089905,1.1572843790054321,2.0102810859680176,0
synthetic,scale_0.5,4096,False,torch.float16,3456,0,256,256,0.4499412775039673,0.7275334596633911,1.5376712083816528,0
synthetic,scale_0.5,4096,False,torch.float16,3456,0,1024,256,0.26279935240745544,0.4121839702129364,1.530463457107544,0
synthetic,scale_0.5,4096,False,torch.float16,3456,1,64,256,0.6715383529663086,1.0610238313674927,2.6250228881835938,0
synthetic,scale_0.5,4096,False,torch.float16,3456,1,256,256,0.4122872054576874,0.6869574785232544,1.856454610824585,0
synthetic,scale_0.5,4096,False,torch.float16,3456,1,1024,256,0.2595083713531494,0.45819711685180664,2.058566093444824,0
synthetic,scale_0.5,4096,False,torch.float16,3456,2,64,256,0.6523863077163696,1.079451560974121,3.2124927043914795,0
synthetic,scale_0.5,4096,False,torch.float16,3456,2,256,256,0.43286263942718506,0.7432378530502319,1.3505759239196777,0
synthetic,scale_0.5,4096,False,torch.float16,3456,2,1024,256,0.27147436141967773,0.48128607869148254,0.9320464134216309,0
synthetic,scale_0.5,4096,False,torch.float16,3456,3,64,256,0.791606068611145,1.4582579135894775,2.960143804550171,0
synthetic,scale_0.5,4096,False,torch.float16,3456,3,256,256,0.435184121131897,0.7497819662094116,1.4090168476104736,0
synthetic,scale_0.5,4096,False,torch.float16,3456,3,1024,256,0.30884647369384766,0.6468380689620972,1.6208332777023315,0
synthetic,scale_0.5,4096,False,torch.float16,3456,4,64,256,0.6364851593971252,1.0864627361297607,1.8225520849227905,0
synthetic,scale_0.5,4096,False,torch.float16,3456,4,256,256,0.36202412843704224,0.6575078964233398,1.2484941482543945,0
synthetic,scale_0.5,4096,False,torch.float16,3456,4,1024,256,0.2267713099718094,0.38919857144355774,1.1154669523239136,0
synthetic,scale_0.5,4096,False,torch.float16,3456,5,64,256,0.7445695400238037,1.2882344722747803,2.226132392883301,0
synthetic,scale_0.5,4096,False,torch.float16,3456,5,256,256,0.4151550233364105,0.6977761387825012,1.4261265993118286,0
synthetic,scale_0.5,4096,False,torch.float16,3456,5,1024,256,0.2502281665802002,0.41993245482444763,0.9579205513000488,0
synthetic,scale_0.5,4096,False,torch.float16,3456,6,64,256,0.6599041223526001,1.0536941289901733,2.6871018409729004,0
synthetic,scale_0.5,4096,False,torch.float16,3456,6,256,256,0.40724867582321167,0.6647298336029053,1.3472871780395508,0
synthetic,scale_0.5,4096,False,torch.float16,3456,6,1024,256,0.24649494886398315,0.4652239680290222,0.8687723875045776,0
synthetic,scale_0.5,4096,False,torch.float16,3456,7,64,256,0.8593072891235352,1.7420625686645508,3.877936840057373,0
synthetic,scale_0.5,4096,False,torch.float16,3456,7,256,256,0.4757412075996399,0.79030841588974,1.114402413368225,0
synthetic,scale_0.5,4096,False,torch.float16,3456,7,1024,256,0.2891172170639038,0.46385395526885986,1.950830340385437,0
synthetic,scale_0.5,4096,False,torch.float32,1234,0,64,256,0.675376296043396,1.110679030418396,1.6908349990844727,0
synthetic,scale_0.5,4096,False,torch.float32,1234,0,256,256,0.3869659900665283,0.6465054750442505,1.1979577541351318,0
synthetic,scale_0.5,4096,False,torch.float32,1234,0,1024,256,0.2460823357105255,0.44076091051101685,1.293521761894226,0
synthetic,scale_0.5,4096,False,torch.float32,1234,1,64,256,0.640770435333252,1.0048831701278687,1.6118168830871582,0
synthetic,scale_0.5,4096,False,torch.float32,1234,1,256,256,0.45445629954338074,0.7776912450790405,1.5116996765136719,0
synthetic,scale_0.5,4096,False,torch.float32,1234,1,1024,256,0.2617051601409912,0.4576722979545593,1.733028769493103,0
synthetic,scale_0.5,4096,False,torch.float32,1234,2,64,256,0.6066434979438782,1.064780831336975,2.181403875350952,0
synthetic,scale_0.5,4096,False,torch.float32,1234,2,256,256,0.41011446714401245,0.6631830930709839,2.3736274242401123,0
synthetic,scale_0.5,4096,False,torch.float32,1234,2,1024,256,0.2169072926044464,0.33736342191696167,0.5997138619422913,0
synthetic,scale_0.5,4096,False,torch.float32,1234,3,64,256,0.6641477346420288,1.0559839010238647,1.596049189567566,0
synthetic,scale_0.5,4096,False,torch.float32,1234,3,256,256,0.4390215277671814,0.8137000203132629,1.4204511642456055,0
synthetic,scale_0.5,4096,False,torch.float32,1234,3,1024,256,0.2565661072731018,0.415229856967926,2.1022019386291504,0
synthetic,scale_0.5,4096,False,torch.float32,1234,4,64,256,0.7542636394500732,1.2079994678497314,3.1722071170806885,0
synthetic,scale_0.5,4096,False,torch.float32,1234,4,256,256,0.4572581648826599,0.8506450057029724,2.500417709350586,0
synthetic,scale_0.5,4096,False,torch.float32,1234,4,1024,256,0.2461327761411667,0.40558356046676636,1.2318426370620728,0
synthetic,scale_0.5,4096,False,torch.float32,1234,5,64,256,0.6159076690673828,1.1039599180221558,1.8020035028457642,0
synthetic,scale_0.5,4096,False,torch.float32,1234,5,256,256,0.35762426257133484,0.6376221179962158,1.8896138668060303,0
synthetic,scale_0.5,4096,False,torch.float32,1234,5,1024,256,0.22583971917629242,0.42470619082450867,2.155557155609131,0
synthetic,scale_0.5,4096,False,torch.float32,1234,6,64,256,0.5796970725059509,0.9004030227661133,2.1813724040985107,0
synthetic,scale_0.5,4096,False,torch.float32,1234,6,256,256,0.3831467628479004,0.6051799654960632,1.2806297540664673,0
synthetic,scale_0.5,4096,False,torch.float32,1234,6,1024,256,0.23474307358264923,0.4107254445552826,0.6657487750053406,0
synthetic,scale_0.5,4096,False,torch.float32,1234,7,64,256,0.6846361756324768,1.072105884552002,1.4118133783340454,0
synthetic,scale_0.5,4096,False,torch.float32,1234,7,256,256,0.4387267827987671,0.7172154784202576,1.7927534580230713,0
synthetic,scale_0.5,4096,False,torch.float32,1234,7,1024,256,0.23380278050899506,0.3894357979297638,0.715262234210968,0
synthetic,scale_0.5,4096,False,torch.float32,2345,0,64,256,0.5925164222717285,0.990594208240509,1.4325523376464844,0
synthetic,scale_0.5,4096,False,torch.float32,2345,0,256,256,0.3144364356994629,0.5477875471115112,1.0045865774154663,0
synthetic,scale_0.5,4096,False,torch.float32,2345,0,1024,256,0.1966165453195572,0.34418272972106934,0.5027629733085632,0
synthetic,scale_0.5,4096,False,torch.float32,2345,1,64,256,0.6372126340866089,1.1033742427825928,1.7195398807525635,0
synthetic,scale_0.5,4096,False,torch.float32,2345,1,256,256,0.3598824739456177,0.6082360148429871,0.9745535254478455,0
synthetic,scale_0.5,4096,False,torch.float32,2345,1,1024,256,0.21205255389213562,0.33240774273872375,0.907010018825531,0
synthetic,scale_0.5,4096,False,torch.float32,2345,2,64,256,0.751714825630188,1.355813980102539,1.8107552528381348,0
synthetic,scale_0.5,4096,False,torch.float32,2345,2,256,256,0.4250088930130005,0.744632363319397,1.6762657165527344,0
synthetic,scale_0.5,4096,False,torch.float32,2345,2,1024,256,0.23964454233646393,0.3857709467411041,0.8374840617179871,0
synthetic,scale_0.5,4096,False,torch.float32,2345,3,64,256,0.7967139482498169,1.3910112380981445,2.0797722339630127,0
synthetic,scale_0.5,4096,False,torch.float32,2345,3,256,256,0.4326060712337494,0.7250401973724365,1.7865715026855469,0
synthetic,scale_0.5,4096,False,torch.float32,2345,3,1024,256,0.26107731461524963,0.42432713508605957,0.8902352452278137,0
synthetic,scale_0.5,4096,False,torch.float32,2345,4,64,256,0.6941561698913574,1.1104117631912231,1.830356240272522,0
synthetic,scale_0.5,4096,False,torch.float32,2345,4,256,256,0.3944483995437622,0.6871589422225952,1.098600149154663,0
synthetic,scale_0.5,4096,False,torch.float32,2345,4,1024,256,0.240801602602005,0.4054165482521057,0.8199343085289001,0
synthetic,scale_0.5,4096,False,torch.float32,2345,5,64,256,0.601628303527832,1.0083869695663452,1.9610695838928223,0
synthetic,scale_0.5,4096,False,torch.float32,2345,5,256,256,0.3276517987251282,0.5465179085731506,1.1634231805801392,0
synthetic,scale_0.5,4096,False,torch.float32,2345,5,1024,256,0.18652833998203278,0.3030337393283844,0.5776157379150391,0
synthetic,scale_0.5,4096,False,torch.float32,2345,6,64,256,0.617690920829773,1.127422571182251,2.0402116775512695,0
synthetic,scale_0.5,4096,False,torch.float32,2345,6,256,256,0.3386085033416748,0.5692101716995239,2.0078301429748535,0
synthetic,scale_0.5,4096,False,torch.float32,2345,6,1024,256,0.20661860704421997,0.33902350068092346,0.7519415020942688,0
synthetic,scale_0.5,4096,False,torch.float32,2345,7,64,256,0.8074638247489929,1.4336003065109253,3.883432388305664,0
synthetic,scale_0.5,4096,False,torch.float32,2345,7,256,256,0.4238626956939697,0.691010594367981,1.8142796754837036,0
synthetic,scale_0.5,4096,False,torch.float32,2345,7,1024,256,0.24245202541351318,0.41378816962242126,0.5805410742759705,0
synthetic,scale_0.5,4096,False,torch.float32,3456,0,64,256,0.7246564626693726,1.1574711799621582,2.0101304054260254,0
synthetic,scale_0.5,4096,False,torch.float32,3456,0,256,256,0.44992542266845703,0.7276294231414795,1.5376379489898682,0
synthetic,scale_0.5,4096,False,torch.float32,3456,0,1024,256,0.26279598474502563,0.41210824251174927,1.529962182044983,0
synthetic,scale_0.5,4096,False,torch.float32,3456,1,64,256,0.6715514063835144,1.06123685836792,2.6251895427703857,0
synthetic,scale_0.5,4096,False,torch.float32,3456,1,256,256,0.4122866988182068,0.6867299675941467,1.856353759765625,0
synthetic,scale_0.5,4096,False,torch.float32,3456,1,1024,256,0.25950491428375244,0.4581529200077057,2.0580856800079346,0
synthetic,scale_0.5,4096,False,torch.float32,3456,2,64,256,0.652375340461731,1.0794346332550049,3.2126641273498535,0
synthetic,scale_0.5,4096,False,torch.float32,3456,2,256,256,0.43284252285957336,0.74344801902771,1.350442886352539,0
synthetic,scale_0.5,4096,False,torch.float32,3456,2,1024,256,0.27145665884017944,0.48128411173820496,0.9323014616966248,0
synthetic,scale_0.5,4096,False,torch.float32,3456,3,64,256,0.791612982749939,1.4582457542419434,2.959581136703491,0
synthetic,scale_0.5,4096,False,torch.float32,3456,3,256,256,0.43519067764282227,0.7497960329055786,1.4089094400405884,0
synthetic,scale_0.5,4096,False,torch.float32,3456,3,1024,256,0.30881232023239136,0.6465349793434143,1.6202210187911987,0
synthetic,scale_0.5,4096,False,torch.float32,3456,4,64,256,0.6364941596984863,1.0864531993865967,1.822027325630188,0
synthetic,scale_0.5,4096,False,torch.float32,3456,4,256,256,0.36201968789100647,0.6576634049415588,1.2485853433609009,0
synthetic,scale_0.5,4096,False,torch.float32,3456,4,1024,256,0.22677494585514069,0.3890651762485504,1.1158099174499512,0
synthetic,scale_0.5,4096,False,torch.float32,3456,5,64,256,0.7445776462554932,1.2879958152770996,2.2260982990264893,0
synthetic,scale_0.5,4096,False,torch.float32,3456,5,256,256,0.41514715552330017,0.697623610496521,1.425813913345337,0
synthetic,scale_0.5,4096,False,torch.float32,3456,5,1024,256,0.25022369623184204,0.41973429918289185,0.9576106667518616,0
synthetic,scale_0.5,4096,False,torch.float32,3456,6,64,256,0.6598869562149048,1.053748369216919,2.6863839626312256,0
synthetic,scale_0.5,4096,False,torch.float32,3456,6,256,256,0.4072621464729309,0.6647382974624634,1.3470501899719238,0
synthetic,scale_0.5,4096,False,torch.float32,3456,6,1024,256,0.24649578332901,0.46525686979293823,0.8689261078834534,0
synthetic,scale_0.5,4096,False,torch.float32,3456,7,64,256,0.8592710494995117,1.7413420677185059,3.877251148223877,0
synthetic,scale_0.5,4096,False,torch.float32,3456,7,256,256,0.47575607895851135,0.7902851104736328,1.1144200563430786,0
synthetic,scale_0.5,4096,False,torch.float32,3456,7,1024,256,0.2891211211681366,0.46386951208114624,1.9510793685913086,0
synthetic,scale_0.5,4096,True,torch.float16,1234,0,64,256,0.6539992690086365,1.1747888326644897,2.0751311779022217,0
synthetic,scale_0.5,4096,True,torch.float16,1234,0,256,256,0.40817028284072876,0.7368155121803284,1.6758842468261719,0
synthetic,scale_0.5,4096,True,torch.float16,1234,0,1024,256,0.23901794850826263,0.43076956272125244,0.8099239468574524,0
synthetic,scale_0.5,4096,True,torch.float16,1234,1,64,256,0.6311261653900146,1.0039926767349243,1.2963063716888428,0
synthetic,scale_0.5,4096,True,torch.float16,1234,1,256,256,0.4306309223175049,0.709774374961853,1.4429717063903809,0
synthetic,scale_0.5,4096,True,torch.float16,1234,1,1024,256,0.2550445795059204,0.4386123716831207,1.4728093147277832,0
synthetic,scale_0.5,4096,True,torch.float16,1234,2,64,256,0.6019263863563538,1.0405831336975098,2.114093065261841,0
synthetic,scale_0.5,4096,True,torch.float16,1234,2,256,256,0.4038042426109314,0.6675751209259033,2.9984447956085205,0
synthetic,scale_0.5,4096,True,torch.float16,1234,2,1024,256,0.2127964198589325,0.32539141178131104,0.7328234910964966,0
synthetic,scale_0.5,4096,True,torch.float16,1234,3,64,256,0.6309633255004883,0.984825611114502,1.5067908763885498,0
synthetic,scale_0.5,4096,True,torch.float16,1234,3,256,256,0.3965740203857422,0.681489109992981,1.4485278129577637,0
synthetic,scale_0.5,4096,True,torch.float16,1234,3,1024,256,0.23551198840141296,0.39353376626968384,1.0774835348129272,0
synthetic,scale_0.5,4096,True,torch.float16,1234,4,64,256,0.666622519493103,1.1526987552642822,2.609051465988159,0
synthetic,scale_0.5,4096,True,torch.float16,1234,4,256,256,0.417730450630188,0.7658159732818604,2.517308235168457,0
synthetic,scale_0.5,4096,True,torch.float16,1234,4,1024,256,0.2343914657831192,0.4115333557128906,0.9862081408500671,0
synthetic,scale_0.5,4096,True,torch.float16,1234,5,64,256,0.6814208030700684,1.4500271081924438,2.298919200897217,0
synthetic,scale_0.5,4096,True,torch.float16,1234,5,256,256,0.35906893014907837,0.6349602937698364,1.8316738605499268,0
synthetic,scale_0.5,4096,True,torch.float16,1234,5,1024,256,0.21817877888679504,0.3781612515449524,0.7825056910514832,0
synthetic,scale_0.5,4096,True,torch.float16,1234,6,64,256,0.6061465740203857,0.9599635004997253,2.993926763534546,0
synthetic,scale_0.5,4096,True,torch.float16,1234,6,256,256,0.40763646364212036,0.6714213490486145,1.5754706859588623,0
synthetic,scale_0.5,4096,True,torch.float16,1234,6,1024,256,0.24263086915016174,0.4311043918132782,0.7271933555603027,0
synthetic,scale_0.5,4096,True,torch.float16,1234,7,64,256,0.6309973001480103,1.0603755712509155,1.6629881858825684,0
synthetic,scale_0.5,4096,True,torch.float16,1234,7,256,256,0.4285963177680969,0.7457048892974854,2.2147161960601807,0
synthetic,scale_0.5,4096,True,torch.float16,1234,7,1024,256,0.21385693550109863,0.35738077759742737,0.6873475313186646,0
synthetic,scale_0.5,4096,True,torch.float16,2345,0,64,256,0.6170456409454346,0.9321216940879822,1.47398841381073,0
synthetic,scale_0.5,4096,True,torch.float16,2345,0,256,256,0.3409354090690613,0.5863130688667297,1.2737088203430176,0
synthetic,scale_0.5,4096,True,torch.float16,2345,0,1024,256,0.215305358171463,0.349924772977829,0.5033570528030396,0
synthetic,scale_0.5,4096,True,torch.float16,2345,1,64,256,0.6499704122543335,1.0388580560684204,2.1060125827789307,0
synthetic,scale_0.5,4096,True,torch.float16,2345,1,256,256,0.36112475395202637,0.626509428024292,1.0566372871398926,0
synthetic,scale_0.5,4096,True,torch.float16,2345,1,1024,256,0.20637285709381104,0.35556110739707947,0.6886147260665894,0
synthetic,scale_0.5,4096,True,torch.float16,2345,2,64,256,0.7817658185958862,1.705886721611023,2.9142587184906006,0
synthetic,scale_0.5,4096,True,torch.float16,2345,2,256,256,0.41480785608291626,0.8110453486442566,1.882997751235962,0
synthetic,scale_0.5,4096,True,torch.float16,2345,2,1024,256,0.22898803651332855,0.3752138018608093,0.8613293766975403,0
synthetic,scale_0.5,4096,True,torch.float16,2345,3,64,256,0.6963999271392822,1.2165069580078125,2.2067198753356934,0
synthetic,scale_0.5,4096,True,torch.float16,2345,3,256,256,0.3835676908493042,0.6990767121315002,1.4241163730621338,0
synthetic,scale_0.5,4096,True,torch.float16,2345,3,1024,256,0.23028355836868286,0.34542450308799744,1.0153435468673706,0
synthetic,scale_0.5,4096,True,torch.float16,2345,4,64,256,0.6907414793968201,1.1382355690002441,1.8098376989364624,0
synthetic,scale_0.5,4096,True,torch.float16,2345,4,256,256,0.4014865756034851,0.6885413527488708,1.7350536584854126,0
synthetic,scale_0.5,4096,True,torch.float16,2345,4,1024,256,0.22786149382591248,0.3738347887992859,0.7021223902702332,0
synthetic,scale_0.5,4096,True,torch.float16,2345,5,64,256,0.5797088146209717,0.9501966238021851,2.336519479751587,0
synthetic,scale_0.5,4096,True,torch.float16,2345,5,256,256,0.3273008465766907,0.5921746492385864,1.2222009897232056,0
synthetic,scale_0.5,4096,True,torch.float16,2345,5,1024,256,0.1838592290878296,0.30492693185806274,0.542463481426239,0
synthetic,scale_0.5,4096,True,torch.float16,2345,6,64,256,0.6231683492660522,1.146153450012207,1.6692314147949219,0
synthetic,scale_0.5,4096,True,torch.float16,2345,6,256,256,0.35068225860595703,0.6494667530059814,1.4302611351013184,0
synthetic,scale_0.5,4096,True,torch.float16,2345,6,1024,256,0.20641282200813293,0.3304743468761444,0.9155855178833008,0
synthetic,scale_0.5,4096,True,torch.float16,2345,7,64,256,0.7404694557189941,1.3346569538116455,5.314859390258789,0
synthetic,scale_0.5,4096,True,torch.float16,2345,7,256,256,0.40088945627212524,0.6728636026382446,1.5622179508209229,0
synthetic,scale_0.5,4096,True,torch.float16,2345,7,1024,256,0.23016789555549622,0.41574767231941223,0.6075642704963684,0
synthetic,scale_0.5,4096,True,torch.float16,3456,0,64,256,0.6665658354759216,1.1098788976669312,1.8882259130477905,0
synthetic,scale_0.5,4096,True,torch.float16,3456,0,256,256,0.4076395034790039,0.6679362654685974,1.5148099660873413,0
synthetic,scale_0.5,4096,True,torch.float16,3456,0,1024,256,0.24228502810001373,0.3947073221206665,1.7257535457611084,0
synthetic,scale_0.5,4096,True,torch.float16,3456,1,64,256,0.6398752927780151,1.0535162687301636,2.5986733436584473,0
synthetic,scale_0.5,4096,True,torch.float16,3456,1,256,256,0.38245582580566406,0.6020618081092834,1.4013944864273071,0
synthetic,scale_0.5,4096,True,torch.float16,3456,1,1024,256,0.24745208024978638,0.4272679090499878,2.6292612552642822,0
synthetic,scale_0.5,4096,True,torch.float16,3456,2,64,256,0.6384600400924683,0.9985615611076355,3.27911639213562,0
synthetic,scale_0.5,4096,True,torch.float16,3456,2,256,256,0.3978572487831116,0.6932997703552246,1.5261569023132324,0
synthetic,scale_0.5,4096,True,torch.float16,3456,2,1024,256,0.2515609860420227,0.4195539951324463,1.1298019886016846,0
synthetic,scale_0.5,4096,True,torch.float16,3456,3,64,256,0.6958673000335693,1.3770138025283813,2.778665542602539,0
synthetic,scale_0.5,4096,True,torch.float16,3456,3,256,256,0.41414713859558105,0.7713207006454468,1.5783536434173584,0
synthetic,scale_0.5,4096,True,torch.float16,3456,3,1024,256,0.2633458077907562,0.4796391725540161,0.9832727313041687,0
synthetic,scale_0.5,4096,True,torch.float16,3456,4,64,256,0.600186824798584,0.9561910629272461,2.255603313446045,0
synthetic,scale_0.5,4096,True,torch.float16,3456,4,256,256,0.38275396823883057,0.6780389547348022,1.1808654069900513,0
synthetic,scale_0.5,4096,True,torch.float16,3456,4,1024,256,0.2327711284160614,0.38582509756088257,1.0891449451446533,0
synthetic,scale_0.5,4096,True,torch.float16,3456,5,64,256,0.7290908098220825,1.2400254011154175,2.382340669631958,0
synthetic,scale_0.5,4096,True,torch.float16,3456,5,256,256,0.4087853729724884,0.7201294898986816,1.3924401998519897,0
synthetic,scale_0.5,4096,True,torch.float16,3456,5,1024,256,0.2505379319190979,0.4344760775566101,1.1910511255264282,0
synthetic,scale_0.5,4096,True,torch.float16,3456,6,64,256,0.6658555865287781,1.0835498571395874,3.587942123413086,0
synthetic,scale_0.5,4096,True,torch.float16,3456,6,256,256,0.39090827107429504,0.6880447864532471,1.562374472618103,0
synthetic,scale_0.5,4096,True,torch.float16,3456,6,1024,256,0.2394978404045105,0.45908623933792114,0.9676823616027832,0
synthetic,scale_0.5,4096,True,torch.float16,3456,7,64,256,0.7147360444068909,1.481782078742981,3.1725761890411377,0
synthetic,scale_0.5,4096,True,torch.float16,3456,7,256,256,0.3969517946243286,0.6977816224098206,0.9632304906845093,0
synthetic,scale_0.5,4096,True,torch.float16,3456,7,1024,256,0.247714564204216,0.437093049287796,1.3535264730453491,0
synthetic,scale_0.5,4096,True,torch.float32,1234,0,64,256,0.6539734601974487,1.1748619079589844,2.0756757259368896,0
synthetic,scale_0.5,4096,True,torch.float32,1234,0,256,256,0.4081798791885376,0.7366383671760559,1.6765786409378052,0
synthetic,scale_0.5,4096,True,torch.float32,1234,0,1024,256,0.23900720477104187,0.4307931065559387,0.8094435334205627,0
synthetic,scale_0.5,4096,True,torch.float32,1234,1,64,256,0.6311169862747192,1.003939151763916,1.2958943843841553,0
synthetic,scale_0.5,4096,True,torch.float32,1234,1,256,256,0.4306413233280182,0.7097967267036438,1.4428492784500122,0
synthetic,scale_0.5,4096,True,torch.float32,1234,1,1024,256,0.2550482749938965,0.4386242926120758,1.4723526239395142,0
synthetic,scale_0.5,4096,True,torch.float32,1234,2,64,256,0.6019057631492615,1.0403811931610107,2.1147372722625732,0
synthetic,scale_0.5,4096,True,torch.float32,1234,2,256,256,0.4037988781929016,0.6676428318023682,2.997408151626587,0
synthetic,scale_0.5,4096,True,torch.float32,1234,2,1024,256,0.21278920769691467,0.3253936171531677,0.7334560751914978,0
synthetic,scale_0.5,4096,True,torch.float32,1234,3,64,256,0.6309626698493958,0.9846348762512207,1.506812572479248,0
synthetic,scale_0.5,4096,True,torch.float32,1234,3,256,256,0.3965567350387573,0.6816356778144836,1.448728322982788,0
synthetic,scale_0.5,4096,True,torch.float32,1234,3,1024,256,0.23551733791828156,0.3934228718280792,1.078078269958496,0
synthetic,scale_0.5,4096,True,torch.float32,1234,4,64,256,0.6665939688682556,1.152411699295044,2.6100292205810547,0
synthetic,scale_0.5,4096,True,torch.float32,1234,4,256,256,0.41772758960723877,0.765868604183197,2.5169620513916016,0
synthetic,scale_0.5,4096,True,torch.float32,1234,4,1024,256,0.23439043760299683,0.4115590453147888,0.9861789345741272,0
synthetic,scale_0.5,4096,True,torch.float32,1234,5,64,256,0.6814489364624023,1.4501123428344727,2.2999722957611084,0
synthetic,scale_0.5,4096,True,torch.float32,1234,5,256,256,0.3590638041496277,0.6349767446517944,1.8320257663726807,0
synthetic,scale_0.5,4096,True,torch.float32,1234,5,1024,256,0.21818900108337402,0.3783707022666931,0.7833711504936218,0
synthetic,scale_0.5,4096,True,torch.float32,1234,6,64,256,0.6061541438102722,0.9599871635437012,2.994349718093872,0
synthetic,scale_0.5,4096,True,torch.float32,1234,6,256,256,0.40763533115386963,0.6711028814315796,1.575609564781189,0
synthetic,scale_0.5,4096,True,torch.float32,1234,6,1024,256,0.24262771010398865,0.43110767006874084,0.727391242980957,0
synthetic,scale_0.5,4096,True,torch.float32,1234,7,64,256,0.6309670209884644,1.0598958730697632,1.6625127792358398,0
synthetic,scale_0.5,4096,True,torch.float32,1234,7,256,256,0.428608238697052,0.7461332082748413,2.215348482131958,0
synthetic,scale_0.5,4096,True,torch.float32,1234,7,1024,256,0.21385625004768372,0.3574252128601074,0.6874135732650757,0
synthetic,scale_0.5,4096,True,torch.float32,2345,0,64,256,0.6170504093170166,0.9319237470626831,1.47389817237854,0
synthetic,scale_0.5,4096,True,torch.float32,2345,0,256,256,0.3409334421157837,0.5863272547721863,1.2735857963562012,0
synthetic,scale_0.5,4096,True,torch.float32,2345,0,1024,256,0.215305358171463,0.34984779357910156,0.5035701394081116,0
synthetic,scale_0.5,4096,True,torch.float32,2345,1,64,256,0.6499639749526978,1.038848876953125,2.1066524982452393,0
synthetic,scale_0.5,4096,True,torch.float32,2345,1,256,256,0.36113059520721436,0.6263678073883057,1.056801438331604,0
synthetic,scale_0.5,4096,True,torch.float32,2345,1,1024,256,0.20636937022209167,0.35536015033721924,0.688773512840271,0
synthetic,scale_0.5,4096,True,torch.float32,2345,2,64,256,0.7817720770835876,1.7067071199417114,2.914510726928711,0
synthetic,scale_0.5,4096,True,torch.float32,2345,2,256,256,0.41478946805000305,0.811392068862915,1.882929801940918,0
synthetic,scale_0.5,4096,True,torch.float32,2345,2,1024,256,0.22898943722248077,0.3752806484699249,0.8613884449005127,0
synthetic,scale_0.5,4096,True,torch.float32,2345,3,64,256,0.6963958144187927,1.2168256044387817,2.207343101501465,0
synthetic,scale_0.5,4096,True,torch.float32,2345,3,256,256,0.3835686445236206,0.6990315318107605,1.4240070581436157,0
synthetic,scale_0.5,4096,True,torch.float32,2345,3,1024,256,0.23028510808944702,0.3455461263656616,1.0155649185180664,0
synthetic,scale_0.5,4096,True,torch.float32,2345,4,64,256,0.6907446384429932,1.138230323791504,1.8094805479049683,0
synthetic,scale_0.5,4096,True,torch.float32,2345,4,256,256,0.40148332715034485,0.6886041164398193,1.7351899147033691,0
synthetic,scale_0.5,4096,True,torch.float32,2345,4,1024,256,0.22786110639572144,0.37383660674095154,0.7019950151443481,0
synthetic,scale_0.5,4096,True,torch.float32,2345,5,64,256,0.5796962976455688,0.9502715468406677,2.3369710445404053,0
synthetic,scale_0.5,4096,True,torch.float32,2345,5,256,256,0.32729408144950867,0.5924278497695923,1.2220957279205322,0
synthetic,scale_0.5,4096,True,torch.float32,2345,5,1024,256,0.18385812640190125,0.3050154149532318,0.5425662994384766,0
synthetic,scale_0.5,4096,True,torch.float32,2345,6,64,256,0.6231765747070312,1.1460648775100708,1.6683112382888794,0
synthetic,scale_0.5,4096,True,torch.float32,2345,6,256,256,0.35068902373313904,0.6494796276092529,1.4301495552062988,0
synthetic,scale_0.5,4096,True,torch.float32,2345,6,1024,256,0.2064153254032135,0.33050641417503357,0.9156631231307983,0
synthetic,scale_0.5,4096,True,torch.float32,2345,7,64,256,0.7404476404190063,1.3345589637756348,5.314350605010986,0
synthetic,scale_0.5,4096,True,torch.float32,2345,7,256,256,0.4008927345275879,0.6728970408439636,1.56216561794281,0
synthetic,scale_0.5,4096,True,torch.float32,2345,7,1024,256,0.2301640808582306,0.4156378507614136,0.6075598001480103,0
synthetic,scale_0.5,4096,True,torch.float32,3456,0,64,256,0.6665512919425964,1.1098659038543701,1.8882378339767456,0
synthetic,scale_0.5,4096,True,torch.float32,3456,0,256,256,0.40762782096862793,0.667864978313446,1.5147461891174316,0
synthetic,scale_0.5,4096,True,torch.float32,3456,0,1024,256,0.24227909743785858,0.39469996094703674,1.724988579750061,0
synthetic,scale_0.5,4096,True,torch.float32,3456,1,64,256,0.6398828029632568,1.0536037683486938,2.59860897064209,0
synthetic,scale_0.5,4096,True,torch.float32,3456,1,256,256,0.3824601173400879,0.6021138429641724,1.401483416557312,0
synthetic,scale_0.5,4096,True,torch.float32,3456,1,1024,256,0.24744489789009094,0.4271222949028015,2.6286656856536865,0
synthetic,scale_0.5,4096,True,torch.float32,3456,2,64,256,0.6384615302085876,0.9985663890838623,3.2791521549224854,0
synthetic,scale_0.5,4096,True,torch.float32,3456,2,256,256,0.3978419899940491,0.6933309435844421,1.5257165431976318,0
synthetic,scale_0.5,4096,True,torch.float32,3456,2,1024,256,0.2515532970428467,0.4193412959575653,1.130242943763733,0
synthetic,scale_0.5,4096,True,torch.float32,3456,3,64,256,0.69585120677948,1.3770198822021484,2.778082847595215,0
synthetic,scale_0.5,4096,True,torch.float32,3456,3,256,256,0.41414913535118103,0.7712048888206482,1.5783699750900269,0
synthetic,scale_0.5,4096,True,torch.float32,3456,3,1024,256,0.26332008838653564,0.47950735688209534,0.9833744168281555,0
synthetic,scale_0.5,4096,True,torch.float32,3456,4,64,256,0.6001771092414856,0.9561500549316406,2.2548458576202393,0
synthetic,scale_0.5,4096,True,torch.float32,3456,4,256,256,0.38274115324020386,0.6779425740242004,1.1809788942337036,0
synthetic,scale_0.5,4096,True,torch.float32,3456,4,1024,256,0.23277314007282257,0.38591480255126953,1.089328646659851,0
synthetic,scale_0.5,4096,True,torch.float32,3456,5,64,256,0.7290862798690796,1.2399779558181763,2.382192373275757,0
synthetic,scale_0.5,4096,True,torch.float32,3456,5,256,256,0.40878087282180786,0.7201899290084839,1.3920795917510986,0
synthetic,scale_0.5,4096,True,torch.float32,3456,5,1024,256,0.25053274631500244,0.43452244997024536,1.1905111074447632,0
synthetic,scale_0.5,4096,True,torch.float32,3456,6,64,256,0.6658110618591309,1.0838614702224731,3.586646795272827,0
synthetic,scale_0.5,4096,True,torch.float32,3456,6,256,256,0.3909085988998413,0.6881489157676697,1.5626449584960938,0
synthetic,scale_0.5,4096,True,torch.float32,3456,6,1024,256,0.23949161171913147,0.4591444730758667,0.9673408269882202,0
synthetic,scale_0.5,4096,True,torch.float32,3456,7,64,256,0.7147231698036194,1.4810019731521606,3.1725618839263916,0
synthetic,scale_0.5,4096,True,torch.float32,3456,7,256,256,0.39696669578552246,0.6978999376296997,0.9632571339607239,0
synthetic,scale_0.5,4096,True,torch.float32,3456,7,1024,256,0.2477213740348816,0.4371616542339325,1.3547214269638062,0
synthetic,scale_0.75,4096,False,torch.float16,1234,0,64,256,2.316248655319214,4.133686065673828,9.598916053771973,0
synthetic,scale_0.75,4096,False,torch.float16,1234,0,256,256,1.8611323833465576,4.074926376342773,7.969277858734131,0
synthetic,scale_0.75,4096,False,torch.float16,1234,0,1024,256,1.6735763549804688,3.7132153511047363,18.001771926879883,0
synthetic,scale_0.75,4096,False,torch.float16,1234,1,64,256,2.1439526081085205,3.8079211711883545,6.660290718078613,0
synthetic,scale_0.75,4096,False,torch.float16,1234,1,256,256,2.241312265396118,5.004356384277344,10.558188438415527,0
synthetic,scale_0.75,4096,False,torch.float16,1234,1,1024,256,1.531360387802124,3.235589027404785,15.10708999633789,0
synthetic,scale_0.75,4096,False,torch.float16,1234,2,64,256,2.247666358947754,4.909097671508789,8.11741828918457,0
synthetic,scale_0.75,4096,False,torch.float16,1234,2,256,256,2.1612706184387207,4.1176629066467285,13.343835830688477,0
synthetic,scale_0.75,4096,False,torch.float16,1234,2,1024,256,1.3841221332550049,2.9120876789093018,5.5058674812316895,0
synthetic,scale_0.75,4096,False,torch.float16,1234,3,64,256,2.3378689289093018,4.407008171081543,6.298327445983887,0
synthetic,scale_0.75,4096,False,torch.float16,1234,3,256,256,2.2615623474121094,5.356655597686768,15.748391151428223,0
synthetic,scale_0.75,4096,False,torch.float16,1234,3,1024,256,1.7543867826461792,4.3842339515686035,21.03830909729004,0
synthetic,scale_0.75,4096,False,torch.float16,1234,4,64,256,3.2149851322174072,7.6651411056518555,17.586647033691406,0
synthetic,scale_0.75,4096,False,torch.float16,1234,4,256,256,2.60443377494812,6.462996959686279,20.345882415771484,0
synthetic,scale_0.75,4096,False,torch.float16,1234,4,1024,256,1.676838994026184,4.147978782653809,9.02791976928711,0
synthetic,scale_0.75,4096,False,torch.float16,1234,5,64,256,2.5774588584899902,6.046843528747559,12.335633277893066,0
synthetic,scale_0.75,4096,False,torch.float16,1234,5,256,256,1.7341264486312866,3.4856784343719482,11.23800277709961,0
synthetic,scale_0.75,4096,False,torch.float16,1234,5,1024,256,1.7564501762390137,4.374828338623047,30.797544479370117,0
synthetic,scale_0.75,4096,False,torch.float16,1234,6,64,256,2.0752429962158203,3.7087996006011963,5.0843729972839355,0
synthetic,scale_0.75,4096,False,torch.float16,1234,6,256,256,1.823194980621338,3.861196517944336,9.714078903198242,0
synthetic,scale_0.75,4096,False,torch.float16,1234,6,1024,256,1.6191084384918213,3.6321513652801514,8.283397674560547,0
synthetic,scale_0.75,4096,False,torch.float16,1234,7,64,256,2.2570838928222656,3.9343695640563965,8.930499076843262,0
synthetic,scale_0.75,4096,False,torch.float16,1234,7,256,256,1.9800258874893188,4.036861419677734,7.082785129547119,0
synthetic,scale_0.75,4096,False,torch.float16,1234,7,1024,256,1.4252822399139404,3.1440155506134033,7.293224811553955,0
synthetic,scale_0.75,4096,False,torch.float16,2345,0,64,256,2.3658318519592285,4.4817938804626465,10.11068058013916,0
synthetic,scale_0.75,4096,False,torch.float16,2345,0,256,256,1.4729056358337402,2.8724164962768555,6.5356669425964355,0
synthetic,scale_0.75,4096,False,torch.float16,2345,0,1024,256,1.2535934448242188,2.7331206798553467,6.0496673583984375,0
synthetic,scale_0.75,4096,False,torch.float16,2345,1,64,256,2.4314229488372803,4.631751537322998,8.888981819152832,0
synthetic,scale_0.75,4096,False,torch.float16,2345,1,256,256,1.7643225193023682,3.4902291297912598,6.655410289764404,0
synthetic,scale_0.75,4096,False,torch.float16,2345,1,1024,256,1.296205759048462,2.6591084003448486,13.199984550476074,0
synthetic,scale_0.75,4096,False,torch.float16,2345,2,64,256,3.4892024993896484,8.583349227905273,17.18115234375,0
synthetic,scale_0.75,4096,False,torch.float16,2345,2,256,256,1.9931633472442627,4.9059295654296875,7.851696491241455,0
synthetic,scale_0.75,4096,False,torch.float16,2345,2,1024,256,1.432769536972046,2.765812397003174,7.09486198425293,0
synthetic,scale_0.75,4096,False,torch.float16,2345,3,64,256,2.8379502296447754,5.806702613830566,9.212752342224121,0
synthetic,scale_0.75,4096,False,torch.float16,2345,3,256,256,2.0365076065063477,4.581239700317383,8.09954833984375,0
synthetic,scale_0.75,4096,False,torch.float16,2345,3,1024,256,1.515259027481079,3.1361687183380127,11.42503833770752,0
synthetic,scale_0.75,4096,False,torch.float16,2345,4,64,256,2.571094274520874,4.706235885620117,8.74660873413086,0
synthetic,scale_0.75,4096,False,torch.float16,2345,4,256,256,1.8651026487350464,4.02983283996582,8.378811836242676,0
synthetic,scale_0.75,4096,False,torch.float16,2345,4,1024,256,1.661896824836731,4.285030841827393,7.917113304138184,0
synthetic,scale_0.75,4096,False,torch.float16,2345,5,64,256,2.1409988403320312,4.216836929321289,7.024951457977295,0
synthetic,scale_0.75,4096,False,torch.float16,2345,5,256,256,1.846893310546875,3.9128599166870117,10.113198280334473,0
synthetic,scale_0.75,4096,False,torch.float16,2345,5,1024,256,1.1958383321762085,2.300632953643799,7.9822187423706055,0
synthetic,scale_0.75,4096,False,torch.float16,2345,6,64,256,2.4403269290924072,5.34210729598999,9.459172248840332,0
synthetic,scale_0.75,4096,False,torch.float16,2345,6,256,256,1.6162524223327637,3.3051531314849854,9.507259368896484,0
synthetic,scale_0.75,4096,False,torch.float16,2345,6,1024,256,1.4462623596191406,3.462388038635254,8.281428337097168,0
synthetic,scale_0.75,4096,False,torch.float16,2345,7,64,256,3.453758716583252,7.511660575866699,14.093405723571777,0
synthetic,scale_0.75,4096,False,torch.float16,2345,7,256,256,1.989983081817627,4.359300136566162,9.955479621887207,0
synthetic,scale_0.75,4096,False,torch.float16,2345,7,1024,256,1.4126185178756714,3.3405675888061523,5.80188512802124,0
synthetic,scale_0.75,4096,False,torch.float16,3456,0,64,256,2.8035168647766113,5.580849647521973,10.393457412719727,0
synthetic,scale_0.75,4096,False,torch.float16,3456,0,256,256,2.1976239681243896,4.127951622009277,17.174795150756836,0
synthetic,scale_0.75,4096,False,torch.float16,3456,0,1024,256,1.6670355796813965,3.2080612182617188,11.165993690490723,0
synthetic,scale_0.75,4096,False,torch.float16,3456,1,64,256,2.550150156021118,5.498363018035889,13.247331619262695,0
synthetic,scale_0.75,4096,False,torch.float16,3456,1,256,256,1.9544579982757568,3.935791015625,13.022538185119629,0
synthetic,scale_0.75,4096,False,torch.float16,3456,1,1024,256,1.9202982187271118,4.280473709106445,21.857608795166016,0
synthetic,scale_0.75,4096,False,torch.float16,3456,2,64,256,2.1769962310791016,3.79953932762146,11.067753791809082,0
synthetic,scale_0.75,4096,False,torch.float16,3456,2,256,256,2.174720287322998,4.746844291687012,14.790298461914062,0
synthetic,scale_0.75,4096,False,torch.float16,3456,2,1024,256,1.8110215663909912,4.513420104980469,10.43909740447998,0
synthetic,scale_0.75,4096,False,torch.float16,3456,3,64,256,2.8604073524475098,5.757399559020996,10.168412208557129,0
synthetic,scale_0.75,4096,False,torch.float16,3456,3,256,256,1.9495387077331543,3.9821200370788574,7.568848609924316,0
synthetic,scale_0.75,4096,False,torch.float16,3456,3,1024,256,2.6205945014953613,8.93867015838623,18.383947372436523,0
synthetic,scale_0.75,4096,False,torch.float16,3456,4,64,256,2.4592795372009277,4.6775336265563965,9.801816940307617,0
synthetic,scale_0.75,4096,False,torch.float16,3456,4,256,256,1.755777359008789,3.7906579971313477,10.563966751098633,0
synthetic,scale_0.75,4096,False,torch.float16,3456,4,1024,256,1.4674025774002075,3.3296985626220703,10.68874740600586,0
synthetic,scale_0.75,4096,False,torch.float16,3456,5,64,256,2.780707597732544,5.646915435791016,7.985701084136963,0
synthetic,scale_0.75,4096,False,torch.float16,3456,5,256,256,1.946150541305542,4.339061737060547,10.166482925415039,0
synthetic,scale_0.75,4096,False,torch.float16,3456,5,1024,256,1.6167315244674683,4.27518892288208,8.186762809753418,0
synthetic,scale_0.75,4096,False,torch.float16,3456,6,64,256,2.4191927909851074,4.6901469230651855,10.474501609802246,0
synthetic,scale_0.75,4096,False,torch.float16,3456,6,256,256,2.1128175258636475,4.558372497558594,12.108819007873535,0
synthetic,scale_0.75,4096,False,torch.float16,3456,6,1024,256,1.6542325019836426,4.161423206329346,8.309285163879395,0
synthetic,scale_0.75,4096,False,torch.float16,3456,7,64,256,3.146967887878418,8.12810230255127,11.837170600891113,0
synthetic,scale_0.75,4096,False,torch.float16,3456,7,256,256,2.2497308254241943,4.534189224243164,7.188928604125977,0
synthetic,scale_0.75,4096,False,torch.float16,3456,7,1024,256,1.9444875717163086,4.393913269042969,24.988027572631836,0
synthetic,scale_0.75,4096,False,torch.float32,1234,0,64,256,2.3159914016723633,4.131954669952393,9.597475051879883,0
synthetic,scale_0.75,4096,False,torch.float32,1234,0,256,256,1.8610410690307617,4.074213027954102,7.966427326202393,0
synthetic,scale_0.75,4096,False,torch.float32,1234,0,1024,256,1.6735700368881226,3.7125844955444336,17.99744987487793,0
synthetic,scale_0.75,4096,False,torch.float32,1234,1,64,256,2.144054412841797,3.807429552078247,6.659212112426758,0
synthetic,scale_0.75,4096,False,torch.float32,1234,1,256,256,2.241344451904297,5.002946376800537,10.554487228393555,0
synthetic,scale_0.75,4096,False,torch.float32,1234,1,1024,256,1.531410574913025,3.237342357635498,15.111641883850098,0
synthetic,scale_0.75,4096,False,torch.float32,1234,2,64,256,2.2476038932800293,4.9079413414001465,8.115450859069824,0
synthetic,scale_0.75,4096,False,torch.float32,1234,2,256,256,2.16133975982666,4.1181535720825195,13.347875595092773,0
synthetic,scale_0.75,4096,False,torch.float32,1234,2,1024,256,1.3842072486877441,2.912076950073242,5.505137920379639,0
synthetic,scale_0.75,4096,False,torch.float32,1234,3,64,256,2.3379340171813965,4.407014846801758,6.300810813903809,0
synthetic,scale_0.75,4096,False,torch.float32,1234,3,256,256,2.261347770690918,5.3562822341918945,15.74181842803955,0
synthetic,scale_0.75,4096,False,torch.float32,1234,3,1024,256,1.7545490264892578,4.383119106292725,21.05097770690918,0
synthetic,scale_0.75,4096,False,torch.float32,1234,4,64,256,3.2153592109680176,7.660288333892822,17.594545364379883,0
synthetic,scale_0.75,4096,False,torch.float32,1234,4,256,256,2.604584217071533,6.462222099304199,20.342626571655273,0
synthetic,scale_0.75,4096,False,torch.float32,1234,4,1024,256,1.6768100261688232,4.1480278968811035,9.02275562286377,0
synthetic,scale_0.75,4096,False,torch.float32,1234,5,64,256,2.5774295330047607,6.046318054199219,12.337102890014648,0
synthetic,scale_0.75,4096,False,torch.float32,1234,5,256,256,1.7340880632400513,3.4857490062713623,11.236711502075195,0
synthetic,scale_0.75,4096,False,torch.float32,1234,5,1024,256,1.7567497491836548,4.375105857849121,30.807903289794922,0
synthetic,scale_0.75,4096,False,torch.float32,1234,6,64,256,2.0749387741088867,3.7057909965515137,5.082264423370361,0
synthetic,scale_0.75,4096,False,torch.float32,1234,6,256,256,1.823294997215271,3.862123489379883,9.715508460998535,0
synthetic,scale_0.75,4096,False,torch.float32,1234,6,1024,256,1.6192235946655273,3.6334426403045654,8.284804344177246,0
synthetic,scale_0.75,4096,False,torch.float32,1234,7,64,256,2.2569823265075684,3.933450222015381,8.931883811950684,0
synthetic,scale_0.75,4096,False,torch.float32,1234,7,256,256,1.9798526763916016,4.037341117858887,7.08108377456665,0
synthetic,scale_0.75,4096,False,torch.float32,1234,7,1024,256,1.4252147674560547,3.144083261489868,7.297242641448975,0
synthetic,scale_0.75,4096,False,torch.float32,2345,0,64,256,2.3658852577209473,4.483268737792969,10.111409187316895,0
synthetic,scale_0.75,4096,False,torch.float32,2345,0,256,256,1.4729270935058594,2.8719801902770996,6.53778600692749,0
synthetic,scale_0.75,4096,False,torch.float32,2345,0,1024,256,1.2535932064056396,2.735189437866211,6.047341823577881,0
synthetic,scale_0.75,4096,False,torch.float32,2345,1,64,256,2.4317121505737305,4.634137153625488,8.89547061920166,0
synthetic,scale_0.75,4096,False,torch.float32,2345,1,256,256,1.7642167806625366,3.487243413925171,6.654287815093994,0
synthetic,scale_0.75,4096,False,torch.float32,2345,1,1024,256,1.2962977886199951,2.6589014530181885,13.204483032226562,0
synthetic,scale_0.75,4096,False,torch.float32,2345,2,64,256,3.4894938468933105,8.585403442382812,17.18667984008789,0
synthetic,scale_0.75,4096,False,torch.float32,2345,2,256,256,1.9930778741836548,4.901800632476807,7.844940185546875,0
synthetic,scale_0.75,4096,False,torch.float32,2345,2,1024,256,1.4328739643096924,2.766841411590576,7.095923900604248,0
synthetic,scale_0.75,4096,False,torch.float32,2345,3,64,256,2.837678909301758,5.803969860076904,9.204668045043945,0
synthetic,scale_0.75,4096,False,torch.float32,2345,3,256,256,2.0364208221435547,4.581806182861328,8.105265617370605,0
synthetic,scale_0.75,4096,False,torch.float32,2345,3,1024,256,1.5152597427368164,3.1372666358947754,11.429672241210938,0
synthetic,scale_0.75,4096,False,torch.float32,2345,4,64,256,2.571310520172119,4.705686569213867,8.748074531555176,0
synthetic,scale_0.75,4096,False,torch.float32,2345,4,256,256,1.8650801181793213,4.030070781707764,8.376507759094238,0
synthetic,scale_0.75,4096,False,torch.float32,2345,4,1024,256,1.6618260145187378,4.28446102142334,7.918193340301514,0
synthetic,scale_0.75,4096,False,torch.float32,2345,5,64,256,2.1410937309265137,4.216980934143066,7.026025295257568,0
synthetic,scale_0.75,4096,False,torch.float32,2345,5,256,256,1.8469383716583252,3.9104013442993164,10.113191604614258,0
synthetic,scale_0.75,4096,False,torch.float32,2345,5,1024,256,1.1958917379379272,2.302155017852783,7.980432510375977,0
synthetic,scale_0.75,4096,False,torch.float32,2345,6,64,256,2.4401392936706543,5.339735984802246,9.460996627807617,0
synthetic,scale_0.75,4096,False,torch.float32,2345,6,256,256,1.6162753105163574,3.3035213947296143,9.50986385345459,0
synthetic,scale_0.75,4096,False,torch.float32,2345,6,1024,256,1.4460654258728027,3.4638500213623047,8.27479076385498,0
synthetic,scale_0.75,4096,False,torch.float32,2345,7,64,256,3.4540677070617676,7.515124320983887,14.099005699157715,0
synthetic,scale_0.75,4096,False,torch.float32,2345,7,256,256,1.9900039434432983,4.358556270599365,9.960326194763184,0
synthetic,scale_0.75,4096,False,torch.float32,2345,7,1024,256,1.4126873016357422,3.339860439300537,5.801784515380859,0
synthetic,scale_0.75,4096,False,torch.float32,3456,0,64,256,2.803342342376709,5.581205368041992,10.39523983001709,0
synthetic,scale_0.75,4096,False,torch.float32,3456,0,256,256,2.197556495666504,4.126868724822998,17.182104110717773,0
synthetic,scale_0.75,4096,False,torch.float32,3456,0,1024,256,1.667022466659546,3.207589626312256,11.164942741394043,0
synthetic,scale_0.75,4096,False,torch.float32,3456,1,64,256,2.5501155853271484,5.497182846069336,13.24831771850586,0
synthetic,scale_0.75,4096,False,torch.float32,3456,1,256,256,1.954601764678955,3.9358131885528564,13.020570755004883,0
synthetic,scale_0.75,4096,False,torch.float32,3456,1,1024,256,1.9204634428024292,4.280128479003906,21.862171173095703,0
synthetic,scale_0.75,4096,False,torch.float32,3456,2,64,256,2.1770176887512207,3.8003203868865967,11.070565223693848,0
synthetic,scale_0.75,4096,False,torch.float32,3456,2,256,256,2.1745076179504395,4.7465009689331055,14.784735679626465,0
synthetic,scale_0.75,4096,False,torch.float32,3456,2,1024,256,1.8108515739440918,4.512495040893555,10.437957763671875,0
synthetic,scale_0.75,4096,False,torch.float32,3456,3,64,256,2.8604917526245117,5.756434917449951,10.165695190429688,0
synthetic,scale_0.75,4096,False,torch.float32,3456,3,256,256,1.949507474899292,3.9836575984954834,7.5682549476623535,0
synthetic,scale_0.75,4096,False,torch.float32,3456,3,1024,256,2.621563673019409,8.945171356201172,18.397541046142578,0
synthetic,scale_0.75,4096,False,torch.float32,3456,4,64,256,2.4593505859375,4.679225921630859,9.800446510314941,0
synthetic,scale_0.75,4096,False,torch.float32,3456,4,256,256,1.7560162544250488,3.7914137840270996,10.570722579956055,0
synthetic,scale_0.75,4096,False,torch.float32,3456,4,1024,256,1.4673404693603516,3.329409599304199,10.680465698242188,0
synthetic,scale_0.75,4096,False,torch.float32,3456,5,64,256,2.7805230617523193,5.645176887512207,7.9856743812561035,0
synthetic,scale_0.75,4096,False,torch.float32,3456,5,256,256,1.9462306499481201,4.338871002197266,10.162593841552734,0
synthetic,scale_0.75,4096,False,torch.float32,3456,5,1024,256,1.6166396141052246,4.275436878204346,8.187681198120117,0
synthetic,scale_0.75,4096,False,torch.float32,3456,6,64,256,2.4191877841949463,4.68947696685791,10.471436500549316,0
synthetic,scale_0.75,4096,False,torch.float32,3456,6,256,256,2.1130428314208984,4.5600786209106445,12.115120887756348,0
synthetic,scale_0.75,4096,False,torch.float32,3456,6,1024,256,1.6543495655059814,4.16171932220459,8.310623168945312,0
synthetic,scale_0.75,4096,False,torch.float32,3456,7,64,256,3.1466751098632812,8.127774238586426,11.836469650268555,0
synthetic,scale_0.75,4096,False,torch.float32,3456,7,256,256,2.2498059272766113,4.532469272613525,7.18959379196167,0
synthetic,scale_0.75,4096,False,torch.float32,3456,7,1024,256,1.9446110725402832,4.395681381225586,24.98724937438965,0
synthetic,scale_0.75,4096,True,torch.float16,1234,0,64,256,2.174147605895996,4.024658203125,10.518471717834473,0
synthetic,scale_0.75,4096,True,torch.float16,1234,0,256,256,1.9115262031555176,4.565548896789551,11.424698829650879,0
synthetic,scale_0.75,4096,True,torch.float16,1234,0,1024,256,1.4554674625396729,3.269336700439453,9.760347366333008,0
synthetic,scale_0.75,4096,True,torch.float16,1234,1,64,256,2.0288050174713135,3.7321550846099854,6.652037143707275,0
synthetic,scale_0.75,4096,True,torch.float16,1234,1,256,256,1.9692189693450928,4.164124011993408,7.729986667633057,0
synthetic,scale_0.75,4096,True,torch.float16,1234,1,1024,256,1.4116541147232056,2.930161476135254,10.691031455993652,0
synthetic,scale_0.75,4096,True,torch.float16,1234,2,64,256,2.1525492668151855,5.008790016174316,8.89948558807373,0
synthetic,scale_0.75,4096,True,torch.float16,1234,2,256,256,2.0547285079956055,4.532908916473389,14.36463451385498,0
synthetic,scale_0.75,4096,True,torch.float16,1234,2,1024,256,1.2404831647872925,2.6710619926452637,6.62994909286499,0
synthetic,scale_0.75,4096,True,torch.float16,1234,3,64,256,2.089397430419922,3.665024757385254,5.656495571136475,0
synthetic,scale_0.75,4096,True,torch.float16,1234,3,256,256,1.9387491941452026,4.6005473136901855,16.209285736083984,0
synthetic,scale_0.75,4096,True,torch.float16,1234,3,1024,256,1.4491335153579712,3.9473319053649902,11.569137573242188,0
synthetic,scale_0.75,4096,True,torch.float16,1234,4,64,256,2.433216094970703,4.883275508880615,13.89326000213623,0
synthetic,scale_0.75,4096,True,torch.float16,1234,4,256,256,2.007194995880127,4.975104331970215,19.77061653137207,0
synthetic,scale_0.75,4096,True,torch.float16,1234,4,1024,256,1.4500445127487183,3.810762643814087,8.34623908996582,0
synthetic,scale_0.75,4096,True,torch.float16,1234,5,64,256,2.63704776763916,7.407796382904053,13.99434757232666,0
synthetic,scale_0.75,4096,True,torch.float16,1234,5,256,256,1.6132549047470093,3.315829277038574,11.553837776184082,0
synthetic,scale_0.75,4096,True,torch.float16,1234,5,1024,256,1.4180622100830078,2.936492443084717,15.749114990234375,0
synthetic,scale_0.75,4096,True,torch.float16,1234,6,64,256,1.94820237159729,3.1883819103240967,7.943275451660156,0
synthetic,scale_0.75,4096,True,torch.float16,1234,6,256,256,1.8174793720245361,3.9788737297058105,11.779641151428223,0
synthetic,scale_0.75,4096,True,torch.float16,1234,6,1024,256,1.4781956672668457,3.122957944869995,8.887052536010742,0
synthetic,scale_0.75,4096,True,torch.float16,1234,7,64,256,2.0819177627563477,3.930253028869629,10.676610946655273,0
synthetic,scale_0.75,4096,True,torch.float16,1234,7,256,256,1.9000444412231445,4.214850902557373,8.764213562011719,0
synthetic,scale_0.75,4096,True,torch.float16,1234,7,1024,256,1.1815500259399414,2.7850658893585205,5.083470344543457,0
synthetic,scale_0.75,4096,True,torch.float16,2345,0,64,256,2.2502553462982178,4.2879133224487305,7.182812213897705,0
synthetic,scale_0.75,4096,True,torch.float16,2345,0,256,256,1.4930506944656372,2.7852368354797363,7.210535526275635,0
synthetic,scale_0.75,4096,True,torch.float16,2345,0,1024,256,1.2213327884674072,2.8278796672821045,3.998307228088379,0
synthetic,scale_0.75,4096,True,torch.float16,2345,1,64,256,2.2668251991271973,4.223608016967773,9.08503532409668,0
synthetic,scale_0.75,4096,True,torch.float16,2345,1,256,256,1.6374340057373047,3.4788575172424316,10.205236434936523,0
synthetic,scale_0.75,4096,True,torch.float16,2345,1,1024,256,1.1371960639953613,2.6221365928649902,4.746761322021484,0
synthetic,scale_0.75,4096,True,torch.float16,2345,2,64,256,3.461988687515259,10.279313087463379,20.97895622253418,0
synthetic,scale_0.75,4096,True,torch.float16,2345,2,256,256,1.8472963571548462,4.224503517150879,10.121265411376953,0
synthetic,scale_0.75,4096,True,torch.float16,2345,2,1024,256,1.378269910812378,2.780174493789673,7.261024475097656,0
synthetic,scale_0.75,4096,True,torch.float16,2345,3,64,256,2.409846067428589,5.247413635253906,10.332374572753906,0
synthetic,scale_0.75,4096,True,torch.float16,2345,3,256,256,1.6311302185058594,3.4403281211853027,6.906291484832764,0
synthetic,scale_0.75,4096,True,torch.float16,2345,3,1024,256,1.2943172454833984,2.8763160705566406,11.429409980773926,0
synthetic,scale_0.75,4096,True,torch.float16,2345,4,64,256,2.4918839931488037,5.1098785400390625,8.624926567077637,0
synthetic,scale_0.75,4096,True,torch.float16,2345,4,256,256,1.7718596458435059,3.9805171489715576,8.35285758972168,0
synthetic,scale_0.75,4096,True,torch.float16,2345,4,1024,256,1.3942897319793701,3.1839351654052734,7.402044296264648,0
synthetic,scale_0.75,4096,True,torch.float16,2345,5,64,256,2.060851812362671,4.238774299621582,6.505893230438232,0
synthetic,scale_0.75,4096,True,torch.float16,2345,5,256,256,1.631131887435913,3.92997407913208,10.088316917419434,0
synthetic,scale_0.75,4096,True,torch.float16,2345,5,1024,256,1.0729691982269287,2.2413995265960693,4.5946526527404785,0
synthetic,scale_0.75,4096,True,torch.float16,2345,6,64,256,2.2236647605895996,4.580500602722168,9.291563987731934,0
synthetic,scale_0.75,4096,True,torch.float16,2345,6,256,256,1.5853328704833984,3.4918155670166016,9.966279029846191,0
synthetic,scale_0.75,4096,True,torch.float16,2345,6,1024,256,1.1816424131393433,2.481355905532837,7.3849406242370605,0
synthetic,scale_0.75,4096,True,torch.float16,2345,7,64,256,2.8880152702331543,6.760710716247559,15.035444259643555,0
synthetic,scale_0.75,4096,True,torch.float16,2345,7,256,256,1.781599760055542,3.8760597705841064,11.04078483581543,0
synthetic,scale_0.75,4096,True,torch.float16,2345,7,1024,256,1.3044817447662354,2.9525270462036133,6.081207275390625,0
synthetic,scale_0.75,4096,True,torch.float16,3456,0,64,256,2.447984457015991,5.1246490478515625,11.637825965881348,0
synthetic,scale_0.75,4096,True,torch.float16,3456,0,256,256,1.7451653480529785,3.6667709350585938,9.199604034423828,0
synthetic,scale_0.75,4096,True,torch.float16,3456,0,1024,256,1.443114995956421,2.935041904449463,11.240422248840332,0
synthetic,scale_0.75,4096,True,torch.float16,3456,1,64,256,2.3405308723449707,5.1229047775268555,13.54709529876709,0
synthetic,scale_0.75,4096,True,torch.float16,3456,1,256,256,1.5676463842391968,3.2094860076904297,5.4300947189331055,0
synthetic,scale_0.75,4096,True,torch.float16,3456,1,1024,256,1.612439751625061,3.46773362159729,25.690948486328125,0
synthetic,scale_0.75,4096,True,torch.float16,3456,2,64,256,2.0606396198272705,3.9447827339172363,10.987728118896484,0
synthetic,scale_0.75,4096,True,torch.float16,3456,2,256,256,1.8845772743225098,4.210754871368408,18.59648323059082,0
synthetic,scale_0.75,4096,True,torch.float16,3456,2,1024,256,1.536057710647583,3.7302231788635254,8.514359474182129,0
synthetic,scale_0.75,4096,True,torch.float16,3456,3,64,256,2.3404650688171387,4.969717025756836,10.09144115447998,0
synthetic,scale_0.75,4096,True,torch.float16,3456,3,256,256,1.8008673191070557,3.9365499019622803,7.9542036056518555,0
synthetic,scale_0.75,4096,True,torch.float16,3456,3,1024,256,1.7924079895019531,4.630227088928223,17.066184997558594,0
synthetic,scale_0.75,4096,True,torch.float16,3456,4,64,256,2.0919156074523926,3.7220752239227295,12.095551490783691,0
synthetic,scale_0.75,4096,True,torch.float16,3456,4,256,256,1.76505446434021,3.8024837970733643,10.825091361999512,0
synthetic,scale_0.75,4096,True,torch.float16,3456,4,1024,256,1.3488078117370605,3.181839942932129,6.988913536071777,0
synthetic,scale_0.75,4096,True,torch.float16,3456,5,64,256,2.578739643096924,4.909162998199463,10.695085525512695,0
synthetic,scale_0.75,4096,True,torch.float16,3456,5,256,256,1.8046021461486816,3.7172510623931885,8.963489532470703,0
synthetic,scale_0.75,4096,True,torch.float16,3456,5,1024,256,1.5384349822998047,3.9006614685058594,9.778166770935059,0
synthetic,scale_0.75,4096,True,torch.float16,3456,6,64,256,2.3454670906066895,5.035099506378174,12.556755065917969,0
synthetic,scale_0.75,4096,True,torch.float16,3456,6,256,256,1.8505046367645264,4.914251327514648,12.185654640197754,0
synthetic,scale_0.75,4096,True,torch.float16,3456,6,1024,256,1.4776231050491333,3.8950746059417725,8.743671417236328,0
synthetic,scale_0.75,4096,True,torch.float16,3456,7,64,256,2.571805000305176,6.189729690551758,11.94170093536377,0
synthetic,scale_0.75,4096,True,torch.float16,3456,7,256,256,1.7897179126739502,3.9619221687316895,6.623939514160156,0
synthetic,scale_0.75,4096,True,torch.float16,3456,7,1024,256,1.6452622413635254,4.559810161590576,19.470735549926758,0
synthetic,scale_0.75,4096,True,torch.float32,1234,0,64,256,2.173896312713623,4.021819591522217,10.518355369567871,0
synthetic,scale_0.75,4096,True,torch.float32,1234,0,256,256,1.9115058183670044,4.564691543579102,11.4227876663208,0
synthetic,scale_0.75,4096,True,torch.float32,1234,0,1024,256,1.4555342197418213,3.268252372741699,9.761429786682129,0
synthetic,scale_0.75,4096,True,torch.float32,1234,1,64,256,2.0289242267608643,3.732396364212036,6.652963638305664,0
synthetic,scale_0.75,4096,True,torch.float32,1234,1,256,256,1.9692823886871338,4.16438102722168,7.727878570556641,0
synthetic,scale_0.75,4096,True,torch.float32,1234,1,1024,256,1.4116592407226562,2.930001735687256,10.687187194824219,0
synthetic,scale_0.75,4096,True,torch.float32,1234,2,64,256,2.152449607849121,5.008535861968994,8.89449691772461,0
synthetic,scale_0.75,4096,True,torch.float32,1234,2,256,256,2.05472993850708,4.533049583435059,14.36888313293457,0
synthetic,scale_0.75,4096,True,torch.float32,1234,2,1024,256,1.2405096292495728,2.6707873344421387,6.62758207321167,0
synthetic,scale_0.75,4096,True,torch.float32,1234,3,64,256,2.0894458293914795,3.6651651859283447,5.658910274505615,0
synthetic,scale_0.75,4096,True,torch.float32,1234,3,256,256,1.938683271408081,4.602703094482422,16.202373504638672,0
synthetic,scale_0.75,4096,True,torch.float32,1234,3,1024,256,1.449187159538269,3.9467782974243164,11.568609237670898,0
synthetic,scale_0.75,4096,True,torch.float32,1234,4,64,256,2.4333744049072266,4.88410758972168,13.89766788482666,0
synthetic,scale_0.75,4096,True,torch.float32,1234,4,256,256,2.0073165893554688,4.974773406982422,19.7698974609375,0
synthetic,scale_0.75,4096,True,torch.float32,1234,4,1024,256,1.4500244855880737,3.812420129776001,8.349245071411133,0
synthetic,scale_0.75,4096,True,torch.float32,1234,5,64,256,2.6370930671691895,7.409693717956543,13.996406555175781,0
synthetic,scale_0.75,4096,True,torch.float32,1234,5,256,256,1.6132241487503052,3.3156261444091797,11.552556991577148,0
synthetic,scale_0.75,4096,True,torch.float32,1234,5,1024,256,1.4181797504425049,2.9360642433166504,15.755218505859375,0
synthetic,scale_0.75,4096,True,torch.float32,1234,6,64,256,1.9480153322219849,3.188016891479492,7.939086437225342,0
synthetic,scale_0.75,4096,True,torch.float32,1234,6,256,256,1.8176019191741943,3.9780375957489014,11.781266212463379,0
synthetic,scale_0.75,4096,True,torch.float32,1234,6,1024,256,1.478306531906128,3.123246192932129,8.891115188598633,0
synthetic,scale_0.75,4096,True,torch.float32,1234,7,64,256,2.081862688064575,3.930384874343872,10.678133010864258,0
synthetic,scale_0.75,4096,True,torch.float32,1234,7,256,256,1.8999719619750977,4.216342926025391,8.7623872756958,0
synthetic,scale_0.75,4096,True,torch.float32,1234,7,1024,256,1.1815779209136963,2.788175106048584,5.082274436950684,0
synthetic,scale_0.75,4096,True,torch.float32,2345,0,64,256,2.250279426574707,4.2859649658203125,7.182543754577637,0
synthetic,scale_0.75,4096,True,torch.float32,2345,0,256,256,1.493159294128418,2.7867743968963623,7.213214874267578,0
synthetic,scale_0.75,4096,True,torch.float32,2345,0,1024,256,1.2213202714920044,2.8288869857788086,3.998587131500244,0
synthetic,scale_0.75,4096,True,torch.float32,2345,1,64,256,2.2669849395751953,4.224315166473389,9.091567993164062,0
synthetic,scale_0.75,4096,True,torch.float32,2345,1,256,256,1.637308955192566,3.4785120487213135,10.20206069946289,0
synthetic,scale_0.75,4096,True,torch.float32,2345,1,1024,256,1.1371856927871704,2.621753454208374,4.742120742797852,0
synthetic,scale_0.75,4096,True,torch.float32,2345,2,64,256,3.4627368450164795,10.284465789794922,20.984054565429688,0
synthetic,scale_0.75,4096,True,torch.float32,2345,2,256,256,1.847214937210083,4.225278377532959,10.118663787841797,0
synthetic,scale_0.75,4096,True,torch.float32,2345,2,1024,256,1.3783775568008423,2.7793779373168945,7.262126922607422,0
synthetic,scale_0.75,4096,True,torch.float32,2345,3,64,256,2.409595489501953,5.245612144470215,10.324471473693848,0
synthetic,scale_0.75,4096,True,torch.float32,2345,3,256,256,1.631030559539795,3.4397132396698,6.904110431671143,0
synthetic,scale_0.75,4096,True,torch.float32,2345,3,1024,256,1.2943087816238403,2.8768272399902344,11.431045532226562,0
synthetic,scale_0.75,4096,True,torch.float32,2345,4,64,256,2.4921298027038574,5.112748146057129,8.626504898071289,0
synthetic,scale_0.75,4096,True,torch.float32,2345,4,256,256,1.7718725204467773,3.982201337814331,8.353243827819824,0
synthetic,scale_0.75,4096,True,torch.float32,2345,4,1024,256,1.3942123651504517,3.184155225753784,7.401852130889893,0
synthetic,scale_0.75,4096,True,torch.float32,2345,5,64,256,2.0609216690063477,4.239223480224609,6.50667142868042,0
synthetic,scale_0.75,4096,True,torch.float32,2345,5,256,256,1.6310038566589355,3.926633834838867,10.086080551147461,0
synthetic,scale_0.75,4096,True,torch.float32,2345,5,1024,256,1.0730397701263428,2.2406163215637207,4.59509801864624,0
synthetic,scale_0.75,4096,True,torch.float32,2345,6,64,256,2.2233996391296387,4.58024263381958,9.28996753692627,0
synthetic,scale_0.75,4096,True,torch.float32,2345,6,256,256,1.5853557586669922,3.492720127105713,9.963688850402832,0
synthetic,scale_0.75,4096,True,torch.float32,2345,6,1024,256,1.1815882921218872,2.480609893798828,7.384274005889893,0
synthetic,scale_0.75,4096,True,torch.float32,2345,7,64,256,2.8884449005126953,6.76180362701416,15.03933334350586,0
synthetic,scale_0.75,4096,True,torch.float32,2345,7,256,256,1.7817466259002686,3.8775057792663574,11.049707412719727,0
synthetic,scale_0.75,4096,True,torch.float32,2345,7,1024,256,1.3045977354049683,2.9535574913024902,6.08095645904541,0
synthetic,scale_0.75,4096,True,torch.float32,3456,0,64,256,2.4478530883789062,5.123726844787598,11.63128662109375,0
synthetic,scale_0.75,4096,True,torch.float32,3456,0,256,256,1.7451328039169312,3.6674561500549316,9.195392608642578,0
synthetic,scale_0.75,4096,True,torch.float32,3456,0,1024,256,1.443099856376648,2.9360289573669434,11.239575386047363,0
synthetic,scale_0.75,4096,True,torch.float32,3456,1,64,256,2.3405423164367676,5.123315811157227,13.547999382019043,0
synthetic,scale_0.75,4096,True,torch.float32,3456,1,256,256,1.5676922798156738,3.2093122005462646,5.431277751922607,0
synthetic,scale_0.75,4096,True,torch.float32,3456,1,1024,256,1.612520456314087,3.466909170150757,25.695444107055664,0
synthetic,scale_0.75,4096,True,torch.float32,3456,2,64,256,2.0606191158294678,3.9439902305603027,10.989891052246094,0
synthetic,scale_0.75,4096,True,torch.float32,3456,2,256,256,1.8845152854919434,4.211366176605225,18.593490600585938,0
synthetic,scale_0.75,4096,True,torch.float32,3456,2,1024,256,1.535942792892456,3.7295234203338623,8.513676643371582,0
synthetic,scale_0.75,4096,True,torch.float32,3456,3,64,256,2.3404111862182617,4.968770980834961,10.088521957397461,0
synthetic,scale_0.75,4096,True,torch.float32,3456,3,256,256,1.8008043766021729,3.935786724090576,7.9563775062561035,0
synthetic,scale_0.75,4096,True,torch.float32,3456,3,1024,256,1.7927860021591187,4.629613876342773,17.073999404907227,0
synthetic,scale_0.75,4096,True,torch.float32,3456,4,64,256,2.0917224884033203,3.7205121517181396,12.093789100646973,0
synthetic,scale_0.75,4096,True,torch.float32,3456,4,256,256,1.7653331756591797,3.8024654388427734,10.831958770751953,0
synthetic,scale_0.75,4096,True,torch.float32,3456,4,1024,256,1.3487846851348877,3.1825661659240723,6.988234996795654,0
synthetic,scale_0.75,4096,True,torch.float32,3456,5,64,256,2.5786447525024414,4.908595085144043,10.694877624511719,0
synthetic,scale_0.75,4096,True,torch.float32,3456,5,256,256,1.8047304153442383,3.717750072479248,8.963807106018066,0
synthetic,scale_0.75,4096,True,torch.float32,3456,5,1024,256,1.538395881652832,3.900956392288208,9.780244827270508,0
synthetic,scale_0.75,4096,True,torch.float32,3456,6,64,256,2.345402717590332,5.032992362976074,12.553180694580078,0
synthetic,scale_0.75,4096,True,torch.float32,3456,6,256,256,1.8505871295928955,4.915262699127197,12.191505432128906,0
synthetic,scale_0.75,4096,True,torch.float32,3456,6,1024,256,1.4776660203933716,3.8948864936828613,8.74368667602539,0
synthetic,scale_0.75,4096,True,torch.float32,3456,7,64,256,2.571639060974121,6.189892768859863,11.940851211547852,0
synthetic,scale_0.75,4096,True,torch.float32,3456,7,256,256,1.7897591590881348,3.9622793197631836,6.621174335479736,0
synthetic,scale_0.75,4096,True,torch.float32,3456,7,1024,256,1.6453948020935059,4.562656402587891,19.4814453125,0
synthetic,scale_1.0,4096,False,torch.float16,1234,0,64,256,4.47965145111084,9.565675735473633,19.357084274291992,0
synthetic,scale_1.0,4096,False,torch.float16,1234,0,256,256,4.2484283447265625,10.571256637573242,16.648977279663086,0
synthetic,scale_1.0,4096,False,torch.float16,1234,0,1024,256,4.455796241760254,11.653120994567871,27.35450553894043,0
synthetic,scale_1.0,4096,False,torch.float16,1234,1,64,256,3.903347969055176,8.685131072998047,12.827868461608887,0
synthetic,scale_1.0,4096,False,torch.float16,1234,1,256,256,4.933974742889404,11.550700187683105,20.17485237121582,0
synthetic,scale_1.0,4096,False,torch.float16,1234,1,1024,256,3.6869406700134277,8.138996124267578,17.672138214111328,0
synthetic,scale_1.0,4096,False,torch.float16,1234,2,64,256,4.372326850891113,9.896480560302734,14.466378211975098,0
synthetic,scale_1.0,4096,False,torch.float16,1234,2,256,256,5.304105758666992,12.165778160095215,24.90560531616211,0
synthetic,scale_1.0,4096,False,torch.float16,1234,2,1024,256,3.826162576675415,8.456628799438477,20.59563446044922,0
synthetic,scale_1.0,4096,False,torch.float16,1234,3,64,256,4.3450822830200195,8.50594711303711,14.416101455688477,0
synthetic,scale_1.0,4096,False,torch.float16,1234,3,256,256,5.181427001953125,13.261503219604492,28.64788818359375,0
synthetic,scale_1.0,4096,False,torch.float16,1234,3,1024,256,4.676187038421631,11.753000259399414,26.151763916015625,0
synthetic,scale_1.0,4096,False,torch.float16,1234,4,64,256,6.597863674163818,16.756589889526367,25.302974700927734,0
synthetic,scale_1.0,4096,False,torch.float16,1234,4,256,256,5.851996898651123,15.277669906616211,36.28997802734375,0
synthetic,scale_1.0,4096,False,torch.float16,1234,4,1024,256,4.684761047363281,12.643712997436523,30.527324676513672,0
synthetic,scale_1.0,4096,False,torch.float16,1234,5,64,256,5.503591537475586,14.802590370178223,24.430469512939453,0
synthetic,scale_1.0,4096,False,torch.float16,1234,5,256,256,4.046691417694092,8.919946670532227,20.499561309814453,0
synthetic,scale_1.0,4096,False,torch.float16,1234,5,1024,256,4.8175740242004395,13.143009185791016,39.70969009399414,0
synthetic,scale_1.0,4096,False,torch.float16,1234,6,64,256,4.211767196655273,8.73476505279541,14.318740844726562,0
synthetic,scale_1.0,4096,False,torch.float16,1234,6,256,256,4.207818984985352,8.426328659057617,21.468217849731445,0
synthetic,scale_1.0,4096,False,torch.float16,1234,6,1024,256,4.382408618927002,10.971003532409668,22.00038719177246,0
synthetic,scale_1.0,4096,False,torch.float16,1234,7,64,256,4.051671504974365,8.019454956054688,16.212732315063477,0
synthetic,scale_1.0,4096,False,torch.float16,1234,7,256,256,4.1692657470703125,8.21051025390625,14.618005752563477,0
synthetic,scale_1.0,4096,False,torch.float16,1234,7,1024,256,3.7573399543762207,8.299407958984375,24.331621170043945,0
synthetic,scale_1.0,4096,False,torch.float16,2345,0,64,256,5.047878742218018,10.758549690246582,17.251663208007812,0
synthetic,scale_1.0,4096,False,torch.float16,2345,0,256,256,3.3928277492523193,7.534221649169922,16.043081283569336,0
synthetic,scale_1.0,4096,False,torch.float16,2345,0,1024,256,3.5175466537475586,8.28618049621582,19.461963653564453,0
synthetic,scale_1.0,4096,False,torch.float16,2345,1,64,256,4.625086784362793,8.636608123779297,17.161230087280273,0
synthetic,scale_1.0,4096,False,torch.float16,2345,1,256,256,4.151142597198486,9.99073600769043,18.69915199279785,0
synthetic,scale_1.0,4096,False,torch.float16,2345,1,1024,256,3.4519922733306885,7.988786697387695,29.006662368774414,0
synthetic,scale_1.0,4096,False,torch.float16,2345,2,64,256,7.518565654754639,20.49738883972168,35.64101028442383,0
synthetic,scale_1.0,4096,False,torch.float16,2345,2,256,256,4.299801826477051,10.22755241394043,18.024188995361328,0
synthetic,scale_1.0,4096,False,torch.float16,2345,2,1024,256,3.760143280029297,8.654318809509277,18.289180755615234,0
synthetic,scale_1.0,4096,False,torch.float16,2345,3,64,256,5.41135311126709,12.030889511108398,17.23879623413086,0
synthetic,scale_1.0,4096,False,torch.float16,2345,3,256,256,4.362067699432373,10.045082092285156,21.278087615966797,0
synthetic,scale_1.0,4096,False,torch.float16,2345,3,1024,256,3.7058706283569336,7.82126522064209,25.672977447509766,0
synthetic,scale_1.0,4096,False,torch.float16,2345,4,64,256,4.9316816329956055,10.459468841552734,14.385588645935059,0
synthetic,scale_1.0,4096,False,torch.float16,2345,4,256,256,4.153168201446533,9.04908561706543,25.099382400512695,0
synthetic,scale_1.0,4096,False,torch.float16,2345,4,1024,256,4.552982330322266,12.876877784729004,24.470481872558594,0
synthetic,scale_1.0,4096,False,torch.float16,2345,5,64,256,4.228019714355469,8.164752960205078,11.894140243530273,0
synthetic,scale_1.0,4096,False,torch.float16,2345,5,256,256,4.952219009399414,12.384702682495117,22.419536590576172,0
synthetic,scale_1.0,4096,False,torch.float16,2345,5,1024,256,3.4498062133789062,7.556142807006836,19.058670043945312,0
synthetic,scale_1.0,4096,False,torch.float16,2345,6,64,256,5.037351608276367,10.501437187194824,19.306621551513672,0
synthetic,scale_1.0,4096,False,torch.float16,2345,6,256,256,3.7760705947875977,9.1063871383667,19.267663955688477,0
synthetic,scale_1.0,4096,False,torch.float16,2345,6,1024,256,4.373227596282959,10.711210250854492,25.49469757080078,0
synthetic,scale_1.0,4096,False,torch.float16,2345,7,64,256,7.006192207336426,17.317115783691406,27.915651321411133,0
synthetic,scale_1.0,4096,False,torch.float16,2345,7,256,256,4.242536544799805,9.698949813842773,15.158028602600098,0
synthetic,scale_1.0,4096,False,torch.float16,2345,7,1024,256,3.552417755126953,8.989397048950195,15.030739784240723,0
synthetic,scale_1.0,4096,False,torch.float16,3456,0,64,256,5.712491989135742,13.433452606201172,21.75484275817871,0
synthetic,scale_1.0,4096,False,torch.float16,3456,0,256,256,4.901097297668457,10.067222595214844,28.382976531982422,0
synthetic,scale_1.0,4096,False,torch.float16,3456,0,1024,256,4.377201080322266,9.927347183227539,21.957685470581055,0
synthetic,scale_1.0,4096,False,torch.float16,3456,1,64,256,5.147927761077881,13.988554000854492,28.504058837890625,0
synthetic,scale_1.0,4096,False,torch.float16,3456,1,256,256,4.330329895019531,9.677068710327148,19.791946411132812,0
synthetic,scale_1.0,4096,False,torch.float16,3456,1,1024,256,5.204935073852539,13.938010215759277,32.833858489990234,0
synthetic,scale_1.0,4096,False,torch.float16,3456,2,64,256,4.090821743011475,7.767548084259033,16.83995246887207,0
synthetic,scale_1.0,4096,False,torch.float16,3456,2,256,256,4.888614654541016,12.538084030151367,38.3147087097168,0
synthetic,scale_1.0,4096,False,torch.float16,3456,2,1024,256,4.600832939147949,11.725363731384277,24.44171905517578,0
synthetic,scale_1.0,4096,False,torch.float16,3456,3,64,256,4.972670555114746,9.77412223815918,16.123626708984375,0
synthetic,scale_1.0,4096,False,torch.float16,3456,3,256,256,4.1080732345581055,9.435802459716797,13.623542785644531,0
synthetic,scale_1.0,4096,False,torch.float16,3456,3,1024,256,6.752407073974609,22.643474578857422,38.03725814819336,0
synthetic,scale_1.0,4096,False,torch.float16,3456,4,64,256,5.04847526550293,11.63583755493164,21.391450881958008,0
synthetic,scale_1.0,4096,False,torch.float16,3456,4,256,256,4.079693794250488,9.63740348815918,26.150476455688477,0
synthetic,scale_1.0,4096,False,torch.float16,3456,4,1024,256,3.9985432624816895,8.560060501098633,23.88886260986328,0
synthetic,scale_1.0,4096,False,torch.float16,3456,5,64,256,5.178636074066162,10.064613342285156,15.69464111328125,0
synthetic,scale_1.0,4096,False,torch.float16,3456,5,256,256,4.40997314453125,9.392838478088379,20.738143920898438,0
synthetic,scale_1.0,4096,False,torch.float16,3456,5,1024,256,4.340055465698242,11.425089836120605,19.830495834350586,0
synthetic,scale_1.0,4096,False,torch.float16,3456,6,64,256,4.564637184143066,9.00480842590332,15.734058380126953,0
synthetic,scale_1.0,4096,False,torch.float16,3456,6,256,256,4.961596488952637,11.442384719848633,21.991634368896484,0
synthetic,scale_1.0,4096,False,torch.float16,3456,6,1024,256,4.612179756164551,11.187399864196777,17.972537994384766,0
synthetic,scale_1.0,4096,False,torch.float16,3456,7,64,256,5.63716983795166,13.450959205627441,21.231260299682617,0
synthetic,scale_1.0,4096,False,torch.float16,3456,7,256,256,4.8707051277160645,10.38379192352295,19.456619262695312,0
synthetic,scale_1.0,4096,False,torch.float16,3456,7,1024,256,5.047792911529541,11.796049118041992,34.28809356689453,0
synthetic,scale_1.0,4096,False,torch.float32,1234,0,64,256,4.479849815368652,9.567039489746094,19.35182762145996,0
synthetic,scale_1.0,4096,False,torch.float32,1234,0,256,256,4.248651504516602,10.571799278259277,16.654155731201172,0
synthetic,scale_1.0,4096,False,torch.float32,1234,0,1024,256,4.456045150756836,11.655633926391602,27.365474700927734,0
synthetic,scale_1.0,4096,False,torch.float32,1234,1,64,256,3.9030346870422363,8.685214042663574,12.828410148620605,0
synthetic,scale_1.0,4096,False,torch.float32,1234,1,256,256,4.9343976974487305,11.54918098449707,20.178543090820312,0
synthetic,scale_1.0,4096,False,torch.float32,1234,1,1024,256,3.68705153465271,8.139179229736328,17.672468185424805,0
synthetic,scale_1.0,4096,False,torch.float32,1234,2,64,256,4.372008323669434,9.894413948059082,14.455718994140625,0
synthetic,scale_1.0,4096,False,torch.float32,1234,2,256,256,5.3040947914123535,12.168397903442383,24.90447235107422,0
synthetic,scale_1.0,4096,False,torch.float32,1234,2,1024,256,3.826064109802246,8.462722778320312,20.587923049926758,0
synthetic,scale_1.0,4096,False,torch.float32,1234,3,64,256,4.345319747924805,8.506197929382324,14.409791946411133,0
synthetic,scale_1.0,4096,False,torch.float32,1234,3,256,256,5.180684566497803,13.256145477294922,28.64923858642578,0
synthetic,scale_1.0,4096,False,torch.float32,1234,3,1024,256,4.676583290100098,11.748016357421875,26.159687042236328,0
synthetic,scale_1.0,4096,False,torch.float32,1234,4,64,256,6.597695350646973,16.757572174072266,25.299556732177734,0
synthetic,scale_1.0,4096,False,torch.float32,1234,4,256,256,5.8514509201049805,15.273843765258789,36.29634475708008,0
synthetic,scale_1.0,4096,False,torch.float32,1234,4,1024,256,4.684509754180908,12.641304016113281,30.525005340576172,0
synthetic,scale_1.0,4096,False,torch.float32,1234,5,64,256,5.5037617683410645,14.807685852050781,24.43302345275879,0
synthetic,scale_1.0,4096,False,torch.float32,1234,5,256,256,4.0466227531433105,8.918292999267578,20.502174377441406,0
synthetic,scale_1.0,4096,False,torch.float32,1234,5,1024,256,4.818625450134277,13.147018432617188,39.714630126953125,0
synthetic,scale_1.0,4096,False,torch.float32,1234,6,64,256,4.21173095703125,8.735840797424316,14.32071590423584,0
synthetic,scale_1.0,4096,False,torch.float32,1234,6,256,256,4.207653045654297,8.425260543823242,21.461177825927734,0
synthetic,scale_1.0,4096,False,torch.float32,1234,6,1024,256,4.3816070556640625,10.967301368713379,21.98792839050293,0
synthetic,scale_1.0,4096,False,torch.float32,1234,7,64,256,4.051234722137451,8.018888473510742,16.21213150024414,0
synthetic,scale_1.0,4096,False,torch.float32,1234,7,256,256,4.169127464294434,8.21024227142334,14.614951133728027,0
synthetic,scale_1.0,4096,False,torch.float32,1234,7,1024,256,3.757129192352295,8.298351287841797,24.335559844970703,0
synthetic,scale_1.0,4096,False,torch.float32,2345,0,64,256,5.047959327697754,10.760041236877441,17.243253707885742,0
synthetic,scale_1.0,4096,False,torch.float32,2345,0,256,256,3.3926639556884766,7.532601356506348,16.046968460083008,0
synthetic,scale_1.0,4096,False,torch.float32,2345,0,1024,256,3.517681121826172,8.285150527954102,19.455961227416992,0
synthetic,scale_1.0,4096,False,torch.float32,2345,1,64,256,4.624845027923584,8.634406089782715,17.157482147216797,0
synthetic,scale_1.0,4096,False,torch.float32,2345,1,256,256,4.15067195892334,9.99608325958252,18.7009334564209,0
synthetic,scale_1.0,4096,False,torch.float32,2345,1,1024,256,3.4519402980804443,7.993119716644287,28.987668991088867,0
synthetic,scale_1.0,4096,False,torch.float32,2345,2,64,256,7.517612934112549,20.495521545410156,35.63438415527344,0
synthetic,scale_1.0,4096,False,torch.float32,2345,2,256,256,4.299263000488281,10.224906921386719,18.022315979003906,0
synthetic,scale_1.0,4096,False,torch.float32,2345,2,1024,256,3.760040521621704,8.650991439819336,18.289752960205078,0
synthetic,scale_1.0,4096,False,torch.float32,2345,3,64,256,5.411167144775391,12.030117988586426,17.24454116821289,0
synthetic,scale_1.0,4096,False,torch.float32,2345,3,256,256,4.361939430236816,10.043031692504883,21.27004623413086,0
synthetic,scale_1.0,4096,False,torch.float32,2345,3,1024,256,3.705723762512207,7.817102432250977,25.673261642456055,0
synthetic,scale_1.0,4096,False,torch.float32,2345,4,64,256,4.931464672088623,10.462312698364258,14.381250381469727,0
synthetic,scale_1.0,4096,False,torch.float32,2345,4,256,256,4.152953147888184,9.04870319366455,25.09784507751465,0
synthetic,scale_1.0,4096,False,torch.float32,2345,4,1024,256,4.552868843078613,12.883289337158203,24.470571517944336,0
synthetic,scale_1.0,4096,False,torch.float32,2345,5,64,256,4.22812557220459,8.165631294250488,11.894338607788086,0
synthetic,scale_1.0,4096,False,torch.float32,2345,5,256,256,4.9526495933532715,12.38467788696289,22.42177963256836,0
synthetic,scale_1.0,4096,False,torch.float32,2345,5,1024,256,3.44982647895813,7.562682628631592,19.058677673339844,0
synthetic,scale_1.0,4096,False,torch.float32,2345,6,64,256,5.037393569946289,10.500040054321289,19.299375534057617,0
synthetic,scale_1.0,4096,False,torch.float32,2345,6,256,256,3.776325225830078,9.10588264465332,19.2672061920166,0
synthetic,scale_1.0,4096,False,torch.float32,2345,6,1024,256,4.372918128967285,10.708232879638672,25.484846115112305,0
synthetic,scale_1.0,4096,False,torch.float32,2345,7,64,256,7.006185054779053,17.316072463989258,27.90879249572754,0
synthetic,scale_1.0,4096,False,torch.float32,2345,7,256,256,4.242301940917969,9.695932388305664,15.161421775817871,0
synthetic,scale_1.0,4096,False,torch.float32,2345,7,1024,256,3.552511692047119,8.992268562316895,15.022900581359863,0
synthetic,scale_1.0,4096,False,torch.float32,3456,0,64,256,5.713031768798828,13.4315767288208,21.763046264648438,0
synthetic,scale_1.0,4096,False,torch.float32,3456,0,256,256,4.901089191436768,10.068320274353027,28.376800537109375,0
synthetic,scale_1.0,4096,False,torch.float32,3456,0,1024,256,4.377389907836914,9.922454833984375,21.967567443847656,0
synthetic,scale_1.0,4096,False,torch.float32,3456,1,64,256,5.149383544921875,13.99485969543457,28.510725021362305,0
synthetic,scale_1.0,4096,False,torch.float32,3456,1,256,256,4.330314636230469,9.681968688964844,19.792163848876953,0
synthetic,scale_1.0,4096,False,torch.float32,3456,1,1024,256,5.204718589782715,13.92788314819336,32.8343620300293,0
synthetic,scale_1.0,4096,False,torch.float32,3456,2,64,256,4.091484546661377,7.7764177322387695,16.841140747070312,0
synthetic,scale_1.0,4096,False,torch.float32,3456,2,256,256,4.888520240783691,12.541240692138672,38.31589889526367,0
synthetic,scale_1.0,4096,False,torch.float32,3456,2,1024,256,4.6002912521362305,11.723512649536133,24.441051483154297,0
synthetic,scale_1.0,4096,False,torch.float32,3456,3,64,256,4.973027229309082,9.773756980895996,16.12055206298828,0
synthetic,scale_1.0,4096,False,torch.float32,3456,3,256,256,4.10842227935791,9.440057754516602,13.634432792663574,0
synthetic,scale_1.0,4096,False,torch.float32,3456,3,1024,256,6.750764846801758,22.636686325073242,38.029354095458984,0
synthetic,scale_1.0,4096,False,torch.float32,3456,4,64,256,5.0485382080078125,11.639337539672852,21.394500732421875,0
synthetic,scale_1.0,4096,False,torch.float32,3456,4,256,256,4.079441070556641,9.632434844970703,26.147001266479492,0
synthetic,scale_1.0,4096,False,torch.float32,3456,4,1024,256,3.998063564300537,8.559736251831055,23.876298904418945,0
synthetic,scale_1.0,4096,False,torch.float32,3456,5,64,256,5.178600311279297,10.06362533569336,15.69753646850586,0
synthetic,scale_1.0,4096,False,torch.float32,3456,5,256,256,4.409609317779541,9.393239974975586,20.73979377746582,0
synthetic,scale_1.0,4096,False,torch.float32,3456,5,1024,256,4.339625358581543,11.423848152160645,19.82314109802246,0
synthetic,scale_1.0,4096,False,torch.float32,3456,6,64,256,4.564027309417725,9.001276016235352,15.730680465698242,0
synthetic,scale_1.0,4096,False,torch.float32,3456,6,256,256,4.96189022064209,11.437116622924805,21.995914459228516,0
synthetic,scale_1.0,4096,False,torch.float32,3456,6,1024,256,4.611536979675293,11.184680938720703,17.966712951660156,0
synthetic,scale_1.0,4096,False,torch.float32,3456,7,64,256,5.6360931396484375,13.451386451721191,21.2183895111084,0
synthetic,scale_1.0,4096,False,torch.float32,3456,7,256,256,4.8711042404174805,10.385307312011719,19.45252227783203,0
synthetic,scale_1.0,4096,False,torch.float32,3456,7,1024,256,5.047481536865234,11.794281005859375,34.2844123840332,0
synthetic,scale_1.0,4096,True,torch.float16,1234,0,64,256,3.7777841091156006,8.270648956298828,14.732601165771484,0
synthetic,scale_1.0,4096,True,torch.float16,1234,0,256,256,4.047940731048584,9.031966209411621,20.911333084106445,0
synthetic,scale_1.0,4096,True,torch.float16,1234,0,1024,256,3.490185260772705,8.629314422607422,19.564998626708984,0
synthetic,scale_1.0,4096,True,torch.float16,1234,1,64,256,3.5154495239257812,8.330558776855469,13.008837699890137,0
synthetic,scale_1.0,4096,True,torch.float16,1234,1,256,256,3.953969717025757,8.87610912322998,14.688444137573242,0
synthetic,scale_1.0,4096,True,torch.float16,1234,1,1024,256,3.221693515777588,7.303312301635742,16.185087203979492,0
synthetic,scale_1.0,4096,True,torch.float16,1234,2,64,256,4.0047712326049805,9.743189811706543,15.00078296661377,0
synthetic,scale_1.0,4096,True,torch.float16,1234,2,256,256,4.55552864074707,11.875271797180176,27.726070404052734,0
synthetic,scale_1.0,4096,True,torch.float16,1234,2,1024,256,3.0668301582336426,7.3999104499816895,11.265508651733398,0
synthetic,scale_1.0,4096,True,torch.float16,1234,3,64,256,3.6657826900482178,7.4366679191589355,11.578275680541992,0
synthetic,scale_1.0,4096,True,torch.float16,1234,3,256,256,4.190173625946045,11.93684196472168,28.952117919921875,0
synthetic,scale_1.0,4096,True,torch.float16,1234,3,1024,256,3.57965087890625,8.674886703491211,25.53709602355957,0
synthetic,scale_1.0,4096,True,torch.float16,1234,4,64,256,4.511913776397705,10.985237121582031,23.188570022583008,0
synthetic,scale_1.0,4096,True,torch.float16,1234,4,256,256,4.089479446411133,9.157926559448242,29.96649742126465,0
synthetic,scale_1.0,4096,True,torch.float16,1234,4,1024,256,3.656684637069702,9.443209648132324,18.840103149414062,0
synthetic,scale_1.0,4096,True,torch.float16,1234,5,64,256,4.85213565826416,12.939689636230469,22.748762130737305,0
synthetic,scale_1.0,4096,True,torch.float16,1234,5,256,256,3.380317211151123,7.295445919036865,18.912565231323242,0
synthetic,scale_1.0,4096,True,torch.float16,1234,5,1024,256,3.5525245666503906,7.536593437194824,27.141895294189453,0
synthetic,scale_1.0,4096,True,torch.float16,1234,6,64,256,3.3909106254577637,7.005926609039307,13.594508171081543,0
synthetic,scale_1.0,4096,True,torch.float16,1234,6,256,256,3.775972843170166,7.85365104675293,22.486190795898438,0
synthetic,scale_1.0,4096,True,torch.float16,1234,6,1024,256,3.523651599884033,8.156975746154785,19.990758895874023,0
synthetic,scale_1.0,4096,True,torch.float16,1234,7,64,256,3.6538710594177246,7.248061180114746,18.814455032348633,0
synthetic,scale_1.0,4096,True,torch.float16,1234,7,256,256,3.766322135925293,7.8122782707214355,13.334019660949707,0
synthetic,scale_1.0,4096,True,torch.float16,1234,7,1024,256,2.8193488121032715,6.339427947998047,12.895621299743652,0
synthetic,scale_1.0,4096,True,torch.float16,2345,0,64,256,4.384129524230957,10.41483211517334,17.734094619750977,0
synthetic,scale_1.0,4096,True,torch.float16,2345,0,256,256,3.090939521789551,7.121713161468506,13.667108535766602,0
synthetic,scale_1.0,4096,True,torch.float16,2345,0,1024,256,2.9725794792175293,6.648614883422852,11.199576377868652,0
synthetic,scale_1.0,4096,True,torch.float16,2345,1,64,256,4.028501033782959,8.374259948730469,17.3182373046875,0
synthetic,scale_1.0,4096,True,torch.float16,2345,1,256,256,3.4808526039123535,8.173969268798828,17.325550079345703,0
synthetic,scale_1.0,4096,True,torch.float16,2345,1,1024,256,2.7868151664733887,6.965007305145264,13.677841186523438,0
synthetic,scale_1.0,4096,True,torch.float16,2345,2,64,256,6.449334621429443,18.062341690063477,29.9645938873291,0
synthetic,scale_1.0,4096,True,torch.float16,2345,2,256,256,3.72798490524292,9.054346084594727,18.289512634277344,0
synthetic,scale_1.0,4096,True,torch.float16,2345,2,1024,256,3.4914565086364746,8.821771621704102,14.947158813476562,0
synthetic,scale_1.0,4096,True,torch.float16,2345,3,64,256,4.221619606018066,11.0006103515625,19.169118881225586,0
synthetic,scale_1.0,4096,True,torch.float16,2345,3,256,256,3.244504928588867,6.3875627517700195,14.875672340393066,0
synthetic,scale_1.0,4096,True,torch.float16,2345,3,1024,256,3.084446907043457,7.1002302169799805,16.303747177124023,0
synthetic,scale_1.0,4096,True,torch.float16,2345,4,64,256,4.515688896179199,9.946648597717285,14.745593070983887,0
synthetic,scale_1.0,4096,True,torch.float16,2345,4,256,256,3.5425755977630615,8.451638221740723,18.37841033935547,0
synthetic,scale_1.0,4096,True,torch.float16,2345,4,1024,256,3.530266523361206,8.396909713745117,18.014514923095703,0
synthetic,scale_1.0,4096,True,torch.float16,2345,5,64,256,3.956282615661621,8.509129524230957,12.112887382507324,0
synthetic,scale_1.0,4096,True,torch.float16,2345,5,256,256,3.6665191650390625,8.826923370361328,21.64161491394043,0
synthetic,scale_1.0,4096,True,torch.float16,2345,5,1024,256,2.786468982696533,6.32166862487793,10.921913146972656,0
synthetic,scale_1.0,4096,True,torch.float16,2345,6,64,256,4.2167205810546875,9.939315795898438,19.035808563232422,0
synthetic,scale_1.0,4096,True,torch.float16,2345,6,256,256,3.3736155033111572,7.832988739013672,19.73455810546875,0
synthetic,scale_1.0,4096,True,torch.float16,2345,6,1024,256,3.090921401977539,6.52854061126709,21.77897834777832,0
synthetic,scale_1.0,4096,True,torch.float16,2345,7,64,256,5.366536617279053,14.57151985168457,22.644134521484375,0
synthetic,scale_1.0,4096,True,torch.float16,2345,7,256,256,3.5729904174804688,8.185373306274414,16.477598190307617,0
synthetic,scale_1.0,4096,True,torch.float16,2345,7,1024,256,3.0776963233947754,6.8819780349731445,14.839357376098633,0
synthetic,scale_1.0,4096,True,torch.float16,3456,0,64,256,4.4787917137146,9.773698806762695,23.108715057373047,0
synthetic,scale_1.0,4096,True,torch.float16,3456,0,256,256,3.6044745445251465,7.200102806091309,24.50200080871582,0
synthetic,scale_1.0,4096,True,torch.float16,3456,0,1024,256,3.583280086517334,8.516502380371094,17.611799240112305,0
synthetic,scale_1.0,4096,True,torch.float16,3456,1,64,256,4.541962623596191,11.084244728088379,28.64434242248535,0
synthetic,scale_1.0,4096,True,torch.float16,3456,1,256,256,3.2064199447631836,6.331896781921387,13.74315071105957,0
synthetic,scale_1.0,4096,True,torch.float16,3456,1,1024,256,3.8895998001098633,10.805295944213867,32.949981689453125,0
synthetic,scale_1.0,4096,True,torch.float16,3456,2,64,256,3.6265761852264404,7.610429286956787,15.347817420959473,0
synthetic,scale_1.0,4096,True,torch.float16,3456,2,256,256,3.953134775161743,9.587076187133789,24.995378494262695,0
synthetic,scale_1.0,4096,True,torch.float16,3456,2,1024,256,3.6096205711364746,8.159700393676758,20.205202102661133,0
synthetic,scale_1.0,4096,True,torch.float16,3456,3,64,256,3.90051007270813,8.25798225402832,15.989278793334961,0
synthetic,scale_1.0,4096,True,torch.float16,3456,3,256,256,3.643317222595215,9.256515502929688,14.499237060546875,0
synthetic,scale_1.0,4096,True,torch.float16,3456,3,1024,256,4.399345397949219,11.82480525970459,33.78705978393555,0
synthetic,scale_1.0,4096,True,torch.float16,3456,4,64,256,3.8976669311523438,7.704225063323975,17.727947235107422,0
synthetic,scale_1.0,4096,True,torch.float16,3456,4,256,256,3.7519917488098145,9.383997917175293,26.073251724243164,0
synthetic,scale_1.0,4096,True,torch.float16,3456,4,1024,256,3.248447895050049,7.96838903427124,14.166415214538574,0
synthetic,scale_1.0,4096,True,torch.float16,3456,5,64,256,4.508791923522949,9.586122512817383,17.377988815307617,0
synthetic,scale_1.0,4096,True,torch.float16,3456,5,256,256,3.757659435272217,8.354921340942383,20.449098587036133,0
synthetic,scale_1.0,4096,True,torch.float16,3456,5,1024,256,3.7687392234802246,11.354019165039062,17.66382598876953,0
synthetic,scale_1.0,4096,True,torch.float16,3456,6,64,256,4.188257217407227,8.545549392700195,14.720283508300781,0
synthetic,scale_1.0,4096,True,torch.float16,3456,6,256,256,3.897259473800659,9.151518821716309,22.348758697509766,0
synthetic,scale_1.0,4096,True,torch.float16,3456,6,1024,256,3.68510103225708,9.983132362365723,16.434581756591797,0
synthetic,scale_1.0,4096,True,torch.float16,3456,7,64,256,4.5096755027771,12.2257719039917,20.975635528564453,0
synthetic,scale_1.0,4096,True,torch.float16,3456,7,256,256,3.812547206878662,8.230587005615234,16.69133758544922,0
synthetic,scale_1.0,4096,True,torch.float16,3456,7,1024,256,3.96526837348938,9.639302253723145,31.64286231994629,0
synthetic,scale_1.0,4096,True,torch.float32,1234,0,64,256,3.7777721881866455,8.268691062927246,14.735981941223145,0
synthetic,scale_1.0,4096,True,torch.float32,1234,0,256,256,4.048062324523926,9.031776428222656,20.914066314697266,0
synthetic,scale_1.0,4096,True,torch.float32,1234,0,1024,256,3.4902970790863037,8.628310203552246,19.564313888549805,0
synthetic,scale_1.0,4096,True,torch.float32,1234,1,64,256,3.515066385269165,8.32804012298584,13.004629135131836,0
synthetic,scale_1.0,4096,True,torch.float32,1234,1,256,256,3.9541971683502197,8.874412536621094,14.68583869934082,0
synthetic,scale_1.0,4096,True,torch.float32,1234,1,1024,256,3.221806526184082,7.303842544555664,16.185962677001953,0
synthetic,scale_1.0,4096,True,torch.float32,1234,2,64,256,4.004342555999756,9.741838455200195,14.990787506103516,0
synthetic,scale_1.0,4096,True,torch.float32,1234,2,256,256,4.555395603179932,11.87493896484375,27.724863052368164,0
synthetic,scale_1.0,4096,True,torch.float32,1234,2,1024,256,3.066720962524414,7.402915000915527,11.279449462890625,0
synthetic,scale_1.0,4096,True,torch.float32,1234,3,64,256,3.6660213470458984,7.436532020568848,11.574296951293945,0
synthetic,scale_1.0,4096,True,torch.float32,1234,3,256,256,4.189725399017334,11.931283950805664,28.95404052734375,0
synthetic,scale_1.0,4096,True,torch.float32,1234,3,1024,256,3.579831600189209,8.676497459411621,25.540241241455078,0
synthetic,scale_1.0,4096,True,torch.float32,1234,4,64,256,4.511698246002197,10.980294227600098,23.184459686279297,0
synthetic,scale_1.0,4096,True,torch.float32,1234,4,256,256,4.088952541351318,9.160577774047852,29.967872619628906,0
synthetic,scale_1.0,4096,True,torch.float32,1234,4,1024,256,3.6565065383911133,9.441118240356445,18.83493423461914,0
synthetic,scale_1.0,4096,True,torch.float32,1234,5,64,256,4.852424621582031,12.942262649536133,22.750404357910156,0
synthetic,scale_1.0,4096,True,torch.float32,1234,5,256,256,3.3800439834594727,7.293405532836914,18.915828704833984,0
synthetic,scale_1.0,4096,True,torch.float32,1234,5,1024,256,3.5530402660369873,7.539463043212891,27.147220611572266,0
synthetic,scale_1.0,4096,True,torch.float32,1234,6,64,256,3.390732765197754,7.005934715270996,13.594179153442383,0
synthetic,scale_1.0,4096,True,torch.float32,1234,6,256,256,3.775726318359375,7.851090431213379,22.481637954711914,0
synthetic,scale_1.0,4096,True,torch.float32,1234,6,1024,256,3.523371696472168,8.156929969787598,19.989620208740234,0
synthetic,scale_1.0,4096,True,torch.float32,1234,7,64,256,3.6536753177642822,7.2473297119140625,18.81470489501953,0
synthetic,scale_1.0,4096,True,torch.float32,1234,7,256,256,3.7664148807525635,7.814480304718018,13.33542251586914,0
synthetic,scale_1.0,4096,True,torch.float32,1234,7,1024,256,2.8193275928497314,6.340600967407227,12.902203559875488,0
synthetic,scale_1.0,4096,True,torch.float32,2345,0,64,256,4.383986949920654,10.412676811218262,17.738832473754883,0
synthetic,scale_1.0,4096,True,torch.float32,2345,0,256,256,3.0909252166748047,7.124593734741211,13.669665336608887,0
synthetic,scale_1.0,4096,True,torch.float32,2345,0,1024,256,2.9725141525268555,6.644152641296387,11.19852066040039,0
synthetic,scale_1.0,4096,True,torch.float32,2345,1,64,256,4.028363227844238,8.371232032775879,17.31426239013672,0
synthetic,scale_1.0,4096,True,torch.float32,2345,1,256,256,3.480897903442383,8.177535057067871,17.32474136352539,0
synthetic,scale_1.0,4096,True,torch.float32,2345,1,1024,256,2.7869179248809814,6.965095043182373,13.681978225708008,0
synthetic,scale_1.0,4096,True,torch.float32,2345,2,64,256,6.449167251586914,18.06621742248535,29.96843719482422,0
synthetic,scale_1.0,4096,True,torch.float32,2345,2,256,256,3.727520227432251,9.055726051330566,18.287803649902344,0
synthetic,scale_1.0,4096,True,torch.float32,2345,2,1024,256,3.4914379119873047,8.823301315307617,14.952942848205566,0
synthetic,scale_1.0,4096,True,torch.float32,2345,3,64,256,4.221257209777832,10.993412017822266,19.17745018005371,0
synthetic,scale_1.0,4096,True,torch.float32,2345,3,256,256,3.2446346282958984,6.386636257171631,14.881545066833496,0
synthetic,scale_1.0,4096,True,torch.float32,2345,3,1024,256,3.084385871887207,7.098224639892578,16.30356788635254,0
synthetic,scale_1.0,4096,True,torch.float32,2345,4,64,256,4.515504837036133,9.944661140441895,14.748392105102539,0
synthetic,scale_1.0,4096,True,torch.float32,2345,4,256,256,3.542505979537964,8.449141502380371,18.380226135253906,0
synthetic,scale_1.0,4096,True,torch.float32,2345,4,1024,256,3.530210256576538,8.400853157043457,18.014041900634766,0
synthetic,scale_1.0,4096,True,torch.float32,2345,5,64,256,3.956230640411377,8.514150619506836,12.112561225891113,0
synthetic,scale_1.0,4096,True,torch.float32,2345,5,256,256,3.666553020477295,8.828764915466309,21.643680572509766,0
synthetic,scale_1.0,4096,True,torch.float32,2345,5,1024,256,2.7863588333129883,6.323770523071289,10.919961929321289,0
synthetic,scale_1.0,4096,True,torch.float32,2345,6,64,256,4.216989517211914,9.937304496765137,19.030275344848633,0
synthetic,scale_1.0,4096,True,torch.float32,2345,6,256,256,3.3738813400268555,7.830647945404053,19.73418426513672,0
synthetic,scale_1.0,4096,True,torch.float32,2345,6,1024,256,3.091097354888916,6.529473781585693,21.7796630859375,0
synthetic,scale_1.0,4096,True,torch.float32,2345,7,64,256,5.366600513458252,14.574491500854492,22.646636962890625,0
synthetic,scale_1.0,4096,True,torch.float32,2345,7,256,256,3.572838306427002,8.181526184082031,16.474842071533203,0
synthetic,scale_1.0,4096,True,torch.float32,2345,7,1024,256,3.0776851177215576,6.879188537597656,14.844806671142578,0
synthetic,scale_1.0,4096,True,torch.float32,3456,0,64,256,4.4788360595703125,9.775237083435059,23.107162475585938,0
synthetic,scale_1.0,4096,True,torch.float32,3456,0,256,256,3.6043272018432617,7.201231002807617,24.49866485595703,0
synthetic,scale_1.0,4096,True,torch.float32,3456,0,1024,256,3.5830817222595215,8.514898300170898,17.608844757080078,0
synthetic,scale_1.0,4096,True,torch.float32,3456,1,64,256,4.542845249176025,11.088107109069824,28.65013313293457,0
synthetic,scale_1.0,4096,True,torch.float32,3456,1,256,256,3.2064313888549805,6.329466342926025,13.742168426513672,0
synthetic,scale_1.0,4096,True,torch.float32,3456,1,1024,256,3.8894073963165283,10.80282974243164,32.94764709472656,0
synthetic,scale_1.0,4096,True,torch.float32,3456,2,64,256,3.6271183490753174,7.616175651550293,15.349705696105957,0
synthetic,scale_1.0,4096,True,torch.float32,3456,2,256,256,3.9530491828918457,9.585888862609863,24.999431610107422,0
synthetic,scale_1.0,4096,True,torch.float32,3456,2,1024,256,3.609269857406616,8.161184310913086,20.193572998046875,0
synthetic,scale_1.0,4096,True,torch.float32,3456,3,64,256,3.9006495475769043,8.256537437438965,15.986069679260254,0
synthetic,scale_1.0,4096,True,torch.float32,3456,3,256,256,3.6436104774475098,9.260860443115234,14.494000434875488,0
synthetic,scale_1.0,4096,True,torch.float32,3456,3,1024,256,4.398426055908203,11.8201904296875,33.77566146850586,0
synthetic,scale_1.0,4096,True,torch.float32,3456,4,64,256,3.8974695205688477,7.702499866485596,17.728004455566406,0
synthetic,scale_1.0,4096,True,torch.float32,3456,4,256,256,3.7516589164733887,9.381040573120117,26.06990623474121,0
synthetic,scale_1.0,4096,True,torch.float32,3456,4,1024,256,3.2481682300567627,7.96884298324585,14.165322303771973,0
synthetic,scale_1.0,4096,True,torch.float32,3456,5,64,256,4.508603096008301,9.584226608276367,17.381237030029297,0
synthetic,scale_1.0,4096,True,torch.float32,3456,5,256,256,3.757498264312744,8.359219551086426,20.443674087524414,0
synthetic,scale_1.0,4096,True,torch.float32,3456,5,1024,256,3.7684030532836914,11.353480339050293,17.65948486328125,0
synthetic,scale_1.0,4096,True,torch.float32,3456,6,64,256,4.1877522468566895,8.544090270996094,14.718554496765137,0
synthetic,scale_1.0,4096,True,torch.float32,3456,6,256,256,3.8972768783569336,9.152204513549805,22.34473991394043,0
synthetic,scale_1.0,4096,True,torch.float32,3456,6,1024,256,3.684741973876953,9.980530738830566,16.425992965698242,0
synthetic,scale_1.0,4096,True,torch.float32,3456,7,64,256,4.5090532302856445,12.223323822021484,20.964351654052734,0
synthetic,scale_1.0,4096,True,torch.float32,3456,7,256,256,3.8129196166992188,8.228342056274414,16.693187713623047,0
synthetic,scale_1.0,4096,True,torch.float32,3456,7,1024,256,3.9651458263397217,9.636571884155273,31.641098022460938,0
synthetic,mix_easy,4096,False,torch.float16,1234,0,64,256,0.0411299467086792,0.04412681981921196,0.046146638691425323,0
synthetic,mix_easy,4096,False,torch.float16,1234,0,256,256,0.017504699528217316,0.01909421756863594,0.020041607320308685,0
synthetic,mix_easy,4096,False,torch.float16,1234,0,1024,256,0.010122588835656643,0.010919561609625816,0.011438696645200253,0
synthetic,mix_easy,4096,False,torch.float16,1234,1,64,256,0.05907352268695831,0.06583239883184433,0.07627823203802109,0
synthetic,mix_easy,4096,False,torch.float16,1234,1,256,256,0.029880840331315994,0.03393929451704025,0.04021112620830536,0
synthetic,mix_easy,4096,False,torch.float16,1234,1,1024,256,0.018085908144712448,0.0199645534157753,0.022135518491268158,0
synthetic,mix_easy,4096,False,torch.float16,1234,2,64,256,0.0771445780992508,0.08934573084115982,0.10845224559307098,0
synthetic,mix_easy,4096,False,torch.float16,1234,2,256,256,0.04303082078695297,0.04867248237133026,0.05917553976178169,0
synthetic,mix_easy,4096,False,torch.float16,1234,2,1024,256,0.021675411611795425,0.024345213547348976,0.027048854157328606,0
synthetic,mix_easy,4096,False,torch.float16,1234,3,64,256,0.12437082082033157,0.1530119776725769,0.1981220543384552,0
synthetic,mix_easy,4096,False,torch.float16,1234,3,256,256,0.06406058371067047,0.07957112044095993,0.0951712429523468,0
synthetic,mix_easy,4096,False,torch.float16,1234,3,1024,256,0.03559417277574539,0.0412297323346138,0.04689329117536545,0
synthetic,mix_easy,4096,False,torch.float16,1234,4,64,256,0.19120967388153076,0.2354719638824463,0.3604868948459625,0
synthetic,mix_easy,4096,False,torch.float16,1234,4,256,256,0.0934828519821167,0.11484135687351227,0.17034952342510223,0
synthetic,mix_easy,4096,False,torch.float16,1234,4,1024,256,0.04895085096359253,0.059089045971632004,0.08298808336257935,0
synthetic,mix_easy,4096,False,torch.float16,1234,5,64,256,0.2235327661037445,0.3073543310165405,0.4698837101459503,0
synthetic,mix_easy,4096,False,torch.float16,1234,5,256,256,0.11545373499393463,0.1610209345817566,0.3041875660419464,0
synthetic,mix_easy,4096,False,torch.float16,1234,5,1024,256,0.059939708560705185,0.0802222192287445,0.12127913534641266,0
synthetic,mix_easy,4096,False,torch.float16,1234,6,64,256,0.31110280752182007,0.431395024061203,1.1909658908843994,0
synthetic,mix_easy,4096,False,torch.float16,1234,6,256,256,0.18204061686992645,0.24469292163848877,0.46488386392593384,0
synthetic,mix_easy,4096,False,torch.float16,1234,6,1024,256,0.10090143233537674,0.14820319414138794,0.1891929805278778,0
synthetic,mix_easy,4096,False,torch.float16,1234,7,64,256,0.6847139596939087,1.0722541809082031,1.4120384454727173,0
synthetic,mix_easy,4096,False,torch.float16,1234,7,256,256,0.4387553632259369,0.7172129154205322,1.7925158739089966,0
synthetic,mix_easy,4096,False,torch.float16,1234,7,1024,256,0.23381929099559784,0.3894560933113098,0.7152664065361023,0
synthetic,mix_easy,4096,False,torch.float16,2345,0,64,256,0.030548986047506332,0.03305279091000557,0.03479918837547302,0
synthetic,mix_easy,4096,False,torch.float16,2345,0,256,256,0.012731900438666344,0.013988670893013477,0.014538358896970749,0
synthetic,mix_easy,4096,False,torch.float16,2345,0,1024,256,0.007837550714612007,0.00839109718799591,0.00916130468249321,0
synthetic,mix_easy,4096,False,torch.float16,2345,1,64,256,0.04952079430222511,0.05615322291851044,0.06503767520189285,0
synthetic,mix_easy,4096,False,torch.float16,2345,1,256,256,0.023416895419359207,0.026582302525639534,0.02866034023463726,0
synthetic,mix_easy,4096,False,torch.float16,2345,1,1024,256,0.01665646955370903,0.018085487186908722,0.019432419911026955,0
synthetic,mix_easy,4096,False,torch.float16,2345,2,64,256,0.1014600396156311,0.11484400928020477,0.12511374056339264,0
synthetic,mix_easy,4096,False,torch.float16,2345,2,256,256,0.039260707795619965,0.046966005116701126,0.051428765058517456,0
synthetic,mix_easy,4096,False,torch.float16,2345,2,1024,256,0.02608683332800865,0.029607346281409264,0.03210620954632759,0
synthetic,mix_easy,4096,False,torch.float16,2345,3,64,256,0.1606598198413849,0.19171957671642303,0.2499242126941681,0
synthetic,mix_easy,4096,False,torch.float16,2345,3,256,256,0.06442219018936157,0.07995273172855377,0.11864703893661499,0
synthetic,mix_easy,4096,False,torch.float16,2345,3,1024,256,0.042866289615631104,0.05036519467830658,0.06208210438489914,0
synthetic,mix_easy,4096,False,torch.float16,2345,4,64,256,0.1944943070411682,0.2456413358449936,0.30791544914245605,0
synthetic,mix_easy,4096,False,torch.float16,2345,4,256,256,0.0847681388258934,0.11138398945331573,0.140489861369133,0
synthetic,mix_easy,4096,False,torch.float16,2345,4,1024,256,0.048842623829841614,0.059692174196243286,0.07580918818712234,0
synthetic,mix_easy,4096,False,torch.float16,2345,5,64,256,0.23524728417396545,0.31473878026008606,0.6408957242965698,0
synthetic,mix_easy,4096,False,torch.float16,2345,5,256,256,0.09941167384386063,0.1403726190328598,0.22407977283000946,0
synthetic,mix_easy,4096,False,torch.float16,2345,5,1024,256,0.0561210960149765,0.07108917832374573,0.09289956092834473,0
synthetic,mix_easy,4096,False,torch.float16,2345,6,64,256,0.3184559941291809,0.47477856278419495,0.7642374038696289,0
synthetic,mix_easy,4096,False,torch.float16,2345,6,256,256,0.1609121859073639,0.23966291546821594,0.6628029942512512,0
synthetic,mix_easy,4096,False,torch.float16,2345,6,1024,256,0.09057852625846863,0.12288544327020645,0.25741392374038696,0
synthetic,mix_easy,4096,False,torch.float16,2345,7,64,256,0.8074840903282166,1.4338111877441406,3.883796215057373,0
synthetic,mix_easy,4096,False,torch.float16,2345,7,256,256,0.42387640476226807,0.6907596588134766,1.8134267330169678,0
synthetic,mix_easy,4096,False,torch.float16,2345,7,1024,256,0.2424599677324295,0.41387173533439636,0.5804719924926758,0
synthetic,mix_easy,4096,False,torch.float16,3456,0,64,256,0.0376676544547081,0.04081904515624046,0.04300666227936745,0
synthetic,mix_easy,4096,False,torch.float16,3456,0,256,256,0.018932238221168518,0.02054624632000923,0.02175702154636383,0
synthetic,mix_easy,4096,False,torch.float16,3456,0,1024,256,0.01160203292965889,0.012555206194519997,0.013846789486706257,0
synthetic,mix_easy,4096,False,torch.float16,3456,1,64,256,0.06129095330834389,0.06922673434019089,0.07297264784574509,0
synthetic,mix_easy,4096,False,torch.float16,3456,1,256,256,0.03541981801390648,0.038442570716142654,0.04020163416862488,0
synthetic,mix_easy,4096,False,torch.float16,3456,1,1024,256,0.014651339501142502,0.01649940200150013,0.018845483660697937,0
synthetic,mix_easy,4096,False,torch.float16,3456,2,64,256,0.0874224454164505,0.10397569090127945,0.14441537857055664,0
synthetic,mix_easy,4096,False,torch.float16,3456,2,256,256,0.04616865515708923,0.05174282193183899,0.06533730030059814,0
synthetic,mix_easy,4096,False,torch.float16,3456,2,1024,256,0.02186802588403225,0.025027083232998848,0.02706765942275524,0
synthetic,mix_easy,4096,False,torch.float16,3456,3,64,256,0.12807852029800415,0.17122332751750946,0.2351677119731903,0
synthetic,mix_easy,4096,False,torch.float16,3456,3,256,256,0.06788419187068939,0.08203835040330887,0.10976262390613556,0
synthetic,mix_easy,4096,False,torch.float16,3456,3,1024,256,0.03720099478960037,0.044218748807907104,0.051517289131879807,0
synthetic,mix_easy,4096,False,torch.float16,3456,4,64,256,0.1659829020500183,0.21729353070259094,0.31155264377593994,0
synthetic,mix_easy,4096,False,torch.float16,3456,4,256,256,0.08198763430118561,0.10460472106933594,0.14679689705371857,0
synthetic,mix_easy,4096,False,torch.float16,3456,4,1024,256,0.04443095251917839,0.054928768426179886,0.06636667996644974,0
synthetic,mix_easy,4096,False,torch.float16,3456,5,64,256,0.27518314123153687,0.391666442155838,0.7190205454826355,0
synthetic,mix_easy,4096,False,torch.float16,3456,5,256,256,0.13876794278621674,0.1846676468849182,0.36433419585227966,0
synthetic,mix_easy,4096,False,torch.float16,3456,5,1024,256,0.07542924582958221,0.09916025400161743,0.14500851929187775,0
synthetic,mix_easy,4096,False,torch.float16,3456,6,64,256,0.344950795173645,0.5160548686981201,1.0211820602416992,0
synthetic,mix_easy,4096,False,torch.float16,3456,6,256,256,0.19302362203598022,0.2784944176673889,0.42982161045074463,0
synthetic,mix_easy,4096,False,torch.float16,3456,6,1024,256,0.10755294561386108,0.15601766109466553,0.2623448073863983,0
synthetic,mix_easy,4096,False,torch.float16,3456,7,64,256,0.8593072891235352,1.7420625686645508,3.877936840057373,0
synthetic,mix_easy,4096,False,torch.float16,3456,7,256,256,0.4757412075996399,0.79030841588974,1.114402413368225,0
synthetic,mix_easy,4096,False,torch.float16,3456,7,1024,256,0.2891172170639038,0.46385395526885986,1.950830340385437,0
synthetic,mix_easy,4096,False,torch.float32,1234,0,64,256,0.041128888726234436,0.04412682726979256,0.04614637419581413,0
synthetic,mix_easy,4096,False,torch.float32,1234,0,256,256,0.017503991723060608,0.01909344270825386,0.02004072070121765,0
synthetic,mix_easy,4096,False,torch.float32,1234,0,1024,256,0.010122494772076607,0.010918961837887764,0.01143886148929596,0
synthetic,mix_easy,4096,False,torch.float32,1234,1,64,256,0.059075161814689636,0.06583546102046967,0.07628525048494339,0
synthetic,mix_easy,4096,False,torch.float32,1234,1,256,256,0.029883280396461487,0.03394089639186859,0.04021390154957771,0
synthetic,mix_easy,4096,False,torch.float32,1234,1,1024,256,0.018085557967424393,0.019964925944805145,0.022134480997920036,0
synthetic,mix_easy,4096,False,torch.float32,1234,2,64,256,0.07714566588401794,0.08934973180294037,0.10845061391592026,0
synthetic,mix_easy,4096,False,torch.float32,1234,2,256,256,0.043032314628362656,0.048675086349248886,0.05918149650096893,0
synthetic,mix_easy,4096,False,torch.float32,1234,2,1024,256,0.021675392985343933,0.024344615638256073,0.027047956362366676,0
synthetic,mix_easy,4096,False,torch.float32,1234,3,64,256,0.12437668442726135,0.15302540361881256,0.19810527563095093,0
synthetic,mix_easy,4096,False,torch.float32,1234,3,256,256,0.0640578493475914,0.07957036793231964,0.09517226368188858,0
synthetic,mix_easy,4096,False,torch.float32,1234,3,1024,256,0.03559417277574539,0.041229456663131714,0.04689653590321541,0
synthetic,mix_easy,4096,False,torch.float32,1234,4,64,256,0.1912032961845398,0.23550945520401,0.36047297716140747,0
synthetic,mix_easy,4096,False,torch.float32,1234,4,256,256,0.09348132461309433,0.11483542621135712,0.1703302264213562,0
synthetic,mix_easy,4096,False,torch.float32,1234,4,1024,256,0.0489499494433403,0.059088461101055145,0.08297904580831528,0
synthetic,mix_easy,4096,False,torch.float32,1234,5,64,256,0.22353824973106384,0.3073686361312866,0.46992170810699463,0
synthetic,mix_easy,4096,False,torch.float32,1234,5,256,256,0.11545148491859436,0.16101355850696564,0.30412107706069946,0
synthetic,mix_easy,4096,False,torch.float32,1234,5,1024,256,0.05993906781077385,0.08021692931652069,0.1212477907538414,0
synthetic,mix_easy,4096,False,torch.float32,1234,6,64,256,0.31110644340515137,0.43138736486434937,1.1910451650619507,0
synthetic,mix_easy,4096,False,torch.float32,1234,6,256,256,0.18204303085803986,0.24473285675048828,0.4648316204547882,0
synthetic,mix_easy,4096,False,torch.float32,1234,6,1024,256,0.10090211033821106,0.1482231616973877,0.1891634166240692,0
synthetic,mix_easy,4096,False,torch.float32,1234,7,64,256,0.6846361756324768,1.072105884552002,1.4118133783340454,0
synthetic,mix_easy,4096,False,torch.float32,1234,7,256,256,0.4387267827987671,0.7172154784202576,1.7927534580230713,0
synthetic,mix_easy,4096,False,torch.float32,1234,7,1024,256,0.23380278050899506,0.3894357979297638,0.715262234210968,0
synthetic,mix_easy,4096,False,torch.float32,2345,0,64,256,0.030548881739377975,0.03305297717452049,0.034799542278051376,0
synthetic,mix_easy,4096,False,torch.float32,2345,0,256,256,0.012731507420539856,0.013988366350531578,0.014537886716425419,0
synthetic,mix_easy,4096,False,torch.float32,2345,0,1024,256,0.007837575860321522,0.008391095325350761,0.0091614481061697,0
synthetic,mix_easy,4096,False,torch.float32,2345,1,64,256,0.04952140524983406,0.05615578964352608,0.06503699719905853,0
synthetic,mix_easy,4096,False,torch.float32,2345,1,256,256,0.023416638374328613,0.026580460369586945,0.02865922451019287,0
synthetic,mix_easy,4096,False,torch.float32,2345,1,1024,256,0.0166558176279068,0.01808462105691433,0.01943223923444748,0
synthetic,mix_easy,4096,False,torch.float32,2345,2,64,256,0.10146403312683105,0.11484494060277939,0.12510615587234497,0
synthetic,mix_easy,4096,False,torch.float32,2345,2,256,256,0.03926217928528786,0.04696786031126976,0.05143219605088234,0
synthetic,mix_easy,4096,False,torch.float32,2345,2,1024,256,0.026087120175361633,0.029607251286506653,0.032105546444654465,0
synthetic,mix_easy,4096,False,torch.float32,2345,3,64,256,0.16066336631774902,0.19171594083309174,0.24989882111549377,0
synthetic,mix_easy,4096,False,torch.float32,2345,3,256,256,0.06442241370677948,0.07995594292879105,0.11864614486694336,0
synthetic,mix_easy,4096,False,torch.float32,2345,3,1024,256,0.04286578297615051,0.050367143005132675,0.0620802603662014,0
synthetic,mix_easy,4096,False,torch.float32,2345,4,64,256,0.19447895884513855,0.2455912083387375,0.30786845088005066,0
synthetic,mix_easy,4096,False,torch.float32,2345,4,256,256,0.08476671576499939,0.1113712266087532,0.14046381413936615,0
synthetic,mix_easy,4096,False,torch.float32,2345,4,1024,256,0.04884164780378342,0.05969204381108284,0.075808085501194,0
synthetic,mix_easy,4096,False,torch.float32,2345,5,64,256,0.23524883389472961,0.31471988558769226,0.6410312056541443,0
synthetic,mix_easy,4096,False,torch.float32,2345,5,256,256,0.09941338747739792,0.14036628603935242,0.22406302392482758,0
synthetic,mix_easy,4096,False,torch.float32,2345,5,1024,256,0.05612270534038544,0.07109540700912476,0.0929025262594223,0
synthetic,mix_easy,4096,False,torch.float32,2345,6,64,256,0.3184620141983032,0.47479742765426636,0.7645003199577332,0
synthetic,mix_easy,4096,False,torch.float32,2345,6,256,256,0.1609087437391281,0.2396775335073471,0.6627727150917053,0
synthetic,mix_easy,4096,False,torch.float32,2345,6,1024,256,0.09057631343603134,0.12289266288280487,0.257441908121109,0
synthetic,mix_easy,4096,False,torch.float32,2345,7,64,256,0.8074638247489929,1.4336003065109253,3.883432388305664,0
synthetic,mix_easy,4096,False,torch.float32,2345,7,256,256,0.4238626956939697,0.691010594367981,1.8142796754837036,0
synthetic,mix_easy,4096,False,torch.float32,2345,7,1024,256,0.24245202541351318,0.41378816962242126,0.5805410742759705,0
synthetic,mix_easy,4096,False,torch.float32,3456,0,64,256,0.037668026983737946,0.040819648653268814,0.043006833642721176,0
synthetic,mix_easy,4096,False,torch.float32,3456,0,256,256,0.018932241946458817,0.02054654248058796,0.02175755985081196,0
synthetic,mix_easy,4096,False,torch.float32,3456,0,1024,256,0.011601484380662441,0.012554534710943699,0.01384616270661354,0
synthetic,mix_easy,4096,False,torch.float32,3456,1,64,256,0.06128789111971855,0.06922103464603424,0.07297198474407196,0
synthetic,mix_easy,4096,False,torch.float32,3456,1,256,256,0.03541818633675575,0.038439370691776276,0.04020046442747116,0
synthetic,mix_easy,4096,False,torch.float32,3456,1,1024,256,0.014650288969278336,0.01649845950305462,0.01884409599006176,0
synthetic,mix_easy,4096,False,torch.float32,3456,2,64,256,0.08741810917854309,0.10397101193666458,0.14441978931427002,0
synthetic,mix_easy,4096,False,torch.float32,3456,2,256,256,0.04616823047399521,0.051742393523454666,0.06533512473106384,0
synthetic,mix_easy,4096,False,torch.float32,3456,2,1024,256,0.02186727337539196,0.025026727467775345,0.027065487578511238,0
synthetic,mix_easy,4096,False,torch.float32,3456,3,64,256,0.12807705998420715,0.17120954394340515,0.23517459630966187,0
synthetic,mix_easy,4096,False,torch.float32,3456,3,256,256,0.06788358092308044,0.08203712105751038,0.10978128015995026,0
synthetic,mix_easy,4096,False,torch.float32,3456,3,1024,256,0.03720129281282425,0.044219374656677246,0.05151170492172241,0
synthetic,mix_easy,4096,False,torch.float32,3456,4,64,256,0.16599032282829285,0.2173032909631729,0.31162169575691223,0
synthetic,mix_easy,4096,False,torch.float32,3456,4,256,256,0.08198751509189606,0.1045977920293808,0.14682598412036896,0
synthetic,mix_easy,4096,False,torch.float32,3456,4,1024,256,0.04443161189556122,0.054923731833696365,0.06638280302286148,0
synthetic,mix_easy,4096,False,torch.float32,3456,5,64,256,0.27519136667251587,0.3916655480861664,0.719078004360199,0
synthetic,mix_easy,4096,False,torch.float32,3456,5,256,256,0.13876435160636902,0.18467511236667633,0.36435791850090027,0
synthetic,mix_easy,4096,False,torch.float32,3456,5,1024,256,0.07543094456195831,0.09915656596422195,0.1449788212776184,0
synthetic,mix_easy,4096,False,torch.float32,3456,6,64,256,0.3449535667896271,0.5158984661102295,1.021239161491394,0
synthetic,mix_easy,4096,False,torch.float32,3456,6,256,256,0.19303256273269653,0.27853429317474365,0.42986491322517395,0
synthetic,mix_easy,4096,False,torch.float32,3456,6,1024,256,0.1075558215379715,0.15603895485401154,0.26239505410194397,0
synthetic,mix_easy,4096,False,torch.float32,3456,7,64,256,0.8592710494995117,1.7413420677185059,3.877251148223877,0
synthetic,mix_easy,4096,False,torch.float32,3456,7,256,256,0.47575607895851135,0.7902851104736328,1.1144200563430786,0
synthetic,mix_easy,4096,False,torch.float32,3456,7,1024,256,0.2891211211681366,0.46386951208114624,1.9510793685913086,0
synthetic,mix_easy,4096,True,torch.float16,1234,0,64,256,0.03757423162460327,0.04208824038505554,0.04517599567770958,0
synthetic,mix_easy,4096,True,torch.float16,1234,0,256,256,0.0167077649384737,0.018766852095723152,0.020530536770820618,0
synthetic,mix_easy,4096,True,torch.float16,1234,0,1024,256,0.010220257565379143,0.011735107749700546,0.01360141858458519,0
synthetic,mix_easy,4096,True,torch.float16,1234,1,64,256,0.05586792528629303,0.06326347589492798,0.0768250972032547,0
synthetic,mix_easy,4096,True,torch.float16,1234,1,256,256,0.02838900126516819,0.03290707245469093,0.03623109683394432,0
synthetic,mix_easy,4096,True,torch.float16,1234,1,1024,256,0.016758108511567116,0.019236262887716293,0.020200837403535843,0
synthetic,mix_easy,4096,True,torch.float16,1234,2,64,256,0.0829046443104744,0.1019517034292221,0.11795678734779358,0
synthetic,mix_easy,4096,True,torch.float16,1234,2,256,256,0.041436322033405304,0.04901573807001114,0.06431208550930023,0
synthetic,mix_easy,4096,True,torch.float16,1234,2,1024,256,0.021469440311193466,0.025143560022115707,0.02765831910073757,0
synthetic,mix_easy,4096,True,torch.float16,1234,3,64,256,0.12404602020978928,0.15419891476631165,0.1783207207918167,0
synthetic,mix_easy,4096,True,torch.float16,1234,3,256,256,0.05847477167844772,0.07215595990419388,0.09113656729459763,0
synthetic,mix_easy,4096,True,torch.float16,1234,3,1024,256,0.034442804753780365,0.04165195673704147,0.04392179474234581,0
synthetic,mix_easy,4096,True,torch.float16,1234,4,64,256,0.18217536807060242,0.2411670982837677,0.3650124669075012,0
synthetic,mix_easy,4096,True,torch.float16,1234,4,256,256,0.09022023528814316,0.11517374217510223,0.178785502910614,0
synthetic,mix_easy,4096,True,torch.float16,1234,4,1024,256,0.04673140496015549,0.05999716371297836,0.07636313885450363,0
synthetic,mix_easy,4096,True,torch.float16,1234,5,64,256,0.244284987449646,0.3753749132156372,0.6142998337745667,0
synthetic,mix_easy,4096,True,torch.float16,1234,5,256,256,0.1181364506483078,0.16541150212287903,0.2790433466434479,0
synthetic,mix_easy,4096,True,torch.float16,1234,5,1024,256,0.06184855103492737,0.08276640623807907,0.12004030495882034,0
synthetic,mix_easy,4096,True,torch.float16,1234,6,64,256,0.33108919858932495,0.48714479804039,1.5755051374435425,0
synthetic,mix_easy,4096,True,torch.float16,1234,6,256,256,0.19696110486984253,0.27900752425193787,0.5096799731254578,0
synthetic,mix_easy,4096,True,torch.float16,1234,6,1024,256,0.10721491277217865,0.15337784588336945,0.19827042520046234,0
synthetic,mix_easy,4096,True,torch.float16,1234,7,64,256,0.6309973001480103,1.0603755712509155,1.6629881858825684,0
synthetic,mix_easy,4096,True,torch.float16,1234,7,256,256,0.4285963177680969,0.7457048892974854,2.2147161960601807,0
synthetic,mix_easy,4096,True,torch.float16,1234,7,1024,256,0.21385693550109863,0.35738077759742737,0.6873475313186646,0
synthetic,mix_easy,4096,True,torch.float16,2345,0,64,256,0.036335378885269165,0.04215145856142044,0.05249622464179993,0
synthetic,mix_easy,4096,True,torch.float16,2345,0,256,256,0.014088623225688934,0.0158153735101223,0.01763894222676754,0
synthetic,mix_easy,4096,True,torch.float16,2345,0,1024,256,0.008908949792385101,0.01005643978714943,0.010611706413328648,0
synthetic,mix_easy,4096,True,torch.float16,2345,1,64,256,0.05586728826165199,0.06537129729986191,0.07336681336164474,0
synthetic,mix_easy,4096,True,torch.float16,2345,1,256,256,0.024469783529639244,0.02864975668489933,0.03151416406035423,0
synthetic,mix_easy,4096,True,torch.float16,2345,1,1024,256,0.015398590825498104,0.018147848546504974,0.019565654918551445,0
synthetic,mix_easy,4096,True,torch.float16,2345,2,64,256,0.09333421289920807,0.1117478609085083,0.13287843763828278,0
synthetic,mix_easy,4096,True,torch.float16,2345,2,256,256,0.03894641250371933,0.046342916786670685,0.057207465171813965,0
synthetic,mix_easy,4096,True,torch.float16,2345,2,1024,256,0.0227547325193882,0.027429189532995224,0.030660929158329964,0
synthetic,mix_easy,4096,True,torch.float16,2345,3,64,256,0.13540229201316833,0.17666012048721313,0.22675038874149323,0
synthetic,mix_easy,4096,True,torch.float16,2345,3,256,256,0.0587218776345253,0.07530511915683746,0.09614422172307968,0
synthetic,mix_easy,4096,True,torch.float16,2345,3,1024,256,0.03532478213310242,0.04655067250132561,0.05417606607079506,0
synthetic,mix_easy,4096,True,torch.float16,2345,4,64,256,0.1860664188861847,0.2422042191028595,0.33786529302597046,0
synthetic,mix_easy,4096,True,torch.float16,2345,4,256,256,0.08693703263998032,0.11375929415225983,0.153975710272789,0
synthetic,mix_easy,4096,True,torch.float16,2345,4,1024,256,0.046347059309482574,0.060103774070739746,0.07006087899208069,0
synthetic,mix_easy,4096,True,torch.float16,2345,5,64,256,0.22109971940517426,0.30411338806152344,0.7154000997543335,0
synthetic,mix_easy,4096,True,torch.float16,2345,5,256,256,0.10258491337299347,0.14937390387058258,0.2548772394657135,0
synthetic,mix_easy,4096,True,torch.float16,2345,5,1024,256,0.05604167655110359,0.07326369732618332,0.1160566434264183,0
synthetic,mix_easy,4096,True,torch.float16,2345,6,64,256,0.3319740295410156,0.526122510433197,0.6487616896629333,0
synthetic,mix_easy,4096,True,torch.float16,2345,6,256,256,0.16634753346443176,0.2527430057525635,0.5383405089378357,0
synthetic,mix_easy,4096,True,torch.float16,2345,6,1024,256,0.09457364678382874,0.12476057559251785,0.3034164607524872,0
synthetic,mix_easy,4096,True,torch.float16,2345,7,64,256,0.7404694557189941,1.3346569538116455,5.314859390258789,0
synthetic,mix_easy,4096,True,torch.float16,2345,7,256,256,0.40088945627212524,0.6728636026382446,1.5622179508209229,0
synthetic,mix_easy,4096,True,torch.float16,2345,7,1024,256,0.23016789555549622,0.41574767231941223,0.6075642704963684,0
synthetic,mix_easy,4096,True,torch.float16,3456,0,64,256,0.03323327749967575,0.038302723318338394,0.041844502091407776,0
synthetic,mix_easy,4096,True,torch.float16,3456,0,256,256,0.01951413042843342,0.021994400769472122,0.02621173858642578,0
synthetic,mix_easy,4096,True,torch.float16,3456,0,1024,256,0.010725609958171844,0.012184824794530869,0.012873658910393715,0
synthetic,mix_easy,4096,True,torch.float16,3456,1,64,256,0.05817076563835144,0.06965898722410202,0.07906411588191986,0
synthetic,mix_easy,4096,True,torch.float16,3456,1,256,256,0.03432321920990944,0.039021238684654236,0.045831870287656784,0
synthetic,mix_easy,4096,True,torch.float16,3456,1,1024,256,0.014389822259545326,0.01694604754447937,0.019488928839564323,0
synthetic,mix_easy,4096,True,torch.float16,3456,2,64,256,0.08766429126262665,0.10558727383613586,0.14977093040943146,0
synthetic,mix_easy,4096,True,torch.float16,3456,2,256,256,0.04471461847424507,0.05290983244776726,0.06612007319927216,0
synthetic,mix_easy,4096,True,torch.float16,3456,2,1024,256,0.021544871851801872,0.02580348029732704,0.02930104173719883,0
synthetic,mix_easy,4096,True,torch.float16,3456,3,64,256,0.11848840117454529,0.15712468326091766,0.23804478347301483,0
synthetic,mix_easy,4096,True,torch.float16,3456,3,256,256,0.06522643566131592,0.08190406858921051,0.09983266890048981,0
synthetic,mix_easy,4096,True,torch.float16,3456,3,1024,256,0.037470743060112,0.04641423746943474,0.05390828847885132,0
synthetic,mix_easy,4096,True,torch.float16,3456,4,64,256,0.16132721304893494,0.2152213156223297,0.36183491349220276,0
synthetic,mix_easy,4096,True,torch.float16,3456,4,256,256,0.0854434072971344,0.11425461620092392,0.14234086871147156,0
synthetic,mix_easy,4096,True,torch.float16,3456,4,1024,256,0.04608980566263199,0.05731432884931564,0.0687183290719986,0
synthetic,mix_easy,4096,True,torch.float16,3456,5,64,256,0.27398648858070374,0.39997026324272156,0.7300449013710022,0
synthetic,mix_easy,4096,True,torch.float16,3456,5,256,256,0.14138711988925934,0.19708538055419922,0.33588114380836487,0
synthetic,mix_easy,4096,True,torch.float16,3456,5,1024,256,0.07556542754173279,0.09755879640579224,0.15919449925422668,0
synthetic,mix_easy,4096,True,torch.float16,3456,6,64,256,0.347740113735199,0.49601590633392334,1.3302946090698242,0
synthetic,mix_easy,4096,True,torch.float16,3456,6,256,256,0.18885162472724915,0.28251537680625916,0.45579439401626587,0
synthetic,mix_easy,4096,True,torch.float16,3456,6,1024,256,0.1056525856256485,0.15770632028579712,0.26201316714286804,0
synthetic,mix_easy,4096,True,torch.float16,3456,7,64,256,0.7147360444068909,1.481782078742981,3.1725761890411377,0
synthetic,mix_easy,4096,True,torch.float16,3456,7,256,256,0.3969517946243286,0.6977816224098206,0.9632304906845093,0
synthetic,mix_easy,4096,True,torch.float16,3456,7,1024,256,0.247714564204216,0.437093049287796,1.3535264730453491,0
synthetic,mix_easy,4096,True,torch.float32,1234,0,64,256,0.03757252171635628,0.04208681732416153,0.04517222195863724,0
synthetic,mix_easy,4096,True,torch.float32,1234,0,256,256,0.016707170754671097,0.01876617781817913,0.02053062617778778,0
synthetic,mix_easy,4096,True,torch.float32,1234,0,1024,256,0.010220017284154892,0.011735326610505581,0.013601617887616158,0
synthetic,mix_easy,4096,True,torch.float32,1234,1,64,256,0.05586940795183182,0.06326505541801453,0.07683458179235458,0
synthetic,mix_easy,4096,True,torch.float32,1234,1,256,256,0.028390206396579742,0.032909370958805084,0.036228764802217484,0
synthetic,mix_easy,4096,True,torch.float32,1234,1,1024,256,0.016758080571889877,0.01923510432243347,0.02020113728940487,0
synthetic,mix_easy,4096,True,torch.float32,1234,2,64,256,0.0829046219587326,0.10195492208003998,0.11795854568481445,0
synthetic,mix_easy,4096,True,torch.float32,1234,2,256,256,0.04143654555082321,0.049017880111932755,0.06431623548269272,0
synthetic,mix_easy,4096,True,torch.float32,1234,2,1024,256,0.021468982100486755,0.025143761187791824,0.027660338208079338,0
synthetic,mix_easy,4096,True,torch.float32,1234,3,64,256,0.1240464299917221,0.15420234203338623,0.17829656600952148,0
synthetic,mix_easy,4096,True,torch.float32,1234,3,256,256,0.05847392976284027,0.07216200232505798,0.09113578498363495,0
synthetic,mix_easy,4096,True,torch.float32,1234,3,1024,256,0.03444289043545723,0.04165366664528847,0.043920330703258514,0
synthetic,mix_easy,4096,True,torch.float32,1234,4,64,256,0.18217507004737854,0.2411411553621292,0.3649939000606537,0
synthetic,mix_easy,4096,True,torch.float32,1234,4,256,256,0.09022160619497299,0.11517854034900665,0.17879508435726166,0
synthetic,mix_easy,4096,True,torch.float32,1234,4,1024,256,0.04673152044415474,0.05999474972486496,0.07638166844844818,0
synthetic,mix_easy,4096,True,torch.float32,1234,5,64,256,0.24429680407047272,0.3754535913467407,0.6143811345100403,0
synthetic,mix_easy,4096,True,torch.float32,1234,5,256,256,0.11813603341579437,0.16539977490901947,0.27899599075317383,0
synthetic,mix_easy,4096,True,torch.float32,1234,5,1024,256,0.06184940040111542,0.08276683837175369,0.12005537003278732,0
synthetic,mix_easy,4096,True,torch.float32,1234,6,64,256,0.33109402656555176,0.4871945381164551,1.5761250257492065,0
synthetic,mix_easy,4096,True,torch.float32,1234,6,256,256,0.1969650685787201,0.2790086269378662,0.509652853012085,0
synthetic,mix_easy,4096,True,torch.float32,1234,6,1024,256,0.10721578449010849,0.15337738394737244,0.1982347071170807,0
synthetic,mix_easy,4096,True,torch.float32,1234,7,64,256,0.6309670209884644,1.0598958730697632,1.6625127792358398,0
synthetic,mix_easy,4096,True,torch.float32,1234,7,256,256,0.428608238697052,0.7461332082748413,2.215348482131958,0
synthetic,mix_easy,4096,True,torch.float32,1234,7,1024,256,0.21385625004768372,0.3574252128601074,0.6874135732650757,0
synthetic,mix_easy,4096,True,torch.float32,2345,0,64,256,0.03633623942732811,0.04215317592024803,0.05249190330505371,0
synthetic,mix_easy,4096,True,torch.float32,2345,0,256,256,0.014088492840528488,0.015815338119864464,0.017639128491282463,0
synthetic,mix_easy,4096,True,torch.float32,2345,0,1024,256,0.008909045718610287,0.010056915692985058,0.010612299665808678,0
synthetic,mix_easy,4096,True,torch.float32,2345,1,64,256,0.05586635321378708,0.06537437438964844,0.07336543500423431,0
synthetic,mix_easy,4096,True,torch.float32,2345,1,256,256,0.02446974255144596,0.028649602085351944,0.03151366487145424,0
synthetic,mix_easy,4096,True,torch.float32,2345,1,1024,256,0.015398114919662476,0.018147118389606476,0.019565964117646217,0
synthetic,mix_easy,4096,True,torch.float32,2345,2,64,256,0.09333498775959015,0.11175570636987686,0.13288916647434235,0
synthetic,mix_easy,4096,True,torch.float32,2345,2,256,256,0.038946732878685,0.046342961490154266,0.05721057578921318,0
synthetic,mix_easy,4096,True,torch.float32,2345,2,1024,256,0.022754469886422157,0.02742921933531761,0.030661776661872864,0
synthetic,mix_easy,4096,True,torch.float32,2345,3,64,256,0.13540396094322205,0.17665450274944305,0.22678610682487488,0
synthetic,mix_easy,4096,True,torch.float32,2345,3,256,256,0.05872299522161484,0.0753009095788002,0.09614428877830505,0
synthetic,mix_easy,4096,True,torch.float32,2345,3,1024,256,0.03532489389181137,0.04655119776725769,0.05417635664343834,0
synthetic,mix_easy,4096,True,torch.float32,2345,4,64,256,0.18605761229991913,0.24218575656414032,0.33782699704170227,0
synthetic,mix_easy,4096,True,torch.float32,2345,4,256,256,0.08693572878837585,0.11375853419303894,0.1539866328239441,0
synthetic,mix_easy,4096,True,torch.float32,2345,4,1024,256,0.046347394585609436,0.06009867042303085,0.07006590813398361,0
synthetic,mix_easy,4096,True,torch.float32,2345,5,64,256,0.2211003303527832,0.3041018843650818,0.7155010104179382,0
synthetic,mix_easy,4096,True,torch.float32,2345,5,256,256,0.10258381813764572,0.149410218000412,0.25486207008361816,0
synthetic,mix_easy,4096,True,torch.float32,2345,5,1024,256,0.05604211241006851,0.0732634887099266,0.11606871336698532,0
synthetic,mix_easy,4096,True,torch.float32,2345,6,64,256,0.3319780230522156,0.526339054107666,0.6488361358642578,0
synthetic,mix_easy,4096,True,torch.float32,2345,6,256,256,0.16634580492973328,0.25272634625434875,0.5383992791175842,0
synthetic,mix_easy,4096,True,torch.float32,2345,6,1024,256,0.09457232803106308,0.12475170195102692,0.30346083641052246,0
synthetic,mix_easy,4096,True,torch.float32,2345,7,64,256,0.7404476404190063,1.3345589637756348,5.314350605010986,0
synthetic,mix_easy,4096,True,torch.float32,2345,7,256,256,0.4008927345275879,0.6728970408439636,1.56216561794281,0
synthetic,mix_easy,4096,True,torch.float32,2345,7,1024,256,0.2301640808582306,0.4156378507614136,0.6075598001480103,0
synthetic,mix_easy,4096,True,torch.float32,3456,0,64,256,0.033233560621738434,0.038303449749946594,0.04184723272919655,0
synthetic,mix_easy,4096,True,torch.float32,3456,0,256,256,0.01951431669294834,0.021994978189468384,0.026211917400360107,0
synthetic,mix_easy,4096,True,torch.float32,3456,0,1024,256,0.010725469328463078,0.012184577994048595,0.012873971834778786,0
synthetic,mix_easy,4096,True,torch.float32,3456,1,64,256,0.058167167007923126,0.06965390592813492,0.07906468212604523,0
synthetic,mix_easy,4096,True,torch.float32,3456,1,256,256,0.03432159125804901,0.039019327610731125,0.0458272285759449,0
synthetic,mix_easy,4096,True,torch.float32,3456,1,1024,256,0.014389213174581528,0.016944434493780136,0.01948896050453186,0
synthetic,mix_easy,4096,True,torch.float32,3456,2,64,256,0.08766144514083862,0.10558228939771652,0.14977355301380157,0
synthetic,mix_easy,4096,True,torch.float32,3456,2,256,256,0.04471322149038315,0.05290820077061653,0.06611748784780502,0
synthetic,mix_easy,4096,True,torch.float32,3456,2,1024,256,0.02154500037431717,0.0258017610758543,0.029302703216671944,0
synthetic,mix_easy,4096,True,torch.float32,3456,3,64,256,0.11848411709070206,0.15711581707000732,0.23799675703048706,0
synthetic,mix_easy,4096,True,torch.float32,3456,3,256,256,0.06522368639707565,0.0818963423371315,0.09981976449489594,0
synthetic,mix_easy,4096,True,torch.float32,3456,3,1024,256,0.037469737231731415,0.04641222953796387,0.05390344187617302,0
synthetic,mix_easy,4096,True,torch.float32,3456,4,64,256,0.16133102774620056,0.21522575616836548,0.3619353473186493,0
synthetic,mix_easy,4096,True,torch.float32,3456,4,256,256,0.08544371277093887,0.1142682433128357,0.14235642552375793,0
synthetic,mix_easy,4096,True,torch.float32,3456,4,1024,256,0.04608917981386185,0.057308122515678406,0.06873494386672974,0
synthetic,mix_easy,4096,True,torch.float32,3456,5,64,256,0.2739960849285126,0.3999707102775574,0.730144202709198,0
synthetic,mix_easy,4096,True,torch.float32,3456,5,256,256,0.1413871943950653,0.1970902681350708,0.33590126037597656,0
synthetic,mix_easy,4096,True,torch.float32,3456,5,1024,256,0.07556815445423126,0.09756553173065186,0.15922853350639343,0
synthetic,mix_easy,4096,True,torch.float32,3456,6,64,256,0.34773778915405273,0.4958876371383667,1.330286979675293,0
synthetic,mix_easy,4096,True,torch.float32,3456,6,256,256,0.18885378539562225,0.28254470229148865,0.45583710074424744,0
synthetic,mix_easy,4096,True,torch.float32,3456,6,1024,256,0.10565270483493805,0.15770506858825684,0.2620636820793152,0
synthetic,mix_easy,4096,True,torch.float32,3456,7,64,256,0.7147231698036194,1.4810019731521606,3.1725618839263916,0
synthetic,mix_easy,4096,True,torch.float32,3456,7,256,256,0.39696669578552246,0.6978999376296997,0.9632571339607239,0
synthetic,mix_easy,4096,True,torch.float32,3456,7,1024,256,0.2477213740348816,0.4371616542339325,1.3547214269638062,0
synthetic,mix_broad,4096,False,torch.float16,1234,0,64,256,0.0411299467086792,0.04412681981921196,0.046146638691425323,0
synthetic,mix_broad,4096,False,torch.float16,1234,0,256,256,0.017504699528217316,0.01909421756863594,0.020041607320308685,0
synthetic,mix_broad,4096,False,torch.float16,1234,0,1024,256,0.010122588835656643,0.010919561609625816,0.011438696645200253,0
synthetic,mix_broad,4096,False,torch.float16,1234,1,64,256,0.08860816061496735,0.10299855470657349,0.12669456005096436,0
synthetic,mix_broad,4096,False,torch.float16,1234,1,256,256,0.0445268452167511,0.0522671639919281,0.06920906901359558,0
synthetic,mix_broad,4096,False,torch.float16,1234,1,1024,256,0.02648588828742504,0.030095655471086502,0.03372156247496605,0
synthetic,mix_broad,4096,False,torch.float16,1234,2,64,256,0.15925449132919312,0.20623824000358582,0.3105493485927582,0
synthetic,mix_broad,4096,False,torch.float16,1234,2,256,256,0.09139524400234222,0.11252862215042114,0.20128943026065826,0
synthetic,mix_broad,4096,False,torch.float16,1234,2,1024,256,0.045480046421289444,0.05374700576066971,0.059014372527599335,0
synthetic,mix_broad,4096,False,torch.float16,1234,3,64,256,0.3507542014122009,0.5057368278503418,0.7580322623252869,0
synthetic,mix_broad,4096,False,torch.float16,1234,3,256,256,0.20213420689105988,0.31106263399124146,0.4797224998474121,0
synthetic,mix_broad,4096,False,torch.float16,1234,3,1024,256,0.10983213037252426,0.14919716119766235,0.4271693825721741,0
synthetic,mix_broad,4096,False,torch.float16,1234,4,64,256,0.7543168663978577,1.2084870338439941,3.1731979846954346,0
synthetic,mix_broad,4096,False,torch.float16,1234,4,256,256,0.4572622776031494,0.8506506681442261,2.5007736682891846,0
synthetic,mix_broad,4096,False,torch.float16,1234,4,1024,256,0.24613499641418457,0.40565961599349976,1.2318480014801025,0
synthetic,mix_broad,4096,False,torch.float16,1234,5,64,256,1.160780429840088,2.3189315795898438,4.425655364990234,0
synthetic,mix_broad,4096,False,torch.float16,1234,5,256,256,0.7227528095245361,1.4471945762634277,4.6517333984375,0
synthetic,mix_broad,4096,False,torch.float16,1234,5,1024,256,0.5623397827148438,1.2138627767562866,9.987710952758789,0
synthetic,mix_broad,4096,False,torch.float16,1234,6,64,256,2.5162906646728516,4.671660900115967,6.49632453918457,0
synthetic,mix_broad,4096,False,torch.float16,1234,6,256,256,2.296003818511963,4.904514312744141,11.869633674621582,0
synthetic,mix_broad,4096,False,torch.float16,1234,6,1024,256,2.153656005859375,5.055089950561523,11.803297996520996,0
synthetic,mix_broad,4096,False,torch.float16,1234,7,64,256,4.051671504974365,8.019454956054688,16.212732315063477,0
synthetic,mix_broad,4096,False,torch.float16,1234,7,256,256,4.1692657470703125,8.21051025390625,14.618005752563477,0
synthetic,mix_broad,4096,False,torch.float16,1234,7,1024,256,3.7573399543762207,8.299407958984375,24.331621170043945,0
synthetic,mix_broad,4096,False,torch.float16,2345,0,64,256,0.030548986047506332,0.03305279091000557,0.03479918837547302,0
synthetic,mix_broad,4096,False,torch.float16,2345,0,256,256,0.012731900438666344,0.013988670893013477,0.014538358896970749,0
synthetic,mix_broad,4096,False,torch.float16,2345,0,1024,256,0.007837550714612007,0.00839109718799591,0.00916130468249321,0
synthetic,mix_broad,4096,False,torch.float16,2345,1,64,256,0.07483460009098053,0.08771166950464249,0.11148802936077118,0
synthetic,mix_broad,4096,False,torch.float16,2345,1,256,256,0.036056485027074814,0.04267054796218872,0.04489006847143173,0
synthetic,mix_broad,4096,False,torch.float16,2345,1,1024,256,0.02426759898662567,0.027087584137916565,0.02963825687766075,0
synthetic,mix_broad,4096,False,torch.float16,2345,2,64,256,0.19666296243667603,0.25276464223861694,0.3351507782936096,0
synthetic,mix_broad,4096,False,torch.float16,2345,2,256,256,0.09062666445970535,0.11865159869194031,0.16241927444934845,0
synthetic,mix_broad,4096,False,torch.float16,2345,2,1024,256,0.05276186019182205,0.06434179097414017,0.081759013235569,0
synthetic,mix_broad,4096,False,torch.float16,2345,3,64,256,0.42733556032180786,0.6502610445022583,0.9453368186950684,0
synthetic,mix_broad,4096,False,torch.float16,2345,3,256,256,0.20286360383033752,0.30372336506843567,0.7488764524459839,0
synthetic,mix_broad,4096,False,torch.float16,2345,3,1024,256,0.1205524206161499,0.15712521970272064,0.3048090934753418,0
synthetic,mix_broad,4096,False,torch.float16,2345,4,64,256,0.6941702365875244,1.1103558540344238,1.8307626247406006,0
synthetic,mix_broad,4096,False,torch.float16,2345,4,256,256,0.3944658637046814,0.6870541572570801,1.0985013246536255,0
synthetic,mix_broad,4096,False,torch.float16,2345,4,1024,256,0.2408103346824646,0.40527281165122986,0.8198260068893433,0
synthetic,mix_broad,4096,False,torch.float16,2345,5,64,256,1.0613429546356201,1.9379448890686035,3.5327765941619873,0
synthetic,mix_broad,4096,False,torch.float16,2345,5,256,256,0.696236252784729,1.2475314140319824,3.1247339248657227,0
synthetic,mix_broad,4096,False,torch.float16,2345,5,1024,256,0.41872507333755493,0.8155787587165833,2.0544838905334473,0
synthetic,mix_broad,4096,False,torch.float16,2345,6,64,256,2.9865880012512207,6.560624599456787,11.135687828063965,0
synthetic,mix_broad,4096,False,torch.float16,2345,6,256,256,2.040546417236328,4.324987888336182,11.968849182128906,0
synthetic,mix_broad,4096,False,torch.float16,2345,6,1024,256,1.9645015001296997,4.564225196838379,12.074345588684082,0
synthetic,mix_broad,4096,False,torch.float16,2345,7,64,256,7.006192207336426,17.317115783691406,27.915651321411133,0
synthetic,mix_broad,4096,False,torch.float16,2345,7,256,256,4.242536544799805,9.698949813842773,15.158028602600098,0
synthetic,mix_broad,4096,False,torch.float16,2345,7,1024,256,3.552417755126953,8.989397048950195,15.030739784240723,0
synthetic,mix_broad,4096,False,torch.float16,3456,0,64,256,0.0376676544547081,0.04081904515624046,0.04300666227936745,0
synthetic,mix_broad,4096,False,torch.float16,3456,0,256,256,0.018932238221168518,0.02054624632000923,0.02175702154636383,0
synthetic,mix_broad,4096,False,torch.float16,3456,0,1024,256,0.01160203292965889,0.012555206194519997,0.013846789486706257,0
synthetic,mix_broad,4096,False,torch.float16,3456,1,64,256,0.09003656357526779,0.10726755857467651,0.12355364114046097,0
synthetic,mix_broad,4096,False,torch.float16,3456,1,256,256,0.05190207064151764,0.05804523080587387,0.06164759024977684,0
synthetic,mix_broad,4096,False,torch.float16,3456,1,1024,256,0.02198934741318226,0.025901371613144875,0.029225118458271027,0
synthetic,mix_broad,4096,False,torch.float16,3456,2,64,256,0.18176256120204926,0.23656760156154633,0.5114061236381531,0
synthetic,mix_broad,4096,False,torch.float16,3456,2,256,256,0.09595361351966858,0.11777564138174057,0.1670655608177185,0
synthetic,mix_broad,4096,False,torch.float16,3456,2,1024,256,0.049199722707271576,0.06090273708105087,0.07906357198953629,0
synthetic,mix_broad,4096,False,torch.float16,3456,3,64,256,0.39923301339149475,0.6894688606262207,1.283721923828125,0
synthetic,mix_broad,4096,False,torch.float16,3456,3,256,256,0.20729774236679077,0.3121241629123688,0.5400241613388062,0
synthetic,mix_broad,4096,False,torch.float16,3456,3,1024,256,0.12241055071353912,0.18643337488174438,0.37077489495277405,0
synthetic,mix_broad,4096,False,torch.float16,3456,4,64,256,0.6364851593971252,1.0864627361297607,1.8225520849227905,0
synthetic,mix_broad,4096,False,torch.float16,3456,4,256,256,0.36202412843704224,0.6575078964233398,1.2484941482543945,0
synthetic,mix_broad,4096,False,torch.float16,3456,4,1024,256,0.2267713099718094,0.38919857144355774,1.1154669523239136,0
synthetic,mix_broad,4096,False,torch.float16,3456,5,64,256,1.352933645248413,2.6117331981658936,3.6054553985595703,0
synthetic,mix_broad,4096,False,torch.float16,3456,5,256,256,0.823270320892334,1.6922622919082642,2.7496399879455566,0
synthetic,mix_broad,4096,False,torch.float16,3456,5,1024,256,0.564257800579071,1.2138384580612183,2.836674451828003,0
synthetic,mix_broad,4096,False,torch.float16,3456,6,64,256,2.909193277359009,5.728750228881836,12.090088844299316,0
synthetic,mix_broad,4096,False,torch.float16,3456,6,256,256,2.6954562664031982,5.921777725219727,15.134626388549805,0
synthetic,mix_broad,4096,False,torch.float16,3456,6,1024,256,2.2029175758361816,5.462876319885254,11.181591987609863,0
synthetic,mix_broad,4096,False,torch.float16,3456,7,64,256,5.63716983795166,13.450959205627441,21.231260299682617,0
synthetic,mix_broad,4096,False,torch.float16,3456,7,256,256,4.8707051277160645,10.38379192352295,19.456619262695312,0
synthetic,mix_broad,4096,False,torch.float16,3456,7,1024,256,5.047792911529541,11.796049118041992,34.28809356689453,0
synthetic,mix_broad,4096,False,torch.float32,1234,0,64,256,0.041128888726234436,0.04412682726979256,0.04614637419581413,0
synthetic,mix_broad,4096,False,torch.float32,1234,0,256,256,0.017503991723060608,0.01909344270825386,0.02004072070121765,0
synthetic,mix_broad,4096,False,torch.float32,1234,0,1024,256,0.010122494772076607,0.010918961837887764,0.01143886148929596,0
synthetic,mix_broad,4096,False,torch.float32,1234,1,64,256,0.08860962092876434,0.10300235450267792,0.12669768929481506,0
synthetic,mix_broad,4096,False,torch.float32,1234,1,256,256,0.04452824220061302,0.05227134749293327,0.06920928508043289,0
synthetic,mix_broad,4096,False,torch.float32,1234,1,1024,256,0.026486344635486603,0.030095160007476807,0.03372134268283844,0
synthetic,mix_broad,4096,False,torch.float32,1234,2,64,256,0.15925024449825287,0.20622986555099487,0.3105631172657013,0
synthetic,mix_broad,4096,False,torch.float32,1234,2,256,256,0.09139592945575714,0.11251995712518692,0.20132137835025787,0
synthetic,mix_broad,4096,False,torch.float32,1234,2,1024,256,0.04548020660877228,0.05375269800424576,0.05900858715176582,0
synthetic,mix_broad,4096,False,torch.float32,1234,3,64,256,0.3507593274116516,0.5056509971618652,0.7580865025520325,0
synthetic,mix_broad,4096,False,torch.float32,1234,3,256,256,0.2021338939666748,0.3110390901565552,0.4797566831111908,0
synthetic,mix_broad,4096,False,torch.float32,1234,3,1024,256,0.10983404517173767,0.1492023915052414,0.4271852672100067,0
synthetic,mix_broad,4096,False,torch.float32,1234,4,64,256,0.7542636394500732,1.2079994678497314,3.1722071170806885,0
synthetic,mix_broad,4096,False,torch.float32,1234,4,256,256,0.4572581648826599,0.8506450057029724,2.500417709350586,0
synthetic,mix_broad,4096,False,torch.float32,1234,4,1024,256,0.2461327761411667,0.40558356046676636,1.2318426370620728,0
synthetic,mix_broad,4096,False,torch.float32,1234,5,64,256,1.1607868671417236,2.318913459777832,4.424575328826904,0
synthetic,mix_broad,4096,False,torch.float32,1234,5,256,256,0.7227574586868286,1.4474815130233765,4.6518449783325195,0
synthetic,mix_broad,4096,False,torch.float32,1234,5,1024,256,0.562306821346283,1.2132588624954224,9.983750343322754,0
synthetic,mix_broad,4096,False,torch.float32,1234,6,64,256,2.516225814819336,4.670209884643555,6.494204521179199,0
synthetic,mix_broad,4096,False,torch.float32,1234,6,256,256,2.296145439147949,4.904668807983398,11.867732048034668,0
synthetic,mix_broad,4096,False,torch.float32,1234,6,1024,256,2.153841495513916,5.05540657043457,11.811807632446289,0
synthetic,mix_broad,4096,False,torch.float32,1234,7,64,256,4.051234722137451,8.018888473510742,16.21213150024414,0
synthetic,mix_broad,4096,False,torch.float32,1234,7,256,256,4.169127464294434,8.21024227142334,14.614951133728027,0
synthetic,mix_broad,4096,False,torch.float32,1234,7,1024,256,3.757129192352295,8.298351287841797,24.335559844970703,0
synthetic,mix_broad,4096,False,torch.float32,2345,0,64,256,0.030548881739377975,0.03305297717452049,0.034799542278051376,0
synthetic,mix_broad,4096,False,torch.float32,2345,0,256,256,0.012731507420539856,0.013988366350531578,0.014537886716425419,0
synthetic,mix_broad,4096,False,torch.float32,2345,0,1024,256,0.007837575860321522,0.008391095325350761,0.0091614481061697,0
synthetic,mix_broad,4096,False,torch.float32,2345,1,64,256,0.07483309507369995,0.08770793676376343,0.11148664355278015,0
synthetic,mix_broad,4096,False,torch.float32,2345,1,256,256,0.03605436906218529,0.04266892001032829,0.04489020258188248,0
synthetic,mix_broad,4096,False,torch.float32,2345,1,1024,256,0.024267639964818954,0.027087971568107605,0.02963869273662567,0
synthetic,mix_broad,4096,False,torch.float32,2345,2,64,256,0.19667211174964905,0.2527751326560974,0.3351563513278961,0
synthetic,mix_broad,4096,False,torch.float32,2345,2,256,256,0.09063128381967545,0.1186402440071106,0.1624264270067215,0
synthetic,mix_broad,4096,False,torch.float32,2345,2,1024,256,0.05276444926857948,0.064344123005867,0.08175822347402573,0
synthetic,mix_broad,4096,False,torch.float32,2345,3,64,256,0.4273378252983093,0.6503273248672485,0.9453789591789246,0
synthetic,mix_broad,4096,False,torch.float32,2345,3,256,256,0.20286422967910767,0.3036937713623047,0.7490519881248474,0
synthetic,mix_broad,4096,False,torch.float32,2345,3,1024,256,0.12055453658103943,0.1571853905916214,0.30479684472084045,0
synthetic,mix_broad,4096,False,torch.float32,2345,4,64,256,0.6941561698913574,1.1104117631912231,1.830356240272522,0
synthetic,mix_broad,4096,False,torch.float32,2345,4,256,256,0.3944483995437622,0.6871589422225952,1.098600149154663,0
synthetic,mix_broad,4096,False,torch.float32,2345,4,1024,256,0.240801602602005,0.4054165482521057,0.8199343085289001,0
synthetic,mix_broad,4096,False,torch.float32,2345,5,64,256,1.0614094734191895,1.9381132125854492,3.53317928314209,0
synthetic,mix_broad,4096,False,torch.float32,2345,5,256,256,0.6962108612060547,1.2475545406341553,3.1242287158966064,0
synthetic,mix_broad,4096,False,torch.float32,2345,5,1024,256,0.4187382459640503,0.8155872821807861,2.0542893409729004,0
synthetic,mix_broad,4096,False,torch.float32,2345,6,64,256,2.9866766929626465,6.561655044555664,11.137147903442383,0
synthetic,mix_broad,4096,False,torch.float32,2345,6,256,256,2.040346145629883,4.322359085083008,11.960123062133789,0
synthetic,mix_broad,4096,False,torch.float32,2345,6,1024,256,1.9644650220870972,4.565176963806152,12.079622268676758,0
synthetic,mix_broad,4096,False,torch.float32,2345,7,64,256,7.006185054779053,17.316072463989258,27.90879249572754,0
synthetic,mix_broad,4096,False,torch.float32,2345,7,256,256,4.242301940917969,9.695932388305664,15.161421775817871,0
synthetic,mix_broad,4096,False,torch.float32,2345,7,1024,256,3.552511692047119,8.992268562316895,15.022900581359863,0
synthetic,mix_broad,4096,False,torch.float32,3456,0,64,256,0.037668026983737946,0.040819648653268814,0.043006833642721176,0
synthetic,mix_broad,4096,False,torch.float32,3456,0,256,256,0.018932241946458817,0.02054654248058796,0.02175755985081196,0
synthetic,mix_broad,4096,False,torch.float32,3456,0,1024,256,0.011601484380662441,0.012554534710943699,0.01384616270661354,0
synthetic,mix_broad,4096,False,torch.float32,3456,1,64,256,0.09003547579050064,0.10726171731948853,0.1235540583729744,0
synthetic,mix_broad,4096,False,torch.float32,3456,1,256,256,0.05190129205584526,0.058044467121362686,0.06164919584989548,0
synthetic,mix_broad,4096,False,torch.float32,3456,1,1024,256,0.021989524364471436,0.025901081040501595,0.029223760589957237,0
synthetic,mix_broad,4096,False,torch.float32,3456,2,64,256,0.18174993991851807,0.23653440177440643,0.5113948583602905,0
synthetic,mix_broad,4096,False,torch.float32,3456,2,256,256,0.09594742953777313,0.1177799329161644,0.16704705357551575,0
synthetic,mix_broad,4096,False,torch.float32,3456,2,1024,256,0.04919785261154175,0.06089900806546211,0.07906349748373032,0
synthetic,mix_broad,4096,False,torch.float32,3456,3,64,256,0.39922866225242615,0.6894807815551758,1.2836130857467651,0
synthetic,mix_broad,4096,False,torch.float32,3456,3,256,256,0.20729833841323853,0.31216222047805786,0.5400694608688354,0
synthetic,mix_broad,4096,False,torch.float32,3456,3,1024,256,0.12241300940513611,0.18642306327819824,0.3707437515258789,0
synthetic,mix_broad,4096,False,torch.float32,3456,4,64,256,0.6364941596984863,1.0864531993865967,1.822027325630188,0
synthetic,mix_broad,4096,False,torch.float32,3456,4,256,256,0.36201968789100647,0.6576634049415588,1.2485853433609009,0
synthetic,mix_broad,4096,False,torch.float32,3456,4,1024,256,0.22677494585514069,0.3890651762485504,1.1158099174499512,0
synthetic,mix_broad,4096,False,torch.float32,3456,5,64,256,1.3529725074768066,2.61167049407959,3.604769706726074,0
synthetic,mix_broad,4096,False,torch.float32,3456,5,256,256,0.8232516050338745,1.692502498626709,2.7500219345092773,0
synthetic,mix_broad,4096,False,torch.float32,3456,5,1024,256,0.5642790794372559,1.2140570878982544,2.836344003677368,0
synthetic,mix_broad,4096,False,torch.float32,3456,6,64,256,2.908855438232422,5.726630210876465,12.08481502532959,0
synthetic,mix_broad,4096,False,torch.float32,3456,6,256,256,2.6954028606414795,5.922084808349609,15.131970405578613,0
synthetic,mix_broad,4096,False,torch.float32,3456,6,1024,256,2.20296311378479,5.464677333831787,11.181946754455566,0
synthetic,mix_broad,4096,False,torch.float32,3456,7,64,256,5.6360931396484375,13.451386451721191,21.2183895111084,0
synthetic,mix_broad,4096,False,torch.float32,3456,7,256,256,4.8711042404174805,10.385307312011719,19.45252227783203,0
synthetic,mix_broad,4096,False,torch.float32,3456,7,1024,256,5.047481536865234,11.794281005859375,34.2844123840332,0
synthetic,mix_broad,4096,True,torch.float16,1234,0,64,256,0.03757423162460327,0.04208824038505554,0.04517599567770958,0
synthetic,mix_broad,4096,True,torch.float16,1234,0,256,256,0.0167077649384737,0.018766852095723152,0.020530536770820618,0
synthetic,mix_broad,4096,True,torch.float16,1234,0,1024,256,0.010220257565379143,0.011735107749700546,0.01360141858458519,0
synthetic,mix_broad,4096,True,torch.float16,1234,1,64,256,0.08456391841173172,0.0991605818271637,0.1311456859111786,0
synthetic,mix_broad,4096,True,torch.float16,1234,1,256,256,0.04302630200982094,0.05141112580895424,0.0609385222196579,0
synthetic,mix_broad,4096,True,torch.float16,1234,1,1024,256,0.024619581177830696,0.028819739818572998,0.03063703142106533,0
synthetic,mix_broad,4096,True,torch.float16,1234,2,64,256,0.16530224680900574,0.22586104273796082,0.3003876507282257,0
synthetic,mix_broad,4096,True,torch.float16,1234,2,256,256,0.08784651756286621,0.11209428310394287,0.20122292637825012,0
synthetic,mix_broad,4096,True,torch.float16,1234,2,1024,256,0.04508871212601662,0.055225495249032974,0.06361102312803268,0
synthetic,mix_broad,4096,True,torch.float16,1234,3,64,256,0.34041205048561096,0.4798452854156494,0.7184410095214844,0
synthetic,mix_broad,4096,True,torch.float16,1234,3,256,256,0.18512123823165894,0.27520304918289185,0.4423859417438507,0
synthetic,mix_broad,4096,True,torch.float16,1234,3,1024,256,0.1037948876619339,0.14084233343601227,0.262289822101593,0
synthetic,mix_broad,4096,True,torch.float16,1234,4,64,256,0.666622519493103,1.1526987552642822,2.609051465988159,0
synthetic,mix_broad,4096,True,torch.float16,1234,4,256,256,0.417730450630188,0.7658159732818604,2.517308235168457,0
synthetic,mix_broad,4096,True,torch.float16,1234,4,1024,256,0.2343914657831192,0.4115333557128906,0.9862081408500671,0
synthetic,mix_broad,4096,True,torch.float16,1234,5,64,256,1.264773964881897,3.1593804359436035,5.443820476531982,0
synthetic,mix_broad,4096,True,torch.float16,1234,5,256,256,0.7099075317382812,1.349621295928955,4.670324802398682,0
synthetic,mix_broad,4096,True,torch.float16,1234,5,1024,256,0.4994374215602875,1.0070831775665283,3.45001220703125,0
synthetic,mix_broad,4096,True,torch.float16,1234,6,64,256,2.291977882385254,4.019125938415527,9.145589828491211,0
synthetic,mix_broad,4096,True,torch.float16,1234,6,256,256,2.2451770305633545,5.0434770584106445,14.2451810836792,0
synthetic,mix_broad,4096,True,torch.float16,1234,6,1024,256,1.9094618558883667,4.372574806213379,11.972966194152832,0
synthetic,mix_broad,4096,True,torch.float16,1234,7,64,256,3.6538710594177246,7.248061180114746,18.814455032348633,0
synthetic,mix_broad,4096,True,torch.float16,1234,7,256,256,3.766322135925293,7.8122782707214355,13.334019660949707,0
synthetic,mix_broad,4096,True,torch.float16,1234,7,1024,256,2.8193488121032715,6.339427947998047,12.895621299743652,0
synthetic,mix_broad,4096,True,torch.float16,2345,0,64,256,0.036335378885269165,0.04215145856142044,0.05249622464179993,0
synthetic,mix_broad,4096,True,torch.float16,2345,0,256,256,0.014088623225688934,0.0158153735101223,0.01763894222676754,0
synthetic,mix_broad,4096,True,torch.float16,2345,0,1024,256,0.008908949792385101,0.01005643978714943,0.010611706413328648,0
synthetic,mix_broad,4096,True,torch.float16,2345,1,64,256,0.08324578404426575,0.09912914037704468,0.11732978373765945,0
synthetic,mix_broad,4096,True,torch.float16,2345,1,256,256,0.0376754067838192,0.04451761394739151,0.049742478877305984,0
synthetic,mix_broad,4096,True,torch.float16,2345,1,1024,256,0.02248965948820114,0.026669451966881752,0.029668696224689484,0
synthetic,mix_broad,4096,True,torch.float16,2345,2,64,256,0.18939313292503357,0.25391528010368347,0.3689660429954529,0
synthetic,mix_broad,4096,True,torch.float16,2345,2,256,256,0.08859424293041229,0.11651666462421417,0.16592761874198914,0
synthetic,mix_broad,4096,True,torch.float16,2345,2,1024,256,0.04790889471769333,0.059566862881183624,0.08192994445562363,0
synthetic,mix_broad,4096,True,torch.float16,2345,3,64,256,0.3705850839614868,0.6080688834190369,0.9138407111167908,0
synthetic,mix_broad,4096,True,torch.float16,2345,3,256,256,0.18507826328277588,0.2829970717430115,0.6052598357200623,0
synthetic,mix_broad,4096,True,torch.float16,2345,3,1024,256,0.10526301711797714,0.14672943949699402,0.2851355969905853,0
synthetic,mix_broad,4096,True,torch.float16,2345,4,64,256,0.6907414793968201,1.1382355690002441,1.8098376989364624,0
synthetic,mix_broad,4096,True,torch.float16,2345,4,256,256,0.4014865756034851,0.6885413527488708,1.7350536584854126,0
synthetic,mix_broad,4096,True,torch.float16,2345,4,1024,256,0.22786149382591248,0.3738347887992859,0.7021223902702332,0
synthetic,mix_broad,4096,True,torch.float16,2345,5,64,256,1.0270962715148926,1.8655500411987305,4.243958950042725,0
synthetic,mix_broad,4096,True,torch.float16,2345,5,256,256,0.6724504232406616,1.3815747499465942,3.205390453338623,0
synthetic,mix_broad,4096,True,torch.float16,2345,5,1024,256,0.400313138961792,0.7662006616592407,1.4863287210464478,0
synthetic,mix_broad,4096,True,torch.float16,2345,6,64,256,2.6687376499176025,5.984648704528809,11.372893333435059,0
synthetic,mix_broad,4096,True,torch.float16,2345,6,256,256,1.9648751020431519,4.567086696624756,12.768129348754883,0
synthetic,mix_broad,4096,True,torch.float16,2345,6,1024,256,1.5405954122543335,3.242983341217041,10.855477333068848,0
synthetic,mix_broad,4096,True,torch.float16,2345,7,64,256,5.366536617279053,14.57151985168457,22.644134521484375,0
synthetic,mix_broad,4096,True,torch.float16,2345,7,256,256,3.5729904174804688,8.185373306274414,16.477598190307617,0
synthetic,mix_broad,4096,True,torch.float16,2345,7,1024,256,3.0776963233947754,6.8819780349731445,14.839357376098633,0
synthetic,mix_broad,4096,True,torch.float16,3456,0,64,256,0.03323327749967575,0.038302723318338394,0.041844502091407776,0
synthetic,mix_broad,4096,True,torch.float16,3456,0,256,256,0.01951413042843342,0.021994400769472122,0.02621173858642578,0
synthetic,mix_broad,4096,True,torch.float16,3456,0,1024,256,0.010725609958171844,0.012184824794530869,0.012873658910393715,0
synthetic,mix_broad,4096,True,torch.float16,3456,1,64,256,0.0849929228425026,0.10565947741270065,0.1190260648727417,0
synthetic,mix_broad,4096,True,torch.float16,3456,1,256,256,0.05022082105278969,0.0586654357612133,0.06971217691898346,0
synthetic,mix_broad,4096,True,torch.float16,3456,1,1024,256,0.02169608697295189,0.026110831648111343,0.029532618820667267,0
synthetic,mix_broad,4096,True,torch.float16,3456,2,64,256,0.18194857239723206,0.23676326870918274,0.5334407687187195,0
synthetic,mix_broad,4096,True,torch.float16,3456,2,256,256,0.09145888686180115,0.11304514110088348,0.16849882900714874,0
synthetic,mix_broad,4096,True,torch.float16,3456,2,1024,256,0.047210291028022766,0.058176178485155106,0.09111818671226501,0
synthetic,mix_broad,4096,True,torch.float16,3456,3,64,256,0.3600192666053772,0.6353440880775452,1.2331827878952026,0
synthetic,mix_broad,4096,True,torch.float16,3456,3,256,256,0.19817087054252625,0.3138452470302582,0.561037003993988,0
synthetic,mix_broad,4096,True,torch.float16,3456,3,1024,256,0.11446613818407059,0.17563991248607635,0.21277207136154175,0
synthetic,mix_broad,4096,True,torch.float16,3456,4,64,256,0.600186824798584,0.9561910629272461,2.255603313446045,0
synthetic,mix_broad,4096,True,torch.float16,3456,4,256,256,0.38275396823883057,0.6780389547348022,1.1808654069900513,0
synthetic,mix_broad,4096,True,torch.float16,3456,4,1024,256,0.2327711284160614,0.38582509756088257,1.0891449451446533,0
synthetic,mix_broad,4096,True,torch.float16,3456,5,64,256,1.299126386642456,2.323730945587158,4.377139568328857,0
synthetic,mix_broad,4096,True,torch.float16,3456,5,256,256,0.794605016708374,1.5277440547943115,3.337407350540161,0
synthetic,mix_broad,4096,True,torch.float16,3456,5,1024,256,0.5578360557556152,1.1615403890609741,3.538743734359741,0
synthetic,mix_broad,4096,True,torch.float16,3456,6,64,256,2.7872066497802734,6.125872611999512,13.853076934814453,0
synthetic,mix_broad,4096,True,torch.float16,3456,6,256,256,2.303741455078125,6.135746955871582,14.984161376953125,0
synthetic,mix_broad,4096,True,torch.float16,3456,6,1024,256,1.922674536705017,4.907763957977295,11.394485473632812,0
synthetic,mix_broad,4096,True,torch.float16,3456,7,64,256,4.5096755027771,12.2257719039917,20.975635528564453,0
synthetic,mix_broad,4096,True,torch.float16,3456,7,256,256,3.812547206878662,8.230587005615234,16.69133758544922,0
synthetic,mix_broad,4096,True,torch.float16,3456,7,1024,256,3.96526837348938,9.639302253723145,31.64286231994629,0
synthetic,mix_broad,4096,True,torch.float32,1234,0,64,256,0.03757252171635628,0.04208681732416153,0.04517222195863724,0
synthetic,mix_broad,4096,True,torch.float32,1234,0,256,256,0.016707170754671097,0.01876617781817913,0.02053062617778778,0
synthetic,mix_broad,4096,True,torch.float32,1234,0,1024,256,0.010220017284154892,0.011735326610505581,0.013601617887616158,0
synthetic,mix_broad,4096,True,torch.float32,1234,1,64,256,0.0845649316906929,0.09916176646947861,0.13115090131759644,0
synthetic,mix_broad,4096,True,torch.float32,1234,1,256,256,0.04302790388464928,0.051410432904958725,0.060933057218790054,0
synthetic,mix_broad,4096,True,torch.float32,1234,1,1024,256,0.024620087817311287,0.028820278123021126,0.030638564378023148,0
synthetic,mix_broad,4096,True,torch.float32,1234,2,64,256,0.16529709100723267,0.22588253021240234,0.30040422081947327,0
synthetic,mix_broad,4096,True,torch.float32,1234,2,256,256,0.08784668147563934,0.11209047585725784,0.20125146210193634,0
synthetic,mix_broad,4096,True,torch.float32,1234,2,1024,256,0.045087166130542755,0.055220071226358414,0.06360677629709244,0
synthetic,mix_broad,4096,True,torch.float32,1234,3,64,256,0.34041833877563477,0.4798692464828491,0.7184017300605774,0
synthetic,mix_broad,4096,True,torch.float32,1234,3,256,256,0.18512043356895447,0.2751941680908203,0.4424663484096527,0
synthetic,mix_broad,4096,True,torch.float32,1234,3,1024,256,0.10379663109779358,0.14083236455917358,0.2622719705104828,0
synthetic,mix_broad,4096,True,torch.float32,1234,4,64,256,0.6665939688682556,1.152411699295044,2.6100292205810547,0
synthetic,mix_broad,4096,True,torch.float32,1234,4,256,256,0.41772758960723877,0.765868604183197,2.5169620513916016,0
synthetic,mix_broad,4096,True,torch.float32,1234,4,1024,256,0.23439043760299683,0.4115590453147888,0.9861789345741272,0
synthetic,mix_broad,4096,True,torch.float32,1234,5,64,256,1.2648756504058838,3.1598706245422363,5.442845344543457,0
synthetic,mix_broad,4096,True,torch.float32,1234,5,256,256,0.7099221348762512,1.3496659994125366,4.67047119140625,0
synthetic,mix_broad,4096,True,torch.float32,1234,5,1024,256,0.49944090843200684,1.0069854259490967,3.450727701187134,0
synthetic,mix_broad,4096,True,torch.float32,1234,6,64,256,2.2919273376464844,4.020707607269287,9.142980575561523,0
synthetic,mix_broad,4096,True,torch.float32,1234,6,256,256,2.245260715484619,5.045708179473877,14.242761611938477,0
synthetic,mix_broad,4096,True,torch.float32,1234,6,1024,256,1.9095783233642578,4.370832443237305,11.974601745605469,0
synthetic,mix_broad,4096,True,torch.float32,1234,7,64,256,3.6536753177642822,7.2473297119140625,18.81470489501953,0
synthetic,mix_broad,4096,True,torch.float32,1234,7,256,256,3.7664148807525635,7.814480304718018,13.33542251586914,0
synthetic,mix_broad,4096,True,torch.float32,1234,7,1024,256,2.8193275928497314,6.340600967407227,12.902203559875488,0
synthetic,mix_broad,4096,True,torch.float32,2345,0,64,256,0.03633623942732811,0.04215317592024803,0.05249190330505371,0
synthetic,mix_broad,4096,True,torch.float32,2345,0,256,256,0.014088492840528488,0.015815338119864464,0.017639128491282463,0
synthetic,mix_broad,4096,True,torch.float32,2345,0,1024,256,0.008909045718610287,0.010056915692985058,0.010612299665808678,0
synthetic,mix_broad,4096,True,torch.float32,2345,1,64,256,0.08324433118104935,0.09911801666021347,0.11731782555580139,0
synthetic,mix_broad,4096,True,torch.float32,2345,1,256,256,0.037674158811569214,0.044516295194625854,0.049740977585315704,0
synthetic,mix_broad,4096,True,torch.float32,2345,1,1024,256,0.022489333525300026,0.026668749749660492,0.029668623581528664,0
synthetic,mix_broad,4096,True,torch.float32,2345,2,64,256,0.18939317762851715,0.25395119190216064,0.36895281076431274,0
synthetic,mix_broad,4096,True,torch.float32,2345,2,256,256,0.08859674632549286,0.11652359366416931,0.16594798862934113,0
synthetic,mix_broad,4096,True,torch.float32,2345,2,1024,256,0.04790952429175377,0.059565819799900055,0.08192788064479828,0
synthetic,mix_broad,4096,True,torch.float32,2345,3,64,256,0.3705862760543823,0.6080119013786316,0.9138696789741516,0
synthetic,mix_broad,4096,True,torch.float32,2345,3,256,256,0.1850782036781311,0.282997190952301,0.6053789854049683,0
synthetic,mix_broad,4096,True,torch.float32,2345,3,1024,256,0.10526363551616669,0.14671984314918518,0.2850201427936554,0
synthetic,mix_broad,4096,True,torch.float32,2345,4,64,256,0.6907446384429932,1.138230323791504,1.8094805479049683,0
synthetic,mix_broad,4096,True,torch.float32,2345,4,256,256,0.40148332715034485,0.6886041164398193,1.7351899147033691,0
synthetic,mix_broad,4096,True,torch.float32,2345,4,1024,256,0.22786110639572144,0.37383660674095154,0.7019950151443481,0
synthetic,mix_broad,4096,True,torch.float32,2345,5,64,256,1.027143955230713,1.8657957315444946,4.243497371673584,0
synthetic,mix_broad,4096,True,torch.float32,2345,5,256,256,0.6724065542221069,1.381400465965271,3.2051796913146973,0
synthetic,mix_broad,4096,True,torch.float32,2345,5,1024,256,0.40030428767204285,0.7662465572357178,1.4875038862228394,0
synthetic,mix_broad,4096,True,torch.float32,2345,6,64,256,2.6686859130859375,5.98500919342041,11.379018783569336,0
synthetic,mix_broad,4096,True,torch.float32,2345,6,256,256,1.9646828174591064,4.567031383514404,12.758564949035645,0
synthetic,mix_broad,4096,True,torch.float32,2345,6,1024,256,1.5406012535095215,3.242326259613037,10.855931282043457,0
synthetic,mix_broad,4096,True,torch.float32,2345,7,64,256,5.366600513458252,14.574491500854492,22.646636962890625,0
synthetic,mix_broad,4096,True,torch.float32,2345,7,256,256,3.572838306427002,8.181526184082031,16.474842071533203,0
synthetic,mix_broad,4096,True,torch.float32,2345,7,1024,256,3.0776851177215576,6.879188537597656,14.844806671142578,0
synthetic,mix_broad,4096,True,torch.float32,3456,0,64,256,0.033233560621738434,0.038303449749946594,0.04184723272919655,0
synthetic,mix_broad,4096,True,torch.float32,3456,0,256,256,0.01951431669294834,0.021994978189468384,0.026211917400360107,0
synthetic,mix_broad,4096,True,torch.float32,3456,0,1024,256,0.010725469328463078,0.012184577994048595,0.012873971834778786,0
synthetic,mix_broad,4096,True,torch.float32,3456,1,64,256,0.08498995006084442,0.10566464066505432,0.1190161406993866,0
synthetic,mix_broad,4096,True,torch.float32,3456,1,256,256,0.05022049695253372,0.05866420269012451,0.06971826404333115,0
synthetic,mix_broad,4096,True,torch.float32,3456,1,1024,256,0.02169618383049965,0.026111122220754623,0.029533889144659042,0
synthetic,mix_broad,4096,True,torch.float32,3456,2,64,256,0.18194055557250977,0.23679010570049286,0.533440113067627,0
synthetic,mix_broad,4096,True,torch.float32,3456,2,256,256,0.09145485609769821,0.11304923892021179,0.1684809774160385,0
synthetic,mix_broad,4096,True,torch.float32,3456,2,1024,256,0.04720938205718994,0.05817549675703049,0.09112504869699478,0
synthetic,mix_broad,4096,True,torch.float32,3456,3,64,256,0.36000579595565796,0.635158896446228,1.232936978340149,0
synthetic,mix_broad,4096,True,torch.float32,3456,3,256,256,0.1981639564037323,0.3137895464897156,0.5609711408615112,0
synthetic,mix_broad,4096,True,torch.float32,3456,3,1024,256,0.11446310579776764,0.17565211653709412,0.21277983486652374,0
synthetic,mix_broad,4096,True,torch.float32,3456,4,64,256,0.6001771092414856,0.9561500549316406,2.2548458576202393,0
synthetic,mix_broad,4096,True,torch.float32,3456,4,256,256,0.38274115324020386,0.6779425740242004,1.1809788942337036,0
synthetic,mix_broad,4096,True,torch.float32,3456,4,1024,256,0.23277314007282257,0.38591480255126953,1.089328646659851,0
synthetic,mix_broad,4096,True,torch.float32,3456,5,64,256,1.2991666793823242,2.3235270977020264,4.377501487731934,0
synthetic,mix_broad,4096,True,torch.float32,3456,5,256,256,0.7946075201034546,1.5276175737380981,3.337754726409912,0
synthetic,mix_broad,4096,True,torch.float32,3456,5,1024,256,0.5578532814979553,1.1616852283477783,3.5389461517333984,0
synthetic,mix_broad,4096,True,torch.float32,3456,6,64,256,2.7867884635925293,6.122820854187012,13.848320960998535,0
synthetic,mix_broad,4096,True,torch.float32,3456,6,256,256,2.303699493408203,6.135502815246582,14.981377601623535,0
synthetic,mix_broad,4096,True,torch.float32,3456,6,1024,256,1.922607660293579,4.905712127685547,11.389419555664062,0
synthetic,mix_broad,4096,True,torch.float32,3456,7,64,256,4.5090532302856445,12.223323822021484,20.964351654052734,0
synthetic,mix_broad,4096,True,torch.float32,3456,7,256,256,3.8129196166992188,8.228342056274414,16.693187713623047,0
synthetic,mix_broad,4096,True,torch.float32,3456,7,1024,256,3.9651458263397217,9.636571884155273,31.641098022460938,0
synthetic,lowrank_easy,4096,False,torch.float16,1234,0,64,256,0.10888931155204773,0.18037162721157074,0.2712444067001343,0
synthetic,lowrank_easy,4096,False,torch.float16,1234,0,256,256,0.05068434774875641,0.08639311045408249,0.17888043820858002,0
synthetic,lowrank_easy,4096,False,torch.float16,1234,0,1024,256,0.0348782017827034,0.07213050127029419,0.15403130650520325,0
synthetic,lowrank_easy,4096,False,torch.float16,1234,1,64,256,0.1708962470293045,0.32187438011169434,0.7915098071098328,0
synthetic,lowrank_easy,4096,False,torch.float16,1234,1,256,256,0.12420017272233963,0.2841775417327881,0.5742292404174805,0
synthetic,lowrank_easy,4096,False,torch.float16,1234,1,1024,256,0.03584163263440132,0.06189659237861633,0.10701971501111984,0
synthetic,lowrank_easy,4096,False,torch.float16,1234,2,64,256,0.12303312122821808,0.20648270845413208,0.33164331316947937,0
synthetic,lowrank_easy,4096,False,torch.float16,1234,2,256,256,0.07849807292222977,0.14407877624034882,0.2458707094192505,0
synthetic,lowrank_easy,4096,False,torch.float16,1234,2,1024,256,0.04702915996313095,0.08667264133691788,0.22967876493930817,0
synthetic,lowrank_easy,4096,False,torch.float16,1234,3,64,256,0.1772647202014923,0.2900095582008362,0.40840989351272583,0
synthetic,lowrank_easy,4096,False,torch.float16,1234,3,256,256,0.07512474060058594,0.13884887099266052,0.26987406611442566,0
synthetic,lowrank_easy,4096,False,torch.float16,1234,3,1024,256,0.04937368631362915,0.09481102973222733,0.17776091396808624,0
synthetic,lowrank_easy,4096,False,torch.float16,1234,4,64,256,0.12854276597499847,0.1974250078201294,0.3128884434700012,0
synthetic,lowrank_easy,4096,False,torch.float16,1234,4,256,256,0.09148538112640381,0.18957321345806122,0.37130430340766907,0
synthetic,lowrank_easy,4096,False,torch.float16,1234,4,1024,256,0.03956109657883644,0.10074341297149658,0.2167893499135971,0
synthetic,lowrank_easy,4096,False,torch.float16,1234,5,64,256,0.11807718127965927,0.19629071652889252,0.2999333441257477,0
synthetic,lowrank_easy,4096,False,torch.float16,1234,5,256,256,0.08542744815349579,0.14401569962501526,0.24084478616714478,0
synthetic,lowrank_easy,4096,False,torch.float16,1234,5,1024,256,0.039987191557884216,0.08451332151889801,0.1830260157585144,0
synthetic,lowrank_easy,4096,False,torch.float16,1234,6,64,256,0.1200939267873764,0.20156028866767883,0.2686929702758789,0
synthetic,lowrank_easy,4096,False,torch.float16,1234,6,256,256,0.07990501821041107,0.16067209839820862,0.39534738659858704,0
synthetic,lowrank_easy,4096,False,torch.float16,1234,6,1024,256,0.030756652355194092,0.05141317844390869,0.11856347322463989,0
synthetic,lowrank_easy,4096,False,torch.float16,1234,7,64,256,0.20092728734016418,0.3872639238834381,0.5840675234794617,0
synthetic,lowrank_easy,4096,False,torch.float16,1234,7,256,256,0.1157895028591156,0.2006327360868454,0.4774472415447235,0
synthetic,lowrank_easy,4096,False,torch.float16,1234,7,1024,256,0.07057587057352066,0.1631130874156952,0.5956087112426758,0
synthetic,lowrank_easy,4096,False,torch.float16,2345,0,64,256,0.09874299168586731,0.17393802106380463,0.2622728645801544,0
synthetic,lowrank_easy,4096,False,torch.float16,2345,0,256,256,0.07033681869506836,0.11306709796190262,0.16012072563171387,0
synthetic,lowrank_easy,4096,False,torch.float16,2345,0,1024,256,0.026897674426436424,0.04499552398920059,0.0826704204082489,0
synthetic,lowrank_easy,4096,False,torch.float16,2345,1,64,256,0.10555429756641388,0.17521101236343384,0.2458716630935669,0
synthetic,lowrank_easy,4096,False,torch.float16,2345,1,256,256,0.05015307664871216,0.09660127013921738,0.16782985627651215,0
synthetic,lowrank_easy,4096,False,torch.float16,2345,1,1024,256,0.03726894035935402,0.07665073871612549,0.14468027651309967,0
synthetic,lowrank_easy,4096,False,torch.float16,2345,2,64,256,0.17973914742469788,0.2656973898410797,0.3914339244365692,0
synthetic,lowrank_easy,4096,False,torch.float16,2345,2,256,256,0.07637296617031097,0.1426365077495575,0.3097532093524933,0
synthetic,lowrank_easy,4096,False,torch.float16,2345,2,1024,256,0.0632094293832779,0.15798111259937286,0.5318863391876221,0
synthetic,lowrank_easy,4096,False,torch.float16,2345,3,64,256,0.09789589047431946,0.19621993601322174,0.34588637948036194,0
synthetic,lowrank_easy,4096,False,torch.float16,2345,3,256,256,0.06311071664094925,0.11904559284448624,0.24018479883670807,0
synthetic,lowrank_easy,4096,False,torch.float16,2345,3,1024,256,0.04168697074055672,0.07290203869342804,0.12228188663721085,0
synthetic,lowrank_easy,4096,False,torch.float16,2345,4,64,256,0.19065813720226288,0.49662482738494873,0.873031735420227,0
synthetic,lowrank_easy,4096,False,torch.float16,2345,4,256,256,0.07745660841464996,0.14396792650222778,0.26853594183921814,0
synthetic,lowrank_easy,4096,False,torch.float16,2345,4,1024,256,0.0645759254693985,0.16349981725215912,0.33678653836250305,0
synthetic,lowrank_easy,4096,False,torch.float16,2345,5,64,256,0.10258016735315323,0.18187707662582397,0.24456679821014404,0
synthetic,lowrank_easy,4096,False,torch.float16,2345,5,256,256,0.04790041595697403,0.08947208523750305,0.30964019894599915,0
synthetic,lowrank_easy,4096,False,torch.float16,2345,5,1024,256,0.03626643121242523,0.07538820803165436,0.12958255410194397,0
synthetic,lowrank_easy,4096,False,torch.float16,2345,6,64,256,0.09777787327766418,0.14076276123523712,0.1890203207731247,0
synthetic,lowrank_easy,4096,False,torch.float16,2345,6,256,256,0.06591616570949554,0.13672004640102386,0.2172614187002182,0
synthetic,lowrank_easy,4096,False,torch.float16,2345,6,1024,256,0.036688633263111115,0.06236061081290245,0.12397793680429459,0
synthetic,lowrank_easy,4096,False,torch.float16,2345,7,64,256,0.15112097561359406,0.24302959442138672,0.297472208738327,0
synthetic,lowrank_easy,4096,False,torch.float16,2345,7,256,256,0.0806964561343193,0.12812604010105133,0.3132338523864746,0
synthetic,lowrank_easy,4096,False,torch.float16,2345,7,1024,256,0.043924860656261444,0.08540850877761841,0.25080129504203796,0
synthetic,lowrank_easy,4096,False,torch.float16,3456,0,64,256,0.18016913533210754,0.26593372225761414,0.4774552881717682,0
synthetic,lowrank_easy,4096,False,torch.float16,3456,0,256,256,0.1271914392709732,0.19550737738609314,0.4787576496601105,0
synthetic,lowrank_easy,4096,False,torch.float16,3456,0,1024,256,0.1202617883682251,0.4480011463165283,1.996888279914856,0
synthetic,lowrank_easy,4096,False,torch.float16,3456,1,64,256,0.11275632679462433,0.15933437645435333,0.23203161358833313,0
synthetic,lowrank_easy,4096,False,torch.float16,3456,1,256,256,0.06649857014417648,0.1276845932006836,0.20214052498340607,0
synthetic,lowrank_easy,4096,False,torch.float16,3456,1,1024,256,0.03325003385543823,0.06831993162631989,0.10509328544139862,0
synthetic,lowrank_easy,4096,False,torch.float16,3456,2,64,256,0.15933918952941895,0.23463287949562073,0.47600147128105164,0
synthetic,lowrank_easy,4096,False,torch.float16,3456,2,256,256,0.09173750877380371,0.17277215421199799,0.35347408056259155,0
synthetic,lowrank_easy,4096,False,torch.float16,3456,2,1024,256,0.059428274631500244,0.12981007993221283,0.4059285819530487,0
synthetic,lowrank_easy,4096,False,torch.float16,3456,3,64,256,0.18518522381782532,0.3819388449192047,0.6134915351867676,0
synthetic,lowrank_easy,4096,False,torch.float16,3456,3,256,256,0.06674762815237045,0.12585201859474182,0.2020641416311264,0
synthetic,lowrank_easy,4096,False,torch.float16,3456,3,1024,256,0.0445391945540905,0.0864342674612999,0.1400814652442932,0
synthetic,lowrank_easy,4096,False,torch.float16,3456,4,64,256,0.11787407100200653,0.22033262252807617,0.32285067439079285,0
synthetic,lowrank_easy,4096,False,torch.float16,3456,4,256,256,0.08210761845111847,0.18363243341445923,0.44602030515670776,0
synthetic,lowrank_easy,4096,False,torch.float16,3456,4,1024,256,0.0641111359000206,0.13230293989181519,0.4945412874221802,0
synthetic,lowrank_easy,4096,False,torch.float16,3456,5,64,256,0.15291890501976013,0.2316358983516693,0.3255676031112671,0
synthetic,lowrank_easy,4096,False,torch.float16,3456,5,256,256,0.0897916853427887,0.1683703511953354,0.4322448670864105,0
synthetic,lowrank_easy,4096,False,torch.float16,3456,5,1024,256,0.03838431462645531,0.06845118850469589,0.12548336386680603,0
synthetic,lowrank_easy,4096,False,torch.float16,3456,6,64,256,0.13616427779197693,0.21323519945144653,0.26708030700683594,0
synthetic,lowrank_easy,4096,False,torch.float16,3456,6,256,256,0.057700060307979584,0.11299632489681244,0.19139693677425385,0
synthetic,lowrank_easy,4096,False,torch.float16,3456,6,1024,256,0.03709245100617409,0.07060638070106506,0.10928754508495331,0
synthetic,lowrank_easy,4096,False,torch.float16,3456,7,64,256,0.15328073501586914,0.23996107280254364,0.38564878702163696,0
synthetic,lowrank_easy,4096,False,torch.float16,3456,7,256,256,0.06842150539159775,0.11963745206594467,0.1648714542388916,0
synthetic,lowrank_easy,4096,False,torch.float16,3456,7,1024,256,0.05141846463084221,0.07900751382112503,0.23449887335300446,0
synthetic,lowrank_easy,4096,False,torch.float32,1234,0,64,256,0.10888853669166565,0.18039627373218536,0.2712228000164032,0
synthetic,lowrank_easy,4096,False,torch.float32,1234,0,256,256,0.05068308115005493,0.0863867774605751,0.1788802593946457,0
synthetic,lowrank_easy,4096,False,torch.float32,1234,0,1024,256,0.03487713634967804,0.07211971282958984,0.15402521193027496,0
synthetic,lowrank_easy,4096,False,torch.float32,1234,1,64,256,0.1709030121564865,0.3218596875667572,0.7915297746658325,0
synthetic,lowrank_easy,4096,False,torch.float32,1234,1,256,256,0.1242050975561142,0.2842102646827698,0.5741875767707825,0
synthetic,lowrank_easy,4096,False,torch.float32,1234,1,1024,256,0.03584440425038338,0.06189779192209244,0.10699854046106339,0
synthetic,lowrank_easy,4096,False,torch.float32,1234,2,64,256,0.12303924560546875,0.20649313926696777,0.33177441358566284,0
synthetic,lowrank_easy,4096,False,torch.float32,1234,2,256,256,0.07850129902362823,0.14408795535564423,0.245880126953125,0
synthetic,lowrank_easy,4096,False,torch.float32,1234,2,1024,256,0.04703011363744736,0.08667231351137161,0.22968092560768127,0
synthetic,lowrank_easy,4096,False,torch.float32,1234,3,64,256,0.17727145552635193,0.29001182317733765,0.40841326117515564,0
synthetic,lowrank_easy,4096,False,torch.float32,1234,3,256,256,0.07512570172548294,0.1388407051563263,0.26995372772216797,0
synthetic,lowrank_easy,4096,False,torch.float32,1234,3,1024,256,0.04937451705336571,0.09481020271778107,0.17773963510990143,0
synthetic,lowrank_easy,4096,False,torch.float32,1234,4,64,256,0.1285339891910553,0.19741688668727875,0.3128557503223419,0
synthetic,lowrank_easy,4096,False,torch.float32,1234,4,256,256,0.09148459136486053,0.1895347535610199,0.37128230929374695,0
synthetic,lowrank_easy,4096,False,torch.float32,1234,4,1024,256,0.03956111520528793,0.10077127814292908,0.21678508818149567,0
synthetic,lowrank_easy,4096,False,torch.float32,1234,5,64,256,0.11807391047477722,0.19628585875034332,0.2999159097671509,0
synthetic,lowrank_easy,4096,False,torch.float32,1234,5,256,256,0.08542617410421371,0.14401225745677948,0.2409026324748993,0
synthetic,lowrank_easy,4096,False,torch.float32,1234,5,1024,256,0.03998643904924393,0.08451088517904282,0.183039590716362,0
synthetic,lowrank_easy,4096,False,torch.float32,1234,6,64,256,0.12009227275848389,0.20155677199363708,0.26868173480033875,0
synthetic,lowrank_easy,4096,False,torch.float32,1234,6,256,256,0.07990162074565887,0.16063420474529266,0.39546385407447815,0
synthetic,lowrank_easy,4096,False,torch.float32,1234,6,1024,256,0.030755385756492615,0.051417265087366104,0.11857886612415314,0
synthetic,lowrank_easy,4096,False,torch.float32,1234,7,64,256,0.20091156661510468,0.38722991943359375,0.5839760899543762,0
synthetic,lowrank_easy,4096,False,torch.float32,1234,7,256,256,0.11577987670898438,0.20060433447360992,0.47751814126968384,0
synthetic,lowrank_easy,4096,False,torch.float32,1234,7,1024,256,0.07057307660579681,0.1631203144788742,0.5958155393600464,0
synthetic,lowrank_easy,4096,False,torch.float32,2345,0,64,256,0.09874677658081055,0.17394962906837463,0.26228269934654236,0
synthetic,lowrank_easy,4096,False,torch.float32,2345,0,256,256,0.0703326016664505,0.11304834485054016,0.16007858514785767,0
synthetic,lowrank_easy,4096,False,torch.float32,2345,0,1024,256,0.02689727395772934,0.044995665550231934,0.08268287032842636,0
synthetic,lowrank_easy,4096,False,torch.float32,2345,1,64,256,0.10555927455425262,0.17521575093269348,0.24593043327331543,0
synthetic,lowrank_easy,4096,False,torch.float32,2345,1,256,256,0.050153348594903946,0.0965888574719429,0.16782264411449432,0
synthetic,lowrank_easy,4096,False,torch.float32,2345,1,1024,256,0.03726896271109581,0.0766613706946373,0.14468060433864594,0
synthetic,lowrank_easy,4096,False,torch.float32,2345,2,64,256,0.1797412931919098,0.26568305492401123,0.39140796661376953,0
synthetic,lowrank_easy,4096,False,torch.float32,2345,2,256,256,0.07637958228588104,0.14264824986457825,0.3097619414329529,0
synthetic,lowrank_easy,4096,False,torch.float32,2345,2,1024,256,0.06320969760417938,0.15799762308597565,0.5319916605949402,0
synthetic,lowrank_easy,4096,False,torch.float32,2345,3,64,256,0.09789864718914032,0.19621038436889648,0.3458821475505829,0
synthetic,lowrank_easy,4096,False,torch.float32,2345,3,256,256,0.06311144679784775,0.11905483901500702,0.2402426153421402,0
synthetic,lowrank_easy,4096,False,torch.float32,2345,3,1024,256,0.04168649762868881,0.07289239019155502,0.1222924068570137,0
synthetic,lowrank_easy,4096,False,torch.float32,2345,4,64,256,0.19064955413341522,0.4965249300003052,0.8728808760643005,0
synthetic,lowrank_easy,4096,False,torch.float32,2345,4,256,256,0.07745172083377838,0.1439681053161621,0.26849859952926636,0
synthetic,lowrank_easy,4096,False,torch.float32,2345,4,1024,256,0.06457164883613586,0.16346102952957153,0.3367713391780853,0
synthetic,lowrank_easy,4096,False,torch.float32,2345,5,64,256,0.10258138179779053,0.18189963698387146,0.24468256533145905,0
synthetic,lowrank_easy,4096,False,torch.float32,2345,5,256,256,0.0479019470512867,0.08946733176708221,0.30960437655448914,0
synthetic,lowrank_easy,4096,False,torch.float32,2345,5,1024,256,0.036267999559640884,0.07538473606109619,0.1295805424451828,0
synthetic,lowrank_easy,4096,False,torch.float32,2345,6,64,256,0.09777772426605225,0.14075160026550293,0.1890469491481781,0
synthetic,lowrank_easy,4096,False,torch.float32,2345,6,256,256,0.06591389328241348,0.13666802644729614,0.217269167304039,0
synthetic,lowrank_easy,4096,False,torch.float32,2345,6,1024,256,0.03668797016143799,0.06236143782734871,0.12396209686994553,0
synthetic,lowrank_easy,4096,False,torch.float32,2345,7,64,256,0.15111468732357025,0.24302738904953003,0.29746147990226746,0
synthetic,lowrank_easy,4096,False,torch.float32,2345,7,256,256,0.0806940570473671,0.12812991440296173,0.3131432831287384,0
synthetic,lowrank_easy,4096,False,torch.float32,2345,7,1024,256,0.04392452910542488,0.08540894836187363,0.25081920623779297,0
synthetic,lowrank_easy,4096,False,torch.float32,3456,0,64,256,0.18016090989112854,0.26592329144477844,0.477475106716156,0
synthetic,lowrank_easy,4096,False,torch.float32,3456,0,256,256,0.127189502120018,0.1955244243144989,0.4789080023765564,0
synthetic,lowrank_easy,4096,False,torch.float32,3456,0,1024,256,0.12028314173221588,0.44803035259246826,1.997677206993103,0
synthetic,lowrank_easy,4096,False,torch.float32,3456,1,64,256,0.11275793612003326,0.15932805836200714,0.23205499351024628,0
synthetic,lowrank_easy,4096,False,torch.float32,3456,1,256,256,0.0664997547864914,0.12769946455955505,0.2021450251340866,0
synthetic,lowrank_easy,4096,False,torch.float32,3456,1,1024,256,0.033250004053115845,0.0683201402425766,0.10512461513280869,0
synthetic,lowrank_easy,4096,False,torch.float32,3456,2,64,256,0.15933820605278015,0.2346237301826477,0.47601306438446045,0
synthetic,lowrank_easy,4096,False,torch.float32,3456,2,256,256,0.09173159301280975,0.1727367341518402,0.3534752428531647,0
synthetic,lowrank_easy,4096,False,torch.float32,3456,2,1024,256,0.05942676216363907,0.12981444597244263,0.40580984950065613,0
synthetic,lowrank_easy,4096,False,torch.float32,3456,3,64,256,0.18518488109111786,0.38191014528274536,0.6135409474372864,0
synthetic,lowrank_easy,4096,False,torch.float32,3456,3,256,256,0.06674821674823761,0.12586192786693573,0.20204631984233856,0
synthetic,lowrank_easy,4096,False,torch.float32,3456,3,1024,256,0.04453819990158081,0.08643858134746552,0.1400725096464157,0
synthetic,lowrank_easy,4096,False,torch.float32,3456,4,64,256,0.11787916719913483,0.22035275399684906,0.32288801670074463,0
synthetic,lowrank_easy,4096,False,torch.float32,3456,4,256,256,0.08210702240467072,0.18364477157592773,0.44608092308044434,0
synthetic,lowrank_easy,4096,False,torch.float32,3456,4,1024,256,0.06411418318748474,0.1323150098323822,0.4946472644805908,0
synthetic,lowrank_easy,4096,False,torch.float32,3456,5,64,256,0.15291358530521393,0.23162618279457092,0.32555362582206726,0
synthetic,lowrank_easy,4096,False,torch.float32,3456,5,256,256,0.08979105949401855,0.16839587688446045,0.432214617729187,0
synthetic,lowrank_easy,4096,False,torch.float32,3456,5,1024,256,0.03838280588388443,0.06845337152481079,0.12549473345279694,0
synthetic,lowrank_easy,4096,False,torch.float32,3456,6,64,256,0.13616636395454407,0.21320883929729462,0.2670801281929016,0
synthetic,lowrank_easy,4096,False,torch.float32,3456,6,256,256,0.05770029500126839,0.11299161612987518,0.1914234459400177,0
synthetic,lowrank_easy,4096,False,torch.float32,3456,6,1024,256,0.03709302842617035,0.07061498612165451,0.10930248349905014,0
synthetic,lowrank_easy,4096,False,torch.float32,3456,7,64,256,0.15328586101531982,0.23998740315437317,0.3856703042984009,0
synthetic,lowrank_easy,4096,False,torch.float32,3456,7,256,256,0.06842514872550964,0.11962734162807465,0.16490070521831512,0
synthetic,lowrank_easy,4096,False,torch.float32,3456,7,1024,256,0.05141685903072357,0.07900582998991013,0.23450584709644318,0
synthetic,lowrank_easy,4096,True,torch.float16,1234,0,64,256,0.11195267736911774,0.1803095042705536,0.35111501812934875,0
synthetic,lowrank_easy,4096,True,torch.float16,1234,0,256,256,0.05157555267214775,0.08520641922950745,0.19258777797222137,0
synthetic,lowrank_easy,4096,True,torch.float16,1234,0,1024,256,0.03482910990715027,0.06629116833209991,0.14690324664115906,0
synthetic,lowrank_easy,4096,True,torch.float16,1234,1,64,256,0.17493124306201935,0.320404589176178,0.776528000831604,0
synthetic,lowrank_easy,4096,True,torch.float16,1234,1,256,256,0.11695495247840881,0.2640676498413086,0.5968843102455139,0
synthetic,lowrank_easy,4096,True,torch.float16,1234,1,1024,256,0.0346594899892807,0.0624861866235733,0.10569774359464645,0
synthetic,lowrank_easy,4096,True,torch.float16,1234,2,64,256,0.13210788369178772,0.21845439076423645,0.38851481676101685,0
synthetic,lowrank_easy,4096,True,torch.float16,1234,2,256,256,0.0827939510345459,0.14759795367717743,0.2938780188560486,0
synthetic,lowrank_easy,4096,True,torch.float16,1234,2,1024,256,0.05035681277513504,0.09602726995944977,0.22270284593105316,0
synthetic,lowrank_easy,4096,True,torch.float16,1234,3,64,256,0.1660706251859665,0.26281923055648804,0.3767787218093872,0
synthetic,lowrank_easy,4096,True,torch.float16,1234,3,256,256,0.0680142343044281,0.13607269525527954,0.27442726492881775,0
synthetic,lowrank_easy,4096,True,torch.float16,1234,3,1024,256,0.04600664600729942,0.08730299770832062,0.1523791253566742,0
synthetic,lowrank_easy,4096,True,torch.float16,1234,4,64,256,0.12629973888397217,0.20362450182437897,0.3206191062927246,0
synthetic,lowrank_easy,4096,True,torch.float16,1234,4,256,256,0.0972442775964737,0.19165600836277008,0.4015403091907501,0
synthetic,lowrank_easy,4096,True,torch.float16,1234,4,1024,256,0.04426874220371246,0.125768780708313,0.4002346098423004,0
synthetic,lowrank_easy,4096,True,torch.float16,1234,5,64,256,0.11971351504325867,0.21087464690208435,0.3329554498195648,0
synthetic,lowrank_easy,4096,True,torch.float16,1234,5,256,256,0.08988489210605621,0.1526021659374237,0.23730051517486572,0
synthetic,lowrank_easy,4096,True,torch.float16,1234,5,1024,256,0.04135055094957352,0.085344597697258,0.21689419448375702,0
synthetic,lowrank_easy,4096,True,torch.float16,1234,6,64,256,0.13104784488677979,0.22149606049060822,0.3225099742412567,0
synthetic,lowrank_easy,4096,True,torch.float16,1234,6,256,256,0.08398830890655518,0.16835129261016846,0.34501078724861145,0
synthetic,lowrank_easy,4096,True,torch.float16,1234,6,1024,256,0.03417796641588211,0.06076442822813988,0.11176026612520218,0
synthetic,lowrank_easy,4096,True,torch.float16,1234,7,64,256,0.17694774270057678,0.3361755609512329,0.5938555002212524,0
synthetic,lowrank_easy,4096,True,torch.float16,1234,7,256,256,0.1063445433974266,0.20915111899375916,0.3369831442832947,0
synthetic,lowrank_easy,4096,True,torch.float16,1234,7,1024,256,0.05825737863779068,0.13606493175029755,0.3113721013069153,0
synthetic,lowrank_easy,4096,True,torch.float16,2345,0,64,256,0.1116270124912262,0.2029723823070526,0.3071856200695038,0
synthetic,lowrank_easy,4096,True,torch.float16,2345,0,256,256,0.07234352827072144,0.11925177276134491,0.14889630675315857,0
synthetic,lowrank_easy,4096,True,torch.float16,2345,0,1024,256,0.028165092691779137,0.04674720764160156,0.08974725008010864,0
synthetic,lowrank_easy,4096,True,torch.float16,2345,1,64,256,0.11343035101890564,0.1796317994594574,0.2779153883457184,0
synthetic,lowrank_easy,4096,True,torch.float16,2345,1,256,256,0.05235176533460617,0.09990552812814713,0.17237499356269836,0
synthetic,lowrank_easy,4096,True,torch.float16,2345,1,1024,256,0.03912026807665825,0.07564668357372284,0.15666483342647552,0
synthetic,lowrank_easy,4096,True,torch.float16,2345,2,64,256,0.1761453002691269,0.2620997130870819,0.4394207000732422,0
synthetic,lowrank_easy,4096,True,torch.float16,2345,2,256,256,0.07460443675518036,0.14176759123802185,0.3058805763721466,0
synthetic,lowrank_easy,4096,True,torch.float16,2345,2,1024,256,0.06715244799852371,0.16581054031848907,0.679053008556366,0
synthetic,lowrank_easy,4096,True,torch.float16,2345,3,64,256,0.08836421370506287,0.1631745994091034,0.2633558511734009,0
synthetic,lowrank_easy,4096,True,torch.float16,2345,3,256,256,0.06178448349237442,0.11223849654197693,0.23136472702026367,0
synthetic,lowrank_easy,4096,True,torch.float16,2345,3,1024,256,0.03948664665222168,0.06942082941532135,0.10328264534473419,0
synthetic,lowrank_easy,4096,True,torch.float16,2345,4,64,256,0.21879470348358154,0.5676482915878296,1.0492593050003052,0
synthetic,lowrank_easy,4096,True,torch.float16,2345,4,256,256,0.07761511206626892,0.14665287733078003,0.270619660615921,0
synthetic,lowrank_easy,4096,True,torch.float16,2345,4,1024,256,0.06643256545066833,0.15331347286701202,0.31485605239868164,0
synthetic,lowrank_easy,4096,True,torch.float16,2345,5,64,256,0.1063835620880127,0.18682801723480225,0.2575904130935669,0
synthetic,lowrank_easy,4096,True,torch.float16,2345,5,256,256,0.047829143702983856,0.09217799454927444,0.2983790934085846,0
synthetic,lowrank_easy,4096,True,torch.float16,2345,5,1024,256,0.035890109837055206,0.07547371089458466,0.11371637880802155,0
synthetic,lowrank_easy,4096,True,torch.float16,2345,6,64,256,0.09727820754051208,0.1418645977973938,0.20363251864910126,0
synthetic,lowrank_easy,4096,True,torch.float16,2345,6,256,256,0.06869231164455414,0.1420382410287857,0.23506958782672882,0
synthetic,lowrank_easy,4096,True,torch.float16,2345,6,1024,256,0.039964303374290466,0.06921562552452087,0.12746277451515198,0
synthetic,lowrank_easy,4096,True,torch.float16,2345,7,64,256,0.1429244726896286,0.23175960779190063,0.3474874198436737,0
synthetic,lowrank_easy,4096,True,torch.float16,2345,7,256,256,0.07673395425081253,0.12546226382255554,0.3067108690738678,0
synthetic,lowrank_easy,4096,True,torch.float16,2345,7,1024,256,0.04169432073831558,0.07803713530302048,0.2427901178598404,0
synthetic,lowrank_easy,4096,True,torch.float16,3456,0,64,256,0.15367434918880463,0.23711395263671875,0.45586034655570984,0
synthetic,lowrank_easy,4096,True,torch.float16,3456,0,256,256,0.11464546620845795,0.1877194494009018,0.39584261178970337,0
synthetic,lowrank_easy,4096,True,torch.float16,3456,0,1024,256,0.10687936097383499,0.3490253984928131,2.064680337905884,0
synthetic,lowrank_easy,4096,True,torch.float16,3456,1,64,256,0.10898715257644653,0.16457708179950714,0.26293766498565674,0
synthetic,lowrank_easy,4096,True,torch.float16,3456,1,256,256,0.06697717308998108,0.12716570496559143,0.22036471962928772,0
synthetic,lowrank_easy,4096,True,torch.float16,3456,1,1024,256,0.03249717876315117,0.06643249094486237,0.10225962847471237,0
synthetic,lowrank_easy,4096,True,torch.float16,3456,2,64,256,0.15509194135665894,0.2331291139125824,0.4382985830307007,0
synthetic,lowrank_easy,4096,True,torch.float16,3456,2,256,256,0.09182199090719223,0.16946226358413696,0.37299102544784546,0
synthetic,lowrank_easy,4096,True,torch.float16,3456,2,1024,256,0.05793820321559906,0.11865928769111633,0.40292876958847046,0
synthetic,lowrank_easy,4096,True,torch.float16,3456,3,64,256,0.18544696271419525,0.3742315471172333,0.599399209022522,0
synthetic,lowrank_easy,4096,True,torch.float16,3456,3,256,256,0.0683283805847168,0.13056260347366333,0.20644612610340118,0
synthetic,lowrank_easy,4096,True,torch.float16,3456,3,1024,256,0.04276161640882492,0.08410075306892395,0.13834276795387268,0
synthetic,lowrank_easy,4096,True,torch.float16,3456,4,64,256,0.12335797399282455,0.2220171093940735,0.4102902114391327,0
synthetic,lowrank_easy,4096,True,torch.float16,3456,4,256,256,0.08207432180643082,0.15838214755058289,0.45544669032096863,0
synthetic,lowrank_easy,4096,True,torch.float16,3456,4,1024,256,0.06873497366905212,0.13791997730731964,0.5503567457199097,0
synthetic,lowrank_easy,4096,True,torch.float16,3456,5,64,256,0.15610897541046143,0.2447127103805542,0.3365541100502014,0
synthetic,lowrank_easy,4096,True,torch.float16,3456,5,256,256,0.08897896111011505,0.16419914364814758,0.5091511607170105,0
synthetic,lowrank_easy,4096,True,torch.float16,3456,5,1024,256,0.0386727973818779,0.0709739625453949,0.12485840171575546,0
synthetic,lowrank_easy,4096,True,torch.float16,3456,6,64,256,0.1443173736333847,0.23419985175132751,0.3000757396221161,0
synthetic,lowrank_easy,4096,True,torch.float16,3456,6,256,256,0.059245362877845764,0.11102025210857391,0.18872936069965363,0
synthetic,lowrank_easy,4096,True,torch.float16,3456,6,1024,256,0.037219107151031494,0.07339956611394882,0.13211725652217865,0
synthetic,lowrank_easy,4096,True,torch.float16,3456,7,64,256,0.12856724858283997,0.2215522676706314,0.3121679425239563,0
synthetic,lowrank_easy,4096,True,torch.float16,3456,7,256,256,0.059669129550457,0.10668917000293732,0.15566013753414154,0
synthetic,lowrank_easy,4096,True,torch.float16,3456,7,1024,256,0.04317606985569,0.07086199522018433,0.17669019103050232,0
synthetic,lowrank_easy,4096,True,torch.float32,1234,0,64,256,0.11195100843906403,0.18031002581119537,0.3511505722999573,0
synthetic,lowrank_easy,4096,True,torch.float32,1234,0,256,256,0.05157540738582611,0.08523435890674591,0.19260406494140625,0
synthetic,lowrank_easy,4096,True,torch.float32,1234,0,1024,256,0.03482753783464432,0.06629040837287903,0.14692486822605133,0
synthetic,lowrank_easy,4096,True,torch.float32,1234,1,64,256,0.17493431270122528,0.3204681873321533,0.7766304612159729,0
synthetic,lowrank_easy,4096,True,torch.float32,1234,1,256,256,0.11695817112922668,0.2640950083732605,0.5968345999717712,0
synthetic,lowrank_easy,4096,True,torch.float32,1234,1,1024,256,0.034661665558815,0.062489163130521774,0.10570293664932251,0
synthetic,lowrank_easy,4096,True,torch.float32,1234,2,64,256,0.1321096122264862,0.21847981214523315,0.3884395658969879,0
synthetic,lowrank_easy,4096,True,torch.float32,1234,2,256,256,0.08279772847890854,0.1475975513458252,0.29390254616737366,0
synthetic,lowrank_easy,4096,True,torch.float32,1234,2,1024,256,0.050357215106487274,0.09603091329336166,0.22272783517837524,0
synthetic,lowrank_easy,4096,True,torch.float32,1234,3,64,256,0.16607624292373657,0.262812077999115,0.3768247663974762,0
synthetic,lowrank_easy,4096,True,torch.float32,1234,3,256,256,0.06801511347293854,0.13604818284511566,0.27444687485694885,0
synthetic,lowrank_easy,4096,True,torch.float32,1234,3,1024,256,0.04600660502910614,0.08731081336736679,0.15235978364944458,0
synthetic,lowrank_easy,4096,True,torch.float32,1234,4,64,256,0.12629981338977814,0.20362314581871033,0.32060477137565613,0
synthetic,lowrank_easy,4096,True,torch.float32,1234,4,256,256,0.0972411185503006,0.19159138202667236,0.4015505611896515,0
synthetic,lowrank_easy,4096,True,torch.float32,1234,4,1024,256,0.04426842927932739,0.12576043605804443,0.4000965356826782,0
synthetic,lowrank_easy,4096,True,torch.float32,1234,5,64,256,0.11970804631710052,0.21082018315792084,0.3329152464866638,0
synthetic,lowrank_easy,4096,True,torch.float32,1234,5,256,256,0.0898834764957428,0.15262435376644135,0.23734299838542938,0
synthetic,lowrank_easy,4096,True,torch.float32,1234,5,1024,256,0.04135122150182724,0.08534383773803711,0.21693181991577148,0
synthetic,lowrank_easy,4096,True,torch.float32,1234,6,64,256,0.13104772567749023,0.2215002477169037,0.3225027322769165,0
synthetic,lowrank_easy,4096,True,torch.float32,1234,6,256,256,0.08399103581905365,0.16835978627204895,0.34516769647598267,0
synthetic,lowrank_easy,4096,True,torch.float32,1234,6,1024,256,0.034177422523498535,0.06076056510210037,0.11177106946706772,0
synthetic,lowrank_easy,4096,True,torch.float32,1234,7,64,256,0.1769467145204544,0.33617302775382996,0.5938012003898621,0
synthetic,lowrank_easy,4096,True,torch.float32,1234,7,256,256,0.1063421368598938,0.2091265469789505,0.3369559347629547,0
synthetic,lowrank_easy,4096,True,torch.float32,1234,7,1024,256,0.058255843818187714,0.13604161143302917,0.311488538980484,0
synthetic,lowrank_easy,4096,True,torch.float32,2345,0,64,256,0.1116294413805008,0.20298931002616882,0.3071751594543457,0
synthetic,lowrank_easy,4096,True,torch.float32,2345,0,256,256,0.07234132289886475,0.11923889815807343,0.14886441826820374,0
synthetic,lowrank_easy,4096,True,torch.float32,2345,0,1024,256,0.02816488966345787,0.046742912381887436,0.08975943177938461,0
synthetic,lowrank_easy,4096,True,torch.float32,2345,1,64,256,0.11343330144882202,0.17965731024742126,0.2779310345649719,0
synthetic,lowrank_easy,4096,True,torch.float32,2345,1,256,256,0.05235171318054199,0.09989620000123978,0.17236186563968658,0
synthetic,lowrank_easy,4096,True,torch.float32,2345,1,1024,256,0.03912126272916794,0.07566791027784348,0.15666919946670532,0
synthetic,lowrank_easy,4096,True,torch.float32,2345,2,64,256,0.17614488303661346,0.2621179223060608,0.43937891721725464,0
synthetic,lowrank_easy,4096,True,torch.float32,2345,2,256,256,0.07460787147283554,0.14176946878433228,0.30586254596710205,0
synthetic,lowrank_easy,4096,True,torch.float32,2345,2,1024,256,0.06715148687362671,0.16582326591014862,0.6789140701293945,0
synthetic,lowrank_easy,4096,True,torch.float32,2345,3,64,256,0.08836419880390167,0.16317003965377808,0.2633242607116699,0
synthetic,lowrank_easy,4096,True,torch.float32,2345,3,256,256,0.061785511672496796,0.11225196719169617,0.23144103586673737,0
synthetic,lowrank_easy,4096,True,torch.float32,2345,3,1024,256,0.03948596119880676,0.0694192498922348,0.10329154878854752,0
synthetic,lowrank_easy,4096,True,torch.float32,2345,4,64,256,0.21878789365291595,0.5676558017730713,1.0490729808807373,0
synthetic,lowrank_easy,4096,True,torch.float32,2345,4,256,256,0.07761142402887344,0.14666645228862762,0.27055326104164124,0
synthetic,lowrank_easy,4096,True,torch.float32,2345,4,1024,256,0.06642986088991165,0.15330874919891357,0.31486785411834717,0
synthetic,lowrank_easy,4096,True,torch.float32,2345,5,64,256,0.10638134181499481,0.18680034577846527,0.2577100694179535,0
synthetic,lowrank_easy,4096,True,torch.float32,2345,5,256,256,0.047828368842601776,0.09217007458209991,0.29832640290260315,0
synthetic,lowrank_easy,4096,True,torch.float32,2345,5,1024,256,0.035890813916921616,0.07548844069242477,0.1137138083577156,0
synthetic,lowrank_easy,4096,True,torch.float32,2345,6,64,256,0.09727641195058823,0.141862154006958,0.203659787774086,0
synthetic,lowrank_easy,4096,True,torch.float32,2345,6,256,256,0.06869091093540192,0.14201569557189941,0.23506924510002136,0
synthetic,lowrank_easy,4096,True,torch.float32,2345,6,1024,256,0.039964187890291214,0.06921887397766113,0.12744730710983276,0
synthetic,lowrank_easy,4096,True,torch.float32,2345,7,64,256,0.1429240107536316,0.231757253408432,0.3474939167499542,0
synthetic,lowrank_easy,4096,True,torch.float32,2345,7,256,256,0.07673400640487671,0.12547904253005981,0.30661821365356445,0
synthetic,lowrank_easy,4096,True,torch.float32,2345,7,1024,256,0.041694484651088715,0.0780254602432251,0.24281145632266998,0
synthetic,lowrank_easy,4096,True,torch.float32,3456,0,64,256,0.15366974472999573,0.2370966374874115,0.4558887183666229,0
synthetic,lowrank_easy,4096,True,torch.float32,3456,0,256,256,0.11464431881904602,0.18771329522132874,0.3959182798862457,0
synthetic,lowrank_easy,4096,True,torch.float32,3456,0,1024,256,0.10690218210220337,0.34910276532173157,2.065603733062744,0
synthetic,lowrank_easy,4096,True,torch.float32,3456,1,64,256,0.1089865118265152,0.1645757555961609,0.26291847229003906,0
synthetic,lowrank_easy,4096,True,torch.float32,3456,1,256,256,0.06697964668273926,0.1271633803844452,0.22042781114578247,0
synthetic,lowrank_easy,4096,True,torch.float32,3456,1,1024,256,0.032497212290763855,0.06643173098564148,0.10228768736124039,0
synthetic,lowrank_easy,4096,True,torch.float32,3456,2,64,256,0.1550925076007843,0.23313379287719727,0.4383018910884857,0
synthetic,lowrank_easy,4096,True,torch.float32,3456,2,256,256,0.09181694686412811,0.16944989562034607,0.3729921877384186,0
synthetic,lowrank_easy,4096,True,torch.float32,3456,2,1024,256,0.057936448603868484,0.11864756792783737,0.40279778838157654,0
synthetic,lowrank_easy,4096,True,torch.float32,3456,3,64,256,0.185442715883255,0.3741912543773651,0.5993292927742004,0
synthetic,lowrank_easy,4096,True,torch.float32,3456,3,256,256,0.0683276355266571,0.13055434823036194,0.20642001926898956,0
synthetic,lowrank_easy,4096,True,torch.float32,3456,3,1024,256,0.04276065155863762,0.08411118388175964,0.138324573636055,0
synthetic,lowrank_easy,4096,True,torch.float32,3456,4,64,256,0.12336312234401703,0.22202755510807037,0.4103926122188568,0
synthetic,lowrank_easy,4096,True,torch.float32,3456,4,256,256,0.08207573741674423,0.1583903431892395,0.45550596714019775,0
synthetic,lowrank_easy,4096,True,torch.float32,3456,4,1024,256,0.06873678416013718,0.13790777325630188,0.5504462122917175,0
synthetic,lowrank_easy,4096,True,torch.float32,3456,5,64,256,0.15610866248607635,0.24470582604408264,0.3365880250930786,0
synthetic,lowrank_easy,4096,True,torch.float32,3456,5,256,256,0.08897814154624939,0.16420254111289978,0.5091076493263245,0
synthetic,lowrank_easy,4096,True,torch.float32,3456,5,1024,256,0.03867253661155701,0.0709746927022934,0.1248411014676094,0
synthetic,lowrank_easy,4096,True,torch.float32,3456,6,64,256,0.14431658387184143,0.23418444395065308,0.30009326338768005,0
synthetic,lowrank_easy,4096,True,torch.float32,3456,6,256,256,0.05924563109874725,0.11100388318300247,0.18875110149383545,0
synthetic,lowrank_easy,4096,True,torch.float32,3456,6,1024,256,0.03721929341554642,0.07340914756059647,0.13212448358535767,0
synthetic,lowrank_easy,4096,True,torch.float32,3456,7,64,256,0.12857063114643097,0.22154560685157776,0.312210351228714,0
synthetic,lowrank_easy,4096,True,torch.float32,3456,7,256,256,0.05967271700501442,0.10669561475515366,0.15567167103290558,0
synthetic,lowrank_easy,4096,True,torch.float32,3456,7,1024,256,0.04317627102136612,0.07085277885198593,0.17671629786491394,0
synthetic,lowrank_unit,4096,False,torch.float16,1234,0,64,256,0.9999269843101501,1.0716352462768555,1.210549235343933,0
synthetic,lowrank_unit,4096,False,torch.float16,1234,0,256,256,0.9826856851577759,1.0215387344360352,1.1607147455215454,0
synthetic,lowrank_unit,4096,False,torch.float16,1234,0,1024,256,0.9784300327301025,1.037846326828003,1.5233290195465088,0
synthetic,lowrank_unit,4096,False,torch.float16,1234,1,64,256,1.0675429105758667,1.337289810180664,3.603208303451538,0
synthetic,lowrank_unit,4096,False,torch.float16,1234,1,256,256,1.07319974899292,1.3020448684692383,4.667918682098389,0
synthetic,lowrank_unit,4096,False,torch.float16,1234,1,1024,256,0.9960088729858398,1.0468025207519531,1.4346100091934204,0
synthetic,lowrank_unit,4096,False,torch.float16,1234,2,64,256,1.0061302185058594,1.0324567556381226,1.0778553485870361,0
synthetic,lowrank_unit,4096,False,torch.float16,1234,2,256,256,1.0142509937286377,1.062967300415039,1.6933761835098267,0
synthetic,lowrank_unit,4096,False,torch.float16,1234,2,1024,256,1.0177714824676514,1.090198278427124,1.418709635734558,0
synthetic,lowrank_unit,4096,False,torch.float16,1234,3,64,256,1.0229613780975342,1.1176197528839111,1.3175632953643799,0
synthetic,lowrank_unit,4096,False,torch.float16,1234,3,256,256,1.0070569515228271,1.046081781387329,1.1347512006759644,0
synthetic,lowrank_unit,4096,False,torch.float16,1234,3,1024,256,1.010167121887207,1.0707851648330688,1.3019858598709106,0
synthetic,lowrank_unit,4096,False,torch.float16,1234,4,64,256,1.010195016860962,1.0651670694351196,1.1251729726791382,0
synthetic,lowrank_unit,4096,False,torch.float16,1234,4,256,256,1.0130785703659058,1.0896124839782715,1.5609080791473389,0
synthetic,lowrank_unit,4096,False,torch.float16,1234,4,1024,256,1.000004768371582,1.0585755109786987,1.5101262331008911,0
synthetic,lowrank_unit,4096,False,torch.float16,1234,5,64,256,1.025241494178772,1.1458406448364258,1.5057125091552734,0
synthetic,lowrank_unit,4096,False,torch.float16,1234,5,256,256,1.0310521125793457,1.155758261680603,1.5247384309768677,0
synthetic,lowrank_unit,4096,False,torch.float16,1234,5,1024,256,1.002272605895996,1.0672434568405151,1.331160068511963,0
synthetic,lowrank_unit,4096,False,torch.float16,1234,6,64,256,0.9919271469116211,1.0190062522888184,1.05402410030365,0
synthetic,lowrank_unit,4096,False,torch.float16,1234,6,256,256,1.0316247940063477,1.2211662530899048,3.4353549480438232,0
synthetic,lowrank_unit,4096,False,torch.float16,1234,6,1024,256,0.9929543733596802,1.061468243598938,1.611700415611267,0
synthetic,lowrank_unit,4096,False,torch.float16,1234,7,64,256,1.0215139389038086,1.1187900304794312,1.3587677478790283,0
synthetic,lowrank_unit,4096,False,torch.float16,1234,7,256,256,0.9942213296890259,1.0330907106399536,1.1530519723892212,0
synthetic,lowrank_unit,4096,False,torch.float16,1234,7,1024,256,1.0104398727416992,1.0933912992477417,1.5320996046066284,0
synthetic,lowrank_unit,4096,False,torch.float16,2345,0,64,256,1.0199089050292969,1.1069719791412354,1.8101818561553955,0
synthetic,lowrank_unit,4096,False,torch.float16,2345,0,256,256,1.0331050157546997,1.2043861150741577,2.676464796066284,0
synthetic,lowrank_unit,4096,False,torch.float16,2345,0,1024,256,0.9809475541114807,1.031156301498413,1.3494316339492798,0
synthetic,lowrank_unit,4096,False,torch.float16,2345,1,64,256,1.0057499408721924,1.0562665462493896,1.2054240703582764,0
synthetic,lowrank_unit,4096,False,torch.float16,2345,1,256,256,1.004075527191162,1.0543363094329834,1.1395220756530762,0
synthetic,lowrank_unit,4096,False,torch.float16,2345,1,1024,256,0.9819885492324829,1.031482219696045,1.1143896579742432,0
synthetic,lowrank_unit,4096,False,torch.float16,2345,2,64,256,1.0170726776123047,1.088404893875122,1.4484546184539795,0
synthetic,lowrank_unit,4096,False,torch.float16,2345,2,256,256,0.9967769384384155,1.0486681461334229,1.1034952402114868,0
synthetic,lowrank_unit,4096,False,torch.float16,2345,2,1024,256,1.2032747268676758,2.031925678253174,6.243098258972168,0
synthetic,lowrank_unit,4096,False,torch.float16,2345,3,64,256,1.0475608110427856,1.2853851318359375,2.5024938583374023,0
synthetic,lowrank_unit,4096,False,torch.float16,2345,3,256,256,0.9947531223297119,1.0803635120391846,1.346213936805725,0
synthetic,lowrank_unit,4096,False,torch.float16,2345,3,1024,256,0.9607768058776855,1.0179640054702759,1.0697035789489746,0
synthetic,lowrank_unit,4096,False,torch.float16,2345,4,64,256,1.0512737035751343,1.2002723217010498,2.841355323791504,0
synthetic,lowrank_unit,4096,False,torch.float16,2345,4,256,256,1.0037269592285156,1.0489726066589355,1.115906000137329,0
synthetic,lowrank_unit,4096,False,torch.float16,2345,4,1024,256,1.017880916595459,1.096334457397461,2.0192177295684814,0
synthetic,lowrank_unit,4096,False,torch.float16,2345,5,64,256,1.0331740379333496,1.1533572673797607,1.7691714763641357,0
synthetic,lowrank_unit,4096,False,torch.float16,2345,5,256,256,1.0164318084716797,1.1094697713851929,1.256594181060791,0
synthetic,lowrank_unit,4096,False,torch.float16,2345,5,1024,256,1.005553960800171,1.080578088760376,1.3209140300750732,0
synthetic,lowrank_unit,4096,False,torch.float16,2345,6,64,256,0.9948741793632507,1.0352836847305298,1.137843370437622,0
synthetic,lowrank_unit,4096,False,torch.float16,2345,6,256,256,0.9988226890563965,1.0576918125152588,1.2347971200942993,0
synthetic,lowrank_unit,4096,False,torch.float16,2345,6,1024,256,0.9862046241760254,1.0458427667617798,1.189487338066101,0
synthetic,lowrank_unit,4096,False,torch.float16,2345,7,64,256,1.0087568759918213,1.0592290163040161,1.1758919954299927,0
synthetic,lowrank_unit,4096,False,torch.float16,2345,7,256,256,0.9810315370559692,1.028156042098999,1.1120604276657104,0
synthetic,lowrank_unit,4096,False,torch.float16,2345,7,1024,256,1.0836498737335205,1.405139684677124,3.4318597316741943,0
synthetic,lowrank_unit,4096,False,torch.float16,3456,0,64,256,0.9977333545684814,1.0253934860229492,1.1188656091690063,0
synthetic,lowrank_unit,4096,False,torch.float16,3456,0,256,256,1.0137920379638672,1.0753158330917358,1.398826241493225,0
synthetic,lowrank_unit,4096,False,torch.float16,3456,0,1024,256,1.0129731893539429,1.057478666305542,2.095737934112549,0
synthetic,lowrank_unit,4096,False,torch.float16,3456,1,64,256,1.000190258026123,1.0243021249771118,1.0566409826278687,0
synthetic,lowrank_unit,4096,False,torch.float16,3456,1,256,256,1.0191036462783813,1.1026359796524048,1.3370507955551147,0
synthetic,lowrank_unit,4096,False,torch.float16,3456,1,1024,256,0.9934482574462891,1.0677186250686646,1.1533981561660767,0
synthetic,lowrank_unit,4096,False,torch.float16,3456,2,64,256,1.0108184814453125,1.0621223449707031,1.2359294891357422,0
synthetic,lowrank_unit,4096,False,torch.float16,3456,2,256,256,1.005492925643921,1.0429984331130981,1.0838055610656738,0
synthetic,lowrank_unit,4096,False,torch.float16,3456,2,1024,256,1.0208408832550049,1.1116113662719727,1.561447262763977,0
synthetic,lowrank_unit,4096,False,torch.float16,3456,3,64,256,1.0286965370178223,1.127339482307434,2.1338770389556885,0
synthetic,lowrank_unit,4096,False,torch.float16,3456,3,256,256,1.0089666843414307,1.075386881828308,1.4054147005081177,0
synthetic,lowrank_unit,4096,False,torch.float16,3456,3,1024,256,0.99028080701828,1.0383894443511963,1.1278483867645264,0
synthetic,lowrank_unit,4096,False,torch.float16,3456,4,64,256,1.0077369213104248,1.0675221681594849,1.139017105102539,0
synthetic,lowrank_unit,4096,False,torch.float16,3456,4,256,256,1.0134458541870117,1.0904111862182617,1.5176243782043457,0
synthetic,lowrank_unit,4096,False,torch.float16,3456,4,1024,256,1.000896692276001,1.0500386953353882,1.4310215711593628,0
synthetic,lowrank_unit,4096,False,torch.float16,3456,5,64,256,0.9904717206954956,1.0379096269607544,1.0905661582946777,0
synthetic,lowrank_unit,4096,False,torch.float16,3456,5,256,256,1.0012354850769043,1.0806869268417358,1.3834868669509888,0
synthetic,lowrank_unit,4096,False,torch.float16,3456,5,1024,256,0.9836825728416443,1.0457484722137451,1.1633315086364746,0
synthetic,lowrank_unit,4096,False,torch.float16,3456,6,64,256,1.0037486553192139,1.0636098384857178,1.1199835538864136,0
synthetic,lowrank_unit,4096,False,torch.float16,3456,6,256,256,0.9905025959014893,1.0477678775787354,1.0834513902664185,0
synthetic,lowrank_unit,4096,False,torch.float16,3456,6,1024,256,0.9987335205078125,1.05880606174469,1.6171581745147705,0
synthetic,lowrank_unit,4096,False,torch.float16,3456,7,64,256,1.0099828243255615,1.0608694553375244,1.255332589149475,0
synthetic,lowrank_unit,4096,False,torch.float16,3456,7,256,256,1.0006976127624512,1.035156488418579,1.0829167366027832,0
synthetic,lowrank_unit,4096,False,torch.float16,3456,7,1024,256,1.002451777458191,1.0474865436553955,1.1902170181274414,0
synthetic,lowrank_unit,4096,False,torch.float32,1234,0,64,256,0.9999293088912964,1.0716705322265625,1.2105566263198853,0
synthetic,lowrank_unit,4096,False,torch.float32,1234,0,256,256,0.9826925992965698,1.0215588808059692,1.1605324745178223,0
synthetic,lowrank_unit,4096,False,torch.float32,1234,0,1024,256,0.9784321784973145,1.0378403663635254,1.5231975317001343,0
synthetic,lowrank_unit,4096,False,torch.float32,1234,1,64,256,1.06752610206604,1.3372278213500977,3.6026828289031982,0
synthetic,lowrank_unit,4096,False,torch.float32,1234,1,256,256,1.0732100009918213,1.3020217418670654,4.6681318283081055,0
synthetic,lowrank_unit,4096,False,torch.float32,1234,1,1024,256,0.9960075616836548,1.046788215637207,1.4344806671142578,0
synthetic,lowrank_unit,4096,False,torch.float32,1234,2,64,256,1.0061328411102295,1.0324783325195312,1.077892541885376,0
synthetic,lowrank_unit,4096,False,torch.float32,1234,2,256,256,1.0142463445663452,1.0628952980041504,1.6930843591690063,0
synthetic,lowrank_unit,4096,False,torch.float32,1234,2,1024,256,1.0177782773971558,1.0901803970336914,1.4187833070755005,0
synthetic,lowrank_unit,4096,False,torch.float32,1234,3,64,256,1.0229573249816895,1.1176033020019531,1.3174206018447876,0
synthetic,lowrank_unit,4096,False,torch.float32,1234,3,256,256,1.00706148147583,1.0460528135299683,1.134803295135498,0
synthetic,lowrank_unit,4096,False,torch.float32,1234,3,1024,256,1.0101730823516846,1.0707805156707764,1.3019262552261353,0
synthetic,lowrank_unit,4096,False,torch.float32,1234,4,64,256,1.0101906061172485,1.0651541948318481,1.1252371072769165,0
synthetic,lowrank_unit,4096,False,torch.float32,1234,4,256,256,1.0130759477615356,1.0897130966186523,1.5607855319976807,0
synthetic,lowrank_unit,4096,False,torch.float32,1234,4,1024,256,1.0000109672546387,1.0586295127868652,1.5102219581604004,0
synthetic,lowrank_unit,4096,False,torch.float32,1234,5,64,256,1.0252432823181152,1.1460630893707275,1.505488395690918,0
synthetic,lowrank_unit,4096,False,torch.float32,1234,5,256,256,1.031048059463501,1.155599594116211,1.5243141651153564,0
synthetic,lowrank_unit,4096,False,torch.float32,1234,5,1024,256,1.002271056175232,1.0672190189361572,1.3310009241104126,0
synthetic,lowrank_unit,4096,False,torch.float32,1234,6,64,256,0.9919266104698181,1.0190112590789795,1.0540425777435303,0
synthetic,lowrank_unit,4096,False,torch.float32,1234,6,256,256,1.0316321849822998,1.2212170362472534,3.43603515625,0
synthetic,lowrank_unit,4096,False,torch.float32,1234,6,1024,256,0.9929423332214355,1.0613646507263184,1.6112778186798096,0
synthetic,lowrank_unit,4096,False,torch.float32,1234,7,64,256,1.0215280055999756,1.118837833404541,1.3588193655014038,0
synthetic,lowrank_unit,4096,False,torch.float32,1234,7,256,256,0.9942184686660767,1.0330559015274048,1.1528770923614502,0
synthetic,lowrank_unit,4096,False,torch.float32,1234,7,1024,256,1.0104457139968872,1.0934832096099854,1.532212257385254,0
synthetic,lowrank_unit,4096,False,torch.float32,2345,0,64,256,1.0199072360992432,1.1069940328598022,1.8100032806396484,0
synthetic,lowrank_unit,4096,False,torch.float32,2345,0,256,256,1.0330922603607178,1.2042206525802612,2.676027536392212,0
synthetic,lowrank_unit,4096,False,torch.float32,2345,0,1024,256,0.9809550046920776,1.031163215637207,1.3493608236312866,0
synthetic,lowrank_unit,4096,False,torch.float32,2345,1,64,256,1.005751371383667,1.0562572479248047,1.2053911685943604,0
synthetic,lowrank_unit,4096,False,torch.float32,2345,1,256,256,1.0040748119354248,1.0543116331100464,1.139460563659668,0
synthetic,lowrank_unit,4096,False,torch.float32,2345,1,1024,256,0.981986939907074,1.0314795970916748,1.1144325733184814,0
synthetic,lowrank_unit,4096,False,torch.float32,2345,2,64,256,1.0170743465423584,1.0884062051773071,1.4483603239059448,0
synthetic,lowrank_unit,4096,False,torch.float32,2345,2,256,256,0.996785044670105,1.0486831665039062,1.1034326553344727,0
synthetic,lowrank_unit,4096,False,torch.float32,2345,2,1024,256,1.2033954858779907,2.0316991806030273,6.247096538543701,0
synthetic,lowrank_unit,4096,False,torch.float32,2345,3,64,256,1.0475575923919678,1.2853447198867798,2.5027620792388916,0
synthetic,lowrank_unit,4096,False,torch.float32,2345,3,256,256,0.9947413802146912,1.080297827720642,1.3461904525756836,0
synthetic,lowrank_unit,4096,False,torch.float32,2345,3,1024,256,0.960770308971405,1.0179691314697266,1.0697946548461914,0
synthetic,lowrank_unit,4096,False,torch.float32,2345,4,64,256,1.0512704849243164,1.200453519821167,2.8412649631500244,0
synthetic,lowrank_unit,4096,False,torch.float32,2345,4,256,256,1.003727674484253,1.0489656925201416,1.1159321069717407,0
synthetic,lowrank_unit,4096,False,torch.float32,2345,4,1024,256,1.0178773403167725,1.0963177680969238,2.0191123485565186,0
synthetic,lowrank_unit,4096,False,torch.float32,2345,5,64,256,1.0331752300262451,1.1533074378967285,1.7692385911941528,0
synthetic,lowrank_unit,4096,False,torch.float32,2345,5,256,256,1.0164318084716797,1.1094117164611816,1.2566876411437988,0
synthetic,lowrank_unit,4096,False,torch.float32,2345,5,1024,256,1.0055564641952515,1.0805777311325073,1.3209894895553589,0
synthetic,lowrank_unit,4096,False,torch.float32,2345,6,64,256,0.9948760271072388,1.035319209098816,1.1378512382507324,0
synthetic,lowrank_unit,4096,False,torch.float32,2345,6,256,256,0.9988237619400024,1.0576714277267456,1.2347321510314941,0
synthetic,lowrank_unit,4096,False,torch.float32,2345,6,1024,256,0.9862102270126343,1.0458428859710693,1.1896023750305176,0
synthetic,lowrank_unit,4096,False,torch.float32,2345,7,64,256,1.0087579488754272,1.0592509508132935,1.175856590270996,0
synthetic,lowrank_unit,4096,False,torch.float32,2345,7,256,256,0.9810237884521484,1.0281569957733154,1.1120479106903076,0
synthetic,lowrank_unit,4096,False,torch.float32,2345,7,1024,256,1.083667278289795,1.4053122997283936,3.4318971633911133,0
synthetic,lowrank_unit,4096,False,torch.float32,3456,0,64,256,0.9977337121963501,1.0254184007644653,1.1188803911209106,0
synthetic,lowrank_unit,4096,False,torch.float32,3456,0,256,256,1.0137871503829956,1.075340986251831,1.3984580039978027,0
synthetic,lowrank_unit,4096,False,torch.float32,3456,0,1024,256,1.0129783153533936,1.0575358867645264,2.095965623855591,0
synthetic,lowrank_unit,4096,False,torch.float32,3456,1,64,256,1.0001912117004395,1.0242940187454224,1.0566529035568237,0
synthetic,lowrank_unit,4096,False,torch.float32,3456,1,256,256,1.0191066265106201,1.1026099920272827,1.3370763063430786,0
synthetic,lowrank_unit,4096,False,torch.float32,3456,1,1024,256,0.9934465885162354,1.0677403211593628,1.1533052921295166,0
synthetic,lowrank_unit,4096,False,torch.float32,3456,2,64,256,1.0108180046081543,1.0621225833892822,1.235913634300232,0
synthetic,lowrank_unit,4096,False,torch.float32,3456,2,256,256,1.0054928064346313,1.043007493019104,1.0838534832000732,0
synthetic,lowrank_unit,4096,False,torch.float32,3456,2,1024,256,1.0208461284637451,1.1116245985031128,1.5617328882217407,0
synthetic,lowrank_unit,4096,False,torch.float32,3456,3,64,256,1.0286757946014404,1.1273101568222046,2.1333353519439697,0
synthetic,lowrank_unit,4096,False,torch.float32,3456,3,256,256,1.0089609622955322,1.075379490852356,1.4052683115005493,0
synthetic,lowrank_unit,4096,False,torch.float32,3456,3,1024,256,0.9902835488319397,1.0383741855621338,1.1278163194656372,0
synthetic,lowrank_unit,4096,False,torch.float32,3456,4,64,256,1.0077393054962158,1.0675370693206787,1.1390389204025269,0
synthetic,lowrank_unit,4096,False,torch.float32,3456,4,256,256,1.0134412050247192,1.0904587507247925,1.5174386501312256,0
synthetic,lowrank_unit,4096,False,torch.float32,3456,4,1024,256,1.0009005069732666,1.0500752925872803,1.431078553199768,0
synthetic,lowrank_unit,4096,False,torch.float32,3456,5,64,256,0.9904694557189941,1.0378997325897217,1.0905593633651733,0
synthetic,lowrank_unit,4096,False,torch.float32,3456,5,256,256,1.001237154006958,1.080690860748291,1.3836331367492676,0
synthetic,lowrank_unit,4096,False,torch.float32,3456,5,1024,256,0.9836807250976562,1.0457817316055298,1.1634070873260498,0
synthetic,lowrank_unit,4096,False,torch.float32,3456,6,64,256,1.0037429332733154,1.063585638999939,1.1199512481689453,0
synthetic,lowrank_unit,4096,False,torch.float32,3456,6,256,256,0.9904979467391968,1.0477544069290161,1.0834519863128662,0
synthetic,lowrank_unit,4096,False,torch.float32,3456,6,1024,256,0.9987099170684814,1.0587809085845947,1.6166168451309204,0
synthetic,lowrank_unit,4096,False,torch.float32,3456,7,64,256,1.0099830627441406,1.0608196258544922,1.2554165124893188,0
synthetic,lowrank_unit,4096,False,torch.float32,3456,7,256,256,1.000694990158081,1.0351572036743164,1.0828747749328613,0
synthetic,lowrank_unit,4096,False,torch.float32,3456,7,1024,256,1.0024493932724,1.0474629402160645,1.1903246641159058,0
synthetic,lowrank_unit,4096,True,torch.float16,1234,0,64,256,0.9897449016571045,1.059288740158081,1.2316452264785767,0
synthetic,lowrank_unit,4096,True,torch.float16,1234,0,256,256,0.9667915105819702,1.039265513420105,1.1488105058670044,0
synthetic,lowrank_unit,4096,True,torch.float16,1234,0,1024,256,0.9662789106369019,1.0642532110214233,1.3684828281402588,0
synthetic,lowrank_unit,4096,True,torch.float16,1234,1,64,256,1.1015892028808594,1.6268119812011719,3.3806583881378174,0
synthetic,lowrank_unit,4096,True,torch.float16,1234,1,256,256,1.0675439834594727,1.3667924404144287,4.549118995666504,0
synthetic,lowrank_unit,4096,True,torch.float16,1234,1,1024,256,0.9948137998580933,1.0637712478637695,1.375985860824585,0
synthetic,lowrank_unit,4096,True,torch.float16,1234,2,64,256,1.0012364387512207,1.045733094215393,1.2552332878112793,0
synthetic,lowrank_unit,4096,True,torch.float16,1234,2,256,256,1.0098100900650024,1.1154989004135132,1.5224504470825195,0
synthetic,lowrank_unit,4096,True,torch.float16,1234,2,1024,256,1.0071083307266235,1.1457529067993164,1.3320409059524536,0
synthetic,lowrank_unit,4096,True,torch.float16,1234,3,64,256,1.0247418880462646,1.1315875053405762,1.2762665748596191,0
synthetic,lowrank_unit,4096,True,torch.float16,1234,3,256,256,1.0022189617156982,1.068275809288025,1.2551698684692383,0
synthetic,lowrank_unit,4096,True,torch.float16,1234,3,1024,256,0.9994183778762817,1.1040022373199463,1.4381065368652344,0
synthetic,lowrank_unit,4096,True,torch.float16,1234,4,64,256,1.0073060989379883,1.0709210634231567,1.3235422372817993,0
synthetic,lowrank_unit,4096,True,torch.float16,1234,4,256,256,1.007368803024292,1.1031692028045654,1.8511542081832886,0
synthetic,lowrank_unit,4096,True,torch.float16,1234,4,1024,256,0.9797571897506714,1.0704727172851562,1.2745583057403564,0
synthetic,lowrank_unit,4096,True,torch.float16,1234,5,64,256,1.0201847553253174,1.1681103706359863,1.4989759922027588,0
synthetic,lowrank_unit,4096,True,torch.float16,1234,5,256,256,1.0353620052337646,1.2250325679779053,1.7343701124191284,0
synthetic,lowrank_unit,4096,True,torch.float16,1234,5,1024,256,0.9983564615249634,1.1200038194656372,1.4809221029281616,0
synthetic,lowrank_unit,4096,True,torch.float16,1234,6,64,256,0.9999451041221619,1.0615135431289673,1.1354023218154907,0
synthetic,lowrank_unit,4096,True,torch.float16,1234,6,256,256,1.0483826398849487,1.3108187913894653,2.849855422973633,0
synthetic,lowrank_unit,4096,True,torch.float16,1234,6,1024,256,0.9944018125534058,1.1133671998977661,2.0022077560424805,0
synthetic,lowrank_unit,4096,True,torch.float16,1234,7,64,256,1.0180102586746216,1.1282628774642944,1.3147977590560913,0
synthetic,lowrank_unit,4096,True,torch.float16,1234,7,256,256,0.9863104224205017,1.0476880073547363,1.1218063831329346,0
synthetic,lowrank_unit,4096,True,torch.float16,1234,7,1024,256,1.0128499269485474,1.1198265552520752,1.8770474195480347,0
synthetic,lowrank_unit,4096,True,torch.float16,2345,0,64,256,1.034574031829834,1.1666874885559082,1.8395354747772217,0
synthetic,lowrank_unit,4096,True,torch.float16,2345,0,256,256,1.0804306268692017,1.446718692779541,3.0059759616851807,0
synthetic,lowrank_unit,4096,True,torch.float16,2345,0,1024,256,0.9813515543937683,1.0664480924606323,1.3072786331176758,0
synthetic,lowrank_unit,4096,True,torch.float16,2345,1,64,256,0.999915361404419,1.04264497756958,1.07168710231781,0
synthetic,lowrank_unit,4096,True,torch.float16,2345,1,256,256,0.9974254369735718,1.0548056364059448,1.1711550951004028,0
synthetic,lowrank_unit,4096,True,torch.float16,2345,1,1024,256,0.9692975282669067,1.0378583669662476,1.1589877605438232,0
synthetic,lowrank_unit,4096,True,torch.float16,2345,2,64,256,1.0212693214416504,1.085867166519165,1.613397479057312,0
synthetic,lowrank_unit,4096,True,torch.float16,2345,2,256,256,1.003292202949524,1.0818307399749756,1.4016683101654053,0
synthetic,lowrank_unit,4096,True,torch.float16,2345,2,1024,256,1.2696590423583984,2.3305115699768066,5.817865371704102,0
synthetic,lowrank_unit,4096,True,torch.float16,2345,3,64,256,1.0296095609664917,1.2231272459030151,2.1607563495635986,0
synthetic,lowrank_unit,4096,True,torch.float16,2345,3,256,256,1.0035014152526855,1.1150426864624023,1.319870114326477,0
synthetic,lowrank_unit,4096,True,torch.float16,2345,3,1024,256,0.9613969326019287,1.0497918128967285,1.193142294883728,0
synthetic,lowrank_unit,4096,True,torch.float16,2345,4,64,256,1.051954746246338,1.1943496465682983,2.6529762744903564,0
synthetic,lowrank_unit,4096,True,torch.float16,2345,4,256,256,1.0060198307037354,1.0702450275421143,1.1341474056243896,0
synthetic,lowrank_unit,4096,True,torch.float16,2345,4,1024,256,1.0203505754470825,1.1335924863815308,1.7302087545394897,0
synthetic,lowrank_unit,4096,True,torch.float16,2345,5,64,256,1.024441123008728,1.1883585453033447,1.813347578048706,0
synthetic,lowrank_unit,4096,True,torch.float16,2345,5,256,256,1.008960485458374,1.0935075283050537,1.2134039402008057,0
synthetic,lowrank_unit,4096,True,torch.float16,2345,5,1024,256,0.9730743169784546,1.0454295873641968,1.2275080680847168,0
synthetic,lowrank_unit,4096,True,torch.float16,2345,6,64,256,0.9925599098205566,1.058354377746582,1.2018065452575684,0
synthetic,lowrank_unit,4096,True,torch.float16,2345,6,256,256,0.9900426864624023,1.0747915506362915,1.2039034366607666,0
synthetic,lowrank_unit,4096,True,torch.float16,2345,6,1024,256,0.9727197885513306,1.0621376037597656,1.5136862993240356,0
synthetic,lowrank_unit,4096,True,torch.float16,2345,7,64,256,1.0077400207519531,1.1104034185409546,1.3152638673782349,0
synthetic,lowrank_unit,4096,True,torch.float16,2345,7,256,256,0.9733941555023193,1.0470794439315796,1.4247066974639893,0
synthetic,lowrank_unit,4096,True,torch.float16,2345,7,1024,256,1.0852534770965576,1.467681646347046,3.445178508758545,0
synthetic,lowrank_unit,4096,True,torch.float16,3456,0,64,256,1.0049364566802979,1.0776355266571045,1.321541666984558,0
synthetic,lowrank_unit,4096,True,torch.float16,3456,0,256,256,1.0105314254760742,1.0983859300613403,1.3870294094085693,0
synthetic,lowrank_unit,4096,True,torch.float16,3456,0,1024,256,0.9991693496704102,1.0902588367462158,1.8836050033569336,0
synthetic,lowrank_unit,4096,True,torch.float16,3456,1,64,256,0.9939632415771484,1.0427446365356445,1.0823782682418823,0
synthetic,lowrank_unit,4096,True,torch.float16,3456,1,256,256,1.0143698453903198,1.1315451860427856,1.4994198083877563,0
synthetic,lowrank_unit,4096,True,torch.float16,3456,1,1024,256,0.98686683177948,1.0878616571426392,1.3276543617248535,0
synthetic,lowrank_unit,4096,True,torch.float16,3456,2,64,256,1.0178613662719727,1.0950634479522705,1.3456239700317383,0
synthetic,lowrank_unit,4096,True,torch.float16,3456,2,256,256,1.0056471824645996,1.0590161085128784,1.180503010749817,0
synthetic,lowrank_unit,4096,True,torch.float16,3456,2,1024,256,1.0176103115081787,1.157860279083252,1.4326635599136353,0
synthetic,lowrank_unit,4096,True,torch.float16,3456,3,64,256,1.021138310432434,1.1220386028289795,2.121915817260742,0
synthetic,lowrank_unit,4096,True,torch.float16,3456,3,256,256,1.006061315536499,1.1003013849258423,1.3796480894088745,0
synthetic,lowrank_unit,4096,True,torch.float16,3456,3,1024,256,0.9753338694572449,1.055661678314209,1.1114534139633179,0
synthetic,lowrank_unit,4096,True,torch.float16,3456,4,64,256,1.0070831775665283,1.0776573419570923,1.208019495010376,0
synthetic,lowrank_unit,4096,True,torch.float16,3456,4,256,256,1.0119447708129883,1.0984069108963013,1.6301240921020508,0
synthetic,lowrank_unit,4096,True,torch.float16,3456,4,1024,256,0.9964333176612854,1.104787826538086,1.4594975709915161,0
synthetic,lowrank_unit,4096,True,torch.float16,3456,5,64,256,1.0025644302368164,1.08284330368042,1.2250874042510986,0
synthetic,lowrank_unit,4096,True,torch.float16,3456,5,256,256,1.0010261535644531,1.0979249477386475,1.4769504070281982,0
synthetic,lowrank_unit,4096,True,torch.float16,3456,5,1024,256,0.9695066213607788,1.0583226680755615,1.2530593872070312,0
synthetic,lowrank_unit,4096,True,torch.float16,3456,6,64,256,1.0010193586349487,1.0787615776062012,1.1599692106246948,0
synthetic,lowrank_unit,4096,True,torch.float16,3456,6,256,256,0.9846614003181458,1.0545722246170044,1.144668459892273,0
synthetic,lowrank_unit,4096,True,torch.float16,3456,6,1024,256,0.9886835813522339,1.1014786958694458,1.770841360092163,0
synthetic,lowrank_unit,4096,True,torch.float16,3456,7,64,256,1.0136882066726685,1.0810363292694092,1.256429672241211,0
synthetic,lowrank_unit,4096,True,torch.float16,3456,7,256,256,0.9961531162261963,1.040010690689087,1.0876152515411377,0
synthetic,lowrank_unit,4096,True,torch.float16,3456,7,1024,256,0.9983730912208557,1.077479600906372,1.303439736366272,0
synthetic,lowrank_unit,4096,True,torch.float32,1234,0,64,256,0.9897429943084717,1.0592966079711914,1.2316722869873047,0
synthetic,lowrank_unit,4096,True,torch.float32,1234,0,256,256,0.9667918086051941,1.0392812490463257,1.1486337184906006,0
synthetic,lowrank_unit,4096,True,torch.float32,1234,0,1024,256,0.9662708044052124,1.0642609596252441,1.3683415651321411,0
synthetic,lowrank_unit,4096,True,torch.float32,1234,1,64,256,1.101553201675415,1.626382827758789,3.380378484725952,0
synthetic,lowrank_unit,4096,True,torch.float32,1234,1,256,256,1.0675408840179443,1.3669953346252441,4.548925876617432,0
synthetic,lowrank_unit,4096,True,torch.float32,1234,1,1024,256,0.9947985410690308,1.0637331008911133,1.375856876373291,0
synthetic,lowrank_unit,4096,True,torch.float32,1234,2,64,256,1.001234769821167,1.0457382202148438,1.255050539970398,0
synthetic,lowrank_unit,4096,True,torch.float32,1234,2,256,256,1.009809136390686,1.115430474281311,1.5225458145141602,0
synthetic,lowrank_unit,4096,True,torch.float32,1234,2,1024,256,1.0071134567260742,1.145811676979065,1.3320443630218506,0
synthetic,lowrank_unit,4096,True,torch.float32,1234,3,64,256,1.024735689163208,1.131596565246582,1.2761379480361938,0
synthetic,lowrank_unit,4096,True,torch.float32,1234,3,256,256,1.0022221803665161,1.0683200359344482,1.255190372467041,0
synthetic,lowrank_unit,4096,True,torch.float32,1234,3,1024,256,0.9994232654571533,1.1040968894958496,1.437990665435791,0
synthetic,lowrank_unit,4096,True,torch.float32,1234,4,64,256,1.0072978734970093,1.0709309577941895,1.3228943347930908,0
synthetic,lowrank_unit,4096,True,torch.float32,1234,4,256,256,1.0073461532592773,1.103150725364685,1.8507276773452759,0
synthetic,lowrank_unit,4096,True,torch.float32,1234,4,1024,256,0.9797583818435669,1.0704121589660645,1.2741808891296387,0
synthetic,lowrank_unit,4096,True,torch.float32,1234,5,64,256,1.0201970338821411,1.1681561470031738,1.4988611936569214,0
synthetic,lowrank_unit,4096,True,torch.float32,1234,5,256,256,1.035369634628296,1.224997878074646,1.7345855236053467,0
synthetic,lowrank_unit,4096,True,torch.float32,1234,5,1024,256,0.9983528256416321,1.1200298070907593,1.4808732271194458,0
synthetic,lowrank_unit,4096,True,torch.float32,1234,6,64,256,0.9999427199363708,1.061530351638794,1.1354787349700928,0
synthetic,lowrank_unit,4096,True,torch.float32,1234,6,256,256,1.048407793045044,1.3110387325286865,2.8509507179260254,0
synthetic,lowrank_unit,4096,True,torch.float32,1234,6,1024,256,0.9944104552268982,1.1132638454437256,2.0028457641601562,0
synthetic,lowrank_unit,4096,True,torch.float32,1234,7,64,256,1.0180212259292603,1.1283735036849976,1.3148787021636963,0
synthetic,lowrank_unit,4096,True,torch.float32,1234,7,256,256,0.9863075613975525,1.0476698875427246,1.1218031644821167,0
synthetic,lowrank_unit,4096,True,torch.float32,1234,7,1024,256,1.012844204902649,1.119781255722046,1.876953363418579,0
synthetic,lowrank_unit,4096,True,torch.float32,2345,0,64,256,1.034576177597046,1.1666557788848877,1.8393265008926392,0
synthetic,lowrank_unit,4096,True,torch.float32,2345,0,256,256,1.0803741216659546,1.4460680484771729,3.004473924636841,0
synthetic,lowrank_unit,4096,True,torch.float32,2345,0,1024,256,0.9813476800918579,1.066440224647522,1.3070675134658813,0
synthetic,lowrank_unit,4096,True,torch.float32,2345,1,64,256,0.9999178051948547,1.042656421661377,1.0716623067855835,0
synthetic,lowrank_unit,4096,True,torch.float32,2345,1,256,256,0.9974244832992554,1.05479097366333,1.1710652112960815,0
synthetic,lowrank_unit,4096,True,torch.float32,2345,1,1024,256,0.9692967534065247,1.0379247665405273,1.1589499711990356,0
synthetic,lowrank_unit,4096,True,torch.float32,2345,2,64,256,1.021277904510498,1.0858714580535889,1.6138912439346313,0
synthetic,lowrank_unit,4096,True,torch.float32,2345,2,256,256,1.0032825469970703,1.0817859172821045,1.400930643081665,0
synthetic,lowrank_unit,4096,True,torch.float32,2345,2,1024,256,1.2698103189468384,2.331040859222412,5.821167469024658,0
synthetic,lowrank_unit,4096,True,torch.float32,2345,3,64,256,1.0296080112457275,1.2230963706970215,2.1605231761932373,0
synthetic,lowrank_unit,4096,True,torch.float32,2345,3,256,256,1.0034891366958618,1.1149629354476929,1.3198732137680054,0
synthetic,lowrank_unit,4096,True,torch.float32,2345,3,1024,256,0.9613878726959229,1.0497575998306274,1.192697286605835,0
synthetic,lowrank_unit,4096,True,torch.float32,2345,4,64,256,1.0519534349441528,1.1944001913070679,2.6529014110565186,0
synthetic,lowrank_unit,4096,True,torch.float32,2345,4,256,256,1.0060179233551025,1.0702316761016846,1.1340943574905396,0
synthetic,lowrank_unit,4096,True,torch.float32,2345,4,1024,256,1.020348310470581,1.1336008310317993,1.7299617528915405,0
synthetic,lowrank_unit,4096,True,torch.float32,2345,5,64,256,1.024437665939331,1.18831467628479,1.813345193862915,0
synthetic,lowrank_unit,4096,True,torch.float32,2345,5,256,256,1.0089678764343262,1.0934805870056152,1.2134352922439575,0
synthetic,lowrank_unit,4096,True,torch.float32,2345,5,1024,256,0.9730739593505859,1.0454596281051636,1.2274917364120483,0
synthetic,lowrank_unit,4096,True,torch.float32,2345,6,64,256,0.992557942867279,1.0583348274230957,1.2017863988876343,0
synthetic,lowrank_unit,4096,True,torch.float32,2345,6,256,256,0.9900450706481934,1.0748012065887451,1.2038732767105103,0
synthetic,lowrank_unit,4096,True,torch.float32,2345,6,1024,256,0.972728967666626,1.0621676445007324,1.5135209560394287,0
synthetic,lowrank_unit,4096,True,torch.float32,2345,7,64,256,1.0077297687530518,1.1101895570755005,1.3149892091751099,0
synthetic,lowrank_unit,4096,True,torch.float32,2345,7,256,256,0.9734011888504028,1.0470887422561646,1.425013542175293,0
synthetic,lowrank_unit,4096,True,torch.float32,2345,7,1024,256,1.0852506160736084,1.4677953720092773,3.4442660808563232,0
synthetic,lowrank_unit,4096,True,torch.float32,3456,0,64,256,1.0049362182617188,1.077629804611206,1.3214370012283325,0
synthetic,lowrank_unit,4096,True,torch.float32,3456,0,256,256,1.0105352401733398,1.0982980728149414,1.3867273330688477,0
synthetic,lowrank_unit,4096,True,torch.float32,3456,0,1024,256,0.9991762042045593,1.090258240699768,1.883999228477478,0
synthetic,lowrank_unit,4096,True,torch.float32,3456,1,64,256,0.9939577579498291,1.042693853378296,1.0823769569396973,0
synthetic,lowrank_unit,4096,True,torch.float32,3456,1,256,256,1.0143756866455078,1.1317354440689087,1.500017523765564,0
synthetic,lowrank_unit,4096,True,torch.float32,3456,1,1024,256,0.9868707060813904,1.0878589153289795,1.3277812004089355,0
synthetic,lowrank_unit,4096,True,torch.float32,3456,2,64,256,1.0178567171096802,1.0950431823730469,1.345669150352478,0
synthetic,lowrank_unit,4096,True,torch.float32,3456,2,256,256,1.0056462287902832,1.0590311288833618,1.1806116104125977,0
synthetic,lowrank_unit,4096,True,torch.float32,3456,2,1024,256,1.0176117420196533,1.1578679084777832,1.4326164722442627,0
synthetic,lowrank_unit,4096,True,torch.float32,3456,3,64,256,1.0211255550384521,1.1220135688781738,2.121422529220581,0
synthetic,lowrank_unit,4096,True,torch.float32,3456,3,256,256,1.0060532093048096,1.1002240180969238,1.3797200918197632,0
synthetic,lowrank_unit,4096,True,torch.float32,3456,3,1024,256,0.9753360152244568,1.0556859970092773,1.1114532947540283,0
synthetic,lowrank_unit,4096,True,torch.float32,3456,4,64,256,1.0070850849151611,1.0776779651641846,1.2078458070755005,0
synthetic,lowrank_unit,4096,True,torch.float32,3456,4,256,256,1.0119454860687256,1.098401427268982,1.6304490566253662,0
synthetic,lowrank_unit,4096,True,torch.float32,3456,4,1024,256,0.9964338541030884,1.1047866344451904,1.4595574140548706,0
synthetic,lowrank_unit,4096,True,torch.float32,3456,5,64,256,1.0025675296783447,1.082861065864563,1.2251191139221191,0
synthetic,lowrank_unit,4096,True,torch.float32,3456,5,256,256,1.0010278224945068,1.0979468822479248,1.4771980047225952,0
synthetic,lowrank_unit,4096,True,torch.float32,3456,5,1024,256,0.9695071578025818,1.058345079421997,1.25281822681427,0
synthetic,lowrank_unit,4096,True,torch.float32,3456,6,64,256,1.0010161399841309,1.078874111175537,1.1599700450897217,0
synthetic,lowrank_unit,4096,True,torch.float32,3456,6,256,256,0.984658420085907,1.0545885562896729,1.1445246934890747,0
synthetic,lowrank_unit,4096,True,torch.float32,3456,6,1024,256,0.9886565208435059,1.101313591003418,1.7706760168075562,0
synthetic,lowrank_unit,4096,True,torch.float32,3456,7,64,256,1.0136884450912476,1.081043004989624,1.2563397884368896,0
synthetic,lowrank_unit,4096,True,torch.float32,3456,7,256,256,0.9961518049240112,1.0399988889694214,1.0876137018203735,0
synthetic,lowrank_unit,4096,True,torch.float32,3456,7,1024,256,0.9983830451965332,1.0775210857391357,1.3034443855285645,0
synthetic,cluster_easy,4096,False,torch.float16,1234,0,64,256,0.12718603014945984,0.1507369875907898,0.15520422160625458,0
synthetic,cluster_easy,4096,False,torch.float16,1234,0,256,256,0.056390874087810516,0.0927005335688591,0.10363128036260605,0
synthetic,cluster_easy,4096,False,torch.float16,1234,0,1024,256,0.023073457181453705,0.03623226284980774,0.03793443366885185,0
synthetic,cluster_easy,4096,False,torch.float16,1234,1,64,256,0.12319137901067734,0.1771409809589386,0.18275102972984314,0
synthetic,cluster_easy,4096,False,torch.float16,1234,1,256,256,0.06655377149581909,0.09622779488563538,0.10125704109668732,0
synthetic,cluster_easy,4096,False,torch.float16,1234,1,1024,256,0.046838387846946716,0.056669533252716064,0.06018857657909393,0
synthetic,cluster_easy,4096,False,torch.float16,1234,2,64,256,0.11280679702758789,0.16257737576961517,0.1676650047302246,0
synthetic,cluster_easy,4096,False,torch.float16,1234,2,256,256,0.08016407489776611,0.139319509267807,0.1543477177619934,0
synthetic,cluster_easy,4096,False,torch.float16,1234,2,1024,256,0.020349174737930298,0.028037723153829575,0.030205095186829567,0
synthetic,cluster_easy,4096,False,torch.float16,1234,3,64,256,0.17711253464221954,0.34479495882987976,0.36265861988067627,0
synthetic,cluster_easy,4096,False,torch.float16,1234,3,256,256,0.08030369132757187,0.0959848016500473,0.10987139493227005,0
synthetic,cluster_easy,4096,False,torch.float16,1234,3,1024,256,0.04607216641306877,0.09065534174442291,0.10773538053035736,0
synthetic,cluster_easy,4096,False,torch.float16,1234,4,64,256,0.09717284142971039,0.15055438876152039,0.1561197191476822,0
synthetic,cluster_easy,4096,False,torch.float16,1234,4,256,256,0.08556748926639557,0.1217835322022438,0.12722988426685333,0
synthetic,cluster_easy,4096,False,torch.float16,1234,4,1024,256,0.03436857461929321,0.07271025329828262,0.0761934220790863,0
synthetic,cluster_easy,4096,False,torch.float16,1234,5,64,256,0.10014677047729492,0.16323214769363403,0.18449929356575012,0
synthetic,cluster_easy,4096,False,torch.float16,1234,5,256,256,0.05575278401374817,0.08980286121368408,0.0931020975112915,0
synthetic,cluster_easy,4096,False,torch.float16,1234,5,1024,256,0.019816186279058456,0.031485721468925476,0.03362901136279106,0
synthetic,cluster_easy,4096,False,torch.float16,1234,6,64,256,0.1370614767074585,0.23915565013885498,0.25174444913864136,0
synthetic,cluster_easy,4096,False,torch.float16,1234,6,256,256,0.05343463271856308,0.07910172641277313,0.08296065032482147,0
synthetic,cluster_easy,4096,False,torch.float16,1234,6,1024,256,0.03352166712284088,0.043841008096933365,0.044840600341558456,0
synthetic,cluster_easy,4096,False,torch.float16,1234,7,64,256,0.10157939791679382,0.1614956557750702,0.1665974259376526,0
synthetic,cluster_easy,4096,False,torch.float16,1234,7,256,256,0.04990426450967789,0.08038122206926346,0.09061899036169052,0
synthetic,cluster_easy,4096,False,torch.float16,1234,7,1024,256,0.08434700220823288,0.4088978171348572,0.47253063321113586,0
synthetic,cluster_easy,4096,False,torch.float16,2345,0,64,256,0.09590573608875275,0.135383740067482,0.1387573480606079,0
synthetic,cluster_easy,4096,False,torch.float16,2345,0,256,256,0.0495932474732399,0.0733272135257721,0.07451887428760529,0
synthetic,cluster_easy,4096,False,torch.float16,2345,0,1024,256,0.03242913633584976,0.046509936451911926,0.051064684987068176,0
synthetic,cluster_easy,4096,False,torch.float16,2345,1,64,256,0.11204788088798523,0.20658302307128906,0.225925475358963,0
synthetic,cluster_easy,4096,False,torch.float16,2345,1,256,256,0.04943309351801872,0.060957394540309906,0.06602952629327774,0
synthetic,cluster_easy,4096,False,torch.float16,2345,1,1024,256,0.02869909256696701,0.048187024891376495,0.052205201238393784,0
synthetic,cluster_easy,4096,False,torch.float16,2345,2,64,256,0.1673390120267868,0.2752791941165924,0.3264884352684021,0
synthetic,cluster_easy,4096,False,torch.float16,2345,2,256,256,0.04859679937362671,0.06624788045883179,0.07459957152605057,0
synthetic,cluster_easy,4096,False,torch.float16,2345,2,1024,256,0.026975473389029503,0.03508472442626953,0.03855663910508156,0
synthetic,cluster_easy,4096,False,torch.float16,2345,3,64,256,0.15448477864265442,0.22005970776081085,0.22770680487155914,0
synthetic,cluster_easy,4096,False,torch.float16,2345,3,256,256,0.04766342043876648,0.09091578423976898,0.09567613899707794,0
synthetic,cluster_easy,4096,False,torch.float16,2345,3,1024,256,0.043936893343925476,0.062348343431949615,0.06624724715948105,0
synthetic,cluster_easy,4096,False,torch.float16,2345,4,64,256,0.1109207421541214,0.16139347851276398,0.1648523211479187,0
synthetic,cluster_easy,4096,False,torch.float16,2345,4,256,256,0.09443291276693344,0.2704741358757019,0.286988228559494,0
synthetic,cluster_easy,4096,False,torch.float16,2345,4,1024,256,0.04155721515417099,0.060317426919937134,0.06349809467792511,0
synthetic,cluster_easy,4096,False,torch.float16,2345,5,64,256,0.06512400507926941,0.08646027743816376,0.09169410169124603,0
synthetic,cluster_easy,4096,False,torch.float16,2345,5,256,256,0.05000987648963928,0.07859507948160172,0.0825393944978714,0
synthetic,cluster_easy,4096,False,torch.float16,2345,5,1024,256,0.032336942851543427,0.047198034822940826,0.051168352365493774,0
synthetic,cluster_easy,4096,False,torch.float16,2345,6,64,256,0.10695091634988785,0.17138835787773132,0.17525485157966614,0
synthetic,cluster_easy,4096,False,torch.float16,2345,6,256,256,0.05727804824709892,0.07072414457798004,0.0766247808933258,0
synthetic,cluster_easy,4096,False,torch.float16,2345,6,1024,256,0.037715304642915726,0.051908548921346664,0.05343799293041229,0
synthetic,cluster_easy,4096,False,torch.float16,2345,7,64,256,0.11380481719970703,0.14747843146324158,0.15650533139705658,0
synthetic,cluster_easy,4096,False,torch.float16,2345,7,256,256,0.04394576698541641,0.07923516631126404,0.08531694114208221,0
synthetic,cluster_easy,4096,False,torch.float16,2345,7,1024,256,0.04894154891371727,0.10126491636037827,0.10827821493148804,0
synthetic,cluster_easy,4096,False,torch.float16,3456,0,64,256,0.11606708914041519,0.19479450583457947,0.20103636384010315,0
synthetic,cluster_easy,4096,False,torch.float16,3456,0,256,256,0.07777239382266998,0.13307544589042664,0.14398792386054993,0
synthetic,cluster_easy,4096,False,torch.float16,3456,0,1024,256,0.08008265495300293,0.36576133966445923,0.4092390239238739,0
synthetic,cluster_easy,4096,False,torch.float16,3456,1,64,256,0.12817135453224182,0.269326776266098,0.2883443534374237,0
synthetic,cluster_easy,4096,False,torch.float16,3456,1,256,256,0.06127975881099701,0.13924801349639893,0.14953570067882538,0
synthetic,cluster_easy,4096,False,torch.float16,3456,1,1024,256,0.04204177111387253,0.06478913128376007,0.07109125703573227,0
synthetic,cluster_easy,4096,False,torch.float16,3456,2,64,256,0.15324845910072327,0.26917171478271484,0.285202294588089,0
synthetic,cluster_easy,4096,False,torch.float16,3456,2,256,256,0.07221187651157379,0.08833805471658707,0.09126760065555573,0
synthetic,cluster_easy,4096,False,torch.float16,3456,2,1024,256,0.05985972285270691,0.10534773021936417,0.12247953563928604,0
synthetic,cluster_easy,4096,False,torch.float16,3456,3,64,256,0.141057550907135,0.18187379837036133,0.18631207942962646,0
synthetic,cluster_easy,4096,False,torch.float16,3456,3,256,256,0.04024902731180191,0.07987908273935318,0.08475019037723541,0
synthetic,cluster_easy,4096,False,torch.float16,3456,3,1024,256,0.028017103672027588,0.04102041572332382,0.04400806874036789,0
synthetic,cluster_easy,4096,False,torch.float16,3456,4,64,256,0.16873472929000854,0.3640333116054535,0.39976367354393005,0
synthetic,cluster_easy,4096,False,torch.float16,3456,4,256,256,0.06400791555643082,0.12411761283874512,0.14416855573654175,0
synthetic,cluster_easy,4096,False,torch.float16,3456,4,1024,256,0.03776371106505394,0.06263323873281479,0.06501372903585434,0
synthetic,cluster_easy,4096,False,torch.float16,3456,5,64,256,0.10373631119728088,0.1585177183151245,0.1745670884847641,0
synthetic,cluster_easy,4096,False,torch.float16,3456,5,256,256,0.08965948224067688,0.13767743110656738,0.14917820692062378,0
synthetic,cluster_easy,4096,False,torch.float16,3456,5,1024,256,0.03698156774044037,0.05251549929380417,0.05512595549225807,0
synthetic,cluster_easy,4096,False,torch.float16,3456,6,64,256,0.14414045214653015,0.2860834002494812,0.33162203431129456,0
synthetic,cluster_easy,4096,False,torch.float16,3456,6,256,256,0.08803725242614746,0.13708694279193878,0.13983039557933807,0
synthetic,cluster_easy,4096,False,torch.float16,3456,6,1024,256,0.023930050432682037,0.03776436299085617,0.04118291661143303,0
synthetic,cluster_easy,4096,False,torch.float16,3456,7,64,256,0.08496123552322388,0.14428527653217316,0.15210121870040894,0
synthetic,cluster_easy,4096,False,torch.float16,3456,7,256,256,0.0575658418238163,0.08590075373649597,0.09200315177440643,0
synthetic,cluster_easy,4096,False,torch.float16,3456,7,1024,256,0.04684298112988472,0.0942375585436821,0.097801573574543,0
synthetic,cluster_easy,4096,False,torch.float32,1234,0,64,256,0.12718617916107178,0.1507405936717987,0.15520669519901276,0
synthetic,cluster_easy,4096,False,torch.float32,1234,0,256,256,0.05638716369867325,0.09271072596311569,0.10363095253705978,0
synthetic,cluster_easy,4096,False,torch.float32,1234,0,1024,256,0.023072563111782074,0.03623281419277191,0.03793668374419212,0
synthetic,cluster_easy,4096,False,torch.float32,1234,1,64,256,0.12319452315568924,0.17715397477149963,0.18275083601474762,0
synthetic,cluster_easy,4096,False,torch.float32,1234,1,256,256,0.06655574589967728,0.09622609615325928,0.10125556588172913,0
synthetic,cluster_easy,4096,False,torch.float32,1234,1,1024,256,0.04683899134397507,0.05666861683130264,0.06018615886569023,0
synthetic,cluster_easy,4096,False,torch.float32,1234,2,64,256,0.1128062829375267,0.16258208453655243,0.16767443716526031,0
synthetic,cluster_easy,4096,False,torch.float32,1234,2,256,256,0.08016401529312134,0.13931550085544586,0.15433253347873688,0
synthetic,cluster_easy,4096,False,torch.float32,1234,2,1024,256,0.020349230617284775,0.028028996661305428,0.030205288901925087,0
synthetic,cluster_easy,4096,False,torch.float32,1234,3,64,256,0.17710858583450317,0.3447451591491699,0.3626675009727478,0
synthetic,cluster_easy,4096,False,torch.float32,1234,3,256,256,0.0803021639585495,0.09596499055624008,0.10985108464956284,0
synthetic,cluster_easy,4096,False,torch.float32,1234,3,1024,256,0.04607032984495163,0.09064038097858429,0.10773616284132004,0
synthetic,cluster_easy,4096,False,torch.float32,1234,4,64,256,0.09717424213886261,0.15055494010448456,0.15612418949604034,0
synthetic,cluster_easy,4096,False,torch.float32,1234,4,256,256,0.08556568622589111,0.12177972495555878,0.12722563743591309,0
synthetic,cluster_easy,4096,False,torch.float32,1234,4,1024,256,0.03436772897839546,0.07270381599664688,0.07619956135749817,0
synthetic,cluster_easy,4096,False,torch.float32,1234,5,64,256,0.10014653205871582,0.16323328018188477,0.18452100455760956,0
synthetic,cluster_easy,4096,False,torch.float32,1234,5,256,256,0.05575105920433998,0.08979801833629608,0.09310133755207062,0
synthetic,cluster_easy,4096,False,torch.float32,1234,5,1024,256,0.01981646753847599,0.03148830682039261,0.03363758698105812,0
synthetic,cluster_easy,4096,False,torch.float32,1234,6,64,256,0.13705885410308838,0.23915961384773254,0.25173935294151306,0
synthetic,cluster_easy,4096,False,torch.float32,1234,6,256,256,0.05343521758913994,0.07909590005874634,0.08295486122369766,0
synthetic,cluster_easy,4096,False,torch.float32,1234,6,1024,256,0.033520691096782684,0.04384015128016472,0.04484100639820099,0
synthetic,cluster_easy,4096,False,torch.float32,1234,7,64,256,0.10157324373722076,0.16147562861442566,0.16658124327659607,0
synthetic,cluster_easy,4096,False,torch.float32,1234,7,256,256,0.049900513142347336,0.0803854912519455,0.09061965346336365,0
synthetic,cluster_easy,4096,False,torch.float32,1234,7,1024,256,0.08434274792671204,0.40892264246940613,0.4724390208721161,0
synthetic,cluster_easy,4096,False,torch.float32,2345,0,64,256,0.09590590000152588,0.1353878378868103,0.13875971734523773,0
synthetic,cluster_easy,4096,False,torch.float32,2345,0,256,256,0.049592792987823486,0.07332964986562729,0.07451286911964417,0
synthetic,cluster_easy,4096,False,torch.float32,2345,0,1024,256,0.03242959454655647,0.046508558094501495,0.051068589091300964,0
synthetic,cluster_easy,4096,False,torch.float32,2345,1,64,256,0.11204659193754196,0.20658791065216064,0.2259306162595749,0
synthetic,cluster_easy,4096,False,torch.float32,2345,1,256,256,0.049432966858148575,0.06096325069665909,0.06603806465864182,0
synthetic,cluster_easy,4096,False,torch.float32,2345,1,1024,256,0.028699424117803574,0.04818332567811012,0.05219900608062744,0
synthetic,cluster_easy,4096,False,torch.float32,2345,2,64,256,0.16734579205513,0.27529624104499817,0.3264802396297455,0
synthetic,cluster_easy,4096,False,torch.float32,2345,2,256,256,0.04859785735607147,0.06624911725521088,0.07460487633943558,0
synthetic,cluster_easy,4096,False,torch.float32,2345,2,1024,256,0.026976069435477257,0.0350819006562233,0.03855738043785095,0
synthetic,cluster_easy,4096,False,torch.float32,2345,3,64,256,0.1544913351535797,0.22005769610404968,0.22769007086753845,0
synthetic,cluster_easy,4096,False,torch.float32,2345,3,256,256,0.047662727534770966,0.09091441333293915,0.09567567706108093,0
synthetic,cluster_easy,4096,False,torch.float32,2345,3,1024,256,0.04393915832042694,0.06234943866729736,0.06624903529882431,0
synthetic,cluster_easy,4096,False,torch.float32,2345,4,64,256,0.11091364920139313,0.16138015687465668,0.1648460179567337,0
synthetic,cluster_easy,4096,False,torch.float32,2345,4,256,256,0.09442701935768127,0.270462304353714,0.28692862391471863,0
synthetic,cluster_easy,4096,False,torch.float32,2345,4,1024,256,0.04155341535806656,0.06031053885817528,0.06349054723978043,0
synthetic,cluster_easy,4096,False,torch.float32,2345,5,64,256,0.06512323021888733,0.0864560529589653,0.09169939905405045,0
synthetic,cluster_easy,4096,False,torch.float32,2345,5,256,256,0.05001057684421539,0.07859747111797333,0.08253487944602966,0
synthetic,cluster_easy,4096,False,torch.float32,2345,5,1024,256,0.03233722597360611,0.047203171998262405,0.05117631331086159,0
synthetic,cluster_easy,4096,False,torch.float32,2345,6,64,256,0.10695011168718338,0.17139075696468353,0.1752512902021408,0
synthetic,cluster_easy,4096,False,torch.float32,2345,6,256,256,0.05727825686335564,0.0707191526889801,0.07661803066730499,0
synthetic,cluster_easy,4096,False,torch.float32,2345,6,1024,256,0.03771420568227768,0.051906976848840714,0.053438980132341385,0
synthetic,cluster_easy,4096,False,torch.float32,2345,7,64,256,0.11379903554916382,0.14748308062553406,0.15650512278079987,0
synthetic,cluster_easy,4096,False,torch.float32,2345,7,256,256,0.043943218886852264,0.07923156768083572,0.08531243354082108,0
synthetic,cluster_easy,4096,False,torch.float32,2345,7,1024,256,0.04893928021192551,0.10125362873077393,0.10827252268791199,0
synthetic,cluster_easy,4096,False,torch.float32,3456,0,64,256,0.11607073247432709,0.1947944015264511,0.20104658603668213,0
synthetic,cluster_easy,4096,False,torch.float32,3456,0,256,256,0.0777730792760849,0.13306427001953125,0.14398017525672913,0
synthetic,cluster_easy,4096,False,torch.float32,3456,0,1024,256,0.08008678257465363,0.3657841086387634,0.40933290123939514,0
synthetic,cluster_easy,4096,False,torch.float32,3456,1,64,256,0.12817133963108063,0.26933595538139343,0.28829896450042725,0
synthetic,cluster_easy,4096,False,torch.float32,3456,1,256,256,0.061279214918613434,0.13927105069160461,0.14954347908496857,0
synthetic,cluster_easy,4096,False,torch.float32,3456,1,1024,256,0.04204127937555313,0.0647844672203064,0.0711025521159172,0
synthetic,cluster_easy,4096,False,torch.float32,3456,2,64,256,0.153245747089386,0.26915648579597473,0.2851769030094147,0
synthetic,cluster_easy,4096,False,torch.float32,3456,2,256,256,0.07220937311649323,0.08833208680152893,0.09125960618257523,0
synthetic,cluster_easy,4096,False,torch.float32,3456,2,1024,256,0.059857793152332306,0.10533388704061508,0.12247036397457123,0
synthetic,cluster_easy,4096,False,torch.float32,3456,3,64,256,0.14105355739593506,0.18187110126018524,0.186326801776886,0
synthetic,cluster_easy,4096,False,torch.float32,3456,3,256,256,0.0402507409453392,0.0798875093460083,0.08474788814783096,0
synthetic,cluster_easy,4096,False,torch.float32,3456,3,1024,256,0.028015989810228348,0.041017256677150726,0.04400722309947014,0
synthetic,cluster_easy,4096,False,torch.float32,3456,4,64,256,0.16874654591083527,0.3640989065170288,0.399865984916687,0
synthetic,cluster_easy,4096,False,torch.float32,3456,4,256,256,0.06401057541370392,0.12413115799427032,0.14418397843837738,0
synthetic,cluster_easy,4096,False,torch.float32,3456,4,1024,256,0.03776521980762482,0.06263795495033264,0.06501089781522751,0
synthetic,cluster_easy,4096,False,torch.float32,3456,5,64,256,0.10373732447624207,0.1585414558649063,0.17452791333198547,0
synthetic,cluster_easy,4096,False,torch.float32,3456,5,256,256,0.08966054767370224,0.13767869770526886,0.1491614580154419,0
synthetic,cluster_easy,4096,False,torch.float32,3456,5,1024,256,0.0369822196662426,0.0525125190615654,0.05512598901987076,0
synthetic,cluster_easy,4096,False,torch.float32,3456,6,64,256,0.14414402842521667,0.2860966920852661,0.33165058493614197,0
synthetic,cluster_easy,4096,False,torch.float32,3456,6,256,256,0.08803863823413849,0.13708676397800446,0.13982917368412018,0
synthetic,cluster_easy,4096,False,torch.float32,3456,6,1024,256,0.023930786177515984,0.03777210786938667,0.04118670895695686,0
synthetic,cluster_easy,4096,False,torch.float32,3456,7,64,256,0.08496248722076416,0.1442926526069641,0.1520937830209732,0
synthetic,cluster_easy,4096,False,torch.float32,3456,7,256,256,0.05756504088640213,0.08589616417884827,0.09199734032154083,0
synthetic,cluster_easy,4096,False,torch.float32,3456,7,1024,256,0.046841561794281006,0.094233438372612,0.09780435264110565,0
synthetic,cluster_easy,4096,True,torch.float16,1234,0,64,256,0.12500666081905365,0.15069392323493958,0.18780292570590973,0
synthetic,cluster_easy,4096,True,torch.float16,1234,0,256,256,0.05809016898274422,0.09920431673526764,0.12529422342777252,0
synthetic,cluster_easy,4096,True,torch.float16,1234,0,1024,256,0.023133352398872375,0.03575056046247482,0.04873357340693474,0
synthetic,cluster_easy,4096,True,torch.float16,1234,1,64,256,0.11964673548936844,0.19055986404418945,0.21470801532268524,0
synthetic,cluster_easy,4096,True,torch.float16,1234,1,256,256,0.06263364851474762,0.09606151282787323,0.10305065661668777,0
synthetic,cluster_easy,4096,True,torch.float16,1234,1,1024,256,0.040312618017196655,0.054545268416404724,0.0581444650888443,0
synthetic,cluster_easy,4096,True,torch.float16,1234,2,64,256,0.11406512558460236,0.1748703420162201,0.21463419497013092,0
synthetic,cluster_easy,4096,True,torch.float16,1234,2,256,256,0.08152540773153305,0.143988236784935,0.16915133595466614,0
synthetic,cluster_easy,4096,True,torch.float16,1234,2,1024,256,0.021145569160580635,0.03018249198794365,0.03635234758257866,0
synthetic,cluster_easy,4096,True,torch.float16,1234,3,64,256,0.15874627232551575,0.3024855852127075,0.34823378920555115,0
synthetic,cluster_easy,4096,True,torch.float16,1234,3,256,256,0.07515490055084229,0.09095723927021027,0.09345006197690964,0
synthetic,cluster_easy,4096,True,torch.float16,1234,3,1024,256,0.04318336397409439,0.0913553461432457,0.10256440937519073,0
synthetic,cluster_easy,4096,True,torch.float16,1234,4,64,256,0.0956847220659256,0.147770956158638,0.18662838637828827,0
synthetic,cluster_easy,4096,True,torch.float16,1234,4,256,256,0.08236927539110184,0.11824573576450348,0.1367683857679367,0
synthetic,cluster_easy,4096,True,torch.float16,1234,4,1024,256,0.03279450535774231,0.06684145331382751,0.08089003711938858,0
synthetic,cluster_easy,4096,True,torch.float16,1234,5,64,256,0.10200568288564682,0.16570405662059784,0.18449483811855316,0
synthetic,cluster_easy,4096,True,torch.float16,1234,5,256,256,0.05685337632894516,0.09028637409210205,0.1007373183965683,0
synthetic,cluster_easy,4096,True,torch.float16,1234,5,1024,256,0.020626582205295563,0.03062243014574051,0.03647492080926895,0
synthetic,cluster_easy,4096,True,torch.float16,1234,6,64,256,0.1494019329547882,0.2572798430919647,0.28962257504463196,0
synthetic,cluster_easy,4096,True,torch.float16,1234,6,256,256,0.056291207671165466,0.08067257702350616,0.08887144923210144,0
synthetic,cluster_easy,4096,True,torch.float16,1234,6,1024,256,0.0367068275809288,0.048608385026454926,0.05646799877285957,0
synthetic,cluster_easy,4096,True,torch.float16,1234,7,64,256,0.09797408431768417,0.16304579377174377,0.21336239576339722,0
synthetic,cluster_easy,4096,True,torch.float16,1234,7,256,256,0.04769662022590637,0.07718215882778168,0.09436704963445663,0
synthetic,cluster_easy,4096,True,torch.float16,1234,7,1024,256,0.08221492171287537,0.3949214518070221,0.4496546983718872,0
synthetic,cluster_easy,4096,True,torch.float16,2345,0,64,256,0.1099851131439209,0.16177093982696533,0.18502339720726013,0
synthetic,cluster_easy,4096,True,torch.float16,2345,0,256,256,0.054367922246456146,0.08038993179798126,0.09260242432355881,0
synthetic,cluster_easy,4096,True,torch.float16,2345,0,1024,256,0.033896904438734055,0.05220094323158264,0.061060577630996704,0
synthetic,cluster_easy,4096,True,torch.float16,2345,1,64,256,0.11451685428619385,0.2114904373884201,0.2373591810464859,0
synthetic,cluster_easy,4096,True,torch.float16,2345,1,256,256,0.05032756179571152,0.06748824566602707,0.07238123565912247,0
synthetic,cluster_easy,4096,True,torch.float16,2345,1,1024,256,0.029247287660837173,0.050154928117990494,0.05975906923413277,0
synthetic,cluster_easy,4096,True,torch.float16,2345,2,64,256,0.1762133240699768,0.28732606768608093,0.32850614190101624,0
synthetic,cluster_easy,4096,True,torch.float16,2345,2,256,256,0.047379083931446075,0.06236733868718147,0.07208374887704849,0
synthetic,cluster_easy,4096,True,torch.float16,2345,2,1024,256,0.025906357914209366,0.03449123352766037,0.038192398846149445,0
synthetic,cluster_easy,4096,True,torch.float16,2345,3,64,256,0.1327226310968399,0.19706645607948303,0.22343473136425018,0
synthetic,cluster_easy,4096,True,torch.float16,2345,3,256,256,0.042777128517627716,0.09203612059354782,0.10758839547634125,0
synthetic,cluster_easy,4096,True,torch.float16,2345,3,1024,256,0.03904794156551361,0.053072527050971985,0.06324338912963867,0
synthetic,cluster_easy,4096,True,torch.float16,2345,4,64,256,0.10970911383628845,0.15641315281391144,0.17435216903686523,0
synthetic,cluster_easy,4096,True,torch.float16,2345,4,256,256,0.09380688518285751,0.2701328992843628,0.307746022939682,0
synthetic,cluster_easy,4096,True,torch.float16,2345,4,1024,256,0.041726842522621155,0.060809340327978134,0.07114145159721375,0
synthetic,cluster_easy,4096,True,torch.float16,2345,5,64,256,0.0655808225274086,0.09394016116857529,0.11547587066888809,0
synthetic,cluster_easy,4096,True,torch.float16,2345,5,256,256,0.048726342618465424,0.07682488858699799,0.08949185907840729,0
synthetic,cluster_easy,4096,True,torch.float16,2345,5,1024,256,0.03270009160041809,0.04533480852842331,0.05305914953351021,0
synthetic,cluster_easy,4096,True,torch.float16,2345,6,64,256,0.11482319235801697,0.1828688681125641,0.19453167915344238,0
synthetic,cluster_easy,4096,True,torch.float16,2345,6,256,256,0.058005087077617645,0.07374818623065948,0.08582894504070282,0
synthetic,cluster_easy,4096,True,torch.float16,2345,6,1024,256,0.03812333941459656,0.05401190370321274,0.05768727883696556,0
synthetic,cluster_easy,4096,True,torch.float16,2345,7,64,256,0.10377022624015808,0.1377231776714325,0.15542075037956238,0
synthetic,cluster_easy,4096,True,torch.float16,2345,7,256,256,0.04215092957019806,0.08182554692029953,0.09616410732269287,0
synthetic,cluster_easy,4096,True,torch.float16,2345,7,1024,256,0.04554104059934616,0.09073837101459503,0.11668913811445236,0
synthetic,cluster_easy,4096,True,torch.float16,3456,0,64,256,0.1068502888083458,0.16903963685035706,0.1853649914264679,0
synthetic,cluster_easy,4096,True,torch.float16,3456,0,256,256,0.0734826922416687,0.11872653663158417,0.13665132224559784,0
synthetic,cluster_easy,4096,True,torch.float16,3456,0,1024,256,0.0707455575466156,0.3112475872039795,0.40723392367362976,0
synthetic,cluster_easy,4096,True,torch.float16,3456,1,64,256,0.12122929841279984,0.253650039434433,0.2701776921749115,0
synthetic,cluster_easy,4096,True,torch.float16,3456,1,256,256,0.057280391454696655,0.12638762593269348,0.14733168482780457,0
synthetic,cluster_easy,4096,True,torch.float16,3456,1,1024,256,0.03885897994041443,0.06256479769945145,0.06796295940876007,0
synthetic,cluster_easy,4096,True,torch.float16,3456,2,64,256,0.1466866135597229,0.25105634331703186,0.29633378982543945,0
synthetic,cluster_easy,4096,True,torch.float16,3456,2,256,256,0.07000795751810074,0.09040704369544983,0.09838715195655823,0
synthetic,cluster_easy,4096,True,torch.float16,3456,2,1024,256,0.05967250466346741,0.10160749405622482,0.11593610793352127,0
synthetic,cluster_easy,4096,True,torch.float16,3456,3,64,256,0.13334280252456665,0.17783616483211517,0.20275364816188812,0
synthetic,cluster_easy,4096,True,torch.float16,3456,3,256,256,0.03788287937641144,0.07885610312223434,0.0938294380903244,0
synthetic,cluster_easy,4096,True,torch.float16,3456,3,1024,256,0.027349554002285004,0.041857168078422546,0.05185579136013985,0
synthetic,cluster_easy,4096,True,torch.float16,3456,4,64,256,0.17950224876403809,0.3847740888595581,0.4221639335155487,0
synthetic,cluster_easy,4096,True,torch.float16,3456,4,256,256,0.06843251734972,0.13568754494190216,0.1671208143234253,0
synthetic,cluster_easy,4096,True,torch.float16,3456,4,1024,256,0.040601782500743866,0.0677068829536438,0.08630982041358948,0
synthetic,cluster_easy,4096,True,torch.float16,3456,5,64,256,0.10989707708358765,0.18387570977210999,0.2129315435886383,0
synthetic,cluster_easy,4096,True,torch.float16,3456,5,256,256,0.08848562836647034,0.13301977515220642,0.15737338364124298,0
synthetic,cluster_easy,4096,True,torch.float16,3456,5,1024,256,0.035256389528512955,0.053360968828201294,0.05961699038743973,0
synthetic,cluster_easy,4096,True,torch.float16,3456,6,64,256,0.13355383276939392,0.27542608976364136,0.3655756115913391,0
synthetic,cluster_easy,4096,True,torch.float16,3456,6,256,256,0.0819794088602066,0.13193097710609436,0.15080223977565765,0
synthetic,cluster_easy,4096,True,torch.float16,3456,6,1024,256,0.02414773218333721,0.03557678312063217,0.040774643421173096,0
synthetic,cluster_easy,4096,True,torch.float16,3456,7,64,256,0.07351364195346832,0.1257311999797821,0.14885160326957703,0
synthetic,cluster_easy,4096,True,torch.float16,3456,7,256,256,0.0495125837624073,0.07102460414171219,0.08716855198144913,0
synthetic,cluster_easy,4096,True,torch.float16,3456,7,1024,256,0.04177483171224594,0.08046713471412659,0.09842093288898468,0
synthetic,cluster_easy,4096,True,torch.float32,1234,0,64,256,0.1250068098306656,0.15069565176963806,0.18780602514743805,0
synthetic,cluster_easy,4096,True,torch.float32,1234,0,256,256,0.058087725192308426,0.09919668734073639,0.12528622150421143,0
synthetic,cluster_easy,4096,True,torch.float32,1234,0,1024,256,0.023133322596549988,0.03574901819229126,0.0487254299223423,0
synthetic,cluster_easy,4096,True,torch.float32,1234,1,64,256,0.11964987218379974,0.19055438041687012,0.2147151678800583,0
synthetic,cluster_easy,4096,True,torch.float32,1234,1,256,256,0.06263546645641327,0.0960654690861702,0.10304930061101913,0
synthetic,cluster_easy,4096,True,torch.float32,1234,1,1024,256,0.040313802659511566,0.05454210937023163,0.058143891394138336,0
synthetic,cluster_easy,4096,True,torch.float32,1234,2,64,256,0.11406125128269196,0.17487871646881104,0.2146337330341339,0
synthetic,cluster_easy,4096,True,torch.float32,1234,2,256,256,0.08152411878108978,0.14397920668125153,0.16913820803165436,0
synthetic,cluster_easy,4096,True,torch.float32,1234,2,1024,256,0.021144794300198555,0.030178504064679146,0.036357250064611435,0
synthetic,cluster_easy,4096,True,torch.float32,1234,3,64,256,0.15874125063419342,0.30246657133102417,0.34823504090309143,0
synthetic,cluster_easy,4096,True,torch.float32,1234,3,256,256,0.07515300810337067,0.09096051752567291,0.09343843162059784,0
synthetic,cluster_easy,4096,True,torch.float32,1234,3,1024,256,0.043182678520679474,0.091345876455307,0.10255485028028488,0
synthetic,cluster_easy,4096,True,torch.float32,1234,4,64,256,0.0956854373216629,0.14776603877544403,0.1866268664598465,0
synthetic,cluster_easy,4096,True,torch.float32,1234,4,256,256,0.08236761391162872,0.11824778467416763,0.13676680624485016,0
synthetic,cluster_easy,4096,True,torch.float32,1234,4,1024,256,0.03279443085193634,0.06684061884880066,0.08088985830545425,0
synthetic,cluster_easy,4096,True,torch.float32,1234,5,64,256,0.10200349986553192,0.16568812727928162,0.18451885879039764,0
synthetic,cluster_easy,4096,True,torch.float32,1234,5,256,256,0.05685300752520561,0.09028425812721252,0.10073832422494888,0
synthetic,cluster_easy,4096,True,torch.float32,1234,5,1024,256,0.020626626908779144,0.03062426671385765,0.03646793216466904,0
synthetic,cluster_easy,4096,True,torch.float32,1234,6,64,256,0.14939963817596436,0.25722336769104004,0.28961968421936035,0
synthetic,cluster_easy,4096,True,torch.float32,1234,6,256,256,0.05629240721464157,0.0806695967912674,0.08887678384780884,0
synthetic,cluster_easy,4096,True,torch.float32,1234,6,1024,256,0.036706048995256424,0.04860872030258179,0.05646687000989914,0
synthetic,cluster_easy,4096,True,torch.float32,1234,7,64,256,0.09797158092260361,0.16303056478500366,0.21335631608963013,0
synthetic,cluster_easy,4096,True,torch.float32,1234,7,256,256,0.0476951077580452,0.07717128098011017,0.09434744715690613,0
synthetic,cluster_easy,4096,True,torch.float32,1234,7,1024,256,0.08221497386693954,0.39493656158447266,0.4495100677013397,0
synthetic,cluster_easy,4096,True,torch.float32,2345,0,64,256,0.10998955368995667,0.16178134083747864,0.18502582609653473,0
synthetic,cluster_easy,4096,True,torch.float32,2345,0,256,256,0.054367922246456146,0.08039548993110657,0.09259766340255737,0
synthetic,cluster_easy,4096,True,torch.float32,2345,0,1024,256,0.033897414803504944,0.05219732224941254,0.061059024184942245,0
synthetic,cluster_easy,4096,True,torch.float32,2345,1,64,256,0.11451669037342072,0.21151696145534515,0.23732297122478485,0
synthetic,cluster_easy,4096,True,torch.float32,2345,1,256,256,0.05032798647880554,0.06749113649129868,0.07238031923770905,0
synthetic,cluster_easy,4096,True,torch.float32,2345,1,1024,256,0.029248038306832314,0.05015621334314346,0.05975573882460594,0
synthetic,cluster_easy,4096,True,torch.float32,2345,2,64,256,0.17621612548828125,0.2873157262802124,0.3284607529640198,0
synthetic,cluster_easy,4096,True,torch.float32,2345,2,256,256,0.047380246222019196,0.062381599098443985,0.07207100093364716,0
synthetic,cluster_easy,4096,True,torch.float32,2345,2,1024,256,0.025906385853886604,0.034489404410123825,0.038187503814697266,0
synthetic,cluster_easy,4096,True,torch.float32,2345,3,64,256,0.1327258050441742,0.19708439707756042,0.2234375774860382,0
synthetic,cluster_easy,4096,True,torch.float32,2345,3,256,256,0.04277733713388443,0.09203892946243286,0.10759620368480682,0
synthetic,cluster_easy,4096,True,torch.float32,2345,3,1024,256,0.039050690829753876,0.05307530611753464,0.06325119733810425,0
synthetic,cluster_easy,4096,True,torch.float32,2345,4,64,256,0.10970842838287354,0.15640969574451447,0.17435938119888306,0
synthetic,cluster_easy,4096,True,torch.float32,2345,4,256,256,0.09380577504634857,0.2701326906681061,0.3077368438243866,0
synthetic,cluster_easy,4096,True,torch.float32,2345,4,1024,256,0.04172639921307564,0.06080272048711777,0.07113853842020035,0
synthetic,cluster_easy,4096,True,torch.float32,2345,5,64,256,0.06557993590831757,0.09393404424190521,0.11547116935253143,0
synthetic,cluster_easy,4096,True,torch.float32,2345,5,256,256,0.04872649535536766,0.07683119922876358,0.08949599415063858,0
synthetic,cluster_easy,4096,True,torch.float32,2345,5,1024,256,0.03270038962364197,0.04533778876066208,0.05305806174874306,0
synthetic,cluster_easy,4096,True,torch.float32,2345,6,64,256,0.11482468992471695,0.18286502361297607,0.1945520043373108,0
synthetic,cluster_easy,4096,True,torch.float32,2345,6,256,256,0.05800577998161316,0.07375737279653549,0.08583571761846542,0
synthetic,cluster_easy,4096,True,torch.float32,2345,6,1024,256,0.03812342882156372,0.05401146039366722,0.05769271031022072,0
synthetic,cluster_easy,4096,True,torch.float32,2345,7,64,256,0.10377007722854614,0.13772545754909515,0.15542913973331451,0
synthetic,cluster_easy,4096,True,torch.float32,2345,7,256,256,0.04214974120259285,0.08182333409786224,0.09616168588399887,0
synthetic,cluster_easy,4096,True,torch.float32,2345,7,1024,256,0.045541733503341675,0.09073974192142487,0.11668561398983002,0
synthetic,cluster_easy,4096,True,torch.float32,3456,0,64,256,0.10685230791568756,0.16904006898403168,0.18535800278186798,0
synthetic,cluster_easy,4096,True,torch.float32,3456,0,256,256,0.07348287105560303,0.1187473013997078,0.13668902218341827,0
synthetic,cluster_easy,4096,True,torch.float32,3456,0,1024,256,0.07074899226427078,0.31127119064331055,0.4073285162448883,0
synthetic,cluster_easy,4096,True,torch.float32,3456,1,64,256,0.12122839689254761,0.2536679804325104,0.2701861560344696,0
synthetic,cluster_easy,4096,True,torch.float32,3456,1,256,256,0.05727800726890564,0.1263836920261383,0.14735016226768494,0
synthetic,cluster_easy,4096,True,torch.float32,3456,1,1024,256,0.03885817527770996,0.06256316602230072,0.06795840710401535,0
synthetic,cluster_easy,4096,True,torch.float32,3456,2,64,256,0.1466885805130005,0.2510712146759033,0.29630613327026367,0
synthetic,cluster_easy,4096,True,torch.float32,3456,2,256,256,0.07000638544559479,0.09040482342243195,0.09838424623012543,0
synthetic,cluster_easy,4096,True,torch.float32,3456,2,1024,256,0.05967117100954056,0.10160420089960098,0.11593615263700485,0
synthetic,cluster_easy,4096,True,torch.float32,3456,3,64,256,0.13333630561828613,0.17782315611839294,0.2027454525232315,0
synthetic,cluster_easy,4096,True,torch.float32,3456,3,256,256,0.037883274257183075,0.07885327935218811,0.09382722526788712,0
synthetic,cluster_easy,4096,True,torch.float32,3456,3,1024,256,0.027348104864358902,0.041859474033117294,0.05184534192085266,0
synthetic,cluster_easy,4096,True,torch.float32,3456,4,64,256,0.17950448393821716,0.38479262590408325,0.42218953371047974,0
synthetic,cluster_easy,4096,True,torch.float32,3456,4,256,256,0.06843337416648865,0.13568297028541565,0.16713175177574158,0
synthetic,cluster_easy,4096,True,torch.float32,3456,4,1024,256,0.04060216620564461,0.06770870834589005,0.08629575371742249,0
synthetic,cluster_easy,4096,True,torch.float32,3456,5,64,256,0.10989987105131149,0.18392188847064972,0.21288630366325378,0
synthetic,cluster_easy,4096,True,torch.float32,3456,5,256,256,0.0884881466627121,0.13301622867584229,0.1573682576417923,0
synthetic,cluster_easy,4096,True,torch.float32,3456,5,1024,256,0.03525703400373459,0.05336533486843109,0.059618182480335236,0
synthetic,cluster_easy,4096,True,torch.float32,3456,6,64,256,0.13355617225170135,0.2754637598991394,0.3656117022037506,0
synthetic,cluster_easy,4096,True,torch.float32,3456,6,256,256,0.0819789469242096,0.13192929327487946,0.15079449117183685,0
synthetic,cluster_easy,4096,True,torch.float32,3456,6,1024,256,0.024147849529981613,0.03556758165359497,0.04077887907624245,0
synthetic,cluster_easy,4096,True,torch.float32,3456,7,64,256,0.07351674884557724,0.125733882188797,0.14885073900222778,0
synthetic,cluster_easy,4096,True,torch.float32,3456,7,256,256,0.04951341450214386,0.07102179527282715,0.08717838674783707,0
synthetic,cluster_easy,4096,True,torch.float32,3456,7,1024,256,0.041775137186050415,0.08046863973140717,0.09842288494110107,0
synthetic,cluster_unit,4096,False,torch.float16,1234,0,64,256,0.4256170690059662,0.819452702999115,0.8765454292297363,0
synthetic,cluster_unit,4096,False,torch.float16,1234,0,256,256,0.2721390128135681,0.3354927599430084,0.3766765296459198,0
synthetic,cluster_unit,4096,False,torch.float16,1234,0,1024,256,0.2265164703130722,0.320821076631546,0.3709964454174042,0
synthetic,cluster_unit,4096,False,torch.float16,1234,1,64,256,0.5198529958724976,1.1173932552337646,1.2186144590377808,0
synthetic,cluster_unit,4096,False,torch.float16,1234,1,256,256,0.32407957315444946,0.6232516765594482,0.722492516040802,0
synthetic,cluster_unit,4096,False,torch.float16,1234,1,1024,256,0.26443997025489807,0.4608425796031952,0.4854293465614319,0
synthetic,cluster_unit,4096,False,torch.float16,1234,2,64,256,0.5379406213760376,1.0169856548309326,1.0843250751495361,0
synthetic,cluster_unit,4096,False,torch.float16,1234,2,256,256,0.35749685764312744,0.7348743677139282,0.8785491585731506,0
synthetic,cluster_unit,4096,False,torch.float16,1234,2,1024,256,0.27891451120376587,0.431513249874115,0.5191618204116821,0
synthetic,cluster_unit,4096,False,torch.float16,1234,3,64,256,0.49611276388168335,0.9864494800567627,1.041762113571167,0
synthetic,cluster_unit,4096,False,torch.float16,1234,3,256,256,0.3091338872909546,0.4490830898284912,0.5355319380760193,0
synthetic,cluster_unit,4096,False,torch.float16,1234,3,1024,256,0.24756662547588348,0.3298543691635132,0.34198328852653503,0
synthetic,cluster_unit,4096,False,torch.float16,1234,4,64,256,0.5391650199890137,0.9112625122070312,0.9737473130226135,0
synthetic,cluster_unit,4096,False,torch.float16,1234,4,256,256,0.5187435150146484,1.1435770988464355,1.2616335153579712,0
synthetic,cluster_unit,4096,False,torch.float16,1234,4,1024,256,0.26561859250068665,0.3786102831363678,0.4372875988483429,0
synthetic,cluster_unit,4096,False,torch.float16,1234,5,64,256,0.5772346258163452,1.0054972171783447,1.0876872539520264,0
synthetic,cluster_unit,4096,False,torch.float16,1234,5,256,256,0.33680814504623413,0.5731410980224609,0.6364595890045166,0
synthetic,cluster_unit,4096,False,torch.float16,1234,5,1024,256,0.2429957091808319,0.3496573567390442,0.38332363963127136,0
synthetic,cluster_unit,4096,False,torch.float16,1234,6,64,256,0.7182700634002686,1.2256996631622314,1.2502999305725098,0
synthetic,cluster_unit,4096,False,torch.float16,1234,6,256,256,0.39903703331947327,0.7250588536262512,0.8243871927261353,0
synthetic,cluster_unit,4096,False,torch.float16,1234,6,1024,256,0.35603612661361694,0.6970938444137573,0.900526762008667,0
synthetic,cluster_unit,4096,False,torch.float16,1234,7,64,256,0.5649174451828003,1.0258277654647827,1.1145074367523193,0
synthetic,cluster_unit,4096,False,torch.float16,1234,7,256,256,0.32874739170074463,0.6006866097450256,0.7612914443016052,0
synthetic,cluster_unit,4096,False,torch.float16,1234,7,1024,256,0.38948506116867065,0.8597259521484375,0.9192326068878174,0
synthetic,cluster_unit,4096,False,torch.float16,2345,0,64,256,0.5478452444076538,0.8908586502075195,1.063659906387329,0
synthetic,cluster_unit,4096,False,torch.float16,2345,0,256,256,0.45174241065979004,1.0641090869903564,1.2097975015640259,0
synthetic,cluster_unit,4096,False,torch.float16,2345,0,1024,256,0.3673214614391327,1.1208868026733398,1.1366206407546997,0
synthetic,cluster_unit,4096,False,torch.float16,2345,1,64,256,0.4958089590072632,0.7870219945907593,0.8215572834014893,0
synthetic,cluster_unit,4096,False,torch.float16,2345,1,256,256,0.34486693143844604,0.5665782690048218,0.6484668254852295,0
synthetic,cluster_unit,4096,False,torch.float16,2345,1,1024,256,0.2284948080778122,0.3135084807872772,0.403567910194397,0
synthetic,cluster_unit,4096,False,torch.float16,2345,2,64,256,0.6113717555999756,1.226592779159546,1.337715744972229,0
synthetic,cluster_unit,4096,False,torch.float16,2345,2,256,256,0.2912031412124634,0.48783859610557556,0.5452155470848083,0
synthetic,cluster_unit,4096,False,torch.float16,2345,2,1024,256,0.30679747462272644,0.5064429044723511,0.5798995494842529,0
synthetic,cluster_unit,4096,False,torch.float16,2345,3,64,256,0.581278383731842,0.9659098386764526,1.0132642984390259,0
synthetic,cluster_unit,4096,False,torch.float16,2345,3,256,256,0.3956952691078186,0.7856020331382751,0.9084879755973816,0
synthetic,cluster_unit,4096,False,torch.float16,2345,3,1024,256,0.26360419392585754,0.4060172438621521,0.49074670672416687,0
synthetic,cluster_unit,4096,False,torch.float16,2345,4,64,256,0.5167425870895386,0.9243929982185364,0.9351877570152283,0
synthetic,cluster_unit,4096,False,torch.float16,2345,4,256,256,0.4888874590396881,0.986924409866333,1.0842286348342896,0
synthetic,cluster_unit,4096,False,torch.float16,2345,4,1024,256,0.30693408846855164,0.4947817325592041,0.5780232548713684,0
synthetic,cluster_unit,4096,False,torch.float16,2345,5,64,256,0.5096355676651001,1.1645690202713013,1.3224928379058838,0
synthetic,cluster_unit,4096,False,torch.float16,2345,5,256,256,0.3549918532371521,0.7097464799880981,0.8276978731155396,0
synthetic,cluster_unit,4096,False,torch.float16,2345,5,1024,256,0.294963002204895,0.44972458481788635,0.5406004190444946,0
synthetic,cluster_unit,4096,False,torch.float16,2345,6,64,256,0.6383121013641357,1.0459318161010742,1.1270781755447388,0
synthetic,cluster_unit,4096,False,torch.float16,2345,6,256,256,0.2690725028514862,0.437640905380249,0.580822765827179,0
synthetic,cluster_unit,4096,False,torch.float16,2345,6,1024,256,0.3469279408454895,0.8789360523223877,1.0536603927612305,0
synthetic,cluster_unit,4096,False,torch.float16,2345,7,64,256,0.4391583502292633,1.1358897686004639,1.3539795875549316,0
synthetic,cluster_unit,4096,False,torch.float16,2345,7,256,256,0.2906043827533722,0.38352397084236145,0.4241862893104553,0
synthetic,cluster_unit,4096,False,torch.float16,2345,7,1024,256,0.3143749237060547,0.48305925726890564,0.6047719120979309,0
synthetic,cluster_unit,4096,False,torch.float16,3456,0,64,256,0.45950743556022644,0.8936336040496826,0.9302628636360168,0
synthetic,cluster_unit,4096,False,torch.float16,3456,0,256,256,0.38328811526298523,0.893919825553894,1.1195658445358276,0
synthetic,cluster_unit,4096,False,torch.float16,3456,0,1024,256,0.4184260368347168,1.0617061853408813,1.3198219537734985,0
synthetic,cluster_unit,4096,False,torch.float16,3456,1,64,256,0.6676570773124695,1.2129594087600708,1.3115874528884888,0
synthetic,cluster_unit,4096,False,torch.float16,3456,1,256,256,0.3544594943523407,0.9292913675308228,1.1028932332992554,0
synthetic,cluster_unit,4096,False,torch.float16,3456,1,1024,256,0.2512544095516205,0.5145445466041565,0.6042989492416382,0
synthetic,cluster_unit,4096,False,torch.float16,3456,2,64,256,0.3741946220397949,0.7280645370483398,0.9369034171104431,0
synthetic,cluster_unit,4096,False,torch.float16,3456,2,256,256,0.38808339834213257,0.8843620419502258,0.9315762519836426,0
synthetic,cluster_unit,4096,False,torch.float16,3456,2,1024,256,0.2631603181362152,0.4977812170982361,0.672250509262085,0
synthetic,cluster_unit,4096,False,torch.float16,3456,3,64,256,0.5643806457519531,1.0208580493927002,1.1190054416656494,0
synthetic,cluster_unit,4096,False,torch.float16,3456,3,256,256,0.36974358558654785,0.9950671195983887,1.1122987270355225,0
synthetic,cluster_unit,4096,False,torch.float16,3456,3,1024,256,0.25417712330818176,0.330516517162323,0.3486001789569855,0
synthetic,cluster_unit,4096,False,torch.float16,3456,4,64,256,0.6978964805603027,1.3850934505462646,1.4581927061080933,0
synthetic,cluster_unit,4096,False,torch.float16,3456,4,256,256,0.26702970266342163,0.36166638135910034,0.4576331675052643,0
synthetic,cluster_unit,4096,False,torch.float16,3456,4,1024,256,0.32553741335868835,0.671978235244751,0.7811663746833801,0
synthetic,cluster_unit,4096,False,torch.float16,3456,5,64,256,0.3686809241771698,0.695142388343811,0.7494264841079712,0
synthetic,cluster_unit,4096,False,torch.float16,3456,5,256,256,0.49299561977386475,0.9371100664138794,0.9391813278198242,0
synthetic,cluster_unit,4096,False,torch.float16,3456,5,1024,256,0.27010440826416016,0.3428837060928345,0.4049025774002075,0
synthetic,cluster_unit,4096,False,torch.float16,3456,6,64,256,0.5441874265670776,1.2907185554504395,1.33009934425354,0
synthetic,cluster_unit,4096,False,torch.float16,3456,6,256,256,0.44654884934425354,0.9624472856521606,1.0634472370147705,0
synthetic,cluster_unit,4096,False,torch.float16,3456,6,1024,256,0.23756104707717896,0.30235952138900757,0.3580363094806671,0
synthetic,cluster_unit,4096,False,torch.float16,3456,7,64,256,0.49349215626716614,1.0968221426010132,1.1376148462295532,0
synthetic,cluster_unit,4096,False,torch.float16,3456,7,256,256,0.3393244445323944,0.6613582372665405,0.7091847658157349,0
synthetic,cluster_unit,4096,False,torch.float16,3456,7,1024,256,0.26368457078933716,0.48673686385154724,0.5985052585601807,0
synthetic,cluster_unit,4096,False,torch.float32,1234,0,64,256,0.4255952835083008,0.8194677829742432,0.876508355140686,0
synthetic,cluster_unit,4096,False,torch.float32,1234,0,256,256,0.2721256613731384,0.3355451822280884,0.37657442688941956,0
synthetic,cluster_unit,4096,False,torch.float32,1234,0,1024,256,0.226518914103508,0.3208145499229431,0.3710596263408661,0
synthetic,cluster_unit,4096,False,torch.float32,1234,1,64,256,0.5198546648025513,1.11734938621521,1.2186625003814697,0
synthetic,cluster_unit,4096,False,torch.float32,1234,1,256,256,0.32407045364379883,0.6232238411903381,0.7224563360214233,0
synthetic,cluster_unit,4096,False,torch.float32,1234,1,1024,256,0.26447969675064087,0.4608699381351471,0.4854639768600464,0
synthetic,cluster_unit,4096,False,torch.float32,1234,2,64,256,0.5379284620285034,1.0169224739074707,1.0841940641403198,0
synthetic,cluster_unit,4096,False,torch.float32,1234,2,256,256,0.35749030113220215,0.7348678112030029,0.8786181211471558,0
synthetic,cluster_unit,4096,False,torch.float32,1234,2,1024,256,0.27897703647613525,0.4314480721950531,0.5190137028694153,0
synthetic,cluster_unit,4096,False,torch.float32,1234,3,64,256,0.4961078464984894,0.9863462448120117,1.0416758060455322,0
synthetic,cluster_unit,4096,False,torch.float32,1234,3,256,256,0.30912935733795166,0.44913098216056824,0.5355178713798523,0
synthetic,cluster_unit,4096,False,torch.float32,1234,3,1024,256,0.24756592512130737,0.3298026919364929,0.3419240713119507,0
synthetic,cluster_unit,4096,False,torch.float32,1234,4,64,256,0.5391846895217896,0.9112380146980286,0.9735385775566101,0
synthetic,cluster_unit,4096,False,torch.float32,1234,4,256,256,0.5187256932258606,1.1434941291809082,1.2615567445755005,0
synthetic,cluster_unit,4096,False,torch.float32,1234,4,1024,256,0.26562100648880005,0.3787004351615906,0.4372312128543854,0
synthetic,cluster_unit,4096,False,torch.float32,1234,5,64,256,0.5772491097450256,1.0055387020111084,1.0876964330673218,0
synthetic,cluster_unit,4096,False,torch.float32,1234,5,256,256,0.3368259072303772,0.5731332302093506,0.6364931464195251,0
synthetic,cluster_unit,4096,False,torch.float32,1234,5,1024,256,0.24298961460590363,0.349764347076416,0.38347432017326355,0
synthetic,cluster_unit,4096,False,torch.float32,1234,6,64,256,0.7182481288909912,1.2256793975830078,1.250203251838684,0
synthetic,cluster_unit,4096,False,torch.float32,1234,6,256,256,0.39898931980133057,0.7250480055809021,0.8243305683135986,0
synthetic,cluster_unit,4096,False,torch.float32,1234,6,1024,256,0.356065571308136,0.6971218585968018,0.9003599286079407,0
synthetic,cluster_unit,4096,False,torch.float32,1234,7,64,256,0.5649603605270386,1.0257596969604492,1.1145347356796265,0
synthetic,cluster_unit,4096,False,torch.float32,1234,7,256,256,0.32878684997558594,0.6007717847824097,0.7615118622779846,0
synthetic,cluster_unit,4096,False,torch.float32,1234,7,1024,256,0.38948214054107666,0.8597515821456909,0.9193097352981567,0
synthetic,cluster_unit,4096,False,torch.float32,2345,0,64,256,0.5478478670120239,0.8908803462982178,1.063850998878479,0
synthetic,cluster_unit,4096,False,torch.float32,2345,0,256,256,0.45177197456359863,1.0641005039215088,1.209761381149292,0
synthetic,cluster_unit,4096,False,torch.float32,2345,0,1024,256,0.3672940731048584,1.1209203004837036,1.1366373300552368,0
synthetic,cluster_unit,4096,False,torch.float32,2345,1,64,256,0.49578216671943665,0.7870270609855652,0.8215872645378113,0
synthetic,cluster_unit,4096,False,torch.float32,2345,1,256,256,0.34490638971328735,0.5666784048080444,0.6487533450126648,0
synthetic,cluster_unit,4096,False,torch.float32,2345,1,1024,256,0.22848480939865112,0.3134757876396179,0.4036853015422821,0
synthetic,cluster_unit,4096,False,torch.float32,2345,2,64,256,0.6113489270210266,1.2264569997787476,1.3375862836837769,0
synthetic,cluster_unit,4096,False,torch.float32,2345,2,256,256,0.2911885976791382,0.48781618475914,0.5452297925949097,0
synthetic,cluster_unit,4096,False,torch.float32,2345,2,1024,256,0.3067634701728821,0.5065022110939026,0.5797093510627747,0
synthetic,cluster_unit,4096,False,torch.float32,2345,3,64,256,0.5812618136405945,0.9659279584884644,1.0132449865341187,0
synthetic,cluster_unit,4096,False,torch.float32,2345,3,256,256,0.3957214951515198,0.7856521606445312,0.9085403084754944,0
synthetic,cluster_unit,4096,False,torch.float32,2345,3,1024,256,0.2636179029941559,0.4059261679649353,0.49079230427742004,0
synthetic,cluster_unit,4096,False,torch.float32,2345,4,64,256,0.5167561769485474,0.9244296550750732,0.9352607727050781,0
synthetic,cluster_unit,4096,False,torch.float32,2345,4,256,256,0.48889389634132385,0.98689204454422,1.0840507745742798,0
synthetic,cluster_unit,4096,False,torch.float32,2345,4,1024,256,0.306915283203125,0.4947378635406494,0.5779693722724915,0
synthetic,cluster_unit,4096,False,torch.float32,2345,5,64,256,0.5096264481544495,1.1643714904785156,1.3224146366119385,0
synthetic,cluster_unit,4096,False,torch.float32,2345,5,256,256,0.35498693585395813,0.7097297310829163,0.8276535868644714,0
synthetic,cluster_unit,4096,False,torch.float32,2345,5,1024,256,0.2949773073196411,0.44988930225372314,0.5408180952072144,0
synthetic,cluster_unit,4096,False,torch.float32,2345,6,64,256,0.6383360624313354,1.046087622642517,1.1272317171096802,0
synthetic,cluster_unit,4096,False,torch.float32,2345,6,256,256,0.2690787613391876,0.437660276889801,0.5805606842041016,0
synthetic,cluster_unit,4096,False,torch.float32,2345,6,1024,256,0.34693312644958496,0.8791560530662537,1.0534552335739136,0
synthetic,cluster_unit,4096,False,torch.float32,2345,7,64,256,0.4391632676124573,1.1357085704803467,1.3539057970046997,0
synthetic,cluster_unit,4096,False,torch.float32,2345,7,256,256,0.2905874252319336,0.38355278968811035,0.4240899384021759,0
synthetic,cluster_unit,4096,False,torch.float32,2345,7,1024,256,0.3143507242202759,0.48296689987182617,0.6044315695762634,0
synthetic,cluster_unit,4096,False,torch.float32,3456,0,64,256,0.459524929523468,0.8936024308204651,0.9302983283996582,0
synthetic,cluster_unit,4096,False,torch.float32,3456,0,256,256,0.38327282667160034,0.8938552737236023,1.1196316480636597,0
synthetic,cluster_unit,4096,False,torch.float32,3456,0,1024,256,0.4184304475784302,1.061574101448059,1.3200278282165527,0
synthetic,cluster_unit,4096,False,torch.float32,3456,1,64,256,0.6676098108291626,1.212822437286377,1.3114851713180542,0
synthetic,cluster_unit,4096,False,torch.float32,3456,1,256,256,0.3545067310333252,0.9295161962509155,1.103271722793579,0
synthetic,cluster_unit,4096,False,torch.float32,3456,1,1024,256,0.25126057863235474,0.5146044492721558,0.6043359041213989,0
synthetic,cluster_unit,4096,False,torch.float32,3456,2,64,256,0.3741987347602844,0.7281116843223572,0.9371548891067505,0
synthetic,cluster_unit,4096,False,torch.float32,3456,2,256,256,0.3880850076675415,0.8843296766281128,0.9314771294593811,0
synthetic,cluster_unit,4096,False,torch.float32,3456,2,1024,256,0.2631171941757202,0.4978320598602295,0.6723940372467041,0
synthetic,cluster_unit,4096,False,torch.float32,3456,3,64,256,0.5644023418426514,1.02091646194458,1.1191020011901855,0
synthetic,cluster_unit,4096,False,torch.float32,3456,3,256,256,0.36972057819366455,0.9950843453407288,1.1123366355895996,0
synthetic,cluster_unit,4096,False,torch.float32,3456,3,1024,256,0.25419843196868896,0.3304786682128906,0.3485824167728424,0
synthetic,cluster_unit,4096,False,torch.float32,3456,4,64,256,0.6978800296783447,1.3850411176681519,1.458261251449585,0
synthetic,cluster_unit,4096,False,torch.float32,3456,4,256,256,0.267031192779541,0.3615506589412689,0.4578692317008972,0
synthetic,cluster_unit,4096,False,torch.float32,3456,4,1024,256,0.3255136013031006,0.6717016100883484,0.7809653878211975,0
synthetic,cluster_unit,4096,False,torch.float32,3456,5,64,256,0.36867454648017883,0.6953346133232117,0.749502420425415,0
synthetic,cluster_unit,4096,False,torch.float32,3456,5,256,256,0.4930230975151062,0.9370864629745483,0.939160168170929,0
synthetic,cluster_unit,4096,False,torch.float32,3456,5,1024,256,0.2701209783554077,0.34285879135131836,0.4049036204814911,0
synthetic,cluster_unit,4096,False,torch.float32,3456,6,64,256,0.5442397594451904,1.2909295558929443,1.3302899599075317,0
synthetic,cluster_unit,4096,False,torch.float32,3456,6,256,256,0.4465423822402954,0.9624908566474915,1.0634649991989136,0
synthetic,cluster_unit,4096,False,torch.float32,3456,6,1024,256,0.23755788803100586,0.302270770072937,0.35802000761032104,0
synthetic,cluster_unit,4096,False,torch.float32,3456,7,64,256,0.4934654235839844,1.096847653388977,1.1377040147781372,0
synthetic,cluster_unit,4096,False,torch.float32,3456,7,256,256,0.339324027299881,0.6614225506782532,0.7092282772064209,0
synthetic,cluster_unit,4096,False,torch.float32,3456,7,1024,256,0.26368454098701477,0.48680639266967773,0.5985672473907471,0
synthetic,cluster_unit,4096,True,torch.float16,1234,0,64,256,0.42881304025650024,0.7985716462135315,0.8871487379074097,0
synthetic,cluster_unit,4096,True,torch.float16,1234,0,256,256,0.27307242155075073,0.3648219406604767,0.4194604456424713,0
synthetic,cluster_unit,4096,True,torch.float16,1234,0,1024,256,0.22642245888710022,0.3219844698905945,0.3980432450771332,0
synthetic,cluster_unit,4096,True,torch.float16,1234,1,64,256,0.5215234756469727,1.191076397895813,1.3291020393371582,0
synthetic,cluster_unit,4096,True,torch.float16,1234,1,256,256,0.3201952576637268,0.5874917507171631,0.7310763597488403,0
synthetic,cluster_unit,4096,True,torch.float16,1234,1,1024,256,0.2633892297744751,0.45102715492248535,0.495928019285202,0
synthetic,cluster_unit,4096,True,torch.float16,1234,2,64,256,0.5538156032562256,1.0979876518249512,1.1749235391616821,0
synthetic,cluster_unit,4096,True,torch.float16,1234,2,256,256,0.3645084798336029,0.7974728345870972,1.0148006677627563,0
synthetic,cluster_unit,4096,True,torch.float16,1234,2,1024,256,0.27255305647850037,0.3814907371997833,0.47259026765823364,0
synthetic,cluster_unit,4096,True,torch.float16,1234,3,64,256,0.5093954205513,1.0311319828033447,1.247703194618225,0
synthetic,cluster_unit,4096,True,torch.float16,1234,3,256,256,0.30204927921295166,0.4823349714279175,0.5876568555831909,0
synthetic,cluster_unit,4096,True,torch.float16,1234,3,1024,256,0.2539851665496826,0.3206477165222168,0.4598996043205261,0
synthetic,cluster_unit,4096,True,torch.float16,1234,4,64,256,0.5374762415885925,0.9667688608169556,1.1121852397918701,0
synthetic,cluster_unit,4096,True,torch.float16,1234,4,256,256,0.5065007209777832,1.1032588481903076,1.2280502319335938,0
synthetic,cluster_unit,4096,True,torch.float16,1234,4,1024,256,0.2671440839767456,0.37789931893348694,0.4571346342563629,0
synthetic,cluster_unit,4096,True,torch.float16,1234,5,64,256,0.5765960216522217,0.9813612699508667,1.1648452281951904,0
synthetic,cluster_unit,4096,True,torch.float16,1234,5,256,256,0.3351048529148102,0.5539820194244385,0.6210157871246338,0
synthetic,cluster_unit,4096,True,torch.float16,1234,5,1024,256,0.24602939188480377,0.34477901458740234,0.41919586062431335,0
synthetic,cluster_unit,4096,True,torch.float16,1234,6,64,256,0.7147666811943054,1.2214237451553345,1.4263428449630737,0
synthetic,cluster_unit,4096,True,torch.float16,1234,6,256,256,0.395664244890213,0.6832160949707031,0.8350703716278076,0
synthetic,cluster_unit,4096,True,torch.float16,1234,6,1024,256,0.3519793152809143,0.7019863128662109,0.8833132386207581,0
synthetic,cluster_unit,4096,True,torch.float16,1234,7,64,256,0.5584343671798706,1.0404653549194336,1.1303050518035889,0
synthetic,cluster_unit,4096,True,torch.float16,1234,7,256,256,0.3156091868877411,0.5589898824691772,0.6967653632164001,0
synthetic,cluster_unit,4096,True,torch.float16,1234,7,1024,256,0.373896062374115,0.8615245223045349,0.9908791184425354,0
synthetic,cluster_unit,4096,True,torch.float16,2345,0,64,256,0.5579581260681152,0.9608967304229736,1.1386637687683105,0
synthetic,cluster_unit,4096,True,torch.float16,2345,0,256,256,0.43998897075653076,0.9768509864807129,1.128248691558838,0
synthetic,cluster_unit,4096,True,torch.float16,2345,0,1024,256,0.3614336848258972,1.0864508152008057,1.1680264472961426,0
synthetic,cluster_unit,4096,True,torch.float16,2345,1,64,256,0.4981963336467743,0.812673807144165,0.8911623954772949,0
synthetic,cluster_unit,4096,True,torch.float16,2345,1,256,256,0.3439832925796509,0.5458121299743652,0.6218600273132324,0
synthetic,cluster_unit,4096,True,torch.float16,2345,1,1024,256,0.22969143092632294,0.3126886785030365,0.3732437491416931,0
synthetic,cluster_unit,4096,True,torch.float16,2345,2,64,256,0.6181337237358093,1.2214592695236206,1.3513647317886353,0
synthetic,cluster_unit,4096,True,torch.float16,2345,2,256,256,0.2916097939014435,0.5002453923225403,0.5528972148895264,0
synthetic,cluster_unit,4096,True,torch.float16,2345,2,1024,256,0.2978944778442383,0.49445289373397827,0.6772210001945496,0
synthetic,cluster_unit,4096,True,torch.float16,2345,3,64,256,0.5781265497207642,0.9817404747009277,1.0387108325958252,0
synthetic,cluster_unit,4096,True,torch.float16,2345,3,256,256,0.39725977182388306,0.7997114062309265,0.9051697254180908,0
synthetic,cluster_unit,4096,True,torch.float16,2345,3,1024,256,0.259590208530426,0.3987680971622467,0.49394655227661133,0
synthetic,cluster_unit,4096,True,torch.float16,2345,4,64,256,0.5132350921630859,0.9836381673812866,1.0967339277267456,0
synthetic,cluster_unit,4096,True,torch.float16,2345,4,256,256,0.48612356185913086,0.9825243949890137,1.1067068576812744,0
synthetic,cluster_unit,4096,True,torch.float16,2345,4,1024,256,0.31414034962654114,0.4983598291873932,0.5940542221069336,0
synthetic,cluster_unit,4096,True,torch.float16,2345,5,64,256,0.49962323904037476,1.0634181499481201,1.286669135093689,0
synthetic,cluster_unit,4096,True,torch.float16,2345,5,256,256,0.36299848556518555,0.7579761147499084,0.8573068380355835,0
synthetic,cluster_unit,4096,True,torch.float16,2345,5,1024,256,0.29468631744384766,0.44920027256011963,0.5235860347747803,0
synthetic,cluster_unit,4096,True,torch.float16,2345,6,64,256,0.6461831331253052,1.067780613899231,1.15724515914917,0
synthetic,cluster_unit,4096,True,torch.float16,2345,6,256,256,0.2728170156478882,0.44616180658340454,0.5963327884674072,0
synthetic,cluster_unit,4096,True,torch.float16,2345,6,1024,256,0.34345269203186035,0.8772051334381104,1.0793788433074951,0
synthetic,cluster_unit,4096,True,torch.float16,2345,7,64,256,0.43408364057540894,1.094498634338379,1.2325224876403809,0
synthetic,cluster_unit,4096,True,torch.float16,2345,7,256,256,0.27348560094833374,0.3838157057762146,0.41190165281295776,0
synthetic,cluster_unit,4096,True,torch.float16,2345,7,1024,256,0.3041899800300598,0.4630371034145355,0.6449883580207825,0
synthetic,cluster_unit,4096,True,torch.float16,3456,0,64,256,0.45198458433151245,0.891297459602356,0.9490022659301758,0
synthetic,cluster_unit,4096,True,torch.float16,3456,0,256,256,0.3743659257888794,0.8615615963935852,1.1254911422729492,0
synthetic,cluster_unit,4096,True,torch.float16,3456,0,1024,256,0.4069051146507263,0.9431517124176025,1.1582881212234497,0
synthetic,cluster_unit,4096,True,torch.float16,3456,1,64,256,0.6615161895751953,1.1869993209838867,1.3055692911148071,0
synthetic,cluster_unit,4096,True,torch.float16,3456,1,256,256,0.3520160913467407,0.8756532073020935,1.0555849075317383,0
synthetic,cluster_unit,4096,True,torch.float16,3456,1,1024,256,0.2498883455991745,0.5355362892150879,0.6922008991241455,0
synthetic,cluster_unit,4096,True,torch.float16,3456,2,64,256,0.3710241913795471,0.664992094039917,0.8794772624969482,0
synthetic,cluster_unit,4096,True,torch.float16,3456,2,256,256,0.3905728757381439,0.9001559019088745,0.9957758188247681,0
synthetic,cluster_unit,4096,True,torch.float16,3456,2,1024,256,0.2584959864616394,0.48989352583885193,0.6843001246452332,0
synthetic,cluster_unit,4096,True,torch.float16,3456,3,64,256,0.5623236894607544,0.9911618828773499,1.1089905500411987,0
synthetic,cluster_unit,4096,True,torch.float16,3456,3,256,256,0.36195123195648193,1.0437346696853638,1.1961950063705444,0
synthetic,cluster_unit,4096,True,torch.float16,3456,3,1024,256,0.23400235176086426,0.326686292886734,0.39046281576156616,0
synthetic,cluster_unit,4096,True,torch.float16,3456,4,64,256,0.7071127891540527,1.379838466644287,1.4942963123321533,0
synthetic,cluster_unit,4096,True,torch.float16,3456,4,256,256,0.27277058362960815,0.3799469769001007,0.4945521354675293,0
synthetic,cluster_unit,4096,True,torch.float16,3456,4,1024,256,0.3276844620704651,0.7123136520385742,0.8744140863418579,0
synthetic,cluster_unit,4096,True,torch.float16,3456,5,64,256,0.35784345865249634,0.658950924873352,0.7275368571281433,0
synthetic,cluster_unit,4096,True,torch.float16,3456,5,256,256,0.4786660969257355,0.8789328336715698,0.9444827437400818,0
synthetic,cluster_unit,4096,True,torch.float16,3456,5,1024,256,0.26475781202316284,0.367889940738678,0.43454286456108093,0
synthetic,cluster_unit,4096,True,torch.float16,3456,6,64,256,0.5467320680618286,1.312414526939392,1.680299997329712,0
synthetic,cluster_unit,4096,True,torch.float16,3456,6,256,256,0.4519994258880615,1.000024676322937,1.1585694551467896,0
synthetic,cluster_unit,4096,True,torch.float16,3456,6,1024,256,0.23401542007923126,0.32178646326065063,0.389338880777359,0
synthetic,cluster_unit,4096,True,torch.float16,3456,7,64,256,0.4836111068725586,1.0627379417419434,1.1286112070083618,0
synthetic,cluster_unit,4096,True,torch.float16,3456,7,256,256,0.3365630805492401,0.6482362747192383,0.728190541267395,0
synthetic,cluster_unit,4096,True,torch.float16,3456,7,1024,256,0.26271894574165344,0.4792622923851013,0.5986153483390808,0
synthetic,cluster_unit,4096,True,torch.float32,1234,0,64,256,0.4288367033004761,0.7987352013587952,0.8871071338653564,0
synthetic,cluster_unit,4096,True,torch.float32,1234,0,256,256,0.2730766534805298,0.36488890647888184,0.4194168448448181,0
synthetic,cluster_unit,4096,True,torch.float32,1234,0,1024,256,0.22644059360027313,0.32200124859809875,0.3981091380119324,0
synthetic,cluster_unit,4096,True,torch.float32,1234,1,64,256,0.5215103626251221,1.191002607345581,1.3292226791381836,0
synthetic,cluster_unit,4096,True,torch.float32,1234,1,256,256,0.32018715143203735,0.5873427987098694,0.7310426235198975,0
synthetic,cluster_unit,4096,True,torch.float32,1234,1,1024,256,0.26340267062187195,0.45107996463775635,0.49599793553352356,0
synthetic,cluster_unit,4096,True,torch.float32,1234,2,64,256,0.5538114905357361,1.0981591939926147,1.1750295162200928,0
synthetic,cluster_unit,4096,True,torch.float32,1234,2,256,256,0.36449891328811646,0.7973543405532837,1.0147963762283325,0
synthetic,cluster_unit,4096,True,torch.float32,1234,2,1024,256,0.2725781500339508,0.38143616914749146,0.4725453555583954,0
synthetic,cluster_unit,4096,True,torch.float32,1234,3,64,256,0.5093876123428345,1.031085729598999,1.2478209733963013,0
synthetic,cluster_unit,4096,True,torch.float32,1234,3,256,256,0.30205512046813965,0.4822899103164673,0.5875682830810547,0
synthetic,cluster_unit,4096,True,torch.float32,1234,3,1024,256,0.25396937131881714,0.3206311762332916,0.4600341320037842,0
synthetic,cluster_unit,4096,True,torch.float32,1234,4,64,256,0.5374900102615356,0.9666900634765625,1.1119921207427979,0
synthetic,cluster_unit,4096,True,torch.float32,1234,4,256,256,0.5064955353736877,1.1032443046569824,1.227950096130371,0
synthetic,cluster_unit,4096,True,torch.float32,1234,4,1024,256,0.26715993881225586,0.3779340982437134,0.45738276839256287,0
synthetic,cluster_unit,4096,True,torch.float32,1234,5,64,256,0.5765949487686157,0.9810426235198975,1.1650348901748657,0
synthetic,cluster_unit,4096,True,torch.float32,1234,5,256,256,0.3351220190525055,0.554099440574646,0.6211243867874146,0
synthetic,cluster_unit,4096,True,torch.float32,1234,5,1024,256,0.24602669477462769,0.34491124749183655,0.41919681429862976,0
synthetic,cluster_unit,4096,True,torch.float32,1234,6,64,256,0.714741051197052,1.2213680744171143,1.426318883895874,0
synthetic,cluster_unit,4096,True,torch.float32,1234,6,256,256,0.39564597606658936,0.6832046508789062,0.8349810242652893,0
synthetic,cluster_unit,4096,True,torch.float32,1234,6,1024,256,0.35198795795440674,0.7021010518074036,0.883124589920044,0
synthetic,cluster_unit,4096,True,torch.float32,1234,7,64,256,0.558451771736145,1.040451169013977,1.1301908493041992,0
synthetic,cluster_unit,4096,True,torch.float32,1234,7,256,256,0.31563863158226013,0.5590530633926392,0.6969345808029175,0
synthetic,cluster_unit,4096,True,torch.float32,1234,7,1024,256,0.3738875985145569,0.8615880012512207,0.9909992814064026,0
synthetic,cluster_unit,4096,True,torch.float32,2345,0,64,256,0.5579769611358643,0.9609376192092896,1.138872742652893,0
synthetic,cluster_unit,4096,True,torch.float32,2345,0,256,256,0.4400079846382141,0.9766305685043335,1.12811279296875,0
synthetic,cluster_unit,4096,True,torch.float32,2345,0,1024,256,0.36139625310897827,1.0864812135696411,1.168034553527832,0
synthetic,cluster_unit,4096,True,torch.float32,2345,1,64,256,0.4981837272644043,0.8125981092453003,0.8911699652671814,0
synthetic,cluster_unit,4096,True,torch.float32,2345,1,256,256,0.3439851701259613,0.5459789037704468,0.6220630407333374,0
synthetic,cluster_unit,4096,True,torch.float32,2345,1,1024,256,0.22968173027038574,0.3126385807991028,0.3733466863632202,0
synthetic,cluster_unit,4096,True,torch.float32,2345,2,64,256,0.6181167960166931,1.2214125394821167,1.35136079788208,0
synthetic,cluster_unit,4096,True,torch.float32,2345,2,256,256,0.2916203439235687,0.5001816749572754,0.5529026985168457,0
synthetic,cluster_unit,4096,True,torch.float32,2345,2,1024,256,0.297872394323349,0.4944496154785156,0.6770461797714233,0
synthetic,cluster_unit,4096,True,torch.float32,2345,3,64,256,0.5781069397926331,0.9816946983337402,1.0385968685150146,0
synthetic,cluster_unit,4096,True,torch.float32,2345,3,256,256,0.3972920775413513,0.7997022271156311,0.9050998091697693,0
synthetic,cluster_unit,4096,True,torch.float32,2345,3,1024,256,0.25960099697113037,0.39874598383903503,0.49399301409721375,0
synthetic,cluster_unit,4096,True,torch.float32,2345,4,64,256,0.5132427215576172,0.9837167859077454,1.0968090295791626,0
synthetic,cluster_unit,4096,True,torch.float32,2345,4,256,256,0.4861481189727783,0.9824810028076172,1.1065483093261719,0
synthetic,cluster_unit,4096,True,torch.float32,2345,4,1024,256,0.31412428617477417,0.49830344319343567,0.5941637754440308,0
synthetic,cluster_unit,4096,True,torch.float32,2345,5,64,256,0.499611496925354,1.0632516145706177,1.286582350730896,0
synthetic,cluster_unit,4096,True,torch.float32,2345,5,256,256,0.36298561096191406,0.7579600811004639,0.8572355508804321,0
synthetic,cluster_unit,4096,True,torch.float32,2345,5,1024,256,0.29469209909439087,0.4493313431739807,0.5238250494003296,0
synthetic,cluster_unit,4096,True,torch.float32,2345,6,64,256,0.6462066173553467,1.0678339004516602,1.15726637840271,0
synthetic,cluster_unit,4096,True,torch.float32,2345,6,256,256,0.27282410860061646,0.44652825593948364,0.5961887836456299,0
synthetic,cluster_unit,4096,True,torch.float32,2345,6,1024,256,0.3434576690196991,0.8773312568664551,1.0791537761688232,0
synthetic,cluster_unit,4096,True,torch.float32,2345,7,64,256,0.43407344818115234,1.0944747924804688,1.232457160949707,0
synthetic,cluster_unit,4096,True,torch.float32,2345,7,256,256,0.2734910845756531,0.3838692307472229,0.411954402923584,0
synthetic,cluster_unit,4096,True,torch.float32,2345,7,1024,256,0.30419087409973145,0.46306660771369934,0.6446837782859802,0
synthetic,cluster_unit,4096,True,torch.float32,3456,0,64,256,0.45198842883110046,0.891353964805603,0.9490792155265808,0
synthetic,cluster_unit,4096,True,torch.float32,3456,0,256,256,0.3743650019168854,0.8615935444831848,1.125472068786621,0
synthetic,cluster_unit,4096,True,torch.float32,3456,0,1024,256,0.40689510107040405,0.9435470104217529,1.1584993600845337,0
synthetic,cluster_unit,4096,True,torch.float32,3456,1,64,256,0.6614936590194702,1.1868427991867065,1.3056265115737915,0
synthetic,cluster_unit,4096,True,torch.float32,3456,1,256,256,0.35203611850738525,0.8757059574127197,1.0554654598236084,0
synthetic,cluster_unit,4096,True,torch.float32,3456,1,1024,256,0.24989527463912964,0.5356347560882568,0.6922577619552612,0
synthetic,cluster_unit,4096,True,torch.float32,3456,2,64,256,0.37102317810058594,0.6649678945541382,0.8796724677085876,0
synthetic,cluster_unit,4096,True,torch.float32,3456,2,256,256,0.39057767391204834,0.9001599550247192,0.9956830143928528,0
synthetic,cluster_unit,4096,True,torch.float32,3456,2,1024,256,0.25846317410469055,0.4900857210159302,0.6844165921211243,0
synthetic,cluster_unit,4096,True,torch.float32,3456,3,64,256,0.56232750415802,0.9913028478622437,1.109075665473938,0
synthetic,cluster_unit,4096,True,torch.float32,3456,3,256,256,0.3619467318058014,1.0438114404678345,1.1962215900421143,0
synthetic,cluster_unit,4096,True,torch.float32,3456,3,1024,256,0.2340172529220581,0.3266568183898926,0.3900354504585266,0
synthetic,cluster_unit,4096,True,torch.float32,3456,4,64,256,0.7071006894111633,1.379946231842041,1.4943839311599731,0
synthetic,cluster_unit,4096,True,torch.float32,3456,4,256,256,0.2727663516998291,0.3798595368862152,0.49481573700904846,0
synthetic,cluster_unit,4096,True,torch.float32,3456,4,1024,256,0.3276975452899933,0.7123643159866333,0.8743709325790405,0
synthetic,cluster_unit,4096,True,torch.float32,3456,5,64,256,0.35783323645591736,0.6587575078010559,0.7274818420410156,0
synthetic,cluster_unit,4096,True,torch.float32,3456,5,256,256,0.4786680340766907,0.878911554813385,0.944479763507843,0
synthetic,cluster_unit,4096,True,torch.float32,3456,5,1024,256,0.2647876441478729,0.3679889440536499,0.43457043170928955,0
synthetic,cluster_unit,4096,True,torch.float32,3456,6,64,256,0.5467594861984253,1.3125007152557373,1.6803295612335205,0
synthetic,cluster_unit,4096,True,torch.float32,3456,6,256,256,0.45199304819107056,1.0001035928726196,1.158410668373108,0
synthetic,cluster_unit,4096,True,torch.float32,3456,6,1024,256,0.23400402069091797,0.3218207061290741,0.38935402035713196,0
synthetic,cluster_unit,4096,True,torch.float32,3456,7,64,256,0.4835966229438782,1.0628361701965332,1.1285521984100342,0
synthetic,cluster_unit,4096,True,torch.float32,3456,7,256,256,0.3365457057952881,0.6482837200164795,0.7281942963600159,0
synthetic,cluster_unit,4096,True,torch.float32,3456,7,1024,256,0.26270610094070435,0.479245126247406,0.5987100601196289,0
synthetic,local_global_easy,4096,False,torch.float16,1234,0,64,256,0.07220388948917389,0.08276451379060745,0.09042765200138092,0
synthetic,local_global_easy,4096,False,torch.float16,1234,0,256,256,0.03922640159726143,0.04442301765084267,0.04729502648115158,0
synthetic,local_global_easy,4096,False,torch.float16,1234,0,1024,256,0.01856500841677189,0.021719908341765404,0.02429354377090931,0
synthetic,local_global_easy,4096,False,torch.float16,1234,1,64,256,0.08633627742528915,0.10283569246530533,0.11906955391168594,0
synthetic,local_global_easy,4096,False,torch.float16,1234,1,256,256,0.041780710220336914,0.046924419701099396,0.0519164577126503,0
synthetic,local_global_easy,4096,False,torch.float16,1234,1,1024,256,0.02063795179128647,0.024442579597234726,0.03044046275317669,0
synthetic,local_global_easy,4096,False,torch.float16,1234,2,64,256,0.06103220582008362,0.06994562596082687,0.07529176771640778,0
synthetic,local_global_easy,4096,False,torch.float16,1234,2,256,256,0.03420008718967438,0.03915806859731674,0.04332849383354187,0
synthetic,local_global_easy,4096,False,torch.float16,1234,2,1024,256,0.016485027968883514,0.019237693399190903,0.020667342469096184,0
synthetic,local_global_easy,4096,False,torch.float16,1234,3,64,256,0.07064276188611984,0.08238887786865234,0.09635348618030548,0
synthetic,local_global_easy,4096,False,torch.float16,1234,3,256,256,0.03612618148326874,0.041662994772195816,0.05030323565006256,0
synthetic,local_global_easy,4096,False,torch.float16,1234,3,1024,256,0.020015042275190353,0.0233625415712595,0.02803650312125683,0
synthetic,local_global_easy,4096,False,torch.float16,1234,4,64,256,0.08054301142692566,0.09311062842607498,0.10304191708564758,0
synthetic,local_global_easy,4096,False,torch.float16,1234,4,256,256,0.03412824869155884,0.03920615464448929,0.05069243907928467,0
synthetic,local_global_easy,4096,False,torch.float16,1234,4,1024,256,0.019977103918790817,0.023100698366761208,0.024340160191059113,0
synthetic,local_global_easy,4096,False,torch.float16,1234,5,64,256,0.06733665615320206,0.07735960185527802,0.08459637314081192,0
synthetic,local_global_easy,4096,False,torch.float16,1234,5,256,256,0.031596310436725616,0.03727054223418236,0.039096660912036896,0
synthetic,local_global_easy,4096,False,torch.float16,1234,5,1024,256,0.017662758007645607,0.02059134654700756,0.023178549483418465,0
synthetic,local_global_easy,4096,False,torch.float16,1234,6,64,256,0.06501688063144684,0.07794614881277084,0.09675333648920059,0
synthetic,local_global_easy,4096,False,torch.float16,1234,6,256,256,0.031202472746372223,0.03610841557383537,0.03773287311196327,0
synthetic,local_global_easy,4096,False,torch.float16,1234,6,1024,256,0.017228053882718086,0.020751051604747772,0.02555103227496147,0
synthetic,local_global_easy,4096,False,torch.float16,1234,7,64,256,0.089426189661026,0.10068285465240479,0.1110544428229332,0
synthetic,local_global_easy,4096,False,torch.float16,1234,7,256,256,0.03772600367665291,0.04338487982749939,0.04967065900564194,0
synthetic,local_global_easy,4096,False,torch.float16,1234,7,1024,256,0.019461514428257942,0.02292005904018879,0.02672930806875229,0
synthetic,local_global_easy,4096,False,torch.float16,2345,0,64,256,0.07354111969470978,0.08402322232723236,0.08886111527681351,0
synthetic,local_global_easy,4096,False,torch.float16,2345,0,256,256,0.026653829962015152,0.030036065727472305,0.034750085324048996,0
synthetic,local_global_easy,4096,False,torch.float16,2345,0,1024,256,0.01573917642235756,0.018116066232323647,0.02044864185154438,0
synthetic,local_global_easy,4096,False,torch.float16,2345,1,64,256,0.07482384145259857,0.08505997806787491,0.09049287438392639,0
synthetic,local_global_easy,4096,False,torch.float16,2345,1,256,256,0.030920909717679024,0.03601865470409393,0.03970565274357796,0
synthetic,local_global_easy,4096,False,torch.float16,2345,1,1024,256,0.01786775514483452,0.020848747342824936,0.023895278573036194,0
synthetic,local_global_easy,4096,False,torch.float16,2345,2,64,256,0.09084758907556534,0.10391607135534286,0.11221113801002502,0
synthetic,local_global_easy,4096,False,torch.float16,2345,2,256,256,0.037754081189632416,0.04374774545431137,0.05105676129460335,0
synthetic,local_global_easy,4096,False,torch.float16,2345,2,1024,256,0.021381456404924393,0.025328557938337326,0.031971633434295654,0
synthetic,local_global_easy,4096,False,torch.float16,2345,3,64,256,0.09598103165626526,0.10554751753807068,0.11079061031341553,0
synthetic,local_global_easy,4096,False,torch.float16,2345,3,256,256,0.038069527596235275,0.043182238936424255,0.04575932398438454,0
synthetic,local_global_easy,4096,False,torch.float16,2345,3,1024,256,0.022206243127584457,0.02519633062183857,0.027963638305664062,0
synthetic,local_global_easy,4096,False,torch.float16,2345,4,64,256,0.07180123031139374,0.08358930796384811,0.09393490850925446,0
synthetic,local_global_easy,4096,False,torch.float16,2345,4,256,256,0.033928804099559784,0.039310604333877563,0.04628342390060425,0
synthetic,local_global_easy,4096,False,torch.float16,2345,4,1024,256,0.02126951329410076,0.02402256429195404,0.028061628341674805,0
synthetic,local_global_easy,4096,False,torch.float16,2345,5,64,256,0.062838613986969,0.07101484388113022,0.07668998837471008,0
synthetic,local_global_easy,4096,False,torch.float16,2345,5,256,256,0.026526842266321182,0.031221015378832817,0.035070229321718216,0
synthetic,local_global_easy,4096,False,torch.float16,2345,5,1024,256,0.018050171434879303,0.020108116790652275,0.021740371361374855,0
synthetic,local_global_easy,4096,False,torch.float16,2345,6,64,256,0.07262058556079865,0.08250507712364197,0.08874853700399399,0
synthetic,local_global_easy,4096,False,torch.float16,2345,6,256,256,0.028525877743959427,0.03273998200893402,0.03709818050265312,0
synthetic,local_global_easy,4096,False,torch.float16,2345,6,1024,256,0.01637859083712101,0.018948080018162727,0.02037707343697548,0
synthetic,local_global_easy,4096,False,torch.float16,2345,7,64,256,0.08208489418029785,0.09127213060855865,0.0979013741016388,0
synthetic,local_global_easy,4096,False,torch.float16,2345,7,256,256,0.03562212735414505,0.04219856113195419,0.0484563447535038,0
synthetic,local_global_easy,4096,False,torch.float16,2345,7,1024,256,0.02084304764866829,0.02350405976176262,0.024985963478684425,0
synthetic,local_global_easy,4096,False,torch.float16,3456,0,64,256,0.08410364389419556,0.09726335108280182,0.11134170740842819,0
synthetic,local_global_easy,4096,False,torch.float16,3456,0,256,256,0.03899440914392471,0.04345396161079407,0.047569695860147476,0
synthetic,local_global_easy,4096,False,torch.float16,3456,0,1024,256,0.018767669796943665,0.02198641747236252,0.02438972517848015,0
synthetic,local_global_easy,4096,False,torch.float16,3456,1,64,256,0.07677412033081055,0.08783847838640213,0.09922362864017487,0
synthetic,local_global_easy,4096,False,torch.float16,3456,1,256,256,0.039526261389255524,0.04515906423330307,0.04902985692024231,0
synthetic,local_global_easy,4096,False,torch.float16,3456,1,1024,256,0.019956938922405243,0.023085184395313263,0.025191590189933777,0
synthetic,local_global_easy,4096,False,torch.float16,3456,2,64,256,0.08214133977890015,0.09370739012956619,0.11114484071731567,0
synthetic,local_global_easy,4096,False,torch.float16,3456,2,256,256,0.03709138184785843,0.04144946113228798,0.04515017941594124,0
synthetic,local_global_easy,4096,False,torch.float16,3456,2,1024,256,0.022016916424036026,0.024814434349536896,0.02667366899549961,0
synthetic,local_global_easy,4096,False,torch.float16,3456,3,64,256,0.08703969419002533,0.09902366995811462,0.11147963255643845,0
synthetic,local_global_easy,4096,False,torch.float16,3456,3,256,256,0.04632643610239029,0.05161915719509125,0.052847497165203094,0
synthetic,local_global_easy,4096,False,torch.float16,3456,3,1024,256,0.022783182561397552,0.02689236029982567,0.029774481430649757,0
synthetic,local_global_easy,4096,False,torch.float16,3456,4,64,256,0.0679127424955368,0.0773516371846199,0.08478245884180069,0
synthetic,local_global_easy,4096,False,torch.float16,3456,4,256,256,0.03726810961961746,0.04224998876452446,0.04866461455821991,0
synthetic,local_global_easy,4096,False,torch.float16,3456,4,1024,256,0.018594319000840187,0.0209322739392519,0.022602872923016548,0
synthetic,local_global_easy,4096,False,torch.float16,3456,5,64,256,0.08924339711666107,0.10569299012422562,0.11799908429384232,0
synthetic,local_global_easy,4096,False,torch.float16,3456,5,256,256,0.03818267956376076,0.04288388043642044,0.04564981535077095,0
synthetic,local_global_easy,4096,False,torch.float16,3456,5,1024,256,0.022502506151795387,0.02544640377163887,0.029805777594447136,0
synthetic,local_global_easy,4096,False,torch.float16,3456,6,64,256,0.08067937195301056,0.09586074948310852,0.11571556329727173,0
synthetic,local_global_easy,4096,False,torch.float16,3456,6,256,256,0.04017585143446922,0.04383637756109238,0.04731824994087219,0
synthetic,local_global_easy,4096,False,torch.float16,3456,6,1024,256,0.02006850764155388,0.02240903116762638,0.023916874080896378,0
synthetic,local_global_easy,4096,False,torch.float16,3456,7,64,256,0.09345445036888123,0.10507971048355103,0.11378269642591476,0
synthetic,local_global_easy,4096,False,torch.float16,3456,7,256,256,0.049212731420993805,0.05495794117450714,0.05855044350028038,0
synthetic,local_global_easy,4096,False,torch.float16,3456,7,1024,256,0.023782530799508095,0.026352258399128914,0.0282440185546875,0
synthetic,local_global_easy,4096,False,torch.float32,1234,0,64,256,0.07220162451267242,0.08276376128196716,0.09042597562074661,0
synthetic,local_global_easy,4096,False,torch.float32,1234,0,256,256,0.03922504186630249,0.04442033916711807,0.047293197363615036,0
synthetic,local_global_easy,4096,False,torch.float32,1234,0,1024,256,0.018563058227300644,0.02171715535223484,0.024291738867759705,0
synthetic,local_global_easy,4096,False,torch.float32,1234,1,64,256,0.08633814752101898,0.10283464193344116,0.11906895041465759,0
synthetic,local_global_easy,4096,False,torch.float32,1234,1,256,256,0.0417824424803257,0.04692501574754715,0.05191813036799431,0
synthetic,local_global_easy,4096,False,torch.float32,1234,1,1024,256,0.0206389669328928,0.024444958195090294,0.030443470925092697,0
synthetic,local_global_easy,4096,False,torch.float32,1234,2,64,256,0.06103375926613808,0.06994745135307312,0.07529189437627792,0
synthetic,local_global_easy,4096,False,torch.float32,1234,2,256,256,0.03419940173625946,0.03915772587060928,0.04332774505019188,0
synthetic,local_global_easy,4096,False,torch.float32,1234,2,1024,256,0.016485095024108887,0.01923808641731739,0.02066776342689991,0
synthetic,local_global_easy,4096,False,torch.float32,1234,3,64,256,0.07063950598239899,0.08238384127616882,0.09634540975093842,0
synthetic,local_global_easy,4096,False,torch.float32,1234,3,256,256,0.03612712398171425,0.04166674613952637,0.0503055565059185,0
synthetic,local_global_easy,4096,False,torch.float32,1234,3,1024,256,0.020015191286802292,0.023362603038549423,0.02803613431751728,0
synthetic,local_global_easy,4096,False,torch.float32,1234,4,64,256,0.08053939789533615,0.09310543537139893,0.10304219275712967,0
synthetic,local_global_easy,4096,False,torch.float32,1234,4,256,256,0.0341276153922081,0.039205729961395264,0.05069039389491081,0
synthetic,local_global_easy,4096,False,torch.float32,1234,4,1024,256,0.019977126270532608,0.023101113736629486,0.02434048242866993,0
synthetic,local_global_easy,4096,False,torch.float32,1234,5,64,256,0.06733718514442444,0.07735900580883026,0.08459850400686264,0
synthetic,local_global_easy,4096,False,torch.float32,1234,5,256,256,0.031594082713127136,0.03726816177368164,0.03909653425216675,0
synthetic,local_global_easy,4096,False,torch.float32,1234,5,1024,256,0.017661679536104202,0.020590882748365402,0.02317732945084572,0
synthetic,local_global_easy,4096,False,torch.float32,1234,6,64,256,0.06501311808824539,0.07794129103422165,0.09673789143562317,0
synthetic,local_global_easy,4096,False,torch.float32,1234,6,256,256,0.031201940029859543,0.03610743582248688,0.03773070499300957,0
synthetic,local_global_easy,4096,False,torch.float32,1234,6,1024,256,0.017228398472070694,0.020750848576426506,0.02554977312684059,0
synthetic,local_global_easy,4096,False,torch.float32,1234,7,64,256,0.08941657096147537,0.10067125409841537,0.11104714125394821,0
synthetic,local_global_easy,4096,False,torch.float32,1234,7,256,256,0.03772365301847458,0.04338153451681137,0.04966867342591286,0
synthetic,local_global_easy,4096,False,torch.float32,1234,7,1024,256,0.019460005685687065,0.022918468341231346,0.026726767420768738,0
synthetic,local_global_easy,4096,False,torch.float32,2345,0,64,256,0.07353844493627548,0.0840202122926712,0.08885093033313751,0
synthetic,local_global_easy,4096,False,torch.float32,2345,0,256,256,0.02665427327156067,0.030036579817533493,0.034748680889606476,0
synthetic,local_global_easy,4096,False,torch.float32,2345,0,1024,256,0.015739772468805313,0.018116988241672516,0.020448463037610054,0
synthetic,local_global_easy,4096,False,torch.float32,2345,1,64,256,0.07482142001390457,0.08505813777446747,0.0904889702796936,0
synthetic,local_global_easy,4096,False,torch.float32,2345,1,256,256,0.030921079218387604,0.03601839020848274,0.039706211537122726,0
synthetic,local_global_easy,4096,False,torch.float32,2345,1,1024,256,0.017867807298898697,0.020848441869020462,0.023895878344774246,0
synthetic,local_global_easy,4096,False,torch.float32,2345,2,64,256,0.0908508449792862,0.1039121150970459,0.11221273243427277,0
synthetic,local_global_easy,4096,False,torch.float32,2345,2,256,256,0.03775444254279137,0.04374764859676361,0.05105709284543991,0
synthetic,local_global_easy,4096,False,torch.float32,2345,2,1024,256,0.021381188184022903,0.02532818168401718,0.031970854848623276,0
synthetic,local_global_easy,4096,False,torch.float32,2345,3,64,256,0.09598225355148315,0.10554812103509903,0.11079412698745728,0
synthetic,local_global_easy,4096,False,torch.float32,2345,3,256,256,0.038068704307079315,0.04317943751811981,0.04576031118631363,0
synthetic,local_global_easy,4096,False,torch.float32,2345,3,1024,256,0.022205855697393417,0.025196585804224014,0.02796287089586258,0
synthetic,local_global_easy,4096,False,torch.float32,2345,4,64,256,0.0717993900179863,0.08358930796384811,0.09393200278282166,0
synthetic,local_global_easy,4096,False,torch.float32,2345,4,256,256,0.03392675518989563,0.039309315383434296,0.046284276992082596,0
synthetic,local_global_easy,4096,False,torch.float32,2345,4,1024,256,0.02126794308423996,0.024021213874220848,0.028060942888259888,0
synthetic,local_global_easy,4096,False,torch.float32,2345,5,64,256,0.06284201145172119,0.07102009654045105,0.07669330388307571,0
synthetic,local_global_easy,4096,False,torch.float32,2345,5,256,256,0.02652784436941147,0.03121994435787201,0.035073522478342056,0
synthetic,local_global_easy,4096,False,torch.float32,2345,5,1024,256,0.01805076375603676,0.020108746364712715,0.021741369739174843,0
synthetic,local_global_easy,4096,False,torch.float32,2345,6,64,256,0.07261429727077484,0.08249768614768982,0.08873473852872849,0
synthetic,local_global_easy,4096,False,torch.float32,2345,6,256,256,0.028524305671453476,0.032737474888563156,0.03709731251001358,0
synthetic,local_global_easy,4096,False,torch.float32,2345,6,1024,256,0.016377948224544525,0.018947558477520943,0.020377349108457565,0
synthetic,local_global_easy,4096,False,torch.float32,2345,7,64,256,0.08208268880844116,0.09126833081245422,0.09789657592773438,0
synthetic,local_global_easy,4096,False,torch.float32,2345,7,256,256,0.03562143072485924,0.04219866544008255,0.04845761880278587,0
synthetic,local_global_easy,4096,False,torch.float32,2345,7,1024,256,0.020843401551246643,0.023504959419369698,0.024984171614050865,0
synthetic,local_global_easy,4096,False,torch.float32,3456,0,64,256,0.08410120010375977,0.09726016223430634,0.11133915185928345,0
synthetic,local_global_easy,4096,False,torch.float32,3456,0,256,256,0.03899373114109039,0.04345071315765381,0.04757125675678253,0
synthetic,local_global_easy,4096,False,torch.float32,3456,0,1024,256,0.018766403198242188,0.021983973681926727,0.024387581273913383,0
synthetic,local_global_easy,4096,False,torch.float32,3456,1,64,256,0.07677148282527924,0.0878441333770752,0.0992182269692421,0
synthetic,local_global_easy,4096,False,torch.float32,3456,1,256,256,0.03952184319496155,0.045156560838222504,0.04902300611138344,0
synthetic,local_global_easy,4096,False,torch.float32,3456,1,1024,256,0.019956832751631737,0.023084048181772232,0.025189734995365143,0
synthetic,local_global_easy,4096,False,torch.float32,3456,2,64,256,0.08213980495929718,0.09369980543851852,0.11113987863063812,0
synthetic,local_global_easy,4096,False,torch.float32,3456,2,256,256,0.03709069639444351,0.041448768228292465,0.045145850628614426,0
synthetic,local_global_easy,4096,False,torch.float32,3456,2,1024,256,0.022015370428562164,0.024812664836645126,0.02667260728776455,0
synthetic,local_global_easy,4096,False,torch.float32,3456,3,64,256,0.08704129606485367,0.09902968257665634,0.11148220300674438,0
synthetic,local_global_easy,4096,False,torch.float32,3456,3,256,256,0.046329014003276825,0.051620274782180786,0.05284945294260979,0
synthetic,local_global_easy,4096,False,torch.float32,3456,3,1024,256,0.022783752530813217,0.026892907917499542,0.029774775728583336,0
synthetic,local_global_easy,4096,False,torch.float32,3456,4,64,256,0.06791318953037262,0.07735038548707962,0.08478057384490967,0
synthetic,local_global_easy,4096,False,torch.float32,3456,4,256,256,0.037267185747623444,0.04224826395511627,0.048663701862096786,0
synthetic,local_global_easy,4096,False,torch.float32,3456,4,1024,256,0.01859450712800026,0.020932773128151894,0.022602807730436325,0
synthetic,local_global_easy,4096,False,torch.float32,3456,5,64,256,0.08924055099487305,0.1056925505399704,0.11800439655780792,0
synthetic,local_global_easy,4096,False,torch.float32,3456,5,256,256,0.038182683289051056,0.04288370907306671,0.04564985632896423,0
synthetic,local_global_easy,4096,False,torch.float32,3456,5,1024,256,0.02250104770064354,0.025444969534873962,0.029805313795804977,0
synthetic,local_global_easy,4096,False,torch.float32,3456,6,64,256,0.0806812047958374,0.09586241841316223,0.11571678519248962,0
synthetic,local_global_easy,4096,False,torch.float32,3456,6,256,256,0.04017537832260132,0.043836869299411774,0.04731610789895058,0
synthetic,local_global_easy,4096,False,torch.float32,3456,6,1024,256,0.020068055018782616,0.022409584373235703,0.023915506899356842,0
synthetic,local_global_easy,4096,False,torch.float32,3456,7,64,256,0.09345132112503052,0.1050778180360794,0.11378166824579239,0
synthetic,local_global_easy,4096,False,torch.float32,3456,7,256,256,0.0492127500474453,0.0549573116004467,0.058551203459501266,0
synthetic,local_global_easy,4096,False,torch.float32,3456,7,1024,256,0.023782746866345406,0.026351002976298332,0.02824264019727707,0
synthetic,local_global_easy,4096,True,torch.float16,1234,0,64,256,0.07991619408130646,0.10078181326389313,0.1811767816543579,0
synthetic,local_global_easy,4096,True,torch.float16,1234,0,256,256,0.03778303414583206,0.0480298213660717,0.06060343608260155,0
synthetic,local_global_easy,4096,True,torch.float16,1234,0,1024,256,0.019547823816537857,0.02404855005443096,0.029807116836309433,0
synthetic,local_global_easy,4096,True,torch.float16,1234,1,64,256,0.0812801718711853,0.10603384673595428,0.13506169617176056,0
synthetic,local_global_easy,4096,True,torch.float16,1234,1,256,256,0.035035766661167145,0.04299479350447655,0.04931115731596947,0
synthetic,local_global_easy,4096,True,torch.float16,1234,1,1024,256,0.020372141152620316,0.02583768591284752,0.03308236971497536,0
synthetic,local_global_easy,4096,True,torch.float16,1234,2,64,256,0.06382119655609131,0.08443349599838257,0.12108653038740158,0
synthetic,local_global_easy,4096,True,torch.float16,1234,2,256,256,0.031723491847515106,0.03960621356964111,0.044677574187517166,0
synthetic,local_global_easy,4096,True,torch.float16,1234,2,1024,256,0.01690901443362236,0.023995866999030113,0.031546853482723236,0
synthetic,local_global_easy,4096,True,torch.float16,1234,3,64,256,0.06878408789634705,0.08569592237472534,0.1276884526014328,0
synthetic,local_global_easy,4096,True,torch.float16,1234,3,256,256,0.030904510989785194,0.03980880230665207,0.0499795600771904,0
synthetic,local_global_easy,4096,True,torch.float16,1234,3,1024,256,0.01872788369655609,0.023901144042611122,0.03299093618988991,0
synthetic,local_global_easy,4096,True,torch.float16,1234,4,64,256,0.08117556571960449,0.10509088635444641,0.13873553276062012,0
synthetic,local_global_easy,4096,True,torch.float16,1234,4,256,256,0.03240108862519264,0.04181807115674019,0.04832790046930313,0
synthetic,local_global_easy,4096,True,torch.float16,1234,4,1024,256,0.018065137788653374,0.02262989617884159,0.03094925917685032,0
synthetic,local_global_easy,4096,True,torch.float16,1234,5,64,256,0.07413621991872787,0.09636522084474564,0.12793290615081787,0
synthetic,local_global_easy,4096,True,torch.float16,1234,5,256,256,0.03214801102876663,0.041051413863897324,0.051108382642269135,0
synthetic,local_global_easy,4096,True,torch.float16,1234,5,1024,256,0.018607130274176598,0.023681536316871643,0.032211221754550934,0
synthetic,local_global_easy,4096,True,torch.float16,1234,6,64,256,0.06976081430912018,0.09269610047340393,0.18474914133548737,0
synthetic,local_global_easy,4096,True,torch.float16,1234,6,256,256,0.03092772886157036,0.0381617546081543,0.04756356030702591,0
synthetic,local_global_easy,4096,True,torch.float16,1234,6,1024,256,0.018454071134328842,0.024930376559495926,0.03224151208996773,0
synthetic,local_global_easy,4096,True,torch.float16,1234,7,64,256,0.08037543296813965,0.09927578270435333,0.12189175188541412,0
synthetic,local_global_easy,4096,True,torch.float16,1234,7,256,256,0.031951360404491425,0.04283646121621132,0.04717087000608444,0
synthetic,local_global_easy,4096,True,torch.float16,1234,7,1024,256,0.01991107687354088,0.02451891079545021,0.02638191357254982,0
synthetic,local_global_easy,4096,True,torch.float16,2345,0,64,256,0.0743451714515686,0.09193799644708633,0.12528568506240845,0
synthetic,local_global_easy,4096,True,torch.float16,2345,0,256,256,0.0279085710644722,0.03450685739517212,0.041066884994506836,0
synthetic,local_global_easy,4096,True,torch.float16,2345,0,1024,256,0.017027312889695168,0.02203291840851307,0.023689448833465576,0
synthetic,local_global_easy,4096,True,torch.float16,2345,1,64,256,0.07327952980995178,0.09451675415039062,0.12214604020118713,0
synthetic,local_global_easy,4096,True,torch.float16,2345,1,256,256,0.030077721923589706,0.039318718016147614,0.04515658691525459,0
synthetic,local_global_easy,4096,True,torch.float16,2345,1,1024,256,0.01813981682062149,0.022717310115695,0.02503453940153122,0
synthetic,local_global_easy,4096,True,torch.float16,2345,2,64,256,0.07814977318048477,0.10212299227714539,0.11323890835046768,0
synthetic,local_global_easy,4096,True,torch.float16,2345,2,256,256,0.03466109558939934,0.04627219960093498,0.051219310611486435,0
synthetic,local_global_easy,4096,True,torch.float16,2345,2,1024,256,0.01845509745180607,0.02393188513815403,0.032196223735809326,0
synthetic,local_global_easy,4096,True,torch.float16,2345,3,64,256,0.0848526656627655,0.1053394079208374,0.1171010285615921,0
synthetic,local_global_easy,4096,True,torch.float16,2345,3,256,256,0.030823267996311188,0.041132356971502304,0.04483315348625183,0
synthetic,local_global_easy,4096,True,torch.float16,2345,3,1024,256,0.01732821762561798,0.023106666281819344,0.024842916056513786,0
synthetic,local_global_easy,4096,True,torch.float16,2345,4,64,256,0.07117559015750885,0.08949986100196838,0.12660890817642212,0
synthetic,local_global_easy,4096,True,torch.float16,2345,4,256,256,0.03158273547887802,0.03933655098080635,0.052610427141189575,0
synthetic,local_global_easy,4096,True,torch.float16,2345,4,1024,256,0.01948338933289051,0.02491873875260353,0.028203202411532402,0
synthetic,local_global_easy,4096,True,torch.float16,2345,5,64,256,0.06137321889400482,0.07555043697357178,0.12407014518976212,0
synthetic,local_global_easy,4096,True,torch.float16,2345,5,256,256,0.024794254451990128,0.031658489257097244,0.03883306309580803,0
synthetic,local_global_easy,4096,True,torch.float16,2345,5,1024,256,0.015672622248530388,0.020673656836152077,0.02289082482457161,0
synthetic,local_global_easy,4096,True,torch.float16,2345,6,64,256,0.07388362288475037,0.08871029317378998,0.1101798340678215,0
synthetic,local_global_easy,4096,True,torch.float16,2345,6,256,256,0.028743673115968704,0.0360596589744091,0.04188835620880127,0
synthetic,local_global_easy,4096,True,torch.float16,2345,6,1024,256,0.01603333279490471,0.020181138068437576,0.022289304062724113,0
synthetic,local_global_easy,4096,True,torch.float16,2345,7,64,256,0.07571445405483246,0.09349614381790161,0.10263610631227493,0
synthetic,local_global_easy,4096,True,torch.float16,2345,7,256,256,0.03045494109392166,0.03965224325656891,0.04482068493962288,0
synthetic,local_global_easy,4096,True,torch.float16,2345,7,1024,256,0.01864515244960785,0.02395743504166603,0.02761129103600979,0
synthetic,local_global_easy,4096,True,torch.float16,3456,0,64,256,0.07621327042579651,0.09760747849941254,0.13224224746227264,0
synthetic,local_global_easy,4096,True,torch.float16,3456,0,256,256,0.03981509432196617,0.05131259933114052,0.08084180951118469,0
synthetic,local_global_easy,4096,True,torch.float16,3456,0,1024,256,0.01884298399090767,0.02528250962495804,0.029731599614024162,0
synthetic,local_global_easy,4096,True,torch.float16,3456,1,64,256,0.07124440371990204,0.0897006019949913,0.107337586581707,0
synthetic,local_global_easy,4096,True,torch.float16,3456,1,256,256,0.03939468041062355,0.048474058508872986,0.061789289116859436,0
synthetic,local_global_easy,4096,True,torch.float16,3456,1,1024,256,0.019460130482912064,0.025713518261909485,0.028445642441511154,0
synthetic,local_global_easy,4096,True,torch.float16,3456,2,64,256,0.07315722852945328,0.09444359689950943,0.10656049847602844,0
synthetic,local_global_easy,4096,True,torch.float16,3456,2,256,256,0.03882019221782684,0.04636072367429733,0.058480069041252136,0
synthetic,local_global_easy,4096,True,torch.float16,3456,2,1024,256,0.02285531908273697,0.029682856053113937,0.035756904631853104,0
synthetic,local_global_easy,4096,True,torch.float16,3456,3,64,256,0.07539241015911102,0.10177351534366608,0.1150895357131958,0
synthetic,local_global_easy,4096,True,torch.float16,3456,3,256,256,0.04132339358329773,0.05261983349919319,0.06503529101610184,0
synthetic,local_global_easy,4096,True,torch.float16,3456,3,1024,256,0.02146371267735958,0.028437571600079536,0.03419727087020874,0
synthetic,local_global_easy,4096,True,torch.float16,3456,4,64,256,0.06915737688541412,0.08953016251325607,0.10723014175891876,0
synthetic,local_global_easy,4096,True,torch.float16,3456,4,256,256,0.040152329951524734,0.05245479196310043,0.07150065898895264,0
synthetic,local_global_easy,4096,True,torch.float16,3456,4,1024,256,0.021168645471334457,0.028777215629816055,0.034961652010679245,0
synthetic,local_global_easy,4096,True,torch.float16,3456,5,64,256,0.08490756154060364,0.10834826529026031,0.13935595750808716,0
synthetic,local_global_easy,4096,True,torch.float16,3456,5,256,256,0.040845610201358795,0.05001147836446762,0.07800919562578201,0
synthetic,local_global_easy,4096,True,torch.float16,3456,5,1024,256,0.022760342806577682,0.02901274524629116,0.03248149901628494,0
synthetic,local_global_easy,4096,True,torch.float16,3456,6,64,256,0.07848533987998962,0.10133654624223709,0.12941424548625946,0
synthetic,local_global_easy,4096,True,torch.float16,3456,6,256,256,0.03804898262023926,0.046826109290122986,0.055772777646780014,0
synthetic,local_global_easy,4096,True,torch.float16,3456,6,1024,256,0.019574645906686783,0.02348903752863407,0.026715047657489777,0
synthetic,local_global_easy,4096,True,torch.float16,3456,7,64,256,0.07252490520477295,0.10065105557441711,0.11435146629810333,0
synthetic,local_global_easy,4096,True,torch.float16,3456,7,256,256,0.03958045691251755,0.05286116525530815,0.07013796269893646,0
synthetic,local_global_easy,4096,True,torch.float16,3456,7,1024,256,0.02115791290998459,0.02664538100361824,0.029080769047141075,0
synthetic,local_global_easy,4096,True,torch.float32,1234,0,64,256,0.07991253584623337,0.10077642649412155,0.18117620050907135,0
synthetic,local_global_easy,4096,True,torch.float32,1234,0,256,256,0.03778155520558357,0.04802798479795456,0.06059969589114189,0
synthetic,local_global_easy,4096,True,torch.float32,1234,0,1024,256,0.01954660564661026,0.024046873673796654,0.029807014390826225,0
synthetic,local_global_easy,4096,True,torch.float32,1234,1,64,256,0.08127987384796143,0.10603150725364685,0.13504023849964142,0
synthetic,local_global_easy,4096,True,torch.float32,1234,1,256,256,0.03503751754760742,0.042998723685741425,0.04931173473596573,0
synthetic,local_global_easy,4096,True,torch.float32,1234,1,1024,256,0.020372455939650536,0.025840241461992264,0.0330812893807888,0
synthetic,local_global_easy,4096,True,torch.float32,1234,2,64,256,0.06382082402706146,0.08443623781204224,0.12110019475221634,0
synthetic,local_global_easy,4096,True,torch.float32,1234,2,256,256,0.03172282874584198,0.03960711136460304,0.04467828944325447,0
synthetic,local_global_easy,4096,True,torch.float32,1234,2,1024,256,0.01690952479839325,0.023995960131287575,0.03154681622982025,0
synthetic,local_global_easy,4096,True,torch.float32,1234,3,64,256,0.06878234446048737,0.08568640798330307,0.12767167389392853,0
synthetic,local_global_easy,4096,True,torch.float32,1234,3,256,256,0.03090498223900795,0.039809126406908035,0.04998117312788963,0
synthetic,local_global_easy,4096,True,torch.float32,1234,3,1024,256,0.018727578222751617,0.02390117757022381,0.03298775106668472,0
synthetic,local_global_easy,4096,True,torch.float32,1234,4,64,256,0.08117581903934479,0.10509596765041351,0.13874691724777222,0
synthetic,local_global_easy,4096,True,torch.float32,1234,4,256,256,0.03240159898996353,0.04181826859712601,0.04832884296774864,0
synthetic,local_global_easy,4096,True,torch.float32,1234,4,1024,256,0.01806534081697464,0.022631429135799408,0.030950389802455902,0
synthetic,local_global_easy,4096,True,torch.float32,1234,5,64,256,0.07413589954376221,0.0963641107082367,0.12793807685375214,0
synthetic,local_global_easy,4096,True,torch.float32,1234,5,256,256,0.03214658424258232,0.041052207350730896,0.0511045902967453,0
synthetic,local_global_easy,4096,True,torch.float32,1234,5,1024,256,0.01860659196972847,0.02368108183145523,0.032209765166044235,0
synthetic,local_global_easy,4096,True,torch.float32,1234,6,64,256,0.06975911557674408,0.09271625429391861,0.18471616506576538,0
synthetic,local_global_easy,4096,True,torch.float32,1234,6,256,256,0.030928270891308784,0.03816188499331474,0.047567956149578094,0
synthetic,local_global_easy,4096,True,torch.float32,1234,6,1024,256,0.01845432072877884,0.024928506463766098,0.032242123037576675,0
synthetic,local_global_easy,4096,True,torch.float32,1234,7,64,256,0.08037300407886505,0.09927955269813538,0.12185953557491302,0
synthetic,local_global_easy,4096,True,torch.float32,1234,7,256,256,0.03195153921842575,0.04283398017287254,0.04717392474412918,0
synthetic,local_global_easy,4096,True,torch.float32,1234,7,1024,256,0.019910506904125214,0.024517914280295372,0.026381995528936386,0
synthetic,local_global_easy,4096,True,torch.float32,2345,0,64,256,0.07434408366680145,0.09193405508995056,0.12528687715530396,0
synthetic,local_global_easy,4096,True,torch.float32,2345,0,256,256,0.02790963649749756,0.03450995683670044,0.04106809198856354,0
synthetic,local_global_easy,4096,True,torch.float32,2345,0,1024,256,0.01702861860394478,0.022035690024495125,0.023691916838288307,0
synthetic,local_global_easy,4096,True,torch.float32,2345,1,64,256,0.07327932119369507,0.09451958537101746,0.12214993685483932,0
synthetic,local_global_easy,4096,True,torch.float32,2345,1,256,256,0.030078373849391937,0.039316944777965546,0.04515799880027771,0
synthetic,local_global_easy,4096,True,torch.float32,2345,1,1024,256,0.018140379339456558,0.022718138992786407,0.025034945458173752,0
synthetic,local_global_easy,4096,True,torch.float32,2345,2,64,256,0.07815216481685638,0.10211978852748871,0.11323606222867966,0
synthetic,local_global_easy,4096,True,torch.float32,2345,2,256,256,0.034660808742046356,0.04627440124750137,0.051220014691352844,0
synthetic,local_global_easy,4096,True,torch.float32,2345,2,1024,256,0.018454845994710922,0.023931363597512245,0.03219599649310112,0
synthetic,local_global_easy,4096,True,torch.float32,2345,3,64,256,0.0848524421453476,0.10533531755208969,0.11710114032030106,0
synthetic,local_global_easy,4096,True,torch.float32,2345,3,256,256,0.03082326427102089,0.04113161936402321,0.04483160004019737,0
synthetic,local_global_easy,4096,True,torch.float32,2345,3,1024,256,0.017328456044197083,0.023105982691049576,0.024842068552970886,0
synthetic,local_global_easy,4096,True,torch.float32,2345,4,64,256,0.07117369771003723,0.0895015299320221,0.12660452723503113,0
synthetic,local_global_easy,4096,True,torch.float32,2345,4,256,256,0.031582146883010864,0.03933421149849892,0.05262414738535881,0
synthetic,local_global_easy,4096,True,torch.float32,2345,4,1024,256,0.01948266290128231,0.024918735027313232,0.028203144669532776,0
synthetic,local_global_easy,4096,True,torch.float32,2345,5,64,256,0.06137435510754585,0.07555181533098221,0.12408334761857986,0
synthetic,local_global_easy,4096,True,torch.float32,2345,5,256,256,0.024794649332761765,0.03165816515684128,0.03883206844329834,0
synthetic,local_global_easy,4096,True,torch.float32,2345,5,1024,256,0.015673480927944183,0.0206750500947237,0.022892041131854057,0
synthetic,local_global_easy,4096,True,torch.float32,2345,6,64,256,0.07388034462928772,0.08870682865381241,0.11018361151218414,0
synthetic,local_global_easy,4096,True,torch.float32,2345,6,256,256,0.028742339462041855,0.036058105528354645,0.041888266801834106,0
synthetic,local_global_easy,4096,True,torch.float32,2345,6,1024,256,0.016032874584197998,0.020180555060505867,0.022287826985120773,0
synthetic,local_global_easy,4096,True,torch.float32,2345,7,64,256,0.07571287453174591,0.09349845349788666,0.10262870043516159,0
synthetic,local_global_easy,4096,True,torch.float32,2345,7,256,256,0.030454739928245544,0.039651259779930115,0.04482143744826317,0
synthetic,local_global_easy,4096,True,torch.float32,2345,7,1024,256,0.018644900992512703,0.023957373574376106,0.02761138416826725,0
synthetic,local_global_easy,4096,True,torch.float32,3456,0,64,256,0.07621295005083084,0.09760703146457672,0.13223983347415924,0
synthetic,local_global_easy,4096,True,torch.float32,3456,0,256,256,0.03981581702828407,0.05131646990776062,0.08085108548402786,0
synthetic,local_global_easy,4096,True,torch.float32,3456,0,1024,256,0.018842827528715134,0.025283362716436386,0.029728563502430916,0
synthetic,local_global_easy,4096,True,torch.float32,3456,1,64,256,0.07124211639165878,0.08970075100660324,0.1073342114686966,0
synthetic,local_global_easy,4096,True,torch.float32,3456,1,256,256,0.039392054080963135,0.048470333218574524,0.061789676547050476,0
synthetic,local_global_easy,4096,True,torch.float32,3456,1,1024,256,0.019459694623947144,0.025713616982102394,0.028446299955248833,0
synthetic,local_global_easy,4096,True,torch.float32,3456,2,64,256,0.07315681874752045,0.09444116055965424,0.10655617713928223,0
synthetic,local_global_easy,4096,True,torch.float32,3456,2,256,256,0.038819242268800735,0.04635872691869736,0.05848078057169914,0
synthetic,local_global_easy,4096,True,torch.float32,3456,2,1024,256,0.02285364270210266,0.029680728912353516,0.03575386852025986,0
synthetic,local_global_easy,4096,True,torch.float32,3456,3,64,256,0.07539115846157074,0.10177101194858551,0.11509031802415848,0
synthetic,local_global_easy,4096,True,torch.float32,3456,3,256,256,0.04132326319813728,0.05261969938874245,0.06503824144601822,0
synthetic,local_global_easy,4096,True,torch.float32,3456,3,1024,256,0.021463442593812943,0.02843771129846573,0.034196414053440094,0
synthetic,local_global_easy,4096,True,torch.float32,3456,4,64,256,0.06915684044361115,0.0895274206995964,0.10721596330404282,0
synthetic,local_global_easy,4096,True,torch.float32,3456,4,256,256,0.0401509590446949,0.05245179310441017,0.07149845361709595,0
synthetic,local_global_easy,4096,True,torch.float32,3456,4,1024,256,0.021168630570173264,0.028775054961442947,0.03496425226330757,0
synthetic,local_global_easy,4096,True,torch.float32,3456,5,64,256,0.08490724116563797,0.10834687948226929,0.13936059176921844,0
synthetic,local_global_easy,4096,True,torch.float32,3456,5,256,256,0.04084576293826103,0.05001022294163704,0.07800544798374176,0
synthetic,local_global_easy,4096,True,torch.float32,3456,5,1024,256,0.02275981940329075,0.02901299297809601,0.032479871064424515,0
synthetic,local_global_easy,4096,True,torch.float32,3456,6,64,256,0.07848727703094482,0.10134293138980865,0.12941214442253113,0
synthetic,local_global_easy,4096,True,torch.float32,3456,6,256,256,0.03804808109998703,0.04682666435837746,0.055770307779312134,0
synthetic,local_global_easy,4096,True,torch.float32,3456,6,1024,256,0.019573979079723358,0.023488348349928856,0.026711996644735336,0
synthetic,local_global_easy,4096,True,torch.float32,3456,7,64,256,0.0725243091583252,0.10065549612045288,0.114350326359272,0
synthetic,local_global_easy,4096,True,torch.float32,3456,7,256,256,0.03958138823509216,0.05285874754190445,0.0701361745595932,0
synthetic,local_global_easy,4096,True,torch.float32,3456,7,1024,256,0.02115844003856182,0.0266457237303257,0.02908182144165039,0
synthetic,local_global_unit,4096,False,torch.float16,1234,0,64,256,0.9421125650405884,1.3011242151260376,1.499062418937683,0
synthetic,local_global_unit,4096,False,torch.float16,1234,0,256,256,0.8439429998397827,1.5230286121368408,1.8423773050308228,0
synthetic,local_global_unit,4096,False,torch.float16,1234,0,1024,256,0.6821913719177246,1.024653673171997,2.6183314323425293,0
synthetic,local_global_unit,4096,False,torch.float16,1234,1,64,256,0.9818987846374512,1.3709876537322998,2.0925052165985107,0
synthetic,local_global_unit,4096,False,torch.float16,1234,1,256,256,0.8121599555015564,1.2655079364776611,2.6426525115966797,0
synthetic,local_global_unit,4096,False,torch.float16,1234,1,1024,256,0.6922143697738647,0.9816017746925354,2.2879319190979004,0
synthetic,local_global_unit,4096,False,torch.float16,1234,2,64,256,0.8955772519111633,1.1574482917785645,2.188735008239746,0
synthetic,local_global_unit,4096,False,torch.float16,1234,2,256,256,0.7597042322158813,1.0894923210144043,1.8804055452346802,0
synthetic,local_global_unit,4096,False,torch.float16,1234,2,1024,256,0.7404811382293701,1.6708180904388428,3.256911277770996,0
synthetic,local_global_unit,4096,False,torch.float16,1234,3,64,256,0.8913819789886475,1.1216552257537842,1.5262413024902344,0
synthetic,local_global_unit,4096,False,torch.float16,1234,3,256,256,0.8292893767356873,1.1772351264953613,2.479592800140381,0
synthetic,local_global_unit,4096,False,torch.float16,1234,3,1024,256,0.7297840118408203,1.3087643384933472,3.2615838050842285,0
synthetic,local_global_unit,4096,False,torch.float16,1234,4,64,256,0.9693020582199097,1.4174784421920776,2.419823169708252,0
synthetic,local_global_unit,4096,False,torch.float16,1234,4,256,256,0.8253852725028992,1.608501672744751,2.045015335083008,0
synthetic,local_global_unit,4096,False,torch.float16,1234,4,1024,256,0.693585991859436,1.2095751762390137,2.5608675479888916,0
synthetic,local_global_unit,4096,False,torch.float16,1234,5,64,256,0.8843739628791809,1.1728410720825195,1.621978521347046,0
synthetic,local_global_unit,4096,False,torch.float16,1234,5,256,256,0.797852635383606,1.322906494140625,2.109487295150757,0
synthetic,local_global_unit,4096,False,torch.float16,1234,5,1024,256,0.6798471212387085,1.237224817276001,2.2874741554260254,0
synthetic,local_global_unit,4096,False,torch.float16,1234,6,64,256,0.9438084363937378,1.4119600057601929,2.123032331466675,0
synthetic,local_global_unit,4096,False,torch.float16,1234,6,256,256,0.7507174015045166,1.0088685750961304,2.3448898792266846,0
synthetic,local_global_unit,4096,False,torch.float16,1234,6,1024,256,0.7103701829910278,1.2837483882904053,2.6796703338623047,0
synthetic,local_global_unit,4096,False,torch.float16,1234,7,64,256,0.8914239406585693,1.1546635627746582,2.024735450744629,0
synthetic,local_global_unit,4096,False,torch.float16,1234,7,256,256,0.829444944858551,1.2557344436645508,2.1586081981658936,0
synthetic,local_global_unit,4096,False,torch.float16,1234,7,1024,256,0.656067967414856,0.9739860892295837,3.2971439361572266,0
synthetic,local_global_unit,4096,False,torch.float16,2345,0,64,256,0.8374060392379761,1.0297983884811401,1.2621437311172485,0
synthetic,local_global_unit,4096,False,torch.float16,2345,0,256,256,0.772193431854248,1.0797876119613647,1.6525133848190308,0
synthetic,local_global_unit,4096,False,torch.float16,2345,0,1024,256,0.6625368595123291,1.1322360038757324,1.7874882221221924,0
synthetic,local_global_unit,4096,False,torch.float16,2345,1,64,256,0.8668253421783447,1.1151869297027588,1.478820562362671,0
synthetic,local_global_unit,4096,False,torch.float16,2345,1,256,256,0.8010338544845581,1.1913597583770752,2.0300018787384033,0
synthetic,local_global_unit,4096,False,torch.float16,2345,1,1024,256,0.7089830636978149,1.024585485458374,2.22952938079834,0
synthetic,local_global_unit,4096,False,torch.float16,2345,2,64,256,0.8730013370513916,1.0762689113616943,1.4511264562606812,0
synthetic,local_global_unit,4096,False,torch.float16,2345,2,256,256,0.8300554156303406,1.2532099485397339,2.1780591011047363,0
synthetic,local_global_unit,4096,False,torch.float16,2345,2,1024,256,0.6738994717597961,1.245638132095337,2.090757131576538,0
synthetic,local_global_unit,4096,False,torch.float16,2345,3,64,256,0.8804324865341187,1.140517234802246,1.4698445796966553,0
synthetic,local_global_unit,4096,False,torch.float16,2345,3,256,256,0.8002910614013672,1.1766358613967896,2.4237327575683594,0
synthetic,local_global_unit,4096,False,torch.float16,2345,3,1024,256,0.6994022130966187,1.158837914466858,1.9734488725662231,0
synthetic,local_global_unit,4096,False,torch.float16,2345,4,64,256,0.8853316307067871,1.1071645021438599,1.6003371477127075,0
synthetic,local_global_unit,4096,False,torch.float16,2345,4,256,256,0.8475908041000366,1.4900429248809814,2.856842517852783,0
synthetic,local_global_unit,4096,False,torch.float16,2345,4,1024,256,0.6662135720252991,1.0138429403305054,1.7257593870162964,0
synthetic,local_global_unit,4096,False,torch.float16,2345,5,64,256,0.8379893898963928,1.079502820968628,1.209039568901062,0
synthetic,local_global_unit,4096,False,torch.float16,2345,5,256,256,0.7767723798751831,1.15147066116333,1.9042500257492065,0
synthetic,local_global_unit,4096,False,torch.float16,2345,5,1024,256,0.6329509019851685,0.9486947059631348,1.6325467824935913,0
synthetic,local_global_unit,4096,False,torch.float16,2345,6,64,256,0.8434340357780457,1.0126110315322876,1.1817477941513062,0
synthetic,local_global_unit,4096,False,torch.float16,2345,6,256,256,0.7768709063529968,1.1013215780258179,1.9478840827941895,0
synthetic,local_global_unit,4096,False,torch.float16,2345,6,1024,256,0.6678831577301025,1.1048173904418945,2.3862991333007812,0
synthetic,local_global_unit,4096,False,torch.float16,2345,7,64,256,0.9091897010803223,1.338921308517456,1.9375475645065308,0
synthetic,local_global_unit,4096,False,torch.float16,2345,7,256,256,0.8462711572647095,1.297576665878296,1.895887017250061,0
synthetic,local_global_unit,4096,False,torch.float16,2345,7,1024,256,0.6369802951812744,0.9580431580543518,1.6994723081588745,0
synthetic,local_global_unit,4096,False,torch.float16,3456,0,64,256,0.9131555557250977,1.1157773733139038,1.3393532037734985,0
synthetic,local_global_unit,4096,False,torch.float16,3456,0,256,256,0.830691933631897,1.1780486106872559,2.2161331176757812,0
synthetic,local_global_unit,4096,False,torch.float16,3456,0,1024,256,0.7913167476654053,1.4253290891647339,2.4018032550811768,0
synthetic,local_global_unit,4096,False,torch.float16,3456,1,64,256,0.9062955975532532,1.1742960214614868,1.5093592405319214,0
synthetic,local_global_unit,4096,False,torch.float16,3456,1,256,256,0.7979509830474854,1.112691879272461,2.0221123695373535,0
synthetic,local_global_unit,4096,False,torch.float16,3456,1,1024,256,0.8081391453742981,1.7444875240325928,2.3604238033294678,0
synthetic,local_global_unit,4096,False,torch.float16,3456,2,64,256,0.8528007864952087,1.0479298830032349,1.2842284440994263,0
synthetic,local_global_unit,4096,False,torch.float16,3456,2,256,256,0.7929283380508423,1.1331175565719604,1.6240425109863281,0
synthetic,local_global_unit,4096,False,torch.float16,3456,2,1024,256,0.7164600491523743,1.2137131690979004,2.41552734375,0
synthetic,local_global_unit,4096,False,torch.float16,3456,3,64,256,0.933066725730896,1.2466663122177124,1.500436544418335,0
synthetic,local_global_unit,4096,False,torch.float16,3456,3,256,256,0.7910171151161194,1.0664674043655396,2.0761966705322266,0
synthetic,local_global_unit,4096,False,torch.float16,3456,3,1024,256,0.7534030675888062,1.3259990215301514,2.688427686691284,0
synthetic,local_global_unit,4096,False,torch.float16,3456,4,64,256,0.8795888423919678,1.1187636852264404,1.4066976308822632,0
synthetic,local_global_unit,4096,False,torch.float16,3456,4,256,256,0.8461109399795532,1.4993196725845337,2.0254130363464355,0
synthetic,local_global_unit,4096,False,torch.float16,3456,4,1024,256,0.6787251234054565,0.9482970237731934,2.8561789989471436,0
synthetic,local_global_unit,4096,False,torch.float16,3456,5,64,256,0.8694655895233154,1.1282764673233032,1.4641789197921753,0
synthetic,local_global_unit,4096,False,torch.float16,3456,5,256,256,0.7417536973953247,0.9355883598327637,1.6372392177581787,0
synthetic,local_global_unit,4096,False,torch.float16,3456,5,1024,256,0.768965482711792,1.4696975946426392,2.3685033321380615,0
synthetic,local_global_unit,4096,False,torch.float16,3456,6,64,256,0.9849138259887695,1.4409009218215942,1.7036383152008057,0
synthetic,local_global_unit,4096,False,torch.float16,3456,6,256,256,0.7311641573905945,0.9375432729721069,2.2469475269317627,0
synthetic,local_global_unit,4096,False,torch.float16,3456,6,1024,256,0.7147787809371948,1.1922200918197632,2.3063313961029053,0
synthetic,local_global_unit,4096,False,torch.float16,3456,7,64,256,0.9020583629608154,1.1034115552902222,1.848246693611145,0
synthetic,local_global_unit,4096,False,torch.float16,3456,7,256,256,0.7960525751113892,1.0711281299591064,1.9887694120407104,0
synthetic,local_global_unit,4096,False,torch.float16,3456,7,1024,256,0.8219006061553955,1.5490732192993164,4.494681358337402,0
synthetic,local_global_unit,4096,False,torch.float32,1234,0,64,256,0.9420895576477051,1.3010177612304688,1.499021291732788,0
synthetic,local_global_unit,4096,False,torch.float32,1234,0,256,256,0.8439541459083557,1.522955060005188,1.8424382209777832,0
synthetic,local_global_unit,4096,False,torch.float32,1234,0,1024,256,0.6821796894073486,1.024718999862671,2.618561267852783,0
synthetic,local_global_unit,4096,False,torch.float32,1234,1,64,256,0.9819047451019287,1.3709006309509277,2.092475414276123,0
synthetic,local_global_unit,4096,False,torch.float32,1234,1,256,256,0.8121699094772339,1.265903115272522,2.6426334381103516,0
synthetic,local_global_unit,4096,False,torch.float32,1234,1,1024,256,0.6922162175178528,0.9819338917732239,2.2876193523406982,0
synthetic,local_global_unit,4096,False,torch.float32,1234,2,64,256,0.8955710530281067,1.1574862003326416,2.189584255218506,0
synthetic,local_global_unit,4096,False,torch.float32,1234,2,256,256,0.7597074508666992,1.0894476175308228,1.880497932434082,0
synthetic,local_global_unit,4096,False,torch.float32,1234,2,1024,256,0.7404955625534058,1.671204686164856,3.257382869720459,0
synthetic,local_global_unit,4096,False,torch.float32,1234,3,64,256,0.8913798332214355,1.1217052936553955,1.5264068841934204,0
synthetic,local_global_unit,4096,False,torch.float32,1234,3,256,256,0.8292773962020874,1.177499532699585,2.4795124530792236,0
synthetic,local_global_unit,4096,False,torch.float32,1234,3,1024,256,0.7297688722610474,1.3089587688446045,3.2614619731903076,0
synthetic,local_global_unit,4096,False,torch.float32,1234,4,64,256,0.9693166613578796,1.4174048900604248,2.4196701049804688,0
synthetic,local_global_unit,4096,False,torch.float32,1234,4,256,256,0.8253685832023621,1.608339786529541,2.0451691150665283,0
synthetic,local_global_unit,4096,False,torch.float32,1234,4,1024,256,0.693567156791687,1.2094677686691284,2.5608439445495605,0
synthetic,local_global_unit,4096,False,torch.float32,1234,5,64,256,0.884365439414978,1.1725175380706787,1.6221239566802979,0
synthetic,local_global_unit,4096,False,torch.float32,1234,5,256,256,0.7978522777557373,1.3229379653930664,2.109285593032837,0
synthetic,local_global_unit,4096,False,torch.float32,1234,5,1024,256,0.6798282861709595,1.2372889518737793,2.287271499633789,0
synthetic,local_global_unit,4096,False,torch.float32,1234,6,64,256,0.9438058733940125,1.4121556282043457,2.123438596725464,0
synthetic,local_global_unit,4096,False,torch.float32,1234,6,256,256,0.7507160902023315,1.0086179971694946,2.3453474044799805,0
synthetic,local_global_unit,4096,False,torch.float32,1234,6,1024,256,0.7103782296180725,1.2834285497665405,2.6801416873931885,0
synthetic,local_global_unit,4096,False,torch.float32,1234,7,64,256,0.8914099931716919,1.1546070575714111,2.024540662765503,0
synthetic,local_global_unit,4096,False,torch.float32,1234,7,256,256,0.8294426202774048,1.2558447122573853,2.1580004692077637,0
synthetic,local_global_unit,4096,False,torch.float32,1234,7,1024,256,0.6560589075088501,0.9738119840621948,3.297393798828125,0
synthetic,local_global_unit,4096,False,torch.float32,2345,0,64,256,0.8374065160751343,1.029782772064209,1.2622315883636475,0
synthetic,local_global_unit,4096,False,torch.float32,2345,0,256,256,0.7721899747848511,1.0796302556991577,1.652496337890625,0
synthetic,local_global_unit,4096,False,torch.float32,2345,0,1024,256,0.6625385284423828,1.1323891878128052,1.7876468896865845,0
synthetic,local_global_unit,4096,False,torch.float32,2345,1,64,256,0.8668137788772583,1.1151082515716553,1.4789801836013794,0
synthetic,local_global_unit,4096,False,torch.float32,2345,1,256,256,0.8010435104370117,1.1916857957839966,2.030367374420166,0
synthetic,local_global_unit,4096,False,torch.float32,2345,1,1024,256,0.7089647054672241,1.024753451347351,2.2291862964630127,0
synthetic,local_global_unit,4096,False,torch.float32,2345,2,64,256,0.8729912042617798,1.0762386322021484,1.4511656761169434,0
synthetic,local_global_unit,4096,False,torch.float32,2345,2,256,256,0.8300489187240601,1.2533342838287354,2.1783740520477295,0
synthetic,local_global_unit,4096,False,torch.float32,2345,2,1024,256,0.6738986968994141,1.2456756830215454,2.091097593307495,0
synthetic,local_global_unit,4096,False,torch.float32,2345,3,64,256,0.8804436922073364,1.1406333446502686,1.4700947999954224,0
synthetic,local_global_unit,4096,False,torch.float32,2345,3,256,256,0.8002955913543701,1.176656723022461,2.4238650798797607,0
synthetic,local_global_unit,4096,False,torch.float32,2345,3,1024,256,0.6994019746780396,1.1587620973587036,1.9737162590026855,0
synthetic,local_global_unit,4096,False,torch.float32,2345,4,64,256,0.8853192925453186,1.107058048248291,1.600525975227356,0
synthetic,local_global_unit,4096,False,torch.float32,2345,4,256,256,0.8475805521011353,1.4900014400482178,2.856541395187378,0
synthetic,local_global_unit,4096,False,torch.float32,2345,4,1024,256,0.6662073731422424,1.0136643648147583,1.7257184982299805,0
synthetic,local_global_unit,4096,False,torch.float32,2345,5,64,256,0.837981104850769,1.079564094543457,1.2090195417404175,0
synthetic,local_global_unit,4096,False,torch.float32,2345,5,256,256,0.7767728567123413,1.1515129804611206,1.9043320417404175,0
synthetic,local_global_unit,4096,False,torch.float32,2345,5,1024,256,0.6329654455184937,0.9486315250396729,1.632478952407837,0
synthetic,local_global_unit,4096,False,torch.float32,2345,6,64,256,0.8434270620346069,1.0126373767852783,1.181795597076416,0
synthetic,local_global_unit,4096,False,torch.float32,2345,6,256,256,0.7768703103065491,1.1013691425323486,1.9477834701538086,0
synthetic,local_global_unit,4096,False,torch.float32,2345,6,1024,256,0.6678832173347473,1.104426383972168,2.3861939907073975,0
synthetic,local_global_unit,4096,False,torch.float32,2345,7,64,256,0.9091941118240356,1.3389959335327148,1.9378958940505981,0
synthetic,local_global_unit,4096,False,torch.float32,2345,7,256,256,0.84626704454422,1.2979412078857422,1.8960446119308472,0
synthetic,local_global_unit,4096,False,torch.float32,2345,7,1024,256,0.6369726061820984,0.957973837852478,1.6994647979736328,0
synthetic,local_global_unit,4096,False,torch.float32,3456,0,64,256,0.9131678342819214,1.1156504154205322,1.3393765687942505,0
synthetic,local_global_unit,4096,False,torch.float32,3456,0,256,256,0.8306847810745239,1.1783244609832764,2.2159502506256104,0
synthetic,local_global_unit,4096,False,torch.float32,3456,0,1024,256,0.791325032711029,1.4255919456481934,2.4020607471466064,0
synthetic,local_global_unit,4096,False,torch.float32,3456,1,64,256,0.9063087105751038,1.1744344234466553,1.5093786716461182,0
synthetic,local_global_unit,4096,False,torch.float32,3456,1,256,256,0.7979438304901123,1.1124427318572998,2.0224385261535645,0
synthetic,local_global_unit,4096,False,torch.float32,3456,1,1024,256,0.8081333637237549,1.7446378469467163,2.360119581222534,0
synthetic,local_global_unit,4096,False,torch.float32,3456,2,64,256,0.8527910709381104,1.0478912591934204,1.2840813398361206,0
synthetic,local_global_unit,4096,False,torch.float32,3456,2,256,256,0.792922854423523,1.1332746744155884,1.6234816312789917,0
synthetic,local_global_unit,4096,False,torch.float32,3456,2,1024,256,0.7164511680603027,1.2138680219650269,2.415800094604492,0
synthetic,local_global_unit,4096,False,torch.float32,3456,3,64,256,0.9330803155899048,1.2469172477722168,1.5001940727233887,0
synthetic,local_global_unit,4096,False,torch.float32,3456,3,256,256,0.7910188436508179,1.066335678100586,2.0763652324676514,0
synthetic,local_global_unit,4096,False,torch.float32,3456,3,1024,256,0.7533918619155884,1.3259118795394897,2.688364267349243,0
synthetic,local_global_unit,4096,False,torch.float32,3456,4,64,256,0.8795928359031677,1.1187125444412231,1.4065333604812622,0
synthetic,local_global_unit,4096,False,torch.float32,3456,4,256,256,0.8461371660232544,1.4993858337402344,2.0257434844970703,0
synthetic,local_global_unit,4096,False,torch.float32,3456,4,1024,256,0.6787209510803223,0.9481935501098633,2.8562424182891846,0
synthetic,local_global_unit,4096,False,torch.float32,3456,5,64,256,0.8694720268249512,1.1280922889709473,1.4643739461898804,0
synthetic,local_global_unit,4096,False,torch.float32,3456,5,256,256,0.7417501211166382,0.935417890548706,1.6368932723999023,0
synthetic,local_global_unit,4096,False,torch.float32,3456,5,1024,256,0.7689858078956604,1.470115065574646,2.369263172149658,0
synthetic,local_global_unit,4096,False,torch.float32,3456,6,64,256,0.9849358797073364,1.440863013267517,1.7037931680679321,0
synthetic,local_global_unit,4096,False,torch.float32,3456,6,256,256,0.731164813041687,0.937445878982544,2.247396469116211,0
synthetic,local_global_unit,4096,False,torch.float32,3456,6,1024,256,0.7147723436355591,1.1922212839126587,2.3067495822906494,0
synthetic,local_global_unit,4096,False,torch.float32,3456,7,64,256,0.902072012424469,1.1034613847732544,1.8486363887786865,0
synthetic,local_global_unit,4096,False,torch.float32,3456,7,256,256,0.7960606217384338,1.070955753326416,1.989250898361206,0
synthetic,local_global_unit,4096,False,torch.float32,3456,7,1024,256,0.8218926787376404,1.5487375259399414,4.49506950378418,0
synthetic,local_global_unit,4096,True,torch.float16,1234,0,64,256,0.8689827919006348,1.3111796379089355,1.645036220550537,0
synthetic,local_global_unit,4096,True,torch.float16,1234,0,256,256,0.7517791390419006,1.4473750591278076,2.3317489624023438,0
synthetic,local_global_unit,4096,True,torch.float16,1234,0,1024,256,0.5708634853363037,0.8562266230583191,2.8041117191314697,0
synthetic,local_global_unit,4096,True,torch.float16,1234,1,64,256,0.8507055044174194,1.2241716384887695,1.8134958744049072,0
synthetic,local_global_unit,4096,True,torch.float16,1234,1,256,256,0.7008874416351318,0.9834921360015869,2.5479471683502197,0
synthetic,local_global_unit,4096,True,torch.float16,1234,1,1024,256,0.5973721742630005,0.889430820941925,2.678011655807495,0
synthetic,local_global_unit,4096,True,torch.float16,1234,2,64,256,0.815169632434845,1.1595439910888672,1.4330271482467651,0
synthetic,local_global_unit,4096,True,torch.float16,1234,2,256,256,0.6747274398803711,0.9458612203598022,2.573282480239868,0
synthetic,local_global_unit,4096,True,torch.float16,1234,2,1024,256,0.6195449829101562,1.0507967472076416,2.871899366378784,0
synthetic,local_global_unit,4096,True,torch.float16,1234,3,64,256,0.8192281126976013,1.181540608406067,1.7582461833953857,0
synthetic,local_global_unit,4096,True,torch.float16,1234,3,256,256,0.7109535932540894,1.020806074142456,2.3053219318389893,0
synthetic,local_global_unit,4096,True,torch.float16,1234,3,1024,256,0.599811851978302,0.9768504500389099,1.9380823373794556,0
synthetic,local_global_unit,4096,True,torch.float16,1234,4,64,256,0.8588525652885437,1.2333238124847412,3.0107996463775635,0
synthetic,local_global_unit,4096,True,torch.float16,1234,4,256,256,0.7294638752937317,1.452106237411499,2.145562171936035,0
synthetic,local_global_unit,4096,True,torch.float16,1234,4,1024,256,0.5926201343536377,0.9041915535926819,3.4295825958251953,0
synthetic,local_global_unit,4096,True,torch.float16,1234,5,64,256,0.8082274198532104,1.1906466484069824,1.5902506113052368,0
synthetic,local_global_unit,4096,True,torch.float16,1234,5,256,256,0.7181321978569031,1.1540230512619019,2.6403467655181885,0
synthetic,local_global_unit,4096,True,torch.float16,1234,5,1024,256,0.5913186073303223,0.9221321940422058,2.9380123615264893,0
synthetic,local_global_unit,4096,True,torch.float16,1234,6,64,256,0.8412742614746094,1.2462923526763916,2.1596527099609375,0
synthetic,local_global_unit,4096,True,torch.float16,1234,6,256,256,0.6598851680755615,0.9520058631896973,1.652000904083252,0
synthetic,local_global_unit,4096,True,torch.float16,1234,6,1024,256,0.6099483370780945,0.9281919598579407,2.9168941974639893,0
synthetic,local_global_unit,4096,True,torch.float16,1234,7,64,256,0.7825222015380859,1.1102581024169922,1.2816698551177979,0
synthetic,local_global_unit,4096,True,torch.float16,1234,7,256,256,0.7242090106010437,1.0780842304229736,2.5865213871002197,0
synthetic,local_global_unit,4096,True,torch.float16,1234,7,1024,256,0.5388128161430359,0.8399302959442139,2.428373098373413,0
synthetic,local_global_unit,4096,True,torch.float16,2345,0,64,256,0.8025187253952026,1.0418291091918945,1.3902027606964111,0
synthetic,local_global_unit,4096,True,torch.float16,2345,0,256,256,0.6944926977157593,1.0394988059997559,1.7364460229873657,0
synthetic,local_global_unit,4096,True,torch.float16,2345,0,1024,256,0.589286744594574,0.9592752456665039,1.5355170965194702,0
synthetic,local_global_unit,4096,True,torch.float16,2345,1,64,256,0.8090276122093201,1.095079779624939,1.4371799230575562,0
synthetic,local_global_unit,4096,True,torch.float16,2345,1,256,256,0.7018373012542725,1.038794994354248,2.325922966003418,0
synthetic,local_global_unit,4096,True,torch.float16,2345,1,1024,256,0.6361019015312195,1.0901892185211182,1.6103441715240479,0
synthetic,local_global_unit,4096,True,torch.float16,2345,2,64,256,0.8148205280303955,1.148099422454834,1.38543701171875,0
synthetic,local_global_unit,4096,True,torch.float16,2345,2,256,256,0.743989884853363,1.1391360759735107,2.523956060409546,0
synthetic,local_global_unit,4096,True,torch.float16,2345,2,1024,256,0.6055147647857666,1.240661382675171,2.190997362136841,0
synthetic,local_global_unit,4096,True,torch.float16,2345,3,64,256,0.8218148946762085,1.0483969449996948,1.3503732681274414,0
synthetic,local_global_unit,4096,True,torch.float16,2345,3,256,256,0.6816861033439636,0.9749923944473267,2.2782015800476074,0
synthetic,local_global_unit,4096,True,torch.float16,2345,3,1024,256,0.6301529407501221,1.077560544013977,1.5478975772857666,0
synthetic,local_global_unit,4096,True,torch.float16,2345,4,64,256,0.8097729682922363,1.079993724822998,1.4343533515930176,0
synthetic,local_global_unit,4096,True,torch.float16,2345,4,256,256,0.7589364647865295,1.2211264371871948,3.0499558448791504,0
synthetic,local_global_unit,4096,True,torch.float16,2345,4,1024,256,0.5889816880226135,0.9944506883621216,1.7844080924987793,0
synthetic,local_global_unit,4096,True,torch.float16,2345,5,64,256,0.777694821357727,1.0331088304519653,1.4083515405654907,0
synthetic,local_global_unit,4096,True,torch.float16,2345,5,256,256,0.6582818627357483,0.9799865484237671,2.0727553367614746,0
synthetic,local_global_unit,4096,True,torch.float16,2345,5,1024,256,0.5792860984802246,0.850182831287384,1.923075795173645,0
synthetic,local_global_unit,4096,True,torch.float16,2345,6,64,256,0.8051801919937134,1.0239688158035278,1.187720537185669,0
synthetic,local_global_unit,4096,True,torch.float16,2345,6,256,256,0.6805335283279419,1.025364875793457,2.0707132816314697,0
synthetic,local_global_unit,4096,True,torch.float16,2345,6,1024,256,0.596634566783905,0.9059084057807922,1.5810050964355469,0
synthetic,local_global_unit,4096,True,torch.float16,2345,7,64,256,0.8212466835975647,1.1809020042419434,1.6552009582519531,0
synthetic,local_global_unit,4096,True,torch.float16,2345,7,256,256,0.7448194622993469,1.1082671880722046,2.5410003662109375,0
synthetic,local_global_unit,4096,True,torch.float16,2345,7,1024,256,0.578690767288208,0.8762597441673279,1.2714673280715942,0
synthetic,local_global_unit,4096,True,torch.float16,3456,0,64,256,0.8443934321403503,1.133674144744873,1.3201287984848022,0
synthetic,local_global_unit,4096,True,torch.float16,3456,0,256,256,0.7526967525482178,1.1913788318634033,2.0537352561950684,0
synthetic,local_global_unit,4096,True,torch.float16,3456,0,1024,256,0.7062338590621948,1.2495174407958984,2.214226484298706,0
synthetic,local_global_unit,4096,True,torch.float16,3456,1,64,256,0.8314715027809143,1.1910953521728516,1.610283613204956,0
synthetic,local_global_unit,4096,True,torch.float16,3456,1,256,256,0.7110729217529297,1.011868953704834,2.496680736541748,0
synthetic,local_global_unit,4096,True,torch.float16,3456,1,1024,256,0.7011604905128479,1.5070186853408813,2.557543992996216,0
synthetic,local_global_unit,4096,True,torch.float16,3456,2,64,256,0.7834312915802002,1.0866397619247437,1.3267637491226196,0
synthetic,local_global_unit,4096,True,torch.float16,3456,2,256,256,0.7184375524520874,0.9886652231216431,2.3710501194000244,0
synthetic,local_global_unit,4096,True,torch.float16,3456,2,1024,256,0.6322262287139893,1.0749857425689697,1.5704634189605713,0
synthetic,local_global_unit,4096,True,torch.float16,3456,3,64,256,0.8458346128463745,1.2291144132614136,1.4811147451400757,0
synthetic,local_global_unit,4096,True,torch.float16,3456,3,256,256,0.7380014657974243,1.1526129245758057,2.7402970790863037,0
synthetic,local_global_unit,4096,True,torch.float16,3456,3,1024,256,0.6774001121520996,1.2336111068725586,2.3719160556793213,0
synthetic,local_global_unit,4096,True,torch.float16,3456,4,64,256,0.8091666102409363,1.1511298418045044,1.3356603384017944,0
synthetic,local_global_unit,4096,True,torch.float16,3456,4,256,256,0.765819787979126,1.3579552173614502,2.8754966259002686,0
synthetic,local_global_unit,4096,True,torch.float16,3456,4,1024,256,0.6183950901031494,1.0052039623260498,1.8417059183120728,0
synthetic,local_global_unit,4096,True,torch.float16,3456,5,64,256,0.8200848698616028,1.0833690166473389,1.6876152753829956,0
synthetic,local_global_unit,4096,True,torch.float16,3456,5,256,256,0.6803863048553467,0.9324743747711182,2.040637254714966,0
synthetic,local_global_unit,4096,True,torch.float16,3456,5,1024,256,0.6831098794937134,1.2834447622299194,3.0128471851348877,0
synthetic,local_global_unit,4096,True,torch.float16,3456,6,64,256,0.853874146938324,1.4730796813964844,1.8351702690124512,0
synthetic,local_global_unit,4096,True,torch.float16,3456,6,256,256,0.6779870390892029,0.9027148485183716,2.5509984493255615,0
synthetic,local_global_unit,4096,True,torch.float16,3456,6,1024,256,0.6454675197601318,1.1295439004898071,2.122596502304077,0
synthetic,local_global_unit,4096,True,torch.float16,3456,7,64,256,0.8201510906219482,1.101737380027771,1.8718616962432861,0
synthetic,local_global_unit,4096,True,torch.float16,3456,7,256,256,0.7198899984359741,1.087876319885254,2.989567995071411,0
synthetic,local_global_unit,4096,True,torch.float16,3456,7,1024,256,0.7252777814865112,1.3968678712844849,3.768991231918335,0
synthetic,local_global_unit,4096,True,torch.float32,1234,0,64,256,0.8689618706703186,1.3110361099243164,1.6448310613632202,0
synthetic,local_global_unit,4096,True,torch.float32,1234,0,256,256,0.7517925500869751,1.447214961051941,2.3317718505859375,0
synthetic,local_global_unit,4096,True,torch.float32,1234,0,1024,256,0.570852518081665,0.8562508821487427,2.8043131828308105,0
synthetic,local_global_unit,4096,True,torch.float32,1234,1,64,256,0.850705623626709,1.224256992340088,1.8136578798294067,0
synthetic,local_global_unit,4096,True,torch.float32,1234,1,256,256,0.7008943557739258,0.9837781190872192,2.547502040863037,0
synthetic,local_global_unit,4096,True,torch.float32,1234,1,1024,256,0.5973679423332214,0.8894449472427368,2.677191972732544,0
synthetic,local_global_unit,4096,True,torch.float32,1234,2,64,256,0.8151749968528748,1.1595981121063232,1.4329479932785034,0
synthetic,local_global_unit,4096,True,torch.float32,1234,2,256,256,0.6747339367866516,0.9458338022232056,2.5731542110443115,0
synthetic,local_global_unit,4096,True,torch.float32,1234,2,1024,256,0.6195658445358276,1.050637125968933,2.873143196105957,0
synthetic,local_global_unit,4096,True,torch.float32,1234,3,64,256,0.8192309737205505,1.1813805103302002,1.7586020231246948,0
synthetic,local_global_unit,4096,True,torch.float32,1234,3,256,256,0.7109483480453491,1.0208511352539062,2.3061094284057617,0
synthetic,local_global_unit,4096,True,torch.float32,1234,3,1024,256,0.5997976660728455,0.9767569303512573,1.9380013942718506,0
synthetic,local_global_unit,4096,True,torch.float32,1234,4,64,256,0.8588550090789795,1.2332795858383179,3.0107550621032715,0
synthetic,local_global_unit,4096,True,torch.float32,1234,4,256,256,0.7294561862945557,1.4519354104995728,2.1451737880706787,0
synthetic,local_global_unit,4096,True,torch.float32,1234,4,1024,256,0.5926215648651123,0.9041054844856262,3.429690361022949,0
synthetic,local_global_unit,4096,True,torch.float32,1234,5,64,256,0.8082140684127808,1.1906006336212158,1.5902186632156372,0
synthetic,local_global_unit,4096,True,torch.float32,1234,5,256,256,0.7181292772293091,1.1538920402526855,2.6405417919158936,0
synthetic,local_global_unit,4096,True,torch.float32,1234,5,1024,256,0.5913021564483643,0.9220691919326782,2.938035011291504,0
synthetic,local_global_unit,4096,True,torch.float32,1234,6,64,256,0.8412734866142273,1.24617600440979,2.159790277481079,0
synthetic,local_global_unit,4096,True,torch.float32,1234,6,256,256,0.6598964333534241,0.9520748853683472,1.652328372001648,0
synthetic,local_global_unit,4096,True,torch.float32,1234,6,1024,256,0.6099566221237183,0.9283170104026794,2.9174890518188477,0
synthetic,local_global_unit,4096,True,torch.float32,1234,7,64,256,0.7825146317481995,1.1104720830917358,1.2814915180206299,0
synthetic,local_global_unit,4096,True,torch.float32,1234,7,256,256,0.724205493927002,1.0780643224716187,2.586047649383545,0
synthetic,local_global_unit,4096,True,torch.float32,1234,7,1024,256,0.5388070940971375,0.8399589657783508,2.4288861751556396,0
synthetic,local_global_unit,4096,True,torch.float32,2345,0,64,256,0.8025268316268921,1.0418803691864014,1.3902896642684937,0
synthetic,local_global_unit,4096,True,torch.float32,2345,0,256,256,0.6944810748100281,1.0394647121429443,1.7368618249893188,0
synthetic,local_global_unit,4096,True,torch.float32,2345,0,1024,256,0.5892886519432068,0.9593238234519958,1.5356426239013672,0
synthetic,local_global_unit,4096,True,torch.float32,2345,1,64,256,0.8090220093727112,1.0950682163238525,1.4369701147079468,0
synthetic,local_global_unit,4096,True,torch.float32,2345,1,256,256,0.7018524408340454,1.0388518571853638,2.3263497352600098,0
synthetic,local_global_unit,4096,True,torch.float32,2345,1,1024,256,0.6360898017883301,1.0903693437576294,1.6102488040924072,0
synthetic,local_global_unit,4096,True,torch.float32,2345,2,64,256,0.8148185014724731,1.1480276584625244,1.3853620290756226,0
synthetic,local_global_unit,4096,True,torch.float32,2345,2,256,256,0.7439886331558228,1.1391522884368896,2.5236663818359375,0
synthetic,local_global_unit,4096,True,torch.float32,2345,2,1024,256,0.6055129766464233,1.2406651973724365,2.191340446472168,0
synthetic,local_global_unit,4096,True,torch.float32,2345,3,64,256,0.8218204379081726,1.0484095811843872,1.3502269983291626,0
synthetic,local_global_unit,4096,True,torch.float32,2345,3,256,256,0.681692361831665,0.9749777317047119,2.278345823287964,0
synthetic,local_global_unit,4096,True,torch.float32,2345,3,1024,256,0.6301411390304565,1.0771901607513428,1.5476807355880737,0
synthetic,local_global_unit,4096,True,torch.float32,2345,4,64,256,0.809767484664917,1.079919457435608,1.4342609643936157,0
synthetic,local_global_unit,4096,True,torch.float32,2345,4,256,256,0.7589294910430908,1.221195101737976,3.049678087234497,0
synthetic,local_global_unit,4096,True,torch.float32,2345,4,1024,256,0.5889774560928345,0.9946025013923645,1.7843492031097412,0
synthetic,local_global_unit,4096,True,torch.float32,2345,5,64,256,0.777685284614563,1.0330864191055298,1.4085358381271362,0
synthetic,local_global_unit,4096,True,torch.float32,2345,5,256,256,0.6582819819450378,0.9800356030464172,2.072478771209717,0
synthetic,local_global_unit,4096,True,torch.float32,2345,5,1024,256,0.5792922973632812,0.8501947522163391,1.9232958555221558,0
synthetic,local_global_unit,4096,True,torch.float32,2345,6,64,256,0.8051712512969971,1.023942470550537,1.1876678466796875,0
synthetic,local_global_unit,4096,True,torch.float32,2345,6,256,256,0.6805280447006226,1.0255900621414185,2.0705273151397705,0
synthetic,local_global_unit,4096,True,torch.float32,2345,6,1024,256,0.5966205596923828,0.9059334397315979,1.5809804201126099,0
synthetic,local_global_unit,4096,True,torch.float32,2345,7,64,256,0.8212414383888245,1.1808466911315918,1.655463695526123,0
synthetic,local_global_unit,4096,True,torch.float32,2345,7,256,256,0.744813859462738,1.108203649520874,2.5414202213287354,0
synthetic,local_global_unit,4096,True,torch.float32,2345,7,1024,256,0.5786892175674438,0.8764155507087708,1.2711654901504517,0
synthetic,local_global_unit,4096,True,torch.float32,3456,0,64,256,0.8444070816040039,1.1337966918945312,1.3200527429580688,0
synthetic,local_global_unit,4096,True,torch.float32,3456,0,256,256,0.7526856660842896,1.1912418603897095,2.05344295501709,0
synthetic,local_global_unit,4096,True,torch.float32,3456,0,1024,256,0.7062311172485352,1.2496559619903564,2.2141661643981934,0
synthetic,local_global_unit,4096,True,torch.float32,3456,1,64,256,0.8314787149429321,1.1913048028945923,1.6103914976119995,0
synthetic,local_global_unit,4096,True,torch.float32,3456,1,256,256,0.7110562324523926,1.011928677558899,2.4956459999084473,0
synthetic,local_global_unit,4096,True,torch.float32,3456,1,1024,256,0.7011463046073914,1.507401466369629,2.558509349822998,0
synthetic,local_global_unit,4096,True,torch.float32,3456,2,64,256,0.7834339737892151,1.086592435836792,1.3267592191696167,0
synthetic,local_global_unit,4096,True,torch.float32,3456,2,256,256,0.7184377908706665,0.9885457754135132,2.3710687160491943,0
synthetic,local_global_unit,4096,True,torch.float32,3456,2,1024,256,0.6322265863418579,1.0750389099121094,1.5703998804092407,0
synthetic,local_global_unit,4096,True,torch.float32,3456,3,64,256,0.8458479642868042,1.2290834188461304,1.481229543685913,0
synthetic,local_global_unit,4096,True,torch.float32,3456,3,256,256,0.7379902601242065,1.1522400379180908,2.7404849529266357,0
synthetic,local_global_unit,4096,True,torch.float32,3456,3,1024,256,0.6773998737335205,1.233614444732666,2.3716704845428467,0
synthetic,local_global_unit,4096,True,torch.float32,3456,4,64,256,0.8091604709625244,1.1509672403335571,1.3356014490127563,0
synthetic,local_global_unit,4096,True,torch.float32,3456,4,256,256,0.7658370733261108,1.358411192893982,2.8761773109436035,0
synthetic,local_global_unit,4096,True,torch.float32,3456,4,1024,256,0.6183907389640808,1.0052202939987183,1.8416838645935059,0
synthetic,local_global_unit,4096,True,torch.float32,3456,5,64,256,0.8200883865356445,1.083460807800293,1.6876918077468872,0
synthetic,local_global_unit,4096,True,torch.float32,3456,5,256,256,0.6803809404373169,0.9324628114700317,2.0404245853424072,0
synthetic,local_global_unit,4096,True,torch.float32,3456,5,1024,256,0.6831432580947876,1.2837905883789062,3.013639450073242,0
synthetic,local_global_unit,4096,True,torch.float32,3456,6,64,256,0.8538920283317566,1.473245620727539,1.835392951965332,0
synthetic,local_global_unit,4096,True,torch.float32,3456,6,256,256,0.6779850721359253,0.902686595916748,2.5507452487945557,0
synthetic,local_global_unit,4096,True,torch.float32,3456,6,1024,256,0.6454595327377319,1.129713773727417,2.122453451156616,0
synthetic,local_global_unit,4096,True,torch.float32,3456,7,64,256,0.820151150226593,1.1017577648162842,1.872187852859497,0
synthetic,local_global_unit,4096,True,torch.float32,3456,7,256,256,0.7199101448059082,1.0877819061279297,2.9891536235809326,0
synthetic,local_global_unit,4096,True,torch.float32,3456,7,1024,256,0.7252730131149292,1.3971319198608398,3.769005537033081,0
synthetic,rare_sharp,4096,False,torch.float16,1234,0,64,256,0.08392507582902908,0.07345829904079437,1.0038849115371704,0
synthetic,rare_sharp,4096,False,torch.float16,1234,0,256,256,0.04701943323016167,0.032218948006629944,1.0041685104370117,0
synthetic,rare_sharp,4096,False,torch.float16,1234,0,1024,256,0.03546241298317909,0.01840480975806713,1.004730463027954,0
synthetic,rare_sharp,4096,False,torch.float16,1234,1,64,256,0.07744539529085159,0.06683814525604248,1.0026483535766602,0
synthetic,rare_sharp,4096,False,torch.float16,1234,1,256,256,0.04879835620522499,0.03452596068382263,1.0014607906341553,0
synthetic,rare_sharp,4096,False,torch.float16,1234,1,1024,256,0.037234917283058167,0.020172277465462685,1.0012915134429932,0
synthetic,rare_sharp,4096,False,torch.float16,1234,2,64,256,0.06981241703033447,0.05813619866967201,1.003462314605713,0
synthetic,rare_sharp,4096,False,torch.float16,1234,2,256,256,0.047168295830488205,0.031385067850351334,1.0009362697601318,0
synthetic,rare_sharp,4096,False,torch.float16,1234,2,1024,256,0.033614497631788254,0.01603095233440399,0.9992832541465759,0
synthetic,rare_sharp,4096,False,torch.float16,1234,3,64,256,0.07603612542152405,0.06551363319158554,1.0024091005325317,0
synthetic,rare_sharp,4096,False,torch.float16,1234,3,256,256,0.04764075204730034,0.0331665500998497,1.0021820068359375,0
synthetic,rare_sharp,4096,False,torch.float16,1234,3,1024,256,0.03624647855758667,0.019005943089723587,1.0019347667694092,0
synthetic,rare_sharp,4096,False,torch.float16,1234,4,64,256,0.08228766918182373,0.07250014692544937,1.0032209157943726,0
synthetic,rare_sharp,4096,False,torch.float16,1234,4,256,256,0.04782870411872864,0.032440636307001114,1.0029360055923462,0
synthetic,rare_sharp,4096,False,torch.float16,1234,4,1024,256,0.03518006205558777,0.01809721440076828,1.003889799118042,0
synthetic,rare_sharp,4096,False,torch.float16,1234,5,64,256,0.0730968564748764,0.06114119291305542,1.0020028352737427,0
synthetic,rare_sharp,4096,False,torch.float16,1234,5,256,256,0.04366618022322655,0.028474371880292892,1.0015203952789307,0
synthetic,rare_sharp,4096,False,torch.float16,1234,5,1024,256,0.03134353458881378,0.013744592666625977,1.0014148950576782,0
synthetic,rare_sharp,4096,False,torch.float16,1234,6,64,256,0.07113195955753326,0.06158200651407242,0.9991028308868408,0
synthetic,rare_sharp,4096,False,torch.float16,1234,6,256,256,0.04332703351974487,0.02733854204416275,0.9998404383659363,0
synthetic,rare_sharp,4096,False,torch.float16,1234,6,1024,256,0.03315145522356033,0.015447285026311874,0.9994107484817505,0
synthetic,rare_sharp,4096,False,torch.float16,1234,7,64,256,0.09247910976409912,0.08580607920885086,0.9998564124107361,0
synthetic,rare_sharp,4096,False,torch.float16,1234,7,256,256,0.04995955526828766,0.035385921597480774,1.0007610321044922,0
synthetic,rare_sharp,4096,False,torch.float16,1234,7,1024,256,0.03477407991886139,0.01772267185151577,1.0003618001937866,0
synthetic,rare_sharp,4096,False,torch.float16,2345,0,64,256,0.05702704191207886,0.05560292303562164,0.9969989657402039,0
synthetic,rare_sharp,4096,False,torch.float16,2345,0,256,256,0.02849745750427246,0.023973563686013222,0.996925413608551,0
synthetic,rare_sharp,4096,False,torch.float16,2345,0,1024,256,0.020427946001291275,0.014086228795349598,0.9968865513801575,0
synthetic,rare_sharp,4096,False,torch.float16,2345,1,64,256,0.05691364407539368,0.05651403218507767,0.9982150793075562,0
synthetic,rare_sharp,4096,False,torch.float16,2345,1,256,256,0.031038761138916016,0.026893338188529015,0.9992274045944214,0
synthetic,rare_sharp,4096,False,torch.float16,2345,1,1024,256,0.024312911555171013,0.018225934356451035,0.9994342923164368,0
synthetic,rare_sharp,4096,False,torch.float16,2345,2,64,256,0.07709470391273499,0.07645636796951294,0.9985876083374023,0
synthetic,rare_sharp,4096,False,torch.float16,2345,2,256,256,0.032190755009651184,0.028361568227410316,0.9978801012039185,0
synthetic,rare_sharp,4096,False,torch.float16,2345,2,1024,256,0.025292912498116493,0.019537493586540222,0.998003363609314,0
synthetic,rare_sharp,4096,False,torch.float16,2345,3,64,256,0.08479860424995422,0.08461528271436691,1.0018737316131592,0
synthetic,rare_sharp,4096,False,torch.float16,2345,3,256,256,0.03633049130439758,0.033462703227996826,1.0023844242095947,0
synthetic,rare_sharp,4096,False,torch.float16,2345,3,1024,256,0.028531987220048904,0.023166105151176453,1.001424789428711,0
synthetic,rare_sharp,4096,False,torch.float16,2345,4,64,256,0.07712423801422119,0.07825672626495361,0.9995238780975342,0
synthetic,rare_sharp,4096,False,torch.float16,2345,4,256,256,0.030228495597839355,0.02611370198428631,1.0003362894058228,0
synthetic,rare_sharp,4096,False,torch.float16,2345,4,1024,256,0.023230167105793953,0.017440326511859894,1.0019471645355225,0
synthetic,rare_sharp,4096,False,torch.float16,2345,5,64,256,0.0653243288397789,0.06304913759231567,1.0047703981399536,0
synthetic,rare_sharp,4096,False,torch.float16,2345,5,256,256,0.02573366090655327,0.020697470754384995,1.0037193298339844,0
synthetic,rare_sharp,4096,False,torch.float16,2345,5,1024,256,0.020998075604438782,0.014898631721735,1.0066150426864624,0
synthetic,rare_sharp,4096,False,torch.float16,2345,6,64,256,0.06159120798110962,0.06085669994354248,0.9987242221832275,0
synthetic,rare_sharp,4096,False,torch.float16,2345,6,256,256,0.030276786535978317,0.02543467842042446,0.9975275993347168,0
synthetic,rare_sharp,4096,False,torch.float16,2345,6,1024,256,0.02199753373861313,0.01611337810754776,0.9988815188407898,0
synthetic,rare_sharp,4096,False,torch.float16,2345,7,64,256,0.07660268247127533,0.07848313450813293,1.00045645236969,0
synthetic,rare_sharp,4096,False,torch.float16,2345,7,256,256,0.033016838133335114,0.029133666306734085,0.9990766048431396,0
synthetic,rare_sharp,4096,False,torch.float16,2345,7,1024,256,0.024217750877141953,0.01846376061439514,0.9996298551559448,0
synthetic,rare_sharp,4096,False,torch.float16,3456,0,64,256,0.06490311771631241,0.06859493255615234,0.9988238215446472,0
synthetic,rare_sharp,4096,False,torch.float16,3456,0,256,256,0.03520067781209946,0.035161230713129044,0.9990401864051819,0
synthetic,rare_sharp,4096,False,torch.float16,3456,0,1024,256,0.022414425387978554,0.020925726741552353,0.9990986585617065,0
synthetic,rare_sharp,4096,False,torch.float16,3456,1,64,256,0.06496910750865936,0.06959390640258789,1.0007723569869995,0
synthetic,rare_sharp,4096,False,torch.float16,3456,1,256,256,0.03919316828250885,0.03847762197256088,1.001020073890686,0
synthetic,rare_sharp,4096,False,torch.float16,3456,1,1024,256,0.01849815621972084,0.016576893627643585,0.9984262585639954,0
synthetic,rare_sharp,4096,False,torch.float16,3456,2,64,256,0.06162847951054573,0.0666785016655922,1.0027216672897339,0
synthetic,rare_sharp,4096,False,torch.float16,3456,2,256,256,0.03482205048203468,0.03407423198223114,1.0013426542282104,0
synthetic,rare_sharp,4096,False,torch.float16,3456,2,1024,256,0.01806669682264328,0.016036855056881905,1.0022956132888794,0
synthetic,rare_sharp,4096,False,torch.float16,3456,3,64,256,0.059271298348903656,0.06516104191541672,0.9995518922805786,0
synthetic,rare_sharp,4096,False,torch.float16,3456,3,256,256,0.035946913063526154,0.03577367216348648,1.0007704496383667,0
synthetic,rare_sharp,4096,False,torch.float16,3456,3,1024,256,0.020790429785847664,0.019265588372945786,0.9996650218963623,0
synthetic,rare_sharp,4096,False,torch.float16,3456,4,64,256,0.05673123151063919,0.05898917466402054,0.9987301230430603,0
synthetic,rare_sharp,4096,False,torch.float16,3456,4,256,256,0.030943280085921288,0.030489444732666016,0.999172031879425,0
synthetic,rare_sharp,4096,False,torch.float16,3456,4,1024,256,0.01707986369729042,0.015015827491879463,0.997545063495636,0
synthetic,rare_sharp,4096,False,torch.float16,3456,5,64,256,0.06781674921512604,0.07309362292289734,0.9986941814422607,0
synthetic,rare_sharp,4096,False,torch.float16,3456,5,256,256,0.035847317427396774,0.03576907515525818,0.9994446635246277,0
synthetic,rare_sharp,4096,False,torch.float16,3456,5,1024,256,0.020472493022680283,0.01873922348022461,0.9984837174415588,0
synthetic,rare_sharp,4096,False,torch.float16,3456,6,64,256,0.05888710543513298,0.06210813298821449,1.0015885829925537,0
synthetic,rare_sharp,4096,False,torch.float16,3456,6,256,256,0.03520987555384636,0.034527286887168884,0.998617947101593,0
synthetic,rare_sharp,4096,False,torch.float16,3456,6,1024,256,0.01964811235666275,0.017776645720005035,1.0010056495666504,0
synthetic,rare_sharp,4096,False,torch.float16,3456,7,64,256,0.06604145467281342,0.07200081646442413,0.9998459219932556,0
synthetic,rare_sharp,4096,False,torch.float16,3456,7,256,256,0.0460079088807106,0.04739614948630333,0.9995027780532837,0
synthetic,rare_sharp,4096,False,torch.float16,3456,7,1024,256,0.021276962012052536,0.019558820873498917,0.9996007084846497,0
synthetic,rare_sharp,4096,False,torch.float32,1234,0,64,256,0.08392202854156494,0.07345664501190186,1.0038862228393555,0
synthetic,rare_sharp,4096,False,torch.float32,1234,0,256,256,0.047018975019454956,0.03221932798624039,1.0041698217391968,0
synthetic,rare_sharp,4096,False,torch.float32,1234,0,1024,256,0.03546188399195671,0.018403897061944008,1.004731297492981,0
synthetic,rare_sharp,4096,False,torch.float32,1234,1,64,256,0.07744700461626053,0.06683847308158875,1.0026487112045288,0
synthetic,rare_sharp,4096,False,torch.float32,1234,1,256,256,0.048800989985466,0.034528691321611404,1.0014612674713135,0
synthetic,rare_sharp,4096,False,torch.float32,1234,1,1024,256,0.03723457083106041,0.020171653479337692,1.0012917518615723,0
synthetic,rare_sharp,4096,False,torch.float32,1234,2,64,256,0.06981347501277924,0.058135900646448135,1.0034621953964233,0
synthetic,rare_sharp,4096,False,torch.float32,1234,2,256,256,0.04716888815164566,0.031385838985443115,1.0009362697601318,0
synthetic,rare_sharp,4096,False,torch.float32,1234,2,1024,256,0.03361417353153229,0.016031406819820404,0.9992828965187073,0
synthetic,rare_sharp,4096,False,torch.float32,1234,3,64,256,0.07603999972343445,0.06551770865917206,1.00240957736969,0
synthetic,rare_sharp,4096,False,torch.float32,1234,3,256,256,0.04764027148485184,0.03316577523946762,1.0021823644638062,0
synthetic,rare_sharp,4096,False,torch.float32,1234,3,1024,256,0.036246709525585175,0.019005924463272095,1.0019357204437256,0
synthetic,rare_sharp,4096,False,torch.float32,1234,4,64,256,0.08228372782468796,0.07249361276626587,1.003221869468689,0
synthetic,rare_sharp,4096,False,torch.float32,1234,4,256,256,0.04782819002866745,0.03244028240442276,1.0029367208480835,0
synthetic,rare_sharp,4096,False,torch.float32,1234,4,1024,256,0.035179995000362396,0.018097413703799248,1.0038899183273315,0
synthetic,rare_sharp,4096,False,torch.float32,1234,5,64,256,0.07309937477111816,0.061141401529312134,1.0020030736923218,0
synthetic,rare_sharp,4096,False,torch.float32,1234,5,256,256,0.043665364384651184,0.028473246842622757,1.0015203952789307,0
synthetic,rare_sharp,4096,False,torch.float32,1234,5,1024,256,0.03134336322546005,0.013744371011853218,1.00141441822052,0
synthetic,rare_sharp,4096,False,torch.float32,1234,6,64,256,0.07113466411828995,0.06158451735973358,0.9991027116775513,0
synthetic,rare_sharp,4096,False,torch.float32,1234,6,256,256,0.04332711175084114,0.027338482439517975,0.999840497970581,0
synthetic,rare_sharp,4096,False,torch.float32,1234,6,1024,256,0.03315214067697525,0.015447774901986122,0.9994111061096191,0
synthetic,rare_sharp,4096,False,torch.float32,1234,7,64,256,0.09247145801782608,0.08579666912555695,0.9998568892478943,0
synthetic,rare_sharp,4096,False,torch.float32,1234,7,256,256,0.049954887479543686,0.03538040816783905,1.0007610321044922,0
synthetic,rare_sharp,4096,False,torch.float32,1234,7,1024,256,0.0347726009786129,0.01772117242217064,1.0003620386123657,0
synthetic,rare_sharp,4096,False,torch.float32,2345,0,64,256,0.057026319205760956,0.0556015707552433,0.996999204158783,0
synthetic,rare_sharp,4096,False,torch.float32,2345,0,256,256,0.028496582061052322,0.02397393062710762,0.9969251751899719,0
synthetic,rare_sharp,4096,False,torch.float32,2345,0,1024,256,0.02042791247367859,0.014085614122450352,0.9968870282173157,0
synthetic,rare_sharp,4096,False,torch.float32,2345,1,64,256,0.056914232671260834,0.05651746317744255,0.9982154369354248,0
synthetic,rare_sharp,4096,False,torch.float32,2345,1,256,256,0.031038496643304825,0.026892514899373055,0.9992261528968811,0
synthetic,rare_sharp,4096,False,torch.float32,2345,1,1024,256,0.024312254041433334,0.018225014209747314,0.9994346499443054,0
synthetic,rare_sharp,4096,False,torch.float32,2345,2,64,256,0.07709851861000061,0.0764622613787651,0.9985883831977844,0
synthetic,rare_sharp,4096,False,torch.float32,2345,2,256,256,0.032192133367061615,0.02836359292268753,0.9978798031806946,0
synthetic,rare_sharp,4096,False,torch.float32,2345,2,1024,256,0.025294236838817596,0.019539082422852516,0.9980034828186035,0
synthetic,rare_sharp,4096,False,torch.float32,2345,3,64,256,0.08479993045330048,0.08461808413267136,1.0018738508224487,0
synthetic,rare_sharp,4096,False,torch.float32,2345,3,256,256,0.03633212298154831,0.03346306085586548,1.0023847818374634,0
synthetic,rare_sharp,4096,False,torch.float32,2345,3,1024,256,0.02853238955140114,0.023166747763752937,1.0014246702194214,0
synthetic,rare_sharp,4096,False,torch.float32,2345,4,64,256,0.07711935043334961,0.07825124263763428,0.9995244145393372,0
synthetic,rare_sharp,4096,False,torch.float32,2345,4,256,256,0.030228853225708008,0.02611350826919079,1.0003362894058228,0
synthetic,rare_sharp,4096,False,torch.float32,2345,4,1024,256,0.02323007583618164,0.017440427094697952,1.0019477605819702,0
synthetic,rare_sharp,4096,False,torch.float32,2345,5,64,256,0.06532716751098633,0.0630534291267395,1.0047698020935059,0
synthetic,rare_sharp,4096,False,torch.float32,2345,5,256,256,0.025734296068549156,0.0206975769251585,1.003719687461853,0
synthetic,rare_sharp,4096,False,torch.float32,2345,5,1024,256,0.020998641848564148,0.01489957608282566,1.0066145658493042,0
synthetic,rare_sharp,4096,False,torch.float32,2345,6,64,256,0.06159086525440216,0.06085757911205292,0.9987239241600037,0
synthetic,rare_sharp,4096,False,torch.float32,2345,6,256,256,0.03027721494436264,0.025435062125325203,0.9975266456604004,0
synthetic,rare_sharp,4096,False,torch.float32,2345,6,1024,256,0.02199729159474373,0.016112806275486946,0.9988806247711182,0
synthetic,rare_sharp,4096,False,torch.float32,2345,7,64,256,0.07660190016031265,0.07847599685192108,1.0004568099975586,0
synthetic,rare_sharp,4096,False,torch.float32,2345,7,256,256,0.0330156534910202,0.02913317084312439,0.999077320098877,0
synthetic,rare_sharp,4096,False,torch.float32,2345,7,1024,256,0.02421758696436882,0.01846412569284439,0.999629557132721,0
synthetic,rare_sharp,4096,False,torch.float32,3456,0,64,256,0.06490175426006317,0.06859134137630463,0.9988235235214233,0
synthetic,rare_sharp,4096,False,torch.float32,3456,0,256,256,0.03519977629184723,0.03516058623790741,0.999039888381958,0
synthetic,rare_sharp,4096,False,torch.float32,3456,0,1024,256,0.022414226084947586,0.020925749093294144,0.9990984797477722,0
synthetic,rare_sharp,4096,False,torch.float32,3456,1,64,256,0.06496604532003403,0.0695876032114029,1.0007717609405518,0
synthetic,rare_sharp,4096,False,torch.float32,3456,1,256,256,0.03919154405593872,0.03847477585077286,1.0010191202163696,0
synthetic,rare_sharp,4096,False,torch.float32,3456,1,1024,256,0.018497105687856674,0.01657535508275032,0.9984252452850342,0
synthetic,rare_sharp,4096,False,torch.float32,3456,2,64,256,0.06162554770708084,0.06667641550302505,1.0027296543121338,0
synthetic,rare_sharp,4096,False,torch.float32,3456,2,256,256,0.03482048958539963,0.03407282009720802,1.0013436079025269,0
synthetic,rare_sharp,4096,False,torch.float32,3456,2,1024,256,0.018066247925162315,0.01603589579463005,1.0022969245910645,0
synthetic,rare_sharp,4096,False,torch.float32,3456,3,64,256,0.059270892292261124,0.0651627704501152,0.9995514154434204,0
synthetic,rare_sharp,4096,False,torch.float32,3456,3,256,256,0.03594615310430527,0.035773519426584244,1.0007693767547607,0
synthetic,rare_sharp,4096,False,torch.float32,3456,3,1024,256,0.0207904614508152,0.019265368580818176,0.9996640682220459,0
synthetic,rare_sharp,4096,False,torch.float32,3456,4,64,256,0.056734148412942886,0.058991387486457825,0.9987297058105469,0
synthetic,rare_sharp,4096,False,torch.float32,3456,4,256,256,0.03094406984746456,0.030491109937429428,0.9991719722747803,0
synthetic,rare_sharp,4096,False,torch.float32,3456,4,1024,256,0.01708003506064415,0.01501684170216322,0.9975452423095703,0
synthetic,rare_sharp,4096,False,torch.float32,3456,5,64,256,0.06781680136919022,0.07309231907129288,0.9986937046051025,0
synthetic,rare_sharp,4096,False,torch.float32,3456,5,256,256,0.03584611043334007,0.035768330097198486,0.9994439482688904,0
synthetic,rare_sharp,4096,False,torch.float32,3456,5,1024,256,0.02047189325094223,0.018739208579063416,0.9984834790229797,0
synthetic,rare_sharp,4096,False,torch.float32,3456,6,64,256,0.05888817831873894,0.062108829617500305,1.0015867948532104,0
synthetic,rare_sharp,4096,False,torch.float32,3456,6,256,256,0.03521154820919037,0.03452988713979721,0.9986167550086975,0
synthetic,rare_sharp,4096,False,torch.float32,3456,6,1024,256,0.019648637622594833,0.017777593806385994,1.0010042190551758,0
synthetic,rare_sharp,4096,False,torch.float32,3456,7,64,256,0.06604094058275223,0.07199790328741074,0.9998474717140198,0
synthetic,rare_sharp,4096,False,torch.float32,3456,7,256,256,0.04600849747657776,0.04739682376384735,0.9995040893554688,0
synthetic,rare_sharp,4096,False,torch.float32,3456,7,1024,256,0.021277332678437233,0.0195591039955616,0.9996015429496765,0
synthetic,rare_sharp,4096,True,torch.float16,1234,0,64,256,0.07467861473560333,0.07116487622261047,1.0040065050125122,0
synthetic,rare_sharp,4096,True,torch.float16,1234,0,256,256,0.042220525443553925,0.03142523020505905,1.0046286582946777,0
synthetic,rare_sharp,4096,True,torch.float16,1234,0,1024,256,0.03175462782382965,0.019881514832377434,1.0048211812973022,0
synthetic,rare_sharp,4096,True,torch.float16,1234,1,64,256,0.07065215706825256,0.0643918588757515,1.0038572549819946,0
synthetic,rare_sharp,4096,True,torch.float16,1234,1,256,256,0.04353112727403641,0.03320128843188286,1.0009311437606812,0
synthetic,rare_sharp,4096,True,torch.float16,1234,1,1024,256,0.032092366367578506,0.01938912644982338,1.0018500089645386,0
synthetic,rare_sharp,4096,True,torch.float16,1234,2,64,256,0.07080213725566864,0.0695984959602356,1.0048658847808838,0
synthetic,rare_sharp,4096,True,torch.float16,1234,2,256,256,0.042565520852804184,0.031958892941474915,1.0018517971038818,0
synthetic,rare_sharp,4096,True,torch.float16,1234,2,1024,256,0.02961699292063713,0.016612691804766655,0.9996633529663086,0
synthetic,rare_sharp,4096,True,torch.float16,1234,3,64,256,0.0720912516117096,0.06714922189712524,1.0009807348251343,0
synthetic,rare_sharp,4096,True,torch.float16,1234,3,256,256,0.04113927111029625,0.03122682124376297,1.0006892681121826,0
synthetic,rare_sharp,4096,True,torch.float16,1234,3,1024,256,0.031893663108348846,0.01943199336528778,0.9991888999938965,0
synthetic,rare_sharp,4096,True,torch.float16,1234,4,64,256,0.07687890529632568,0.07422970235347748,1.007856845855713,0
synthetic,rare_sharp,4096,True,torch.float16,1234,4,256,256,0.04242129996418953,0.032762765884399414,1.0078763961791992,0
synthetic,rare_sharp,4096,True,torch.float16,1234,4,1024,256,0.03084241971373558,0.018086843192577362,1.0064810514450073,0
synthetic,rare_sharp,4096,True,torch.float16,1234,5,64,256,0.07080098241567612,0.06869976222515106,1.0018658638000488,0
synthetic,rare_sharp,4096,True,torch.float16,1234,5,256,256,0.04220806062221527,0.03222030773758888,1.0010908842086792,0
synthetic,rare_sharp,4096,True,torch.float16,1234,5,1024,256,0.028286702930927277,0.016025520861148834,1.0009403228759766,0
synthetic,rare_sharp,4096,True,torch.float16,1234,6,64,256,0.06945239007472992,0.06707307696342468,1.0001871585845947,0
synthetic,rare_sharp,4096,True,torch.float16,1234,6,256,256,0.04384327307343483,0.036787986755371094,0.9985745549201965,0
synthetic,rare_sharp,4096,True,torch.float16,1234,6,1024,256,0.031393006443977356,0.0198505911976099,0.9990304112434387,0
synthetic,rare_sharp,4096,True,torch.float16,1234,7,64,256,0.07881538569927216,0.07796891033649445,0.9994267225265503,0
synthetic,rare_sharp,4096,True,torch.float16,1234,7,256,256,0.04374382644891739,0.03390487655997276,0.9997171759605408,0
synthetic,rare_sharp,4096,True,torch.float16,1234,7,1024,256,0.02970428392291069,0.017159920185804367,0.9998870491981506,0
synthetic,rare_sharp,4096,True,torch.float16,2345,0,64,256,0.06558086723089218,0.06992235779762268,1.0022659301757812,0
synthetic,rare_sharp,4096,True,torch.float16,2345,0,256,256,0.03061065636575222,0.026650065556168556,1.000707983970642,0
synthetic,rare_sharp,4096,True,torch.float16,2345,0,1024,256,0.02220863290131092,0.016832103952765465,1.0011417865753174,0
synthetic,rare_sharp,4096,True,torch.float16,2345,1,64,256,0.06315119564533234,0.06560636311769485,0.9966626763343811,0
synthetic,rare_sharp,4096,True,torch.float16,2345,1,256,256,0.03201825171709061,0.028706274926662445,0.9951325058937073,0
synthetic,rare_sharp,4096,True,torch.float16,2345,1,1024,256,0.023021861910820007,0.01824365369975567,0.997054934501648,0
synthetic,rare_sharp,4096,True,torch.float16,2345,2,64,256,0.07028274238109589,0.07320097088813782,0.9972293972969055,0
synthetic,rare_sharp,4096,True,torch.float16,2345,2,256,256,0.03228414058685303,0.029454100877046585,0.9951172471046448,0
synthetic,rare_sharp,4096,True,torch.float16,2345,2,1024,256,0.022745415568351746,0.018314464017748833,0.9978036880493164,0
synthetic,rare_sharp,4096,True,torch.float16,2345,3,64,256,0.07190389931201935,0.0838192030787468,1.001644492149353,0
synthetic,rare_sharp,4096,True,torch.float16,2345,3,256,256,0.0331760048866272,0.0324232392013073,1.0007635354995728,0
synthetic,rare_sharp,4096,True,torch.float16,2345,3,1024,256,0.024202588945627213,0.022113963961601257,1.000880479812622,0
synthetic,rare_sharp,4096,True,torch.float16,2345,4,64,256,0.07231099903583527,0.07545601576566696,0.9974830150604248,0
synthetic,rare_sharp,4096,True,torch.float16,2345,4,256,256,0.031498946249485016,0.028875121846795082,0.9987568855285645,0
synthetic,rare_sharp,4096,True,torch.float16,2345,4,1024,256,0.022156447172164917,0.01858014054596424,0.9996973276138306,0
synthetic,rare_sharp,4096,True,torch.float16,2345,5,64,256,0.0594111829996109,0.06126727536320686,1.0061110258102417,0
synthetic,rare_sharp,4096,True,torch.float16,2345,5,256,256,0.028314311057329178,0.025233935564756393,1.0041781663894653,0
synthetic,rare_sharp,4096,True,torch.float16,2345,5,1024,256,0.02046564221382141,0.014974075369536877,1.0082143545150757,0
synthetic,rare_sharp,4096,True,torch.float16,2345,6,64,256,0.06427736580371857,0.06899239122867584,1.0007379055023193,0
synthetic,rare_sharp,4096,True,torch.float16,2345,6,256,256,0.02949339896440506,0.025609752163290977,1.0021681785583496,0
synthetic,rare_sharp,4096,True,torch.float16,2345,6,1024,256,0.02232235297560692,0.016880176961421967,0.998569905757904,0
synthetic,rare_sharp,4096,True,torch.float16,2345,7,64,256,0.0750485211610794,0.08088256418704987,0.9982455372810364,0
synthetic,rare_sharp,4096,True,torch.float16,2345,7,256,256,0.033651966601610184,0.03149459883570671,0.99811190366745,0
synthetic,rare_sharp,4096,True,torch.float16,2345,7,1024,256,0.02396666444838047,0.01902088150382042,0.99538654088974,0
synthetic,rare_sharp,4096,True,torch.float16,3456,0,64,256,0.05730820447206497,0.06349414587020874,1.0013781785964966,0
synthetic,rare_sharp,4096,True,torch.float16,3456,0,256,256,0.035705894231796265,0.03630201146006584,0.9996183514595032,0
synthetic,rare_sharp,4096,True,torch.float16,3456,0,1024,256,0.020978545770049095,0.019977599382400513,0.9981632828712463,0
synthetic,rare_sharp,4096,True,torch.float16,3456,1,64,256,0.06186116114258766,0.07091124355792999,1.0024898052215576,0
synthetic,rare_sharp,4096,True,torch.float16,3456,1,256,256,0.03809409588575363,0.03909336403012276,1.0002835988998413,0
synthetic,rare_sharp,4096,True,torch.float16,3456,1,1024,256,0.018236558884382248,0.017004789784550667,0.998300313949585,0
synthetic,rare_sharp,4096,True,torch.float16,3456,2,64,256,0.061429012566804886,0.06838953495025635,1.0044374465942383,0
synthetic,rare_sharp,4096,True,torch.float16,3456,2,256,256,0.034008219838142395,0.03552170470356941,1.0020781755447388,0
synthetic,rare_sharp,4096,True,torch.float16,3456,2,1024,256,0.018063653260469437,0.016579044982790947,1.0034663677215576,0
synthetic,rare_sharp,4096,True,torch.float16,3456,3,64,256,0.05580851063132286,0.06432846188545227,1.0024667978286743,0
synthetic,rare_sharp,4096,True,torch.float16,3456,3,256,256,0.03468684107065201,0.03623151406645775,1.0022327899932861,0
synthetic,rare_sharp,4096,True,torch.float16,3456,3,1024,256,0.021385645493865013,0.021661192178726196,1.0011149644851685,0
synthetic,rare_sharp,4096,True,torch.float16,3456,4,64,256,0.056576572358608246,0.0618964284658432,0.9935623407363892,0
synthetic,rare_sharp,4096,True,torch.float16,3456,4,256,256,0.031406138092279434,0.03333248198032379,0.9934881329536438,0
synthetic,rare_sharp,4096,True,torch.float16,3456,4,1024,256,0.017864564433693886,0.016418833285570145,0.9906578660011292,0
synthetic,rare_sharp,4096,True,torch.float16,3456,5,64,256,0.06681890040636063,0.07595530152320862,0.9995293021202087,0
synthetic,rare_sharp,4096,True,torch.float16,3456,5,256,256,0.03763573244214058,0.03961402550339699,0.9997925162315369,0
synthetic,rare_sharp,4096,True,torch.float16,3456,5,1024,256,0.020151712000370026,0.019094735383987427,0.9976838231086731,0
synthetic,rare_sharp,4096,True,torch.float16,3456,6,64,256,0.05798919498920441,0.06578736007213593,0.9958069920539856,0
synthetic,rare_sharp,4096,True,torch.float16,3456,6,256,256,0.0348266065120697,0.03584175556898117,0.9917260408401489,0
synthetic,rare_sharp,4096,True,torch.float16,3456,6,1024,256,0.020004794001579285,0.01983921229839325,0.9952674508094788,0
synthetic,rare_sharp,4096,True,torch.float16,3456,7,64,256,0.05689453333616257,0.06659407913684845,0.9966421127319336,0
synthetic,rare_sharp,4096,True,torch.float16,3456,7,256,256,0.038678135722875595,0.043516792356967926,0.9976685643196106,0
synthetic,rare_sharp,4096,True,torch.float16,3456,7,1024,256,0.018534420058131218,0.01791752129793167,0.9943636059761047,0
synthetic,rare_sharp,4096,True,torch.float32,1234,0,64,256,0.07467593252658844,0.07116411626338959,1.0040078163146973,0
synthetic,rare_sharp,4096,True,torch.float32,1234,0,256,256,0.04221997410058975,0.03142420947551727,1.0046299695968628,0
synthetic,rare_sharp,4096,True,torch.float32,1234,0,1024,256,0.031754352152347565,0.019880417734384537,1.004822015762329,0
synthetic,rare_sharp,4096,True,torch.float32,1234,1,64,256,0.07065358757972717,0.06439478695392609,1.0038572549819946,0
synthetic,rare_sharp,4096,True,torch.float32,1234,1,256,256,0.0435323491692543,0.03320227563381195,1.0009315013885498,0
synthetic,rare_sharp,4096,True,torch.float32,1234,1,1024,256,0.03209235146641731,0.01938907988369465,1.0018502473831177,0
synthetic,rare_sharp,4096,True,torch.float32,1234,2,64,256,0.07080220431089401,0.06959714740514755,1.004866123199463,0
synthetic,rare_sharp,4096,True,torch.float32,1234,2,256,256,0.042566098272800446,0.0319623127579689,1.00185227394104,0
synthetic,rare_sharp,4096,True,torch.float32,1234,2,1024,256,0.029616355895996094,0.01661272719502449,0.9996635913848877,0
synthetic,rare_sharp,4096,True,torch.float32,1234,3,64,256,0.07209235429763794,0.06715252995491028,1.0009801387786865,0
synthetic,rare_sharp,4096,True,torch.float32,1234,3,256,256,0.04113931581377983,0.03122744709253311,1.000688910484314,0
synthetic,rare_sharp,4096,True,torch.float32,1234,3,1024,256,0.031893644481897354,0.019431862980127335,0.999188244342804,0
synthetic,rare_sharp,4096,True,torch.float32,1234,4,64,256,0.07687761634588242,0.07422729581594467,1.0078593492507935,0
synthetic,rare_sharp,4096,True,torch.float32,1234,4,256,256,0.04242189973592758,0.0327630452811718,1.0078790187835693,0
synthetic,rare_sharp,4096,True,torch.float32,1234,4,1024,256,0.03084247186779976,0.018086932599544525,1.0064833164215088,0
synthetic,rare_sharp,4096,True,torch.float32,1234,5,64,256,0.07080256938934326,0.06869625300168991,1.0018658638000488,0
synthetic,rare_sharp,4096,True,torch.float32,1234,5,256,256,0.04220739006996155,0.03221898898482323,1.0010906457901,0
synthetic,rare_sharp,4096,True,torch.float32,1234,5,1024,256,0.028286505490541458,0.016025448217988014,1.0009396076202393,0
synthetic,rare_sharp,4096,True,torch.float32,1234,6,64,256,0.06945303827524185,0.06706927716732025,1.0001875162124634,0
synthetic,rare_sharp,4096,True,torch.float32,1234,6,256,256,0.043842822313308716,0.036785565316677094,0.9985742568969727,0
synthetic,rare_sharp,4096,True,torch.float32,1234,6,1024,256,0.03139335662126541,0.01985134370625019,0.9990310668945312,0
synthetic,rare_sharp,4096,True,torch.float32,1234,7,64,256,0.07881321758031845,0.07796585559844971,0.999427080154419,0
synthetic,rare_sharp,4096,True,torch.float32,1234,7,256,256,0.04374244064092636,0.03390266001224518,0.9997170567512512,0
synthetic,rare_sharp,4096,True,torch.float32,1234,7,1024,256,0.029703831300139427,0.017158925533294678,0.9998869299888611,0
synthetic,rare_sharp,4096,True,torch.float32,2345,0,64,256,0.06558147817850113,0.06991858780384064,1.0022664070129395,0
synthetic,rare_sharp,4096,True,torch.float32,2345,0,256,256,0.030610334128141403,0.02665090002119541,1.000707983970642,0
synthetic,rare_sharp,4096,True,torch.float32,2345,0,1024,256,0.022208373993635178,0.016831979155540466,1.001144289970398,0
synthetic,rare_sharp,4096,True,torch.float32,2345,1,64,256,0.06315025687217712,0.06560353189706802,0.9966620802879333,0
synthetic,rare_sharp,4096,True,torch.float32,2345,1,256,256,0.03201819211244583,0.028705723583698273,0.9951313138008118,0
synthetic,rare_sharp,4096,True,torch.float32,2345,1,1024,256,0.023021375760436058,0.018243467435240746,0.9970542788505554,0
synthetic,rare_sharp,4096,True,torch.float32,2345,2,64,256,0.07028350979089737,0.0732022151350975,0.997230052947998,0
synthetic,rare_sharp,4096,True,torch.float32,2345,2,256,256,0.0322846919298172,0.029455620795488358,0.9951175451278687,0
synthetic,rare_sharp,4096,True,torch.float32,2345,2,1024,256,0.02274574711918831,0.018316028639674187,0.9978038668632507,0
synthetic,rare_sharp,4096,True,torch.float32,2345,3,64,256,0.0719030350446701,0.08381689339876175,1.0016450881958008,0
synthetic,rare_sharp,4096,True,torch.float32,2345,3,256,256,0.03317682445049286,0.03242340311408043,1.0007641315460205,0
synthetic,rare_sharp,4096,True,torch.float32,2345,3,1024,256,0.024202872067689896,0.022113651037216187,1.000880479812622,0
synthetic,rare_sharp,4096,True,torch.float32,2345,4,64,256,0.0723089724779129,0.07545381039381027,0.9974836707115173,0
synthetic,rare_sharp,4096,True,torch.float32,2345,4,256,256,0.03149828314781189,0.02887316793203354,0.9987570643424988,0
synthetic,rare_sharp,4096,True,torch.float32,2345,4,1024,256,0.02215699851512909,0.018580809235572815,0.9996981620788574,0
synthetic,rare_sharp,4096,True,torch.float32,2345,5,64,256,0.05941316857933998,0.06126981973648071,1.0061100721359253,0
synthetic,rare_sharp,4096,True,torch.float32,2345,5,256,256,0.028314583003520966,0.025235820561647415,1.0041780471801758,0
synthetic,rare_sharp,4096,True,torch.float32,2345,5,1024,256,0.020465683192014694,0.014974353834986687,1.0082134008407593,0
synthetic,rare_sharp,4096,True,torch.float32,2345,6,64,256,0.06427712738513947,0.06899394094944,1.0007373094558716,0
synthetic,rare_sharp,4096,True,torch.float32,2345,6,256,256,0.02949361503124237,0.02560986950993538,1.0021663904190063,0
synthetic,rare_sharp,4096,True,torch.float32,2345,6,1024,256,0.02232211083173752,0.016880154609680176,0.9985684156417847,0
synthetic,rare_sharp,4096,True,torch.float32,2345,7,64,256,0.07504874467849731,0.08087992668151855,0.9982451796531677,0
synthetic,rare_sharp,4096,True,torch.float32,2345,7,256,256,0.03365233913064003,0.03149522840976715,0.9981122612953186,0
synthetic,rare_sharp,4096,True,torch.float32,2345,7,1024,256,0.02396671660244465,0.01902053877711296,0.9953856468200684,0
synthetic,rare_sharp,4096,True,torch.float32,3456,0,64,256,0.057307470589876175,0.06349664181470871,1.0013788938522339,0
synthetic,rare_sharp,4096,True,torch.float32,3456,0,256,256,0.03570588678121567,0.03630012646317482,0.9996187686920166,0
synthetic,rare_sharp,4096,True,torch.float32,3456,0,1024,256,0.02097855694591999,0.019977368414402008,0.9981638789176941,0
synthetic,rare_sharp,4096,True,torch.float32,3456,1,64,256,0.06185755878686905,0.07090763747692108,1.0024909973144531,0
synthetic,rare_sharp,4096,True,torch.float32,3456,1,256,256,0.038092467933893204,0.03909067064523697,1.0002847909927368,0
synthetic,rare_sharp,4096,True,torch.float32,3456,1,1024,256,0.0182359479367733,0.01700337789952755,0.9983009099960327,0
synthetic,rare_sharp,4096,True,torch.float32,3456,2,64,256,0.06142657250165939,0.06839370727539062,1.004318356513977,0
synthetic,rare_sharp,4096,True,torch.float32,3456,2,256,256,0.034006692469120026,0.03552016615867615,1.002079963684082,0
synthetic,rare_sharp,4096,True,torch.float32,3456,2,1024,256,0.018063725903630257,0.016578804701566696,1.003467321395874,0
synthetic,rare_sharp,4096,True,torch.float32,3456,3,64,256,0.05580725520849228,0.06432865560054779,1.0024653673171997,0
synthetic,rare_sharp,4096,True,torch.float32,3456,3,256,256,0.034685999155044556,0.03622819855809212,1.0022315979003906,0
synthetic,rare_sharp,4096,True,torch.float32,3456,3,1024,256,0.02138509973883629,0.02166067436337471,1.0011122226715088,0
synthetic,rare_sharp,4096,True,torch.float32,3456,4,64,256,0.05657891929149628,0.061899539083242416,0.9935610890388489,0
synthetic,rare_sharp,4096,True,torch.float32,3456,4,256,256,0.031406551599502563,0.0333326980471611,0.9934873580932617,0
synthetic,rare_sharp,4096,True,torch.float32,3456,4,1024,256,0.017864074558019638,0.016417473554611206,0.9906575679779053,0
synthetic,rare_sharp,4096,True,torch.float32,3456,5,64,256,0.06681962311267853,0.0759565681219101,0.9995281100273132,0
synthetic,rare_sharp,4096,True,torch.float32,3456,5,256,256,0.037634946405887604,0.039611559361219406,0.9997904300689697,0
synthetic,rare_sharp,4096,True,torch.float32,3456,5,1024,256,0.02015143260359764,0.01909514330327511,0.9976809620857239,0
synthetic,rare_sharp,4096,True,torch.float32,3456,6,64,256,0.05798853933811188,0.06578566879034042,0.9958075881004333,0
synthetic,rare_sharp,4096,True,torch.float32,3456,6,256,256,0.034826479852199554,0.0358419194817543,0.9917269349098206,0
synthetic,rare_sharp,4096,True,torch.float32,3456,6,1024,256,0.0200052447617054,0.019840123131871223,0.9952676892280579,0
synthetic,rare_sharp,4096,True,torch.float32,3456,7,64,256,0.0568937286734581,0.06659416109323502,0.99664306640625,0
synthetic,rare_sharp,4096,True,torch.float32,3456,7,256,256,0.03867994621396065,0.04351675510406494,0.9976689219474792,0
synthetic,rare_sharp,4096,True,torch.float32,3456,7,1024,256,0.018535053357481956,0.017918653786182404,0.9943637847900391,0
synthetic,rare_sharp_shift,4096,False,torch.float16,1234,0,64,256,0.08387695997953415,0.07345829904079437,1.00179922580719,0
synthetic,rare_sharp_shift,4096,False,torch.float16,1234,0,256,256,0.046982888132333755,0.032218948006629944,1.0013381242752075,0
synthetic,rare_sharp_shift,4096,False,torch.float16,1234,0,1024,256,0.03548252582550049,0.01840480975806713,1.0013405084609985,0
synthetic,rare_sharp_shift,4096,False,torch.float16,1234,1,64,256,0.07746575027704239,0.06683814525604248,1.0030384063720703,0
synthetic,rare_sharp_shift,4096,False,torch.float16,1234,1,256,256,0.04877106845378876,0.03452596068382263,1.0002601146697998,0
synthetic,rare_sharp_shift,4096,False,torch.float16,1234,1,1024,256,0.037248075008392334,0.020172277465462685,1.002967119216919,0
synthetic,rare_sharp_shift,4096,False,torch.float16,1234,2,64,256,0.06978236883878708,0.05794878676533699,1.003576636314392,0
synthetic,rare_sharp_shift,4096,False,torch.float16,1234,2,256,256,0.04712654650211334,0.03130875900387764,1.0008107423782349,0
synthetic,rare_sharp_shift,4096,False,torch.float16,1234,2,1024,256,0.033635783940553665,0.01603095233440399,1.0015233755111694,0
synthetic,rare_sharp_shift,4096,False,torch.float16,1234,3,64,256,0.07608284056186676,0.06551363319158554,1.0019290447235107,0
synthetic,rare_sharp_shift,4096,False,torch.float16,1234,3,256,256,0.047689616680145264,0.0331665500998497,1.0007548332214355,0
synthetic,rare_sharp_shift,4096,False,torch.float16,1234,3,1024,256,0.036251045763492584,0.018947239965200424,0.9998547434806824,0
synthetic,rare_sharp_shift,4096,False,torch.float16,1234,4,64,256,0.08220791071653366,0.07250014692544937,1.001749038696289,0
synthetic,rare_sharp_shift,4096,False,torch.float16,1234,4,256,256,0.04781399667263031,0.032440636307001114,1.0032017230987549,0
synthetic,rare_sharp_shift,4096,False,torch.float16,1234,4,1024,256,0.03517995402216911,0.018152127042412758,0.9998458623886108,0
synthetic,rare_sharp_shift,4096,False,torch.float16,1234,5,64,256,0.07316417992115021,0.0613865926861763,1.0032340288162231,0
synthetic,rare_sharp_shift,4096,False,torch.float16,1234,5,256,256,0.04374149069190025,0.028474371880292892,1.003814935684204,0
synthetic,rare_sharp_shift,4096,False,torch.float16,1234,5,1024,256,0.03139566630125046,0.013744592666625977,1.00377357006073,0
synthetic,rare_sharp_shift,4096,False,torch.float16,1234,6,64,256,0.07108552008867264,0.06126860901713371,1.002427577972412,0
synthetic,rare_sharp_shift,4096,False,torch.float16,1234,6,256,256,0.04340609163045883,0.02733854204416275,1.0044387578964233,0
synthetic,rare_sharp_shift,4096,False,torch.float16,1234,6,1024,256,0.03326334059238434,0.015447285026311874,1.0036906003952026,0
synthetic,rare_sharp_shift,4096,False,torch.float16,1234,7,64,256,0.09242954850196838,0.08580607920885086,1.0025051832199097,0
synthetic,rare_sharp_shift,4096,False,torch.float16,1234,7,256,256,0.04992378503084183,0.035385921597480774,1.0015441179275513,0
synthetic,rare_sharp_shift,4096,False,torch.float16,1234,7,1024,256,0.03478366136550903,0.01772267185151577,1.0014897584915161,0
synthetic,rare_sharp_shift,4096,False,torch.float16,2345,0,64,256,0.060770418494939804,0.05590953677892685,1.0020129680633545,0
synthetic,rare_sharp_shift,4096,False,torch.float16,2345,0,256,256,0.03236201032996178,0.024036314338445663,1.0017365217208862,0
synthetic,rare_sharp_shift,4096,False,torch.float16,2345,0,1024,256,0.024313293397426605,0.014104107394814491,1.0035908222198486,0
synthetic,rare_sharp_shift,4096,False,torch.float16,2345,1,64,256,0.0606607086956501,0.056634820997714996,1.0045361518859863,0
synthetic,rare_sharp_shift,4096,False,torch.float16,2345,1,256,256,0.03486672788858414,0.02713235653936863,1.0032844543457031,0
synthetic,rare_sharp_shift,4096,False,torch.float16,2345,1,1024,256,0.028184019029140472,0.01835390366613865,1.0025458335876465,0
synthetic,rare_sharp_shift,4096,False,torch.float16,2345,2,64,256,0.08076559007167816,0.07656948268413544,1.0021371841430664,0
synthetic,rare_sharp_shift,4096,False,torch.float16,2345,2,256,256,0.03600800782442093,0.028386879712343216,1.001531720161438,0
synthetic,rare_sharp_shift,4096,False,torch.float16,2345,2,1024,256,0.029159042984247208,0.01956969127058983,1.0026962757110596,0
synthetic,rare_sharp_shift,4096,False,torch.float16,2345,3,64,256,0.08841255307197571,0.08479037880897522,1.0011404752731323,0
synthetic,rare_sharp_shift,4096,False,torch.float16,2345,3,256,256,0.040113575756549835,0.033631086349487305,1.0014965534210205,0
synthetic,rare_sharp_shift,4096,False,torch.float16,2345,3,1024,256,0.03236793726682663,0.023203497752547264,1.0028191804885864,0
synthetic,rare_sharp_shift,4096,False,torch.float16,2345,4,64,256,0.08071490377187729,0.07871678471565247,0.9987892508506775,0
synthetic,rare_sharp_shift,4096,False,torch.float16,2345,4,256,256,0.034031495451927185,0.026156071573495865,0.9984205961227417,0
synthetic,rare_sharp_shift,4096,False,torch.float16,2345,4,1024,256,0.027047641575336456,0.017465777695178986,0.9994715452194214,0
synthetic,rare_sharp_shift,4096,False,torch.float16,2345,5,64,256,0.06903718411922455,0.06328650563955307,1.0023962259292603,0
synthetic,rare_sharp_shift,4096,False,torch.float16,2345,5,256,256,0.029544174671173096,0.020697470754384995,1.0021191835403442,0
synthetic,rare_sharp_shift,4096,False,torch.float16,2345,5,1024,256,0.024819374084472656,0.014898631721735,1.0016944408416748,0
synthetic,rare_sharp_shift,4096,False,torch.float16,2345,6,64,256,0.06528419256210327,0.060924649238586426,1.0012086629867554,0
synthetic,rare_sharp_shift,4096,False,torch.float16,2345,6,256,256,0.03411692753434181,0.025596657767891884,1.0013892650604248,0
synthetic,rare_sharp_shift,4096,False,torch.float16,2345,6,1024,256,0.025835689157247543,0.016131673008203506,1.001401424407959,0
synthetic,rare_sharp_shift,4096,False,torch.float16,2345,7,64,256,0.08024363964796066,0.07889768481254578,0.9999293088912964,0
synthetic,rare_sharp_shift,4096,False,torch.float16,2345,7,256,256,0.03680465370416641,0.029219958931207657,0.9982253909111023,0
synthetic,rare_sharp_shift,4096,False,torch.float16,2345,7,1024,256,0.028054285794496536,0.018588507547974586,0.9992851614952087,0
synthetic,rare_sharp_shift,4096,False,torch.float16,3456,0,64,256,0.06860008835792542,0.06877359747886658,1.0006358623504639,0
synthetic,rare_sharp_shift,4096,False,torch.float16,3456,0,256,256,0.03898698836565018,0.035198964178562164,1.002427101135254,0
synthetic,rare_sharp_shift,4096,False,torch.float16,3456,0,1024,256,0.026250667870044708,0.02096279338002205,1.0015873908996582,0
synthetic,rare_sharp_shift,4096,False,torch.float16,3456,1,64,256,0.0685998797416687,0.06969987601041794,1.000834584236145,0
synthetic,rare_sharp_shift,4096,False,torch.float16,3456,1,256,256,0.04295609891414642,0.038571152836084366,1.0013231039047241,0
synthetic,rare_sharp_shift,4096,False,torch.float16,3456,1,1024,256,0.02235826849937439,0.01665189303457737,1.0015032291412354,0
synthetic,rare_sharp_shift,4096,False,torch.float16,3456,2,64,256,0.06527455151081085,0.066774383187294,0.9993723630905151,0
synthetic,rare_sharp_shift,4096,False,torch.float16,3456,2,256,256,0.03861567750573158,0.03419095650315285,1.0012165307998657,0
synthetic,rare_sharp_shift,4096,False,torch.float16,3456,2,1024,256,0.021901946514844894,0.016089189797639847,1.0001145601272583,0
synthetic,rare_sharp_shift,4096,False,torch.float16,3456,3,64,256,0.06295980513095856,0.06526126712560654,0.9992176294326782,0
synthetic,rare_sharp_shift,4096,False,torch.float16,3456,3,256,256,0.039706990122795105,0.03579910844564438,0.999857485294342,0
synthetic,rare_sharp_shift,4096,False,torch.float16,3456,3,1024,256,0.024623937904834747,0.01939461939036846,0.9984390139579773,0
synthetic,rare_sharp_shift,4096,False,torch.float16,3456,4,64,256,0.06044525280594826,0.05902784317731857,0.9978830814361572,0
synthetic,rare_sharp_shift,4096,False,torch.float16,3456,4,256,256,0.03470608964562416,0.030489444732666016,0.9975380301475525,0
synthetic,rare_sharp_shift,4096,False,torch.float16,3456,4,1024,256,0.02093600109219551,0.015071634203195572,0.9973474740982056,0
synthetic,rare_sharp_shift,4096,False,torch.float16,3456,5,64,256,0.07142974436283112,0.07309362292289734,1.0013879537582397,0
synthetic,rare_sharp_shift,4096,False,torch.float16,3456,5,256,256,0.03960998356342316,0.03577806055545807,0.9999144673347473,0
synthetic,rare_sharp_shift,4096,False,torch.float16,3456,5,1024,256,0.024320591241121292,0.01875491254031658,1.0005768537521362,0
synthetic,rare_sharp_shift,4096,False,torch.float16,3456,6,64,256,0.06260363012552261,0.06244973465800285,1.0028454065322876,0
synthetic,rare_sharp_shift,4096,False,torch.float16,3456,6,256,256,0.03901707008481026,0.034621886909008026,1.002699851989746,0
synthetic,rare_sharp_shift,4096,False,torch.float16,3456,6,1024,256,0.02348984032869339,0.01789937913417816,1.0014283657073975,0
synthetic,rare_sharp_shift,4096,False,torch.float16,3456,7,64,256,0.06972399353981018,0.0723668783903122,0.9985416531562805,0
synthetic,rare_sharp_shift,4096,False,torch.float16,3456,7,256,256,0.049732521176338196,0.047560714185237885,1.0009329319000244,0
synthetic,rare_sharp_shift,4096,False,torch.float16,3456,7,1024,256,0.02508728578686714,0.019654441624879837,0.9980879426002502,0
synthetic,rare_sharp_shift,4096,False,torch.float32,1234,0,64,256,0.08387389779090881,0.07345664501190186,1.0017989873886108,0
synthetic,rare_sharp_shift,4096,False,torch.float32,1234,0,256,256,0.04698242247104645,0.03221932798624039,1.0013384819030762,0
synthetic,rare_sharp_shift,4096,False,torch.float32,1234,0,1024,256,0.03548199683427811,0.018403897061944008,1.0013400316238403,0
synthetic,rare_sharp_shift,4096,False,torch.float32,1234,1,64,256,0.07746738195419312,0.06683847308158875,1.0030384063720703,0
synthetic,rare_sharp_shift,4096,False,torch.float32,1234,1,256,256,0.04877346381545067,0.034528691321611404,1.000260829925537,0
synthetic,rare_sharp_shift,4096,False,torch.float32,1234,1,1024,256,0.03724774345755577,0.020171653479337692,1.002967119216919,0
synthetic,rare_sharp_shift,4096,False,torch.float32,1234,2,64,256,0.06978344917297363,0.05795017629861832,1.0035779476165771,0
synthetic,rare_sharp_shift,4096,False,torch.float32,1234,2,256,256,0.04712720215320587,0.0313081294298172,1.0008115768432617,0
synthetic,rare_sharp_shift,4096,False,torch.float32,1234,2,1024,256,0.03363531827926636,0.016031406819820404,1.001523733139038,0
synthetic,rare_sharp_shift,4096,False,torch.float32,1234,3,64,256,0.07608669996261597,0.06551770865917206,1.0019289255142212,0
synthetic,rare_sharp_shift,4096,False,torch.float32,1234,3,256,256,0.04768911376595497,0.03316577523946762,1.0007543563842773,0
synthetic,rare_sharp_shift,4096,False,torch.float32,1234,3,1024,256,0.03625128045678139,0.018947038799524307,0.9998545050621033,0
synthetic,rare_sharp_shift,4096,False,torch.float32,1234,4,64,256,0.08220396935939789,0.07249361276626587,1.001749873161316,0
synthetic,rare_sharp_shift,4096,False,torch.float32,1234,4,256,256,0.04781346768140793,0.03244028240442276,1.0032016038894653,0
synthetic,rare_sharp_shift,4096,False,torch.float32,1234,4,1024,256,0.035179927945137024,0.018152564764022827,0.9998460412025452,0
synthetic,rare_sharp_shift,4096,False,torch.float32,1234,5,64,256,0.07316668331623077,0.06138687953352928,1.0032342672348022,0
synthetic,rare_sharp_shift,4096,False,torch.float32,1234,5,256,256,0.04374066740274429,0.028473246842622757,1.0038142204284668,0
synthetic,rare_sharp_shift,4096,False,torch.float32,1234,5,1024,256,0.03139547258615494,0.013744371011853218,1.0037734508514404,0
synthetic,rare_sharp_shift,4096,False,torch.float32,1234,6,64,256,0.07108825445175171,0.06127072125673294,1.002428412437439,0
synthetic,rare_sharp_shift,4096,False,torch.float32,1234,6,256,256,0.0434061698615551,0.027338482439517975,1.0044385194778442,0
synthetic,rare_sharp_shift,4096,False,torch.float32,1234,6,1024,256,0.03326403349637985,0.015447774901986122,1.0036900043487549,0
synthetic,rare_sharp_shift,4096,False,torch.float32,1234,7,64,256,0.09242191910743713,0.08579666912555695,1.0025070905685425,0
synthetic,rare_sharp_shift,4096,False,torch.float32,1234,7,256,256,0.049919143319129944,0.03538040816783905,1.00154447555542,0
synthetic,rare_sharp_shift,4096,False,torch.float32,1234,7,1024,256,0.034782182425260544,0.01772117242217064,1.001490592956543,0
synthetic,rare_sharp_shift,4096,False,torch.float32,2345,0,64,256,0.0607696957886219,0.05590897798538208,1.0020136833190918,0
synthetic,rare_sharp_shift,4096,False,torch.float32,2345,0,256,256,0.03236113861203194,0.024036794900894165,1.0017369985580444,0
synthetic,rare_sharp_shift,4096,False,torch.float32,2345,0,1024,256,0.024313267320394516,0.014103561639785767,1.0035920143127441,0
synthetic,rare_sharp_shift,4096,False,torch.float32,2345,1,64,256,0.06066131591796875,0.056637197732925415,1.0045350790023804,0
synthetic,rare_sharp_shift,4096,False,torch.float32,2345,1,256,256,0.03486647084355354,0.02713346667587757,1.0032837390899658,0
synthetic,rare_sharp_shift,4096,False,torch.float32,2345,1,1024,256,0.02818336710333824,0.01835293509066105,1.0025445222854614,0
synthetic,rare_sharp_shift,4096,False,torch.float32,2345,2,64,256,0.0807693675160408,0.07657293230295181,1.0021363496780396,0
synthetic,rare_sharp_shift,4096,False,torch.float32,2345,2,256,256,0.03600937873125076,0.0283878892660141,1.0015305280685425,0
synthetic,rare_sharp_shift,4096,False,torch.float32,2345,2,1024,256,0.029160361737012863,0.019571539014577866,1.002695918083191,0
synthetic,rare_sharp_shift,4096,False,torch.float32,2345,3,64,256,0.08841387927532196,0.08479389548301697,1.0011407136917114,0
synthetic,rare_sharp_shift,4096,False,torch.float32,2345,3,256,256,0.04011518508195877,0.033632583916187286,1.001497507095337,0
synthetic,rare_sharp_shift,4096,False,torch.float32,2345,3,1024,256,0.03236834332346916,0.02320363186299801,1.00281822681427,0
synthetic,rare_sharp_shift,4096,False,torch.float32,2345,4,64,256,0.0807100236415863,0.078711599111557,0.9987918734550476,0
synthetic,rare_sharp_shift,4096,False,torch.float32,2345,4,256,256,0.03403183072805405,0.02615787275135517,0.9984212517738342,0
synthetic,rare_sharp_shift,4096,False,torch.float32,2345,4,1024,256,0.0270475335419178,0.017465978860855103,0.9994720816612244,0
synthetic,rare_sharp_shift,4096,False,torch.float32,2345,5,64,256,0.06903998553752899,0.06328988075256348,1.002395749092102,0
synthetic,rare_sharp_shift,4096,False,torch.float32,2345,5,256,256,0.029544804245233536,0.0206975769251585,1.0021193027496338,0
synthetic,rare_sharp_shift,4096,False,torch.float32,2345,5,1024,256,0.02481994405388832,0.01489957608282566,1.001694679260254,0
synthetic,rare_sharp_shift,4096,False,torch.float32,2345,6,64,256,0.06528385728597641,0.06092488020658493,1.0012092590332031,0
synthetic,rare_sharp_shift,4096,False,torch.float32,2345,6,256,256,0.03411736339330673,0.02559811994433403,1.001389980316162,0
synthetic,rare_sharp_shift,4096,False,torch.float32,2345,6,1024,256,0.025835450738668442,0.01613159477710724,1.0014019012451172,0
synthetic,rare_sharp_shift,4096,False,torch.float32,2345,7,64,256,0.08024286478757858,0.07889717817306519,0.9999290108680725,0
synthetic,rare_sharp_shift,4096,False,torch.float32,2345,7,256,256,0.036803461611270905,0.029219886288046837,0.9982259273529053,0
synthetic,rare_sharp_shift,4096,False,torch.float32,2345,7,1024,256,0.028054118156433105,0.018588295206427574,0.9992854595184326,0
synthetic,rare_sharp_shift,4096,False,torch.float32,3456,0,64,256,0.06859873235225677,0.06877288222312927,1.0006353855133057,0
synthetic,rare_sharp_shift,4096,False,torch.float32,3456,0,256,256,0.038986094295978546,0.03519805148243904,1.0024266242980957,0
synthetic,rare_sharp_shift,4096,False,torch.float32,3456,0,1024,256,0.02625046670436859,0.02096271887421608,1.0015875101089478,0
synthetic,rare_sharp_shift,4096,False,torch.float32,3456,1,64,256,0.06859683990478516,0.06969695538282394,1.0008348226547241,0
synthetic,rare_sharp_shift,4096,False,torch.float32,3456,1,256,256,0.04295447841286659,0.03856973350048065,1.0013231039047241,0
synthetic,rare_sharp_shift,4096,False,torch.float32,3456,1,1024,256,0.02235722541809082,0.016651079058647156,1.001503348350525,0
synthetic,rare_sharp_shift,4096,False,torch.float32,3456,2,64,256,0.06527160108089447,0.06677164882421494,0.9993718266487122,0
synthetic,rare_sharp_shift,4096,False,torch.float32,3456,2,256,256,0.03861411660909653,0.03418906778097153,1.001215934753418,0
synthetic,rare_sharp_shift,4096,False,torch.float32,3456,2,1024,256,0.021901482716202736,0.016088474541902542,1.000113844871521,0
synthetic,rare_sharp_shift,4096,False,torch.float32,3456,3,64,256,0.06295940279960632,0.06526383757591248,0.9992170929908752,0
synthetic,rare_sharp_shift,4096,False,torch.float32,3456,3,256,256,0.03970623388886452,0.03579729050397873,0.9998570680618286,0
synthetic,rare_sharp_shift,4096,False,torch.float32,3456,3,1024,256,0.024623969569802284,0.01939430646598339,0.9984387159347534,0
synthetic,rare_sharp_shift,4096,False,torch.float32,3456,4,64,256,0.060448162257671356,0.059030454605817795,0.9978835582733154,0
synthetic,rare_sharp_shift,4096,False,torch.float32,3456,4,256,256,0.03470688685774803,0.030491109937429428,0.997538149356842,0
synthetic,rare_sharp_shift,4096,False,torch.float32,3456,4,1024,256,0.02093617618083954,0.01507218275219202,0.9973477721214294,0
synthetic,rare_sharp_shift,4096,False,torch.float32,3456,5,64,256,0.0714297890663147,0.07309231907129288,1.0013890266418457,0
synthetic,rare_sharp_shift,4096,False,torch.float32,3456,5,256,256,0.039608780294656754,0.035776011645793915,0.9999154806137085,0
synthetic,rare_sharp_shift,4096,False,torch.float32,3456,5,1024,256,0.024319995194673538,0.018754472956061363,1.0005778074264526,0
synthetic,rare_sharp_shift,4096,False,torch.float32,3456,6,64,256,0.06260469555854797,0.06245173141360283,1.0028443336486816,0
synthetic,rare_sharp_shift,4096,False,torch.float32,3456,6,256,256,0.039018742740154266,0.03462333232164383,1.0026986598968506,0
synthetic,rare_sharp_shift,4096,False,torch.float32,3456,6,1024,256,0.02349036931991577,0.017899204045534134,1.0014296770095825,0
synthetic,rare_sharp_shift,4096,False,torch.float32,3456,7,64,256,0.06972348690032959,0.07236557453870773,0.9985415935516357,0
synthetic,rare_sharp_shift,4096,False,torch.float32,3456,7,256,256,0.049733106046915054,0.04755999147891998,1.0009331703186035,0
synthetic,rare_sharp_shift,4096,False,torch.float32,3456,7,1024,256,0.02508765459060669,0.01965491659939289,0.998088002204895,0
synthetic,rare_sharp_shift,4096,True,torch.float16,1234,0,64,256,0.07821401208639145,0.07116487622261047,1.0024285316467285,0
synthetic,rare_sharp_shift,4096,True,torch.float16,1234,0,256,256,0.04594579339027405,0.031554386019706726,1.001092553138733,0
synthetic,rare_sharp_shift,4096,True,torch.float16,1234,0,1024,256,0.035508304834365845,0.019981540739536285,1.0004748106002808,0
synthetic,rare_sharp_shift,4096,True,torch.float16,1234,1,64,256,0.07421603798866272,0.0643918588757515,1.0004407167434692,0
synthetic,rare_sharp_shift,4096,True,torch.float16,1234,1,256,256,0.04721951484680176,0.03367101773619652,0.9988901019096375,0
synthetic,rare_sharp_shift,4096,True,torch.float16,1234,1,1024,256,0.03590167686343193,0.019433699548244476,0.9998670220375061,0
synthetic,rare_sharp_shift,4096,True,torch.float16,1234,2,64,256,0.07440096884965897,0.07120155543088913,1.0090138912200928,0
synthetic,rare_sharp_shift,4096,True,torch.float16,1234,2,256,256,0.04631204158067703,0.03199874237179756,1.0061355829238892,0
synthetic,rare_sharp_shift,4096,True,torch.float16,1234,2,1024,256,0.03349648416042328,0.016628634184598923,1.0065380334854126,0
synthetic,rare_sharp_shift,4096,True,torch.float16,1234,3,64,256,0.07576706260442734,0.06736375391483307,1.003758430480957,0
synthetic,rare_sharp_shift,4096,True,torch.float16,1234,3,256,256,0.04492924362421036,0.031239569187164307,0.9987499713897705,0
synthetic,rare_sharp_shift,4096,True,torch.float16,1234,3,1024,256,0.03571297228336334,0.019435908645391464,0.9975279569625854,0
synthetic,rare_sharp_shift,4096,True,torch.float16,1234,4,64,256,0.08050141483545303,0.07480763643980026,0.9994106888771057,0
synthetic,rare_sharp_shift,4096,True,torch.float16,1234,4,256,256,0.04608624428510666,0.032857682555913925,1.000514030456543,0
synthetic,rare_sharp_shift,4096,True,torch.float16,1234,4,1024,256,0.03462477773427963,0.0182778500020504,1.0003957748413086,0
synthetic,rare_sharp_shift,4096,True,torch.float16,1234,5,64,256,0.07440390437841415,0.06832054257392883,1.0031919479370117,0
synthetic,rare_sharp_shift,4096,True,torch.float16,1234,5,256,256,0.04603398218750954,0.03240793198347092,1.0057724714279175,0
synthetic,rare_sharp_shift,4096,True,torch.float16,1234,5,1024,256,0.03216119110584259,0.016118286177515984,1.00320303440094,0
synthetic,rare_sharp_shift,4096,True,torch.float16,1234,6,64,256,0.07303868234157562,0.06707307696342468,1.0067299604415894,0
synthetic,rare_sharp_shift,4096,True,torch.float16,1234,6,256,256,0.04766419529914856,0.03730263561010361,1.0067181587219238,0
synthetic,rare_sharp_shift,4096,True,torch.float16,1234,6,1024,256,0.035274162888526917,0.01988617330789566,1.0052107572555542,0
synthetic,rare_sharp_shift,4096,True,torch.float16,1234,7,64,256,0.08236925303936005,0.07796891033649445,1.0041017532348633,0
synthetic,rare_sharp_shift,4096,True,torch.float16,1234,7,256,256,0.047548625618219376,0.03413483127951622,1.0013206005096436,0
synthetic,rare_sharp_shift,4096,True,torch.float16,1234,7,1024,256,0.03351873159408569,0.017202967777848244,1.0022852420806885,0
synthetic,rare_sharp_shift,4096,True,torch.float16,2345,0,64,256,0.0692603811621666,0.07009539008140564,0.9971956610679626,0
synthetic,rare_sharp_shift,4096,True,torch.float16,2345,0,256,256,0.034400954842567444,0.026650065556168556,0.9978390336036682,0
synthetic,rare_sharp_shift,4096,True,torch.float16,2345,0,1024,256,0.026001591235399246,0.01684010773897171,0.9984123110771179,0
synthetic,rare_sharp_shift,4096,True,torch.float16,2345,1,64,256,0.06686142086982727,0.06560636311769485,1.0107098817825317,0
synthetic,rare_sharp_shift,4096,True,torch.float16,2345,1,256,256,0.03586849942803383,0.02896866761147976,1.0080788135528564,0
synthetic,rare_sharp_shift,4096,True,torch.float16,2345,1,1024,256,0.026925712823867798,0.018383193761110306,1.0049530267715454,0
synthetic,rare_sharp_shift,4096,True,torch.float16,2345,2,64,256,0.07404486835002899,0.07334345579147339,1.0048938989639282,0
synthetic,rare_sharp_shift,4096,True,torch.float16,2345,2,256,256,0.03616177290678024,0.029478589072823524,1.0069667100906372,0
synthetic,rare_sharp_shift,4096,True,torch.float16,2345,2,1024,256,0.026602981612086296,0.018379544839262962,1.004179835319519,0
synthetic,rare_sharp_shift,4096,True,torch.float16,2345,3,64,256,0.07547309249639511,0.08415354788303375,1.0000152587890625,0
synthetic,rare_sharp_shift,4096,True,torch.float16,2345,3,256,256,0.03691285848617554,0.03249353915452957,1.0014724731445312,0
synthetic,rare_sharp_shift,4096,True,torch.float16,2345,3,1024,256,0.027997124940156937,0.022133342921733856,1.0023119449615479,0
synthetic,rare_sharp_shift,4096,True,torch.float16,2345,4,64,256,0.07595247775316238,0.07564380764961243,0.9997857809066772,0
synthetic,rare_sharp_shift,4096,True,torch.float16,2345,4,256,256,0.03532295301556587,0.02899869717657566,0.9994944930076599,0
synthetic,rare_sharp_shift,4096,True,torch.float16,2345,4,1024,256,0.025955665856599808,0.01877390220761299,1.0001176595687866,0
synthetic,rare_sharp_shift,4096,True,torch.float16,2345,5,64,256,0.06303124129772186,0.06126727536320686,1.0033199787139893,0
synthetic,rare_sharp_shift,4096,True,torch.float16,2345,5,256,256,0.03204389289021492,0.025233935564756393,1.004386067390442,0
synthetic,rare_sharp_shift,4096,True,torch.float16,2345,5,1024,256,0.02421703189611435,0.015109540894627571,1.0004756450653076,0
synthetic,rare_sharp_shift,4096,True,torch.float16,2345,6,64,256,0.06794256716966629,0.06913893669843674,0.9983935952186584,0
synthetic,rare_sharp_shift,4096,True,torch.float16,2345,6,256,256,0.03332627937197685,0.02569837123155594,0.9992882609367371,0
synthetic,rare_sharp_shift,4096,True,torch.float16,2345,6,1024,256,0.02613113448023796,0.016907192766666412,0.9975965619087219,0
synthetic,rare_sharp_shift,4096,True,torch.float16,2345,7,64,256,0.07866235822439194,0.08104769140481949,1.0008207559585571,0
synthetic,rare_sharp_shift,4096,True,torch.float16,2345,7,256,256,0.037428319454193115,0.03164294362068176,0.999670684337616,0
synthetic,rare_sharp_shift,4096,True,torch.float16,2345,7,1024,256,0.02777673304080963,0.019107915461063385,1.0005497932434082,0
synthetic,rare_sharp_shift,4096,True,torch.float16,3456,0,64,256,0.060982026159763336,0.06362971663475037,0.9993605613708496,0
synthetic,rare_sharp_shift,4096,True,torch.float16,3456,0,256,256,0.03946533799171448,0.03635649010539055,1.0015510320663452,0
synthetic,rare_sharp_shift,4096,True,torch.float16,3456,0,1024,256,0.02480054832994938,0.019977599382400513,1.0006217956542969,0
synthetic,rare_sharp_shift,4096,True,torch.float16,3456,1,64,256,0.0654691830277443,0.07145195454359055,0.9997037649154663,0
synthetic,rare_sharp_shift,4096,True,torch.float16,3456,1,256,256,0.041821643710136414,0.039299629628658295,1.0001991987228394,0
synthetic,rare_sharp_shift,4096,True,torch.float16,3456,1,1024,256,0.022051028907299042,0.017068903893232346,1.0000330209732056,0
synthetic,rare_sharp_shift,4096,True,torch.float16,3456,2,64,256,0.06510745733976364,0.06909642368555069,1.0086697340011597,0
synthetic,rare_sharp_shift,4096,True,torch.float16,3456,2,256,256,0.037823788821697235,0.035632483661174774,1.007921576499939,0
synthetic,rare_sharp_shift,4096,True,torch.float16,3456,2,1024,256,0.02190570905804634,0.016630029305815697,1.004144310951233,0
synthetic,rare_sharp_shift,4096,True,torch.float16,3456,3,64,256,0.059485793113708496,0.06461432576179504,0.9998582601547241,0
synthetic,rare_sharp_shift,4096,True,torch.float16,3456,3,256,256,0.038402922451496124,0.03629530221223831,1.0001213550567627,0
synthetic,rare_sharp_shift,4096,True,torch.float16,3456,3,1024,256,0.025150220841169357,0.021885903552174568,0.9992150664329529,0
synthetic,rare_sharp_shift,4096,True,torch.float16,3456,4,64,256,0.06034287065267563,0.06221214681863785,0.996576189994812,0
synthetic,rare_sharp_shift,4096,True,torch.float16,3456,4,256,256,0.03519963473081589,0.03386333957314491,0.9974417090415955,0
synthetic,rare_sharp_shift,4096,True,torch.float16,3456,4,1024,256,0.02172241359949112,0.016577789559960365,0.9973342418670654,0
synthetic,rare_sharp_shift,4096,True,torch.float16,3456,5,64,256,0.07035581767559052,0.07706306874752045,1.000648856163025,0
synthetic,rare_sharp_shift,4096,True,torch.float16,3456,5,256,256,0.04134136065840721,0.03991394490003586,0.9991955161094666,0
synthetic,rare_sharp_shift,4096,True,torch.float16,3456,5,1024,256,0.023934001103043556,0.019137507304549217,1.0001624822616577,0
synthetic,rare_sharp_shift,4096,True,torch.float16,3456,6,64,256,0.06173652410507202,0.06595796346664429,1.008175015449524,0
synthetic,rare_sharp_shift,4096,True,torch.float16,3456,6,256,256,0.038676708936691284,0.03585389629006386,1.004125952720642,0
synthetic,rare_sharp_shift,4096,True,torch.float16,3456,6,1024,256,0.023873018100857735,0.01995932310819626,1.0042245388031006,0
synthetic,rare_sharp_shift,4096,True,torch.float16,3456,7,64,256,0.06056460365653038,0.06705600023269653,0.9996423125267029,0
synthetic,rare_sharp_shift,4096,True,torch.float16,3456,7,256,256,0.042421624064445496,0.04359032213687897,1.0017679929733276,0
synthetic,rare_sharp_shift,4096,True,torch.float16,3456,7,1024,256,0.02236785553395748,0.017971649765968323,0.9987413287162781,0
synthetic,rare_sharp_shift,4096,True,torch.float32,1234,0,64,256,0.07821133732795715,0.07116411626338959,1.0024291276931763,0
synthetic,rare_sharp_shift,4096,True,torch.float32,1234,0,256,256,0.04594521224498749,0.03155290707945824,1.0010929107666016,0
synthetic,rare_sharp_shift,4096,True,torch.float32,1234,0,1024,256,0.03550803288817406,0.019980672746896744,1.0004740953445435,0
synthetic,rare_sharp_shift,4096,True,torch.float32,1234,1,64,256,0.0742175281047821,0.06439478695392609,1.0004409551620483,0
synthetic,rare_sharp_shift,4096,True,torch.float32,1234,1,256,256,0.04722069948911667,0.03367112576961517,0.9988914728164673,0
synthetic,rare_sharp_shift,4096,True,torch.float32,1234,1,1024,256,0.03590166196227074,0.019433043897151947,0.9998684525489807,0
synthetic,rare_sharp_shift,4096,True,torch.float32,1234,2,64,256,0.0744011253118515,0.0712067261338234,1.009016990661621,0
synthetic,rare_sharp_shift,4096,True,torch.float32,1234,2,256,256,0.046312764286994934,0.03199959546327591,1.0061371326446533,0
synthetic,rare_sharp_shift,4096,True,torch.float32,1234,2,1024,256,0.0334956981241703,0.016626983880996704,1.0065391063690186,0
synthetic,rare_sharp_shift,4096,True,torch.float32,1234,3,64,256,0.07576818019151688,0.06736758351325989,1.0037565231323242,0
synthetic,rare_sharp_shift,4096,True,torch.float32,1234,3,256,256,0.04492928460240364,0.031240100041031837,0.9987493753433228,0
synthetic,rare_sharp_shift,4096,True,torch.float32,1234,3,1024,256,0.03571295738220215,0.019435837864875793,0.9975264668464661,0
synthetic,rare_sharp_shift,4096,True,torch.float32,1234,4,64,256,0.08050008118152618,0.07480333745479584,0.9994112253189087,0
synthetic,rare_sharp_shift,4096,True,torch.float32,1234,4,256,256,0.04608682915568352,0.03285789489746094,1.0005136728286743,0
synthetic,rare_sharp_shift,4096,True,torch.float32,1234,4,1024,256,0.0346248522400856,0.018278010189533234,1.0003950595855713,0
synthetic,rare_sharp_shift,4096,True,torch.float32,1234,5,64,256,0.07440546154975891,0.06831825524568558,1.0031908750534058,0
synthetic,rare_sharp_shift,4096,True,torch.float32,1234,5,256,256,0.04603329300880432,0.03240622580051422,1.0057709217071533,0
synthetic,rare_sharp_shift,4096,True,torch.float32,1234,5,1024,256,0.032160982489585876,0.016117675229907036,1.003200650215149,0
synthetic,rare_sharp_shift,4096,True,torch.float32,1234,6,64,256,0.07303936034440994,0.06706927716732025,1.0067299604415894,0
synthetic,rare_sharp_shift,4096,True,torch.float32,1234,6,256,256,0.04766374081373215,0.037301212549209595,1.0067167282104492,0
synthetic,rare_sharp_shift,4096,True,torch.float32,1234,6,1024,256,0.035274527966976166,0.019886605441570282,1.005210518836975,0
synthetic,rare_sharp_shift,4096,True,torch.float32,1234,7,64,256,0.08236704766750336,0.07796585559844971,1.0041038990020752,0
synthetic,rare_sharp_shift,4096,True,torch.float32,1234,7,256,256,0.04754720628261566,0.03413281962275505,1.0013197660446167,0
synthetic,rare_sharp_shift,4096,True,torch.float32,1234,7,1024,256,0.033518269658088684,0.017202559858560562,1.0022861957550049,0
synthetic,rare_sharp_shift,4096,True,torch.float32,2345,0,64,256,0.06926099956035614,0.07009629905223846,0.9971958994865417,0
synthetic,rare_sharp_shift,4096,True,torch.float32,2345,0,256,256,0.03440064564347267,0.02665090002119541,0.9978394508361816,0
synthetic,rare_sharp_shift,4096,True,torch.float32,2345,0,1024,256,0.026001345366239548,0.01684066839516163,0.9984133839607239,0
synthetic,rare_sharp_shift,4096,True,torch.float32,2345,1,64,256,0.06686045974493027,0.06560353189706802,1.0107064247131348,0
synthetic,rare_sharp_shift,4096,True,torch.float32,2345,1,256,256,0.03586842119693756,0.028968356549739838,1.0080758333206177,0
synthetic,rare_sharp_shift,4096,True,torch.float32,2345,1,1024,256,0.026925228536128998,0.01838267408311367,1.0049504041671753,0
synthetic,rare_sharp_shift,4096,True,torch.float32,2345,2,64,256,0.07404567301273346,0.0733477920293808,1.0048974752426147,0
synthetic,rare_sharp_shift,4096,True,torch.float32,2345,2,256,256,0.03616233170032501,0.029478278011083603,1.006966233253479,0
synthetic,rare_sharp_shift,4096,True,torch.float32,2345,2,1024,256,0.02660331316292286,0.018380096182227135,1.0041781663894653,0
synthetic,rare_sharp_shift,4096,True,torch.float32,2345,3,64,256,0.07547222077846527,0.08415277302265167,1.0000131130218506,0
synthetic,rare_sharp_shift,4096,True,torch.float32,2345,3,256,256,0.036913659423589706,0.03249353915452957,1.0014714002609253,0
synthetic,rare_sharp_shift,4096,True,torch.float32,2345,3,1024,256,0.027997398748993874,0.022133097052574158,1.0023115873336792,0
synthetic,rare_sharp_shift,4096,True,torch.float32,2345,4,64,256,0.07595042139291763,0.07563906908035278,0.9997938275337219,0
synthetic,rare_sharp_shift,4096,True,torch.float32,2345,4,256,256,0.03532228618860245,0.02899865061044693,0.9994949698448181,0
synthetic,rare_sharp_shift,4096,True,torch.float32,2345,4,1024,256,0.025956211611628532,0.018774235621094704,1.0001180171966553,0
synthetic,rare_sharp_shift,4096,True,torch.float32,2345,5,64,256,0.06303323060274124,0.06126981973648071,1.0033226013183594,0
synthetic,rare_sharp_shift,4096,True,torch.float32,2345,5,256,256,0.0320441834628582,0.025235820561647415,1.0043907165527344,0
synthetic,rare_sharp_shift,4096,True,torch.float32,2345,5,1024,256,0.02421710267663002,0.015110261738300323,1.000475287437439,0
synthetic,rare_sharp_shift,4096,True,torch.float32,2345,6,64,256,0.06794234365224838,0.0691419243812561,0.9983927011489868,0
synthetic,rare_sharp_shift,4096,True,torch.float32,2345,6,256,256,0.03332652151584625,0.02569815143942833,0.9992876648902893,0
synthetic,rare_sharp_shift,4096,True,torch.float32,2345,6,1024,256,0.026130899786949158,0.01690750941634178,0.9975955486297607,0
synthetic,rare_sharp_shift,4096,True,torch.float32,2345,7,64,256,0.07866255939006805,0.08104919642210007,1.0008203983306885,0
synthetic,rare_sharp_shift,4096,True,torch.float32,2345,7,256,256,0.03742866963148117,0.03164345771074295,0.9996705055236816,0
synthetic,rare_sharp_shift,4096,True,torch.float32,2345,7,1024,256,0.027776798233389854,0.0191073976457119,1.0005497932434082,0
synthetic,rare_sharp_shift,4096,True,torch.float32,3456,0,64,256,0.06098128482699394,0.06363026052713394,0.9993600249290466,0
synthetic,rare_sharp_shift,4096,True,torch.float32,3456,0,256,256,0.03946533426642418,0.03635329753160477,1.0015504360198975,0
synthetic,rare_sharp_shift,4096,True,torch.float32,3456,0,1024,256,0.02480054646730423,0.019977368414402008,1.0006216764450073,0
synthetic,rare_sharp_shift,4096,True,torch.float32,3456,1,64,256,0.06546558439731598,0.0714491456747055,0.9997037649154663,0
synthetic,rare_sharp_shift,4096,True,torch.float32,3456,1,256,256,0.04182002693414688,0.03929645195603371,1.0001991987228394,0
synthetic,rare_sharp_shift,4096,True,torch.float32,3456,1,1024,256,0.022050417959690094,0.01706729084253311,1.0000327825546265,0
synthetic,rare_sharp_shift,4096,True,torch.float32,3456,2,64,256,0.06510551273822784,0.06909334659576416,1.0086702108383179,0
synthetic,rare_sharp_shift,4096,True,torch.float32,3456,2,256,256,0.03782227262854576,0.03563125431537628,1.007922887802124,0
synthetic,rare_sharp_shift,4096,True,torch.float32,3456,2,1024,256,0.021905770525336266,0.016629841178655624,1.0041431188583374,0
synthetic,rare_sharp_shift,4096,True,torch.float32,3456,3,64,256,0.059484563767910004,0.06461198627948761,0.9998583793640137,0
synthetic,rare_sharp_shift,4096,True,torch.float32,3456,3,256,256,0.038402095437049866,0.036293596029281616,1.0001213550567627,0
synthetic,rare_sharp_shift,4096,True,torch.float32,3456,3,1024,256,0.02514968067407608,0.021885542199015617,0.9992146492004395,0
synthetic,rare_sharp_shift,4096,True,torch.float32,3456,4,64,256,0.06034522131085396,0.062215592712163925,0.9965758323669434,0
synthetic,rare_sharp_shift,4096,True,torch.float32,3456,4,256,256,0.03520005941390991,0.03386398404836655,0.997441828250885,0
synthetic,rare_sharp_shift,4096,True,torch.float32,3456,4,1024,256,0.021721936762332916,0.01657721772789955,0.9973350763320923,0
synthetic,rare_sharp_shift,4096,True,torch.float32,3456,5,64,256,0.07035655528306961,0.07706384360790253,1.0006498098373413,0
synthetic,rare_sharp_shift,4096,True,torch.float32,3456,5,256,256,0.04134058207273483,0.03991329297423363,0.9991964101791382,0
synthetic,rare_sharp_shift,4096,True,torch.float32,3456,5,1024,256,0.02393372543156147,0.019137173891067505,1.0001634359359741,0
synthetic,rare_sharp_shift,4096,True,torch.float32,3456,6,64,256,0.0617358572781086,0.06595791131258011,1.0081743001937866,0
synthetic,rare_sharp_shift,4096,True,torch.float32,3456,6,256,256,0.03867656737565994,0.035853058099746704,1.004124641418457,0
synthetic,rare_sharp_shift,4096,True,torch.float32,3456,6,1024,256,0.023873470723628998,0.019960515201091766,1.004224419593811,0
synthetic,rare_sharp_shift,4096,True,torch.float32,3456,7,64,256,0.06056379899382591,0.06706079840660095,0.9996418356895447,0
synthetic,rare_sharp_shift,4096,True,torch.float32,3456,7,256,256,0.04242341220378876,0.043591052293777466,1.001767873764038,0
synthetic,rare_sharp_shift,4096,True,torch.float32,3456,7,1024,256,0.022368477657437325,0.017972571775317192,0.9987409114837646,0
