regime,N,causal,dtype,seed,tol,n_probe,method,finite_output,median_ms,q25_ms,q75_ms,min_ms,reps,warmup,wall_call_ms,peak_extra_mb,peak_total_mb,status
scale_0.25,512,False,torch.float16,1234,0.1,16,sdpa,True,0.09107200056314468,0.09081599861383438,0.09654399752616882,0.08790399879217148,5,1,0.13449300013235188,0.5,11.16748046875,ok
scale_0.25,512,False,torch.float16,1234,0.1,16,probe_first,True,3.3797121047973633,3.3245439529418945,3.408992052078247,3.3080639839172363,5,1,3.6555469998802437,16.51708984375,27.1845703125,ok
scale_0.25,512,False,torch.float16,1234,0.1,16,cached_same,True,1.1205439567565918,1.1190719604492188,1.1263359785079956,1.1182080507278442,5,1,1.3071710000076564,16.51611328125,27.18359375,ok
scale_0.25,512,False,torch.float16,1234,0.1,16,selection_only,True,2.628767967224121,2.5968639850616455,2.658720016479492,2.463871955871582,5,1,2.555605000225114,15.08056640625,25.748046875,ok
scale_0.25,512,False,torch.float16,1234,0.1,16,original_router,True,2.6888320446014404,2.65830397605896,2.6944639682769775,2.650912046432495,5,1,2.99302100006571,21.1123046875,31.77978515625,ok
scale_0.25,512,False,torch.float16,1234,0.1,16,choose_once_2_calls,True,4.414112091064453,4.413440227508545,4.442560195922852,4.372352123260498,5,1,4.585832999964623,17.0166015625,27.68408203125,ok
scale_0.25,512,False,torch.float16,1234,0.1,16,choose_once_4_calls,True,6.613376140594482,6.565887928009033,6.635519981384277,6.461440086364746,5,1,7.075616999827616,17.0166015625,27.68408203125,ok
scale_0.25,512,False,torch.float16,1234,0.1,16,choose_once_8_calls,True,10.916831970214844,10.852352142333984,10.964896202087402,10.817952156066895,5,1,11.34914900012518,17.0166015625,27.68408203125,ok
scale_0.25,512,False,torch.float16,1234,0.1,16,rf64,True,0.9400320053100586,0.9399999976158142,0.9557759761810303,0.937824010848999,5,1,0.991221000049336,7.64306640625,18.31103515625,ok
scale_0.25,512,False,torch.float16,1234,0.1,16,rf256,True,1.1223360300064087,1.120255947113037,1.130784034729004,1.112064003944397,5,1,1.1474129998987337,16.51611328125,27.18408203125,ok
scale_0.25,512,False,torch.float16,1234,0.1,16,rf1024,True,2.465791940689087,2.4617600440979004,2.471935987472534,2.447455883026123,5,1,2.492536000090695,52.51611328125,63.18408203125,ok
scale_0.25,1024,False,torch.float16,1234,0.1,16,sdpa,True,0.3031359910964966,0.30105599761009216,0.30502399802207947,0.29526400566101074,5,1,0.3298990000075719,1.0,13.1884765625,ok
scale_0.25,1024,False,torch.float16,1234,0.1,16,probe_first,True,4.188543796539307,4.052288055419922,4.208640098571777,4.047327995300293,5,1,4.142078000086258,39.509765625,51.6982421875,ok
scale_0.25,1024,False,torch.float16,1234,0.1,16,cached_same,True,1.7075519561767578,1.6904000043869019,1.7124160528182983,1.6814080476760864,5,1,1.7306590000316646,39.5087890625,51.697265625,ok
scale_0.25,1024,False,torch.float16,1234,0.1,16,selection_only,True,2.447360038757324,2.4462080001831055,2.493119955062866,2.43174409866333,5,1,2.5544739999077137,36.6982421875,48.88671875,ok
scale_0.25,1024,False,torch.float16,1234,0.1,16,original_router,True,3.3816640377044678,3.285696029663086,3.441728115081787,3.278304100036621,5,1,3.4257639999850653,48.60498046875,60.79345703125,ok
scale_0.25,1024,False,torch.float16,1234,0.1,16,choose_once_2_calls,True,5.712736129760742,5.711711883544922,5.756896018981934,5.699584007263184,5,1,5.7544769999822165,40.50927734375,52.69775390625,ok
scale_0.25,1024,False,torch.float16,1234,0.1,16,choose_once_4_calls,True,9.185279846191406,9.143263816833496,9.261407852172852,9.130016326904297,5,1,9.156836000101976,40.50927734375,52.69775390625,ok
scale_0.25,1024,False,torch.float16,1234,0.1,16,choose_once_8_calls,True,15.78598403930664,15.766336441040039,16.13827133178711,15.677472114562988,5,1,15.365708999979688,40.50927734375,52.69775390625,ok
scale_0.25,1024,False,torch.float16,1234,0.1,16,rf64,True,1.0690560340881348,1.0338239669799805,1.0906239748001099,1.0291520357131958,5,1,1.0791259999223257,15.15869140625,27.34716796875,ok
scale_0.25,1024,False,torch.float16,1234,0.1,16,rf256,True,1.5969280004501343,1.59334397315979,1.6120959520339966,1.5775680541992188,5,1,1.6220610000345914,39.5087890625,51.697265625,ok
scale_0.25,1024,False,torch.float16,1234,0.1,16,rf1024,True,3.863935947418213,3.8591361045837402,3.865056037902832,3.8583359718322754,5,1,3.8976989999355283,105.03173828125,117.22021484375,ok
scale_0.25,2048,False,torch.float16,1234,0.1,16,sdpa,True,0.7179840207099915,0.7162560224533081,0.7230719923973083,0.7158719897270203,5,1,0.7637640001121326,2.0,17.2197265625,ok
scale_0.25,2048,False,torch.float16,1234,0.1,16,probe_first,True,5.535103797912598,5.532159805297852,5.547488212585449,5.523071765899658,5,1,5.536755000093763,66.509765625,81.7294921875,ok
scale_0.25,2048,False,torch.float16,1234,0.1,16,cached_same,True,2.584223985671997,2.566879987716675,2.5866239070892334,2.5640640258789062,5,1,2.5996540000505775,66.5087890625,81.728515625,ok
scale_0.25,2048,False,torch.float16,1234,0.1,16,selection_only,True,3.0105600357055664,2.9716479778289795,3.05184006690979,2.9616000652313232,5,1,2.9287750001003587,60.6982421875,75.91796875,ok
scale_0.25,2048,False,torch.float16,1234,0.1,16,original_router,True,4.614336013793945,4.612383842468262,4.628479957580566,4.6113600730896,5,1,4.679124000176671,84.60498046875,99.82470703125,ok
scale_0.25,2048,False,torch.float16,1234,0.1,16,choose_once_2_calls,True,7.989247798919678,7.9600958824157715,7.993343830108643,7.949024200439453,5,1,8.201279000104478,68.50927734375,83.72900390625,ok
scale_0.25,2048,False,torch.float16,1234,0.1,16,choose_once_4_calls,True,12.988991737365723,12.973024368286133,13.504096031188965,12.96332836151123,5,1,13.085312999919552,68.50927734375,83.72900390625,ok
scale_0.25,2048,False,torch.float16,1234,0.1,16,choose_once_8_calls,True,23.3123836517334,23.05891227722168,23.33286476135254,22.927936553955078,5,1,22.70558500003972,68.50927734375,83.72900390625,ok
scale_0.25,2048,False,torch.float16,1234,0.1,16,rf64,True,1.4437439441680908,1.4176640510559082,1.4650880098342896,1.3967360258102417,5,1,1.463211000100273,30.18994140625,45.40966796875,ok
scale_0.25,2048,False,torch.float16,1234,0.1,16,rf256,True,2.513279914855957,2.486272096633911,2.5203518867492676,2.4843199253082275,5,1,2.5424710001971107,66.5087890625,81.728515625,ok
scale_0.25,2048,False,torch.float16,1234,0.1,16,rf1024,True,7.235583782196045,7.231647968292236,7.284128189086914,7.187359809875488,5,1,7.462539000016477,210.06298828125,225.28271484375,ok
scale_0.25,4096,False,torch.float16,1234,0.1,16,sdpa,True,1.9947199821472168,1.9928319454193115,2.0025599002838135,1.9913599491119385,5,1,2.249468999934834,4.0,25.2822265625,ok
scale_0.25,4096,False,torch.float16,1234,0.1,16,probe_first,True,9.443167686462402,9.385472297668457,9.50271987915039,9.353471755981445,5,1,9.60411699998076,132.12646484375,153.40869140625,ok
scale_0.25,4096,False,torch.float16,1234,0.1,16,cached_same,True,4.701536178588867,4.69817590713501,4.703872203826904,4.696063995361328,5,1,4.792567000095005,132.12548828125,153.40771484375,ok
scale_0.25,4096,False,torch.float16,1234,0.1,16,selection_only,True,4.724575996398926,4.71449613571167,4.739071846008301,4.709280014038086,5,1,4.752425999868137,120.18994140625,141.47216796875,ok
scale_0.25,4096,False,torch.float16,1234,0.1,16,original_router,True,7.833536148071289,7.749728202819824,7.843071937561035,7.738527774810791,5,1,8.018405000029816,168.2216796875,189.50390625,ok
scale_0.25,4096,False,torch.float16,1234,0.1,16,choose_once_2_calls,True,14.313664436340332,14.235648155212402,14.328512191772461,14.138688087463379,5,1,14.377816999967763,136.1259765625,157.408203125,ok
scale_0.25,4096,False,torch.float16,1234,0.1,16,choose_once_4_calls,True,24.016895294189453,23.977439880371094,24.069568634033203,23.94748878479004,5,1,24.01370500001576,136.1259765625,157.408203125,ok
scale_0.25,4096,False,torch.float16,1234,0.1,16,choose_once_8_calls,True,43.598785400390625,43.18956756591797,44.35343933105469,42.972801208496094,5,1,43.1981099998211,136.1259765625,157.408203125,ok
scale_0.25,4096,False,torch.float16,1234,0.1,16,rf64,True,2.543584108352661,2.5306239128112793,2.549760103225708,2.529279947280884,5,1,2.546827000060148,60.25244140625,81.53466796875,ok
scale_0.25,4096,False,torch.float16,1234,0.1,16,rf256,True,4.699295997619629,4.6981120109558105,4.7126078605651855,4.6836161613464355,5,1,4.743647999930545,132.12548828125,153.40771484375,ok
scale_0.25,4096,False,torch.float16,1234,0.1,16,rf1024,True,14.469856262207031,14.288991928100586,14.504480361938477,14.13203239440918,5,1,14.570549999916693,420.12548828125,441.40771484375,ok
scale_0.25,8192,False,torch.float16,1234,0.1,16,sdpa,True,10.482368469238281,9.42460823059082,10.493951797485352,9.349120140075684,5,1,10.742914000047676,8.0,41.158203125,ok
scale_0.25,8192,False,torch.float16,1234,0.1,16,probe_first,True,18.083328247070312,18.028095245361328,18.08880043029785,17.93395233154297,5,1,18.152536999878066,264.25146484375,297.40966796875,ok
scale_0.25,8192,False,torch.float16,1234,0.1,16,cached_same,True,9.131423950195312,9.08233642578125,9.234432220458984,8.992768287658691,5,1,9.28891300009127,264.25048828125,297.40869140625,ok
scale_0.25,8192,False,torch.float16,1234,0.1,16,selection_only,True,8.656895637512207,8.626175880432129,8.700608253479004,8.590463638305664,5,1,8.786721999967995,240.31494140625,273.47314453125,ok
scale_0.25,8192,False,torch.float16,1234,0.1,16,original_router,True,14.829567909240723,14.653568267822266,14.904064178466797,14.515616416931152,5,1,14.962628999910521,336.3466796875,369.5048828125,ok
scale_0.25,8192,False,torch.float16,1234,0.1,16,choose_once_2_calls,True,27.25446319580078,27.217376708984375,27.290016174316406,27.21023941040039,5,1,27.234699000018736,272.2509765625,305.4091796875,ok
scale_0.25,8192,False,torch.float16,1234,0.1,16,choose_once_4_calls,True,45.888126373291016,45.744544982910156,45.968929290771484,45.639102935791016,5,1,45.80810199990992,272.2509765625,305.4091796875,ok
scale_0.25,8192,False,torch.float16,1234,0.1,16,choose_once_8_calls,True,82.75523376464844,82.7514877319336,82.78880310058594,82.66572570800781,5,1,83.111148999933,272.2509765625,305.4091796875,ok
scale_0.25,8192,False,torch.float16,1234,0.1,16,rf64,True,4.773344039916992,4.751359939575195,4.784128189086914,4.728831768035889,5,1,4.773204999992231,120.37744140625,153.53564453125,ok
scale_0.25,8192,False,torch.float16,1234,0.1,16,rf256,True,9.117728233337402,9.03593635559082,9.154879570007324,8.957759857177734,5,1,9.330910000016956,264.25048828125,297.40869140625,ok
scale_0.25,8192,False,torch.float16,1234,0.1,16,rf1024,True,28.57574462890625,28.56755256652832,28.653568267822266,28.409887313842773,5,1,28.5251430000244,840.25048828125,873.40869140625,ok
scale_0.25,16384,False,torch.float16,1234,0.1,16,sdpa,True,41.496864318847656,41.48825454711914,41.52115249633789,41.45830535888672,5,1,41.49448399994071,16.0,73.158203125,ok
scale_0.25,16384,False,torch.float16,1234,0.1,16,probe_first,True,34.779136657714844,34.723934173583984,35.033409118652344,34.658016204833984,5,1,34.72627900009684,528.50146484375,585.65966796875,ok
scale_0.25,16384,False,torch.float16,1234,0.1,16,cached_same,True,17.969696044921875,17.961952209472656,17.98963165283203,17.936704635620117,5,1,18.038777999890954,528.50048828125,585.65869140625,ok
scale_0.25,16384,False,torch.float16,1234,0.1,16,selection_only,True,16.780864715576172,16.719871520996094,16.884031295776367,16.709087371826172,5,1,16.77627300000495,480.56494140625,537.72314453125,ok
scale_0.25,16384,False,torch.float16,1234,0.1,16,original_router,True,28.600383758544922,28.583999633789062,28.601055145263672,28.424671173095703,5,1,28.581927000004725,672.5966796875,729.7548828125,ok
scale_0.25,16384,False,torch.float16,1234,0.1,16,choose_once_2_calls,True,52.889793395996094,52.88345718383789,53.04377746582031,52.84735870361328,5,1,53.27565700008563,544.5009765625,601.6591796875,ok
scale_0.25,16384,False,torch.float16,1234,0.1,16,choose_once_4_calls,True,88.97718048095703,88.95868682861328,89.17193603515625,88.95606231689453,5,1,89.02927200006161,544.5009765625,601.6591796875,ok
scale_0.25,16384,False,torch.float16,1234,0.1,16,choose_once_8_calls,True,160.97561645507812,160.94146728515625,161.0035858154297,160.84918212890625,5,1,160.7768029998624,544.5009765625,601.6591796875,ok
scale_0.25,16384,False,torch.float16,1234,0.1,16,rf64,True,8.965920448303223,8.957088470458984,9.010623931884766,8.890303611755371,5,1,8.867117000136204,240.62744140625,297.78564453125,ok
scale_0.25,16384,False,torch.float16,1234,0.1,16,rf256,True,17.993728637695312,17.945600509643555,18.059295654296875,17.719680786132812,5,1,18.031103000112125,528.50048828125,585.65869140625,ok
scale_0.25,16384,False,torch.float16,1234,0.1,16,rf1024,True,60.23660659790039,60.1781120300293,60.53478240966797,60.0560302734375,5,1,60.375255000053585,864.25048828125,921.40869140625,ok
scale_0.25,32768,False,torch.float16,1234,0.1,16,sdpa,True,168.08755493164062,167.5606689453125,169.14425659179688,167.2810516357422,5,1,168.3929129999342,32.0,137.158203125,ok
scale_0.25,32768,False,torch.float16,1234,0.1,16,probe_first,True,68.87388610839844,68.76252746582031,68.95654296875,68.5544662475586,5,1,68.5905069999535,1057.00146484375,1162.15966796875,ok
scale_0.25,32768,False,torch.float16,1234,0.1,16,cached_same,True,35.67206573486328,35.56633758544922,35.679744720458984,35.53398513793945,5,1,35.66725499990753,1057.00048828125,1162.15869140625,ok
scale_0.25,32768,False,torch.float16,1234,0.1,16,selection_only,True,32.95475387573242,32.856319427490234,33.16304016113281,32.6739501953125,5,1,33.04605900007118,961.06494140625,1066.22314453125,ok
scale_0.25,32768,False,torch.float16,1234,0.1,16,original_router,True,56.3507194519043,56.25651168823242,56.5552978515625,56.05836868286133,5,1,56.77780999985771,1345.0966796875,1450.2548828125,ok
scale_0.25,32768,False,torch.float16,1234,0.1,16,choose_once_2_calls,True,105.00067138671875,104.97663879394531,105.02143859863281,104.72688293457031,5,1,104.69615100009833,1089.0009765625,1194.1591796875,ok
scale_0.25,32768,False,torch.float16,1234,0.1,16,choose_once_4_calls,True,176.79782104492188,176.1510467529297,176.93667602539062,175.7655029296875,5,1,175.99362999999357,1089.0009765625,1194.1591796875,ok
scale_0.25,32768,False,torch.float16,1234,0.1,16,choose_once_8_calls,True,320.0901184082031,319.6192932128906,320.20086669921875,319.5655822753906,5,1,320.6655049998517,1089.0009765625,1194.1591796875,ok
scale_0.25,32768,False,torch.float16,1234,0.1,16,rf64,True,17.444704055786133,17.37932777404785,17.502208709716797,17.36089515686035,5,1,17.609278999998423,481.12744140625,586.28564453125,ok
scale_0.25,32768,False,torch.float16,1234,0.1,16,rf256,True,36.036224365234375,35.88943862915039,36.1635856628418,35.65158462524414,5,1,35.902152000062415,1057.00048828125,1162.15869140625,ok
scale_0.25,32768,False,torch.float16,1234,0.1,16,rf1024,True,122.10192108154297,121.88758087158203,122.17263793945312,121.87139129638672,5,1,121.25535000018317,880.25048828125,985.40869140625,ok
scale_0.25,65536,False,torch.float16,1234,0.1,16,sdpa,True,687.9481811523438,687.8851318359375,688.6866455078125,685.9879760742188,5,1,690.4187939999247,64.0,265.158203125,ok
scale_0.25,65536,False,torch.float16,1234,0.1,16,probe_first,True,152.6273956298828,152.3112335205078,152.739013671875,150.69874572753906,5,1,152.92534799982604,1154.033203125,1355.19140625,ok
scale_0.25,65536,False,torch.float16,1234,0.1,16,cached_same,True,80.11366271972656,78.29641723632812,80.16928100585938,78.06317138671875,5,1,79.9196140001186,1153.00048828125,1354.15869140625,ok
scale_0.25,65536,False,torch.float16,1234,0.1,16,selection_only,True,72.46054077148438,71.93270111083984,72.82412719726562,71.83564758300781,5,1,72.88889599999493,1154.033203125,1355.19140625,ok
scale_0.25,65536,False,torch.float16,1234,0.1,16,original_router,True,114.46479797363281,114.38130950927734,114.76691436767578,113.39574432373047,5,1,113.37899499994819,2690.0966796875,2891.2548828125,ok
scale_0.25,65536,False,torch.float16,1234,0.1,16,choose_once_2_calls,True,232.5583953857422,232.00953674316406,233.0121612548828,232.0040283203125,5,1,233.43895700008943,1217.0009765625,1418.1591796875,ok
scale_0.25,65536,False,torch.float16,1234,0.1,16,choose_once_4_calls,True,395.6993713378906,394.3106994628906,396.1871643066406,393.31884765625,5,1,396.99326300001303,1217.0009765625,1418.1591796875,ok
scale_0.25,65536,False,torch.float16,1234,0.1,16,choose_once_8_calls,True,718.1742553710938,717.45703125,719.518798828125,715.765869140625,5,1,717.8516339999987,1217.0009765625,1418.1591796875,ok
scale_0.25,65536,False,torch.float16,1234,0.1,16,rf64,True,35.33987045288086,35.24553680419922,35.58329772949219,35.102718353271484,5,1,35.47259600009056,962.12744140625,1163.28564453125,ok
scale_0.25,65536,False,torch.float16,1234,0.1,16,rf256,True,80.37789154052734,80.14028930664062,80.4092788696289,80.13184356689453,5,1,79.51485600005981,1153.00048828125,1354.15869140625,ok
scale_0.25,65536,False,torch.float16,1234,0.1,16,rf1024,True,243.5972442626953,243.41094970703125,243.6280059814453,243.21449279785156,5,1,243.71438399998624,912.25048828125,1113.40869140625,ok
scale_0.25,512,False,torch.float32,1234,0.1,16,sdpa,True,0.20943999290466309,0.20614400506019592,0.2099200040102005,0.2059520035982132,5,1,0.243858999965596,1.0,13.1728515625,ok
scale_0.25,512,False,torch.float32,1234,0.1,16,probe_first,True,3.3203840255737305,3.2986559867858887,3.324415922164917,3.1398398876190186,5,1,3.2582920000550075,17.01708984375,29.18994140625,ok
scale_0.25,512,False,torch.float32,1234,0.1,16,cached_same,True,1.0338560342788696,1.0148799419403076,1.035871982574463,0.9573439955711365,5,1,1.0577170000942715,17.01611328125,29.18896484375,ok
scale_0.25,512,False,torch.float32,1234,0.1,16,selection_only,True,2.3048319816589355,2.2939200401306152,2.3265280723571777,2.2896640300750732,5,1,2.4259270001039113,12.08056640625,24.25341796875,ok
scale_0.25,512,False,torch.float32,1234,0.1,16,original_router,True,2.7362558841705322,2.6358718872070312,2.7707200050354004,2.605504035949707,5,1,2.8520379999008583,18.1123046875,30.28515625,ok
scale_0.25,512,False,torch.float32,1234,0.1,16,choose_once_2_calls,True,4.08128023147583,4.078847885131836,4.085087776184082,4.061344146728516,5,1,4.111899999998059,18.0166015625,30.189453125,ok
scale_0.25,512,False,torch.float32,1234,0.1,16,choose_once_4_calls,True,6.567103862762451,5.976064205169678,6.6426239013671875,5.963871955871582,5,1,6.339995999951498,18.0166015625,30.189453125,ok
scale_0.25,512,False,torch.float32,1234,0.1,16,choose_once_8_calls,True,10.192511558532715,9.965632438659668,11.39465618133545,9.740287780761719,5,1,10.485659000096348,18.0166015625,30.189453125,ok
scale_0.25,512,False,torch.float32,1234,0.1,16,rf64,True,0.8991360068321228,0.886784017086029,0.9095360040664673,0.885919988155365,5,1,1.0127799998826958,8.14306640625,20.31591796875,ok
scale_0.25,512,False,torch.float32,1234,0.1,16,rf256,True,1.0733120441436768,1.0278719663619995,1.135807991027832,1.0011199712753296,5,1,1.0363320000124077,17.01611328125,29.18896484375,ok
scale_0.25,512,False,torch.float32,1234,0.1,16,rf1024,True,2.153183937072754,2.150399923324585,2.1862080097198486,2.1269760131835938,5,1,2.2643150000476453,53.01611328125,65.18896484375,ok
scale_0.25,1024,False,torch.float32,1234,0.1,16,sdpa,True,0.6881279945373535,0.6856319904327393,0.6948480010032654,0.6824960112571716,5,1,0.7255659998008923,2.0,17.1884765625,ok
scale_0.25,1024,False,torch.float32,1234,0.1,16,probe_first,True,5.0689921379089355,4.708352088928223,5.440256118774414,4.151968002319336,5,1,4.424102000029961,40.509765625,55.6982421875,ok
scale_0.25,1024,False,torch.float32,1234,0.1,16,cached_same,True,1.4839999675750732,1.4520319700241089,1.5016000270843506,1.450719952583313,5,1,1.5359520000401972,40.5087890625,55.697265625,ok
scale_0.25,1024,False,torch.float32,1234,0.1,16,selection_only,True,2.299391984939575,2.2913599014282227,2.3547840118408203,2.2761919498443604,5,1,3.1766390000029787,30.6982421875,45.88671875,ok
scale_0.25,1024,False,torch.float32,1234,0.1,16,original_router,True,2.9987521171569824,2.9715518951416016,3.0005760192871094,2.966912031173706,5,1,3.0823179999970307,42.60498046875,57.79345703125,ok
scale_0.25,1024,False,torch.float32,1234,0.1,16,choose_once_2_calls,True,5.0696001052856445,5.040128231048584,5.0728960037231445,5.023007869720459,5,1,5.451879000020199,42.50927734375,57.69775390625,ok
scale_0.25,1024,False,torch.float32,1234,0.1,16,choose_once_4_calls,True,7.83190393447876,7.819680213928223,7.901088237762451,7.8155198097229,5,1,8.149427000034848,42.50927734375,57.69775390625,ok
scale_0.25,1024,False,torch.float32,1234,0.1,16,choose_once_8_calls,True,13.713408470153809,13.696415901184082,13.725695610046387,13.485247611999512,5,1,13.744901000109166,42.50927734375,57.69775390625,ok
scale_0.25,1024,False,torch.float32,1234,0.1,16,rf64,True,1.0242880582809448,0.9991999864578247,1.0362880229949951,0.975167989730835,5,1,1.110311000047659,16.15869140625,31.34716796875,ok
scale_0.25,1024,False,torch.float32,1234,0.1,16,rf256,True,1.486847996711731,1.4817919731140137,1.4988479614257812,1.479583978652954,5,1,1.5530359999047505,40.5087890625,55.697265625,ok
scale_0.25,1024,False,torch.float32,1234,0.1,16,rf1024,True,3.6599040031433105,3.6577279567718506,3.663872003555298,3.6501760482788086,5,1,3.778814000042985,106.03173828125,121.22021484375,ok
scale_0.25,2048,False,torch.float32,1234,0.1,16,sdpa,True,2.4883201122283936,2.486272096633911,2.488607883453369,2.482912063598633,5,1,2.520814000035898,4.0,25.2197265625,ok
scale_0.25,2048,False,torch.float32,1234,0.1,16,probe_first,True,5.345632076263428,5.2608962059021,5.502560138702393,5.236735820770264,5,1,5.326713999920685,68.509765625,89.7294921875,ok
scale_0.25,2048,False,torch.float32,1234,0.1,16,cached_same,True,2.4842240810394287,2.464319944381714,2.4965438842773438,2.4569919109344482,5,1,2.5528220000978763,68.5087890625,89.728515625,ok
scale_0.25,2048,False,torch.float32,1234,0.1,16,selection_only,True,2.9142720699310303,2.8999040126800537,3.0183041095733643,2.8663039207458496,5,1,2.901746999896204,48.6982421875,69.91796875,ok
scale_0.25,2048,False,torch.float32,1234,0.1,16,original_router,True,4.416287899017334,4.410624027252197,4.442336082458496,4.392960071563721,5,1,4.54962699996031,72.60498046875,93.82470703125,ok
scale_0.25,2048,False,torch.float32,1234,0.1,16,choose_once_2_calls,True,7.739200115203857,7.684703826904297,7.74502420425415,7.670559883117676,5,1,8.016386000008424,72.50927734375,93.72900390625,ok
scale_0.25,2048,False,torch.float32,1234,0.1,16,choose_once_4_calls,True,13.093728065490723,12.819392204284668,13.167360305786133,12.603520393371582,5,1,13.359945000047446,72.50927734375,93.72900390625,ok
scale_0.25,2048,False,torch.float32,1234,0.1,16,choose_once_8_calls,True,23.01865577697754,22.947839736938477,23.49875259399414,22.892736434936523,5,1,23.88736400007474,72.50927734375,93.72900390625,ok
scale_0.25,2048,False,torch.float32,1234,0.1,16,rf64,True,1.415168046951294,1.4115840196609497,1.4242240190505981,1.3987840414047241,5,1,1.494404999903054,32.18994140625,53.40966796875,ok
scale_0.25,2048,False,torch.float32,1234,0.1,16,rf256,True,2.4864320755004883,2.4758079051971436,2.490367889404297,2.474400043487549,5,1,2.533792000122048,68.5087890625,89.728515625,ok
scale_0.25,2048,False,torch.float32,1234,0.1,16,rf1024,True,7.321599960327148,7.284736156463623,7.322720050811768,7.2402238845825195,5,1,7.693830999869533,212.06298828125,233.28271484375,ok
scale_0.25,4096,False,torch.float32,1234,0.1,16,sdpa,True,12.486111640930176,11.403264045715332,13.512639999389648,9.179936408996582,5,1,13.205340000013166,8.0,41.2822265625,ok
scale_0.25,4096,False,torch.float32,1234,0.1,16,probe_first,True,9.54588794708252,9.48198413848877,9.607168197631836,9.28707218170166,5,1,9.839972999998281,136.12646484375,169.40869140625,ok
scale_0.25,4096,False,torch.float32,1234,0.1,16,cached_same,True,4.642335891723633,4.624671936035156,4.695871829986572,4.622399806976318,5,1,4.771310000023732,136.12548828125,169.40771484375,ok
scale_0.25,4096,False,torch.float32,1234,0.1,16,selection_only,True,4.681888103485107,4.671135902404785,4.689568042755127,4.648672103881836,5,1,4.718791999948735,96.18994140625,129.47216796875,ok
scale_0.25,4096,False,torch.float32,1234,0.1,16,original_router,True,7.925759792327881,7.923711776733398,7.998784065246582,7.798175811767578,5,1,8.160943999882875,144.2216796875,177.50390625,ok
scale_0.25,4096,False,torch.float32,1234,0.1,16,choose_once_2_calls,True,14.58176040649414,14.454784393310547,14.769536018371582,13.987903594970703,5,1,14.720104999923933,144.1259765625,177.408203125,ok
scale_0.25,4096,False,torch.float32,1234,0.1,16,choose_once_4_calls,True,24.517824172973633,24.233983993530273,24.597055435180664,24.155616760253906,5,1,24.318786999856457,144.1259765625,177.408203125,ok
scale_0.25,4096,False,torch.float32,1234,0.1,16,choose_once_8_calls,True,43.71807861328125,43.689697265625,43.82915115356445,43.663455963134766,5,1,43.98820799997338,144.1259765625,177.408203125,ok
scale_0.25,4096,False,torch.float32,1234,0.1,16,rf64,True,2.5232961177825928,2.514944076538086,2.5272319316864014,2.5149118900299072,5,1,2.5487210000392224,64.25244140625,97.53466796875,ok
scale_0.25,4096,False,torch.float32,1234,0.1,16,rf256,True,4.696063995361328,4.66377592086792,4.749311923980713,4.6212477684021,5,1,4.7380129999510245,136.12548828125,169.40771484375,ok
scale_0.25,4096,False,torch.float32,1234,0.1,16,rf1024,True,15.069952011108398,14.522368431091309,15.36832046508789,14.219903945922852,5,1,15.422776999912458,424.12548828125,457.40771484375,ok
scale_0.25,8192,False,torch.float32,1234,0.1,16,sdpa,True,49.10316848754883,49.05363082885742,49.125694274902344,49.00454330444336,5,1,48.497485000098095,16.0,73.158203125,ok
scale_0.25,8192,False,torch.float32,1234,0.1,16,probe_first,True,18.366464614868164,18.30518341064453,18.406112670898438,18.21286392211914,5,1,18.369273999951474,272.25146484375,329.40966796875,ok
scale_0.25,8192,False,torch.float32,1234,0.1,16,cached_same,True,9.029631614685059,9.025535583496094,9.283583641052246,8.822784423828125,5,1,9.526424999876326,272.25048828125,329.40869140625,ok
scale_0.25,8192,False,torch.float32,1234,0.1,16,selection_only,True,8.554240226745605,8.552160263061523,8.728575706481934,8.479040145874023,5,1,8.78067500002544,192.31494140625,249.47314453125,ok
scale_0.25,8192,False,torch.float32,1234,0.1,16,original_router,True,15.751168251037598,15.13651180267334,15.76313591003418,14.440896034240723,5,1,15.44300699993073,288.3466796875,345.5048828125,ok
scale_0.25,8192,False,torch.float32,1234,0.1,16,choose_once_2_calls,True,27.842111587524414,27.809663772583008,27.862016677856445,27.678272247314453,5,1,27.813976000061302,288.2509765625,345.4091796875,ok
scale_0.25,8192,False,torch.float32,1234,0.1,16,choose_once_4_calls,True,46.55779266357422,46.50137710571289,46.614017486572266,46.49369430541992,5,1,46.7031359999055,288.2509765625,345.4091796875,ok
scale_0.25,8192,False,torch.float32,1234,0.1,16,choose_once_8_calls,True,84.37149047851562,84.10111999511719,84.49235534667969,84.0469741821289,5,1,84.20843599992622,288.2509765625,345.4091796875,ok
scale_0.25,8192,False,torch.float32,1234,0.1,16,rf64,True,4.860095977783203,4.839839935302734,4.950784206390381,4.773119926452637,5,1,4.7465059999467485,128.37744140625,185.53564453125,ok
scale_0.25,8192,False,torch.float32,1234,0.1,16,rf256,True,9.162816047668457,8.91430377960205,9.181632041931152,8.911904335021973,5,1,9.510986999885063,272.25048828125,329.40869140625,ok
scale_0.25,8192,False,torch.float32,1234,0.1,16,rf1024,True,31.046464920043945,30.957599639892578,32.001312255859375,30.10358428955078,5,1,31.39534300021296,848.25048828125,905.40869140625,ok
scale_0.25,16384,False,torch.float32,1234,0.1,16,sdpa,True,200.8572540283203,200.6095733642578,201.47923278808594,199.9298553466797,5,1,202.92834799988668,32.0,137.158203125,ok
scale_0.25,16384,False,torch.float32,1234,0.1,16,probe_first,True,35.633182525634766,35.55420684814453,35.659393310546875,35.33891296386719,5,1,36.07830600003581,544.50146484375,649.65966796875,ok
scale_0.25,16384,False,torch.float32,1234,0.1,16,cached_same,True,18.70639991760254,18.666271209716797,18.710527420043945,18.202688217163086,5,1,18.713919999981954,544.50048828125,649.65869140625,ok
scale_0.25,16384,False,torch.float32,1234,0.1,16,selection_only,True,17.203903198242188,17.100799560546875,17.313791275024414,16.709632873535156,5,1,17.133106000073894,384.56494140625,489.72314453125,ok
scale_0.25,16384,False,torch.float32,1234,0.1,16,original_router,True,29.683712005615234,29.586336135864258,29.851648330688477,29.495296478271484,5,1,29.62421600000198,576.5966796875,681.7548828125,ok
scale_0.25,16384,False,torch.float32,1234,0.1,16,choose_once_2_calls,True,54.55052947998047,54.53855895996094,54.59913635253906,54.40934371948242,5,1,54.68278199987253,576.5009765625,681.6591796875,ok
scale_0.25,16384,False,torch.float32,1234,0.1,16,choose_once_4_calls,True,91.57286071777344,91.56559753417969,91.98009490966797,91.05260467529297,5,1,92.11119099995813,576.5009765625,681.6591796875,ok
scale_0.25,16384,False,torch.float32,1234,0.1,16,choose_once_8_calls,True,167.20938110351562,167.16236877441406,167.59971618652344,166.2855682373047,5,1,168.48144300001877,576.5009765625,681.6591796875,ok
scale_0.25,16384,False,torch.float32,1234,0.1,16,rf64,True,9.072287559509277,9.02563190460205,9.151040077209473,9.021439552307129,5,1,9.043100000099003,256.62744140625,361.78564453125,ok
scale_0.25,16384,False,torch.float32,1234,0.1,16,rf256,True,19.0914249420166,18.65452766418457,19.09337615966797,18.10793685913086,5,1,18.985257999929672,544.50048828125,649.65869140625,ok
scale_0.25,16384,False,torch.float32,1234,0.1,16,rf1024,True,65.36518096923828,65.19776153564453,65.6674575805664,65.12995147705078,5,1,65.43000600004234,880.25048828125,985.40869140625,ok
scale_0.25,32768,False,torch.float32,1234,0.1,16,sdpa,True,853.9761962890625,845.2011108398438,856.7579345703125,843.6474609375,5,1,857.3590610001247,64.0,265.158203125,ok
scale_0.25,32768,False,torch.float32,1234,0.1,16,probe_first,True,73.03238677978516,72.55049896240234,73.11510467529297,71.66275024414062,5,1,72.23539000005985,1089.00146484375,1290.15966796875,ok
scale_0.25,32768,False,torch.float32,1234,0.1,16,cached_same,True,40.659934997558594,39.2632942199707,41.09427261352539,38.713279724121094,5,1,39.4006179999451,1089.00048828125,1290.15869140625,ok
scale_0.25,32768,False,torch.float32,1234,0.1,16,selection_only,True,34.263038635253906,34.16099166870117,34.35027313232422,34.09097671508789,5,1,33.96408599996903,769.06494140625,970.22314453125,ok
scale_0.25,32768,False,torch.float32,1234,0.1,16,original_router,True,61.27203369140625,61.04057693481445,61.2775993347168,60.647422790527344,5,1,60.577234999982466,1153.0966796875,1354.2548828125,ok
scale_0.25,32768,False,torch.float32,1234,0.1,16,choose_once_2_calls,True,114.07036590576172,112.8050537109375,114.32963562011719,112.78128051757812,5,1,115.00304900005176,1153.0009765625,1354.1591796875,ok
scale_0.25,32768,False,torch.float32,1234,0.1,16,choose_once_4_calls,True,196.79615783691406,195.14166259765625,197.14096069335938,193.2294464111328,5,1,198.4648819998256,1153.0009765625,1354.1591796875,ok
scale_0.25,32768,False,torch.float32,1234,0.1,16,choose_once_8_calls,True,363.85992431640625,363.4049377441406,364.1341857910156,362.6337585449219,5,1,363.76919000008456,1153.0009765625,1354.1591796875,ok
scale_0.25,32768,False,torch.float32,1234,0.1,16,rf64,True,17.619136810302734,17.597759246826172,18.059263229370117,17.498111724853516,5,1,17.437108999956763,513.12744140625,714.28564453125,ok
scale_0.25,32768,False,torch.float32,1234,0.1,16,rf256,True,40.80374526977539,40.762142181396484,41.062686920166016,40.21654510498047,5,1,39.932811999960904,1089.00048828125,1290.15869140625,ok
scale_0.25,32768,False,torch.float32,1234,0.1,16,rf1024,True,140.6600341796875,140.2440948486328,141.7494659423828,139.88796997070312,5,1,142.13111100002607,912.25048828125,1113.40869140625,ok
scale_0.25,65536,False,torch.float32,1234,0.1,16,sdpa,True,3515.7421875,3508.1707763671875,3522.8116455078125,3500.599365234375,3,0,3499.9923850000414,128.0,521.158203125,ok
scale_0.25,65536,False,torch.float32,1234,0.1,16,probe_first,True,155.50775146484375,154.83016967773438,156.48419189453125,153.58767700195312,5,1,153.62858499997856,1217.00146484375,1610.15966796875,ok
scale_0.25,65536,False,torch.float32,1234,0.1,16,cached_same,True,81.85855865478516,80.85964965820312,82.68418884277344,80.63798522949219,5,1,81.13548899996204,1217.00048828125,1610.15869140625,ok
scale_0.25,65536,False,torch.float32,1234,0.1,16,selection_only,True,72.53247833251953,72.49890899658203,73.16925048828125,71.89065551757812,5,1,72.32185899988508,770.033203125,1163.19140625,ok
scale_0.25,65536,False,torch.float32,1234,0.1,16,original_router,True,118.3235855102539,115.71049499511719,118.58943939208984,114.52671813964844,5,1,119.73820900016108,2306.0966796875,2699.2548828125,ok
scale_0.25,65536,False,torch.float32,1234,0.1,16,choose_once_2_calls,True,234.08944702148438,233.9833984375,236.29209899902344,233.73219299316406,5,1,232.54429500002516,1345.0009765625,1738.1591796875,ok
scale_0.25,65536,False,torch.float32,1234,0.1,16,choose_once_4_calls,True,395.4036560058594,394.8812561035156,396.01300048828125,394.7921447753906,5,1,396.8668710001566,1345.0009765625,1738.1591796875,ok
scale_0.25,65536,False,torch.float32,1234,0.1,16,choose_once_8_calls,True,718.3482666015625,716.57666015625,718.9597778320312,713.446533203125,5,1,713.0005479998545,1345.0009765625,1738.1591796875,ok
scale_0.25,65536,False,torch.float32,1234,0.1,16,rf64,True,33.94355010986328,33.733856201171875,34.23231887817383,33.710079193115234,5,1,34.02610300008746,1026.12744140625,1419.28564453125,ok
scale_0.25,65536,False,torch.float32,1234,0.1,16,rf256,True,80.63504028320312,80.4931869506836,81.0598373413086,78.387939453125,5,1,80.76184899982763,1217.00048828125,1610.15869140625,ok
scale_0.25,65536,False,torch.float32,1234,0.1,16,rf1024,True,254.84300231933594,254.73887634277344,255.3214111328125,253.49411010742188,5,1,252.72517100006553,976.25048828125,1369.40869140625,ok
scale_0.25,512,True,torch.float16,1234,0.1,16,sdpa,True,0.06777600198984146,0.06758400052785873,0.06911999732255936,0.06758400052785873,5,1,0.10930300004474702,0.5,11.1728515625,ok
scale_0.25,512,True,torch.float16,1234,0.1,16,probe_first,True,6.747903823852539,6.694911956787109,6.881824016571045,6.6794562339782715,5,1,6.775312999934613,18.50927734375,29.18212890625,ok
scale_0.25,512,True,torch.float16,1234,0.1,16,cached_same,True,1.4298239946365356,1.4284160137176514,1.4417920112609863,1.4263039827346802,5,1,1.7910229998960858,18.50830078125,29.18115234375,ok
scale_0.25,512,True,torch.float16,1234,0.1,16,selection_only,True,5.464511871337891,5.453023910522461,5.652480125427246,5.3288960456848145,5,1,5.33726999992723,15.08056640625,25.75341796875,ok
scale_0.25,512,True,torch.float16,1234,0.1,16,original_router,True,3.6925439834594727,3.631103992462158,3.709439992904663,3.628351926803589,5,1,3.9090489999580313,23.1044921875,33.77734375,ok
scale_0.25,512,True,torch.float16,1234,0.1,16,choose_once_2_calls,True,8.3886079788208,8.173567771911621,8.468607902526855,8.146944046020508,5,1,8.235158000161391,19.0087890625,29.681640625,ok
scale_0.25,512,True,torch.float16,1234,0.1,16,choose_once_4_calls,True,11.256575584411621,10.917344093322754,11.333632469177246,10.846400260925293,5,1,10.903321000114374,19.0087890625,29.681640625,ok
scale_0.25,512,True,torch.float16,1234,0.1,16,choose_once_8_calls,True,16.510944366455078,16.26313591003418,16.707616806030273,16.260032653808594,5,1,16.518906999863248,19.0087890625,29.681640625,ok
scale_0.25,512,True,torch.float16,1234,0.1,16,rf64,True,1.409216046333313,1.4054080247879028,1.4199680089950562,1.3937280178070068,5,1,1.4937600001303508,12.12744140625,22.80029296875,ok
scale_0.25,512,True,torch.float16,1234,0.1,16,rf256,True,1.4938240051269531,1.4385600090026855,1.5615359544754028,1.4284800291061401,5,1,1.5848420000565966,18.50830078125,29.18115234375,ok
scale_0.25,512,True,torch.float16,1234,0.1,16,rf1024,True,2.879296064376831,2.8774399757385254,2.9163520336151123,2.876768112182617,5,1,2.948625000044558,52.51611328125,63.18896484375,ok
scale_0.25,1024,True,torch.float16,1234,0.1,16,sdpa,True,0.1191679984331131,0.11539199948310852,0.12105599790811539,0.11468800157308578,5,1,0.14879799982736586,1.0,13.1884765625,ok
scale_0.25,1024,True,torch.float16,1234,0.1,16,probe_first,True,12.402751922607422,12.075263977050781,12.434911727905273,12.057503700256348,5,1,12.050890999944386,29.27880859375,41.46728515625,ok
scale_0.25,1024,True,torch.float16,1234,0.1,16,cached_same,True,3.6412160396575928,3.6261119842529297,3.6415679454803467,3.6250879764556885,5,1,3.677016999972693,29.27783203125,41.46630859375,ok
scale_0.25,1024,True,torch.float16,1234,0.1,16,selection_only,True,8.563008308410645,8.548095703125,8.696831703186035,8.541888236999512,5,1,8.601423999834878,27.71728515625,39.90576171875,ok
scale_0.25,1024,True,torch.float16,1234,0.1,16,original_router,True,5.005343914031982,4.933631896972656,5.273600101470947,4.777952194213867,5,1,5.316995999919527,38.9990234375,51.1875,ok
scale_0.25,1024,True,torch.float16,1234,0.1,16,choose_once_2_calls,True,18.114559173583984,17.890527725219727,18.368864059448242,17.04960060119629,5,1,17.29030999990755,30.2783203125,42.466796875,ok
scale_0.25,1024,True,torch.float16,1234,0.1,16,choose_once_4_calls,True,24.67647933959961,24.52911949157715,24.696096420288086,24.442880630493164,5,1,25.585721999959787,30.2783203125,42.466796875,ok
scale_0.25,1024,True,torch.float16,1234,0.1,16,choose_once_8_calls,True,39.47673416137695,39.15776062011719,40.43513488769531,38.5582389831543,5,1,39.61314200000743,30.2783203125,42.466796875,ok
scale_0.25,1024,True,torch.float16,1234,0.1,16,rf64,True,1.9422719478607178,1.9405759572982788,1.9513280391693115,1.9375040531158447,5,1,2.134334000174931,18.62744140625,30.81591796875,ok
scale_0.25,1024,True,torch.float16,1234,0.1,16,rf256,True,2.2177278995513916,2.2115519046783447,2.2217600345611572,2.196160078048706,5,1,2.255171000115297,33.03173828125,45.22021484375,ok
scale_0.25,1024,True,torch.float16,1234,0.1,16,rf1024,True,5.374048233032227,5.3573760986328125,5.754047870635986,5.344192028045654,5,1,5.88147200005551,105.03173828125,117.22021484375,ok
scale_0.25,2048,True,torch.float16,1234,0.1,16,sdpa,True,0.3585279881954193,0.3563520014286041,0.3607040047645569,0.3543039858341217,5,1,0.3821740001512808,2.0,17.2197265625,ok
scale_0.25,2048,True,torch.float16,1234,0.1,16,probe_first,True,20.28544044494629,20.20560073852539,20.350879669189453,19.464096069335938,5,1,19.099204999974972,66.06396484375,81.28369140625,ok
scale_0.25,2048,True,torch.float16,1234,0.1,16,cached_same,True,3.946784019470215,3.9443840980529785,3.9545600414276123,3.941312074661255,5,1,4.000053000027037,66.06298828125,81.28271484375,ok
scale_0.25,2048,True,torch.float16,1234,0.1,16,selection_only,True,15.188639640808105,15.182527542114258,15.280672073364258,15.081695556640625,5,1,15.77612100004444,60.12744140625,75.34716796875,ok
scale_0.25,2048,True,torch.float16,1234,0.1,16,original_router,True,7.71673583984375,7.703775882720947,7.768191814422607,7.671616077423096,5,1,8.348802999989857,84.1591796875,99.37890625,ok
scale_0.25,2048,True,torch.float16,1234,0.1,16,choose_once_2_calls,True,22.978944778442383,22.810623168945312,22.994495391845703,22.554208755493164,5,1,24.119984999970256,68.0634765625,83.283203125,ok
scale_0.25,2048,True,torch.float16,1234,0.1,16,choose_once_4_calls,True,30.681055068969727,30.41689682006836,30.893152236938477,30.397375106811523,5,1,31.368536999934804,68.0634765625,83.283203125,ok
scale_0.25,2048,True,torch.float16,1234,0.1,16,choose_once_8_calls,True,47.75699234008789,47.63443374633789,47.89491271972656,47.11430358886719,5,1,48.76318900005572,68.0634765625,83.283203125,ok
scale_0.25,2048,True,torch.float16,1234,0.1,16,rf64,True,2.9378559589385986,2.9375998973846436,2.9655039310455322,2.9265921115875244,5,1,2.9951650001294183,32.12744140625,47.34716796875,ok
scale_0.25,2048,True,torch.float16,1234,0.1,16,rf256,True,3.8928639888763428,3.8850560188293457,3.8974719047546387,3.8841919898986816,5,1,3.9120679998632113,66.06298828125,81.28271484375,ok
scale_0.25,2048,True,torch.float16,1234,0.1,16,rf1024,True,12.658687591552734,11.333600044250488,12.830623626708984,10.908736228942871,5,1,13.01492699985829,210.06298828125,225.28271484375,ok
scale_0.25,4096,True,torch.float16,1234,0.1,16,sdpa,True,1.0757440328598022,1.067199945449829,1.0790400505065918,1.0595200061798096,5,1,1.1396899999454035,4.0,25.2822265625,ok
scale_0.25,4096,True,torch.float16,1234,0.1,16,probe_first,True,32.25459289550781,31.959775924682617,32.635711669921875,31.233631134033203,5,1,33.7227319998874,132.12646484375,153.40869140625,ok
scale_0.25,4096,True,torch.float16,1234,0.1,16,cached_same,True,7.926144123077393,7.917568206787109,8.628959655761719,7.839583873748779,5,1,8.881085999973948,132.12548828125,153.40771484375,ok
scale_0.25,4096,True,torch.float16,1234,0.1,16,selection_only,True,23.73980712890625,23.595359802246094,23.90835189819336,23.48031997680664,5,1,24.59349800005839,120.18994140625,141.47216796875,ok
scale_0.25,4096,True,torch.float16,1234,0.1,16,original_router,True,14.10041618347168,14.043744087219238,14.132415771484375,13.456192016601562,5,1,14.829115999873466,168.2216796875,189.50390625,ok
scale_0.25,4096,True,torch.float16,1234,0.1,16,choose_once_2_calls,True,39.577598571777344,39.39993667602539,39.81516647338867,39.0041618347168,5,1,39.61600399998133,136.1259765625,157.408203125,ok
scale_0.25,4096,True,torch.float16,1234,0.1,16,choose_once_4_calls,True,55.234336853027344,55.197696685791016,55.75657653808594,54.85472106933594,5,1,54.96961199992256,136.1259765625,157.408203125,ok
scale_0.25,4096,True,torch.float16,1234,0.1,16,choose_once_8_calls,True,89.82784271240234,89.78697967529297,89.88915252685547,89.05113220214844,5,1,89.9494779998804,136.1259765625,157.408203125,ok
scale_0.25,4096,True,torch.float16,1234,0.1,16,rf64,True,5.384191989898682,5.292928218841553,5.691359996795654,5.120607852935791,5,1,5.260476999865205,62.12744140625,83.40966796875,ok
scale_0.25,4096,True,torch.float16,1234,0.1,16,rf256,True,8.017919540405273,7.527040004730225,8.065535545349121,7.503424167633057,5,1,8.771789000093122,132.12548828125,153.40771484375,ok
scale_0.25,4096,True,torch.float16,1234,0.1,16,rf1024,True,25.624351501464844,25.171968460083008,25.806528091430664,24.830495834350586,5,1,25.639239999918573,420.12548828125,441.40771484375,ok
scale_0.25,8192,True,torch.float16,1234,0.1,16,sdpa,True,4.299520015716553,3.925663948059082,4.8943681716918945,3.868000030517578,5,1,4.838101000132156,8.0,41.158203125,ok
scale_0.25,8192,True,torch.float16,1234,0.1,16,probe_first,True,46.600929260253906,46.583648681640625,46.772159576416016,46.213409423828125,5,1,45.853373999989344,264.25146484375,297.40966796875,ok
scale_0.25,8192,True,torch.float16,1234,0.1,16,cached_same,True,17.18992042541504,17.035968780517578,17.404415130615234,16.095008850097656,5,1,16.980019999891738,264.25048828125,297.40869140625,ok
scale_0.25,8192,True,torch.float16,1234,0.1,16,selection_only,True,31.311872482299805,31.124479293823242,31.473663330078125,31.015775680541992,5,1,32.615773000088666,240.31494140625,273.47314453125,ok
scale_0.25,8192,True,torch.float16,1234,0.1,16,original_router,True,27.76473617553711,27.19206428527832,27.776063919067383,27.14828872680664,5,1,27.737081000168473,336.3466796875,369.5048828125,ok
scale_0.25,8192,True,torch.float16,1234,0.1,16,choose_once_2_calls,True,62.195518493652344,62.17251205444336,62.349857330322266,62.13315200805664,5,1,61.827083000025596,272.2509765625,305.4091796875,ok
scale_0.25,8192,True,torch.float16,1234,0.1,16,choose_once_4_calls,True,95.32592010498047,94.8653793334961,96.0901107788086,94.52320098876953,5,1,94.46466500003226,272.2509765625,305.4091796875,ok
scale_0.25,8192,True,torch.float16,1234,0.1,16,choose_once_8_calls,True,164.15504455566406,163.96006774902344,164.22714233398438,163.652099609375,5,1,164.8196870000902,272.2509765625,305.4091796875,ok
scale_0.25,8192,True,torch.float16,1234,0.1,16,rf64,True,9.611071586608887,9.582048416137695,9.628064155578613,9.527520179748535,5,1,10.024181000062526,122.12744140625,155.28564453125,ok
scale_0.25,8192,True,torch.float16,1234,0.1,16,rf256,True,17.415136337280273,17.255775451660156,17.479103088378906,15.69587230682373,5,1,17.210541000167723,264.25048828125,297.40869140625,ok
scale_0.25,8192,True,torch.float16,1234,0.1,16,rf1024,True,50.5747184753418,50.25516891479492,51.446624755859375,49.68678283691406,5,1,48.695133999899554,840.25048828125,873.40869140625,ok
scale_0.25,16384,True,torch.float16,1234,0.1,16,sdpa,True,23.627775192260742,23.587007522583008,24.911840438842773,22.9671688079834,5,1,23.61382899994169,16.0,73.158203125,ok
scale_0.25,16384,True,torch.float16,1234,0.1,16,probe_first,True,83.85750579833984,82.94166564941406,84.16460418701172,82.86502075195312,5,1,83.85685899997952,528.50146484375,585.65966796875,ok
scale_0.25,16384,True,torch.float16,1234,0.1,16,cached_same,True,34.35660934448242,34.3493766784668,34.41926574707031,33.92195129394531,5,1,34.349083000051905,528.50048828125,585.65869140625,ok
scale_0.25,16384,True,torch.float16,1234,0.1,16,selection_only,True,53.94780731201172,53.287776947021484,54.245601654052734,53.13286590576172,5,1,55.42239300007168,480.56494140625,537.72314453125,ok
scale_0.25,16384,True,torch.float16,1234,0.1,16,original_router,True,54.75468826293945,54.61577606201172,54.895713806152344,54.05081558227539,5,1,54.816168999877846,672.5966796875,729.7548828125,ok
scale_0.25,16384,True,torch.float16,1234,0.1,16,choose_once_2_calls,True,118.03238677978516,117.70333099365234,119.64717102050781,116.64867401123047,5,1,118.36156100002881,544.5009765625,601.6591796875,ok
scale_0.25,16384,True,torch.float16,1234,0.1,16,choose_once_4_calls,True,186.65005493164062,186.20220947265625,187.43455505371094,186.12838745117188,5,1,186.15955799987205,544.5009765625,601.6591796875,ok
scale_0.25,16384,True,torch.float16,1234,0.1,16,choose_once_8_calls,True,325.5799865722656,323.89190673828125,325.6319885253906,323.7150573730469,5,1,325.7101920000878,544.5009765625,601.6591796875,ok
scale_0.25,16384,True,torch.float16,1234,0.1,16,rf64,True,18.694143295288086,18.528255462646484,18.85148811340332,18.463680267333984,5,1,19.155472999955236,242.12744140625,299.28564453125,ok
scale_0.25,16384,True,torch.float16,1234,0.1,16,rf256,True,34.91654586791992,34.77619171142578,35.14499282836914,34.44102478027344,5,1,34.55274999987523,528.50048828125,585.65869140625,ok
scale_0.25,16384,True,torch.float16,1234,0.1,16,rf1024,True,122.43558502197266,122.3946533203125,122.55209350585938,122.04969787597656,5,1,122.27797000014107,864.25048828125,921.40869140625,ok
scale_0.25,32768,True,torch.float16,1234,0.1,16,sdpa,True,106.62012481689453,104.88921356201172,106.76592254638672,104.6568603515625,5,1,104.82031600008668,32.0,137.158203125,ok
scale_0.25,32768,True,torch.float16,1234,0.1,16,probe_first,True,154.68544006347656,154.15577697753906,163.61485290527344,154.1017608642578,5,1,155.8683220000603,1057.00146484375,1162.15966796875,ok
scale_0.25,32768,True,torch.float16,1234,0.1,16,cached_same,True,70.09830474853516,69.8842544555664,71.28278350830078,69.17910766601562,5,1,69.24179199995706,1057.00048828125,1162.15869140625,ok
scale_0.25,32768,True,torch.float16,1234,0.1,16,selection_only,True,87.26979064941406,86.98051452636719,87.40412902832031,86.45014190673828,5,1,87.97510299996247,961.06494140625,1066.22314453125,ok
scale_0.25,32768,True,torch.float16,1234,0.1,16,original_router,True,111.61251068115234,111.46649932861328,111.71107482910156,111.42765045166016,5,1,111.60004899988962,1345.0966796875,1450.2548828125,ok
scale_0.25,32768,True,torch.float16,1234,0.1,16,choose_once_2_calls,True,225.39894104003906,225.1826171875,226.4486083984375,224.3522491455078,5,1,225.44944100013709,1089.0009765625,1194.1591796875,ok
scale_0.25,32768,True,torch.float16,1234,0.1,16,choose_once_4_calls,True,368.2528076171875,367.6917724609375,368.3428649902344,367.4815368652344,5,1,365.0608140001168,1089.0009765625,1194.1591796875,ok
scale_0.25,32768,True,torch.float16,1234,0.1,16,choose_once_8_calls,True,646.509765625,645.565185546875,647.704833984375,644.046875,5,1,647.760468000115,1089.0009765625,1194.1591796875,ok
scale_0.25,32768,True,torch.float16,1234,0.1,16,rf64,True,37.42540740966797,37.06880187988281,37.85011291503906,36.55904006958008,5,1,37.22130900018783,482.12744140625,587.28564453125,ok
scale_0.25,32768,True,torch.float16,1234,0.1,16,rf256,True,69.93631744384766,69.82527923583984,70.05792236328125,69.67881774902344,5,1,70.33423600000788,1057.00048828125,1162.15869140625,ok
scale_0.25,32768,True,torch.float16,1234,0.1,16,rf1024,True,271.12957763671875,270.5018310546875,271.5176086425781,270.2221984863281,5,1,270.343290000028,880.25048828125,985.40869140625,ok
scale_0.25,65536,True,torch.float16,1234,0.1,16,sdpa,True,471.5169677734375,471.5030212402344,471.6927490234375,469.6423645019531,5,1,466.87631099985083,64.0,265.158203125,ok
scale_0.25,65536,True,torch.float16,1234,0.1,16,probe_first,True,371.2020568847656,369.3158264160156,373.489990234375,368.4312438964844,5,1,369.27607100005844,1154.033203125,1355.19140625,ok
scale_0.25,65536,True,torch.float16,1234,0.1,16,cached_same,True,170.50009155273438,169.43951416015625,171.98080444335938,168.80918884277344,5,1,169.39192500012723,1153.00048828125,1354.15869140625,ok
scale_0.25,65536,True,torch.float16,1234,0.1,16,selection_only,True,204.55865478515625,204.1143035888672,204.65664672851562,203.99717712402344,5,1,204.52396100017722,1154.033203125,1355.19140625,ok
scale_0.25,65536,True,torch.float16,1234,0.1,16,original_router,True,221.5518341064453,221.5032958984375,222.44383239746094,220.84466552734375,5,1,222.90873099996134,2690.0966796875,2891.2548828125,ok
scale_0.25,65536,True,torch.float16,1234,0.1,16,choose_once_2_calls,True,541.3990478515625,540.8179321289062,542.068603515625,540.5399169921875,5,1,546.0169269999824,1217.0009765625,1418.1591796875,ok
scale_0.25,65536,True,torch.float16,1234,0.1,16,choose_once_4_calls,True,875.015380859375,874.0556640625,875.2926635742188,872.92724609375,5,1,877.8777610000361,1217.0009765625,1418.1591796875,ok
scale_0.25,65536,True,torch.float16,1234,0.1,16,choose_once_8_calls,True,1550.876708984375,1549.748779296875,1555.757568359375,1548.620849609375,3,0,1553.0766770000355,1217.0009765625,1418.1591796875,ok
scale_0.25,65536,True,torch.float16,1234,0.1,16,rf64,True,76.54605102539062,75.64006042480469,78.50806427001953,74.3677749633789,5,1,73.34627999989607,962.12744140625,1163.28564453125,ok
scale_0.25,65536,True,torch.float16,1234,0.1,16,rf256,True,168.8191680908203,167.51052856445312,170.2441864013672,166.1091766357422,5,1,170.44447000012042,1153.00048828125,1354.15869140625,ok
scale_0.25,65536,True,torch.float16,1234,0.1,16,rf1024,True,582.0314331054688,581.121337890625,584.4439086914062,578.2123413085938,5,1,604.8168859999805,912.25048828125,1113.40869140625,ok
scale_0.25,512,True,torch.float32,1234,0.1,16,sdpa,True,0.274399995803833,0.27033600211143494,0.2764799892902374,0.26396799087524414,5,1,0.3079670000261103,1.0,13.1728515625,ok
scale_0.25,512,True,torch.float32,1234,0.1,16,probe_first,True,6.8382720947265625,6.771359920501709,6.978623867034912,6.727871894836426,5,1,7.081549000076848,19.00927734375,31.18212890625,ok
scale_0.25,512,True,torch.float32,1234,0.1,16,cached_same,True,1.3921279907226562,1.39193594455719,1.4058560132980347,1.3738240003585815,5,1,1.5054509999572474,19.00830078125,31.18115234375,ok
scale_0.25,512,True,torch.float32,1234,0.1,16,selection_only,True,5.452703952789307,5.4049601554870605,5.465727806091309,5.402431964874268,5,1,5.920994999996765,12.08056640625,24.25341796875,ok
scale_0.25,512,True,torch.float32,1234,0.1,16,original_router,True,3.7256319522857666,3.6464319229125977,3.974015951156616,3.6126720905303955,5,1,3.6491870000645577,20.1044921875,32.27734375,ok
scale_0.25,512,True,torch.float32,1234,0.1,16,choose_once_2_calls,True,8.406368255615234,8.368224143981934,8.429375648498535,8.232416152954102,5,1,9.028360999991492,20.0087890625,32.181640625,ok
scale_0.25,512,True,torch.float32,1234,0.1,16,choose_once_4_calls,True,10.796671867370605,10.77724838256836,10.962911605834961,10.752448081970215,5,1,11.249085000144987,20.0087890625,32.181640625,ok
scale_0.25,512,True,torch.float32,1234,0.1,16,choose_once_8_calls,True,16.25449562072754,16.15488052368164,16.277376174926758,16.044031143188477,5,1,16.87840700014931,20.0087890625,32.181640625,ok
scale_0.25,512,True,torch.float32,1234,0.1,16,rf64,True,1.3844480514526367,1.357983946800232,1.3865920305252075,1.357856035232544,5,1,1.4613549999467068,12.62744140625,24.80029296875,ok
scale_0.25,512,True,torch.float32,1234,0.1,16,rf256,True,2.0848639011383057,2.058079957962036,2.127487897872925,2.054719924926758,5,1,1.4514150000195514,19.00830078125,31.18115234375,ok
scale_0.25,512,True,torch.float32,1234,0.1,16,rf1024,True,2.9360640048980713,2.924031972885132,2.969599962234497,2.917952060699463,5,1,3.059491999920283,53.01611328125,65.18896484375,ok
scale_0.25,1024,True,torch.float32,1234,0.1,16,sdpa,True,0.45798400044441223,0.4574719965457916,0.4628480076789856,0.4458560049533844,5,1,0.497336000080395,2.0,17.1884765625,ok
scale_0.25,1024,True,torch.float32,1234,0.1,16,probe_first,True,12.614015579223633,12.558560371398926,12.63430404663086,12.510144233703613,5,1,13.102527999990343,31.40380859375,46.59228515625,ok
scale_0.25,1024,True,torch.float32,1234,0.1,16,cached_same,True,3.6967039108276367,3.680255889892578,3.69868803024292,3.662976026535034,5,1,3.909561999989819,31.40283203125,46.59130859375,ok
scale_0.25,1024,True,torch.float32,1234,0.1,16,selection_only,True,8.8306884765625,8.824447631835938,8.947744369506836,8.652799606323242,5,1,11.203102000081344,21.71728515625,36.90576171875,ok
scale_0.25,1024,True,torch.float32,1234,0.1,16,original_router,True,5.030335903167725,4.971968173980713,5.080832004547119,4.79641580581665,5,1,6.1162470001363545,32.9990234375,48.1875,ok
scale_0.25,1024,True,torch.float32,1234,0.1,16,choose_once_2_calls,True,16.542144775390625,16.35331153869629,16.634464263916016,16.346912384033203,5,1,16.59213900006762,33.1533203125,48.341796875,ok
scale_0.25,1024,True,torch.float32,1234,0.1,16,choose_once_4_calls,True,24.577856063842773,24.410175323486328,24.669023513793945,24.33616065979004,5,1,24.957951000033063,33.1533203125,48.341796875,ok
scale_0.25,1024,True,torch.float32,1234,0.1,16,choose_once_8_calls,True,39.974910736083984,39.67824172973633,40.380672454833984,37.12355041503906,5,1,38.775027999918166,33.1533203125,48.341796875,ok
scale_0.25,1024,True,torch.float32,1234,0.1,16,rf64,True,1.9388799667358398,1.9347519874572754,1.955839991569519,1.9189759492874146,5,1,2.1608249999189866,19.62744140625,34.81591796875,ok
scale_0.25,1024,True,torch.float32,1234,0.1,16,rf256,True,2.181823968887329,2.174880027770996,2.182368040084839,2.1686720848083496,5,1,2.271902999837039,34.03173828125,49.22021484375,ok
scale_0.25,1024,True,torch.float32,1234,0.1,16,rf1024,True,5.326591968536377,5.303296089172363,5.4324798583984375,5.298304080963135,5,1,5.930824999950346,106.03173828125,121.22021484375,ok
scale_0.25,2048,True,torch.float32,1234,0.1,16,sdpa,True,1.4663679599761963,1.4624320268630981,1.4928640127182007,1.451904058456421,5,1,1.5709429999333224,4.0,25.2197265625,ok
scale_0.25,2048,True,torch.float32,1234,0.1,16,probe_first,True,19.36582374572754,19.350719451904297,19.63337516784668,19.20921516418457,5,1,19.818781000140007,68.06396484375,89.28369140625,ok
scale_0.25,2048,True,torch.float32,1234,0.1,16,cached_same,True,3.9754879474639893,3.9446399211883545,4.0366082191467285,3.935551881790161,5,1,4.045349999842074,68.06298828125,89.28271484375,ok
scale_0.25,2048,True,torch.float32,1234,0.1,16,selection_only,True,15.572128295898438,15.383999824523926,15.83142375946045,15.225279808044434,5,1,16.32961899986185,48.12744140625,69.34716796875,ok
scale_0.25,2048,True,torch.float32,1234,0.1,16,original_router,True,7.775296211242676,7.768320083618164,7.813504219055176,7.745151996612549,5,1,8.07118099987747,72.1591796875,93.37890625,ok
scale_0.25,2048,True,torch.float32,1234,0.1,16,choose_once_2_calls,True,23.173311233520508,23.152063369750977,23.57244873046875,22.981279373168945,5,1,23.115357000051517,72.0634765625,93.283203125,ok
scale_0.25,2048,True,torch.float32,1234,0.1,16,choose_once_4_calls,True,30.984159469604492,30.730623245239258,31.105024337768555,30.668800354003906,5,1,31.29211899999973,72.0634765625,93.283203125,ok
scale_0.25,2048,True,torch.float32,1234,0.1,16,choose_once_8_calls,True,48.641632080078125,48.3469123840332,48.65577697753906,48.28905487060547,5,1,57.897534999938216,72.0634765625,93.283203125,ok
scale_0.25,2048,True,torch.float32,1234,0.1,16,rf64,True,2.9934399127960205,2.9814400672912598,3.033087968826294,2.98140811920166,5,1,3.103937999867412,34.12744140625,55.34716796875,ok
scale_0.25,2048,True,torch.float32,1234,0.1,16,rf256,True,3.891200065612793,3.891200065612793,3.901247978210449,3.8578879833221436,5,1,3.927350999902046,68.06298828125,89.28271484375,ok
scale_0.25,2048,True,torch.float32,1234,0.1,16,rf1024,True,12.240927696228027,11.247615814208984,13.696736335754395,10.797280311584473,5,1,13.939250000021275,212.06298828125,233.28271484375,ok
scale_0.25,4096,True,torch.float32,1234,0.1,16,sdpa,True,5.490623950958252,5.4620161056518555,5.636223793029785,5.291711807250977,5,1,6.729557999960889,8.0,41.2822265625,ok
scale_0.25,4096,True,torch.float32,1234,0.1,16,probe_first,True,33.29372787475586,32.36659240722656,35.13343811035156,31.635456085205078,5,1,36.11988800003019,136.12646484375,169.40869140625,ok
scale_0.25,4096,True,torch.float32,1234,0.1,16,cached_same,True,7.869760036468506,7.865824222564697,8.511551856994629,7.66537618637085,5,1,8.820928999966782,136.12548828125,169.40771484375,ok
scale_0.25,4096,True,torch.float32,1234,0.1,16,selection_only,True,23.90835189819336,23.787519454956055,24.272544860839844,23.62246322631836,5,1,25.78079600016281,96.18994140625,129.47216796875,ok
scale_0.25,4096,True,torch.float32,1234,0.1,16,original_router,True,14.089887619018555,13.623359680175781,14.092991828918457,13.37343978881836,5,1,14.11599700008992,144.2216796875,177.50390625,ok
scale_0.25,4096,True,torch.float32,1234,0.1,16,choose_once_2_calls,True,40.357887268066406,40.20867156982422,41.233726501464844,39.726463317871094,5,1,40.27130099984788,144.1259765625,177.408203125,ok
scale_0.25,4096,True,torch.float32,1234,0.1,16,choose_once_4_calls,True,55.41068649291992,55.089439392089844,55.89215850830078,54.753761291503906,5,1,56.68522599989956,144.1259765625,177.408203125,ok
scale_0.25,4096,True,torch.float32,1234,0.1,16,choose_once_8_calls,True,89.68790435791016,89.22112274169922,90.61209869384766,89.08390045166016,5,1,92.9381559999456,144.1259765625,177.408203125,ok
scale_0.25,4096,True,torch.float32,1234,0.1,16,rf64,True,5.180895805358887,5.160895824432373,5.376512050628662,5.136576175689697,5,1,5.404916999850684,66.12744140625,99.40966796875,ok
scale_0.25,4096,True,torch.float32,1234,0.1,16,rf256,True,7.658239841461182,7.48745584487915,8.138143539428711,7.471104145050049,5,1,8.844474999932572,136.12548828125,169.40771484375,ok
scale_0.25,4096,True,torch.float32,1234,0.1,16,rf1024,True,26.16521644592285,25.528352737426758,26.69366455078125,24.91321563720703,5,1,25.21513600004255,424.12548828125,457.40771484375,ok
scale_0.25,8192,True,torch.float32,1234,0.1,16,sdpa,True,26.55523109436035,26.439552307128906,26.737760543823242,25.767744064331055,5,1,26.253723999843714,16.0,73.158203125,ok
scale_0.25,8192,True,torch.float32,1234,0.1,16,probe_first,True,46.594017028808594,46.33804702758789,46.84214401245117,45.96489715576172,5,1,48.17112599994289,272.25146484375,329.40966796875,ok
scale_0.25,8192,True,torch.float32,1234,0.1,16,cached_same,True,17.20524787902832,17.195295333862305,17.327455520629883,16.303232192993164,5,1,17.199882000113575,272.25048828125,329.40869140625,ok
scale_0.25,8192,True,torch.float32,1234,0.1,16,selection_only,True,30.9432315826416,30.875263214111328,31.05846405029297,30.801984786987305,5,1,32.1849930001008,192.31494140625,249.47314453125,ok
scale_0.25,8192,True,torch.float32,1234,0.1,16,original_router,True,27.596799850463867,27.548160552978516,27.824127197265625,27.446176528930664,5,1,27.457628000092882,288.3466796875,345.5048828125,ok
scale_0.25,8192,True,torch.float32,1234,0.1,16,choose_once_2_calls,True,61.804542541503906,61.57503890991211,61.84284973144531,61.37343978881836,5,1,61.405678000028274,288.2509765625,345.4091796875,ok
scale_0.25,8192,True,torch.float32,1234,0.1,16,choose_once_4_calls,True,95.54332733154297,94.72233581542969,96.21174621582031,94.58793640136719,5,1,96.26349499990283,288.2509765625,345.4091796875,ok
scale_0.25,8192,True,torch.float32,1234,0.1,16,choose_once_8_calls,True,164.08575439453125,164.01266479492188,164.39231872558594,163.93740844726562,5,1,163.5911020000549,288.2509765625,345.4091796875,ok
scale_0.25,8192,True,torch.float32,1234,0.1,16,rf64,True,9.504768371582031,9.3472318649292,9.662336349487305,9.181183815002441,5,1,10.014508000040223,130.12744140625,187.28564453125,ok
scale_0.25,8192,True,torch.float32,1234,0.1,16,rf256,True,17.259519577026367,17.164255142211914,17.515071868896484,15.652511596679688,5,1,17.254372000024887,272.25048828125,329.40869140625,ok
scale_0.25,8192,True,torch.float32,1234,0.1,16,rf1024,True,51.5599365234375,51.52921676635742,52.332542419433594,51.343360900878906,5,1,51.43940899984045,848.25048828125,905.40869140625,ok
scale_0.25,16384,True,torch.float32,1234,0.1,16,sdpa,True,112.26032257080078,111.99488067626953,112.47366333007812,111.68831634521484,5,1,112.3971330000586,32.0,137.158203125,ok
scale_0.25,16384,True,torch.float32,1234,0.1,16,probe_first,True,82.99314880371094,82.9744644165039,83.02262115478516,82.6593246459961,5,1,83.57075100002476,544.50146484375,649.65966796875,ok
scale_0.25,16384,True,torch.float32,1234,0.1,16,cached_same,True,34.28966522216797,33.9455680847168,34.297630310058594,33.93305587768555,5,1,33.91296399991006,544.50048828125,649.65869140625,ok
scale_0.25,16384,True,torch.float32,1234,0.1,16,selection_only,True,54.057952880859375,54.04467010498047,54.68310546875,53.31353759765625,5,1,54.25119100004849,384.56494140625,489.72314453125,ok
scale_0.25,16384,True,torch.float32,1234,0.1,16,original_router,True,55.1014404296875,54.89254379272461,55.43324661254883,54.2474250793457,5,1,55.05948599989097,576.5966796875,681.7548828125,ok
scale_0.25,16384,True,torch.float32,1234,0.1,16,choose_once_2_calls,True,116.77267456054688,115.9024658203125,117.61686706542969,114.6286392211914,5,1,116.82198200014682,576.5009765625,681.6591796875,ok
scale_0.25,16384,True,torch.float32,1234,0.1,16,choose_once_4_calls,True,187.74806213378906,186.6991424560547,187.7818603515625,186.13658142089844,5,1,188.91419199985648,576.5009765625,681.6591796875,ok
scale_0.25,16384,True,torch.float32,1234,0.1,16,choose_once_8_calls,True,325.841064453125,325.68115234375,328.056884765625,317.7308349609375,5,1,327.2511500001656,576.5009765625,681.6591796875,ok
scale_0.25,16384,True,torch.float32,1234,0.1,16,rf64,True,18.64339256286621,18.637216567993164,18.682912826538086,18.45248031616211,5,1,18.448327999976755,258.12744140625,363.28564453125,ok
scale_0.25,16384,True,torch.float32,1234,0.1,16,rf256,True,35.11219024658203,34.797279357910156,35.16044616699219,34.3900146484375,5,1,34.42092899990712,544.50048828125,649.65869140625,ok
scale_0.25,16384,True,torch.float32,1234,0.1,16,rf1024,True,125.43952178955078,124.69801330566406,127.10733032226562,124.5450210571289,5,1,125.78039700019872,880.25048828125,985.40869140625,ok
scale_0.25,32768,True,torch.float32,1234,0.1,16,sdpa,True,502.8848571777344,502.37591552734375,503.64190673828125,502.1690979003906,5,1,506.94179700008135,64.0,265.158203125,ok
scale_0.25,32768,True,torch.float32,1234,0.1,16,probe_first,True,152.2015380859375,151.70970153808594,152.88262939453125,151.27737426757812,5,1,153.0382200000986,1089.00146484375,1290.15966796875,ok
scale_0.25,32768,True,torch.float32,1234,0.1,16,cached_same,True,69.15647888183594,69.08688354492188,69.60284423828125,69.07843017578125,5,1,69.46059500000956,1089.00048828125,1290.15869140625,ok
scale_0.25,32768,True,torch.float32,1234,0.1,16,selection_only,True,86.54422760009766,86.25753784179688,88.42518615722656,86.21971130371094,5,1,86.7421610000747,769.06494140625,970.22314453125,ok
scale_0.25,32768,True,torch.float32,1234,0.1,16,original_router,True,110.64934539794922,110.53392028808594,110.93567657470703,110.30115509033203,5,1,110.28672099996584,1153.0966796875,1354.2548828125,ok
scale_0.25,32768,True,torch.float32,1234,0.1,16,choose_once_2_calls,True,221.84669494628906,221.82546997070312,223.2124481201172,221.58770751953125,5,1,222.20155500008332,1153.0009765625,1354.1591796875,ok
scale_0.25,32768,True,torch.float32,1234,0.1,16,choose_once_4_calls,True,361.7423400878906,361.1391906738281,367.2760314941406,359.90985107421875,5,1,362.74721900008444,1153.0009765625,1354.1591796875,ok
scale_0.25,32768,True,torch.float32,1234,0.1,16,choose_once_8_calls,True,636.5874633789062,631.9866333007812,640.1884155273438,631.545166015625,5,1,634.4926330000362,1153.0009765625,1354.1591796875,ok
scale_0.25,32768,True,torch.float32,1234,0.1,16,rf64,True,35.976097106933594,35.48041534423828,36.52812957763672,35.38739013671875,5,1,35.75503799993385,514.12744140625,715.28564453125,ok
scale_0.25,32768,True,torch.float32,1234,0.1,16,rf256,True,68.29952239990234,68.03865814208984,68.53593444824219,68.00630187988281,5,1,67.94838500013611,1089.00048828125,1290.15869140625,ok
scale_0.25,32768,True,torch.float32,1234,0.1,16,rf1024,True,267.47119140625,266.5403137207031,268.7842712402344,266.3653259277344,5,1,269.8302410001361,912.25048828125,1113.40869140625,ok
scale_0.25,65536,True,torch.float32,1234,0.1,16,sdpa,True,1967.3294677734375,1966.959228515625,1967.5808715820312,1966.5889892578125,3,0,1968.584878999991,128.0,521.158203125,ok
scale_0.25,65536,True,torch.float32,1234,0.1,16,probe_first,True,372.1288757324219,368.3525390625,375.7792053222656,367.1654357910156,5,1,376.93462399988675,1217.00146484375,1610.15966796875,ok
scale_0.25,65536,True,torch.float32,1234,0.1,16,cached_same,True,167.6270751953125,165.3201904296875,168.63888549804688,164.77593994140625,5,1,168.59149499987325,1217.00048828125,1610.15869140625,ok
scale_0.25,65536,True,torch.float32,1234,0.1,16,selection_only,True,209.03085327148438,207.133056640625,223.08717346191406,206.49574279785156,5,1,211.21005000009063,770.033203125,1163.19140625,ok
scale_0.25,65536,True,torch.float32,1234,0.1,16,original_router,True,219.3521270751953,218.7143096923828,220.7493133544922,217.57542419433594,5,1,218.1694509999943,2306.0966796875,2699.2548828125,ok
scale_0.25,65536,True,torch.float32,1234,0.1,16,choose_once_2_calls,True,534.7532958984375,533.83984375,540.402587890625,533.747802734375,5,1,533.7773630001266,1345.0009765625,1738.1591796875,ok
scale_0.25,65536,True,torch.float32,1234,0.1,16,choose_once_4_calls,True,870.4798583984375,868.4172973632812,872.4623413085938,867.9000244140625,5,1,869.7752149998905,1345.0009765625,1738.1591796875,ok
scale_0.25,65536,True,torch.float32,1234,0.1,16,choose_once_8_calls,True,1540.515869140625,1536.6574096679688,1541.4340209960938,1532.7989501953125,3,0,1531.7885800000113,1345.0009765625,1738.1591796875,ok
scale_0.25,65536,True,torch.float32,1234,0.1,16,rf64,True,73.66035461425781,73.40646362304688,74.4639663696289,72.44287872314453,5,1,72.0863520000421,1026.12744140625,1419.28564453125,ok
scale_0.25,65536,True,torch.float32,1234,0.1,16,rf256,True,167.00694274902344,165.15916442871094,167.17079162597656,164.44210815429688,5,1,168.45237600000473,1217.00048828125,1610.15869140625,ok
scale_0.25,65536,True,torch.float32,1234,0.1,16,rf1024,True,580.23388671875,578.4060668945312,582.6272583007812,572.1069946289062,5,1,581.4220719998957,976.25048828125,1369.40869140625,ok
scale_0.4,512,False,torch.float16,1234,0.1,16,sdpa,True,0.0979200005531311,0.09625600278377533,0.10239999741315842,0.09318400174379349,5,1,0.13462199990499357,0.5,11.1728515625,ok
scale_0.4,512,False,torch.float16,1234,0.1,16,probe_first,True,4.978752136230469,4.870143890380859,5.017343997955322,4.718111991882324,5,1,4.929632000084894,39.08056640625,49.75341796875,ok
scale_0.4,512,False,torch.float16,1234,0.1,16,cached_same,True,1.3701119422912598,1.3481600284576416,1.3886719942092896,1.347648024559021,5,1,1.3892750000650267,20.00634765625,30.67919921875,ok
scale_0.4,512,False,torch.float16,1234,0.1,16,selection_only,True,3.4001920223236084,3.373055934906006,3.4099199771881104,3.360095977783203,5,1,3.618240000150763,39.08056640625,49.75341796875,ok
scale_0.4,512,False,torch.float16,1234,0.1,16,original_router,True,5.085184097290039,5.084512233734131,5.1202239990234375,5.07151985168457,5,1,5.172790999949939,57.1123046875,67.78515625,ok
scale_0.4,512,False,torch.float16,1234,0.1,16,choose_once_2_calls,True,6.011936187744141,6.004608154296875,6.099391937255859,5.94652795791626,5,1,6.098408999832827,39.08056640625,49.75341796875,ok
scale_0.4,512,False,torch.float16,1234,0.1,16,choose_once_4_calls,True,8.66096019744873,8.657983779907227,8.711775779724121,8.644607543945312,5,1,9.34084100003929,39.08056640625,49.75341796875,ok
scale_0.4,512,False,torch.float16,1234,0.1,16,choose_once_8_calls,True,13.953280448913574,13.938624382019043,14.06163215637207,13.726207733154297,5,1,14.737681000042357,39.08056640625,49.75341796875,ok
scale_0.4,512,False,torch.float16,1234,0.1,16,rf64,True,0.9379839897155762,0.9311680197715759,0.9451199769973755,0.9292479753494263,5,1,1.0600989999147714,7.64306640625,18.31591796875,ok
scale_0.4,512,False,torch.float16,1234,0.1,16,rf256,True,1.0230079889297485,1.0222079753875732,1.0274560451507568,1.0028480291366577,5,1,1.1793619999025395,16.51611328125,27.18896484375,ok
scale_0.4,512,False,torch.float16,1234,0.1,16,rf1024,True,2.1565439701080322,2.15449595451355,2.1653759479522705,2.143807888031006,5,1,2.2406739999496494,52.51611328125,63.18896484375,ok
scale_0.4,1024,False,torch.float16,1234,0.1,16,sdpa,True,0.18636800348758698,0.1863359957933426,0.1884160041809082,0.1844480037689209,5,1,0.2179160001105629,1.0,13.1884765625,ok
scale_0.4,1024,False,torch.float16,1234,0.1,16,probe_first,True,6.891263961791992,6.888351917266846,7.051231861114502,6.886240005493164,5,1,7.307352999987415,78.09619140625,90.28466796875,ok
scale_0.4,1024,False,torch.float16,1234,0.1,16,cached_same,True,2.773024082183838,2.763711929321289,2.775007963180542,2.7534399032592773,5,1,2.8905680001116707,66.0205078125,78.208984375,ok
scale_0.4,1024,False,torch.float16,1234,0.1,16,selection_only,True,4.250400066375732,4.177919864654541,4.414783954620361,4.1696319580078125,5,1,4.190913999991608,78.09619140625,90.28466796875,ok
scale_0.4,1024,False,torch.float16,1234,0.1,16,original_router,True,7.593984127044678,7.4608001708984375,7.634496212005615,7.423007965087891,5,1,8.029412999803753,114.1279296875,126.31640625,ok
scale_0.4,1024,False,torch.float16,1234,0.1,16,choose_once_2_calls,True,10.197600364685059,9.838591575622559,11.175680160522461,9.611040115356445,5,1,10.268127000017557,78.09619140625,90.28466796875,ok
scale_0.4,1024,False,torch.float16,1234,0.1,16,choose_once_4_calls,True,16.062463760375977,15.948575973510742,16.304351806640625,15.486623764038086,5,1,16.30482799987476,78.09619140625,90.28466796875,ok
scale_0.4,1024,False,torch.float16,1234,0.1,16,choose_once_8_calls,True,28.396608352661133,28.248640060424805,28.4237117767334,28.088319778442383,5,1,28.32055399994715,78.09619140625,90.28466796875,ok
scale_0.4,1024,False,torch.float16,1234,0.1,16,rf64,True,0.9728000164031982,0.9728000164031982,1.0081599950790405,0.972383975982666,5,1,1.1360659998445044,15.15869140625,27.34716796875,ok
scale_0.4,1024,False,torch.float16,1234,0.1,16,rf256,True,1.4964159727096558,1.484671950340271,1.4985599517822266,1.4699840545654297,5,1,1.5259420001711987,39.5087890625,51.697265625,ok
scale_0.4,1024,False,torch.float16,1234,0.1,16,rf1024,True,3.7326080799102783,3.7212159633636475,3.7373759746551514,3.689919948577881,5,1,3.907442999889099,105.03173828125,117.22021484375,ok
scale_0.4,2048,False,torch.float16,1234,0.1,16,sdpa,True,0.5980160236358643,0.5959680080413818,0.5980160236358643,0.5959680080413818,5,1,0.6270879998737655,2.0,17.2197265625,ok
scale_0.4,2048,False,torch.float16,1234,0.1,16,probe_first,True,11.639871597290039,11.068703651428223,11.767264366149902,10.884448051452637,5,1,11.778491000086433,156.12744140625,171.34716796875,ok
scale_0.4,2048,False,torch.float16,1234,0.1,16,cached_same,True,4.3731842041015625,4.339776039123535,4.48908805847168,4.3243842124938965,5,1,4.635756999959995,106.03173828125,121.25146484375,ok
scale_0.4,2048,False,torch.float16,1234,0.1,16,selection_only,True,6.616543769836426,6.494207859039307,6.628992080688477,6.397312164306641,5,1,7.002714999998716,156.12744140625,171.34716796875,ok
scale_0.4,2048,False,torch.float16,1234,0.1,16,original_router,True,15.09558391571045,14.752384185791016,15.155200004577637,14.252575874328613,5,1,15.382872000145653,228.1591796875,243.37890625,ok
scale_0.4,2048,False,torch.float16,1234,0.1,16,choose_once_2_calls,True,16.72831916809082,16.384735107421875,16.79097557067871,15.429120063781738,5,1,16.643837999936295,156.12744140625,171.34716796875,ok
scale_0.4,2048,False,torch.float16,1234,0.1,16,choose_once_4_calls,True,26.78972816467285,26.775583267211914,27.036928176879883,26.753023147583008,5,1,26.764089999915086,156.12744140625,171.34716796875,ok
scale_0.4,2048,False,torch.float16,1234,0.1,16,choose_once_8_calls,True,45.7042236328125,45.127681732177734,46.117950439453125,44.82774353027344,5,1,45.404872000062824,156.12744140625,171.34716796875,ok
scale_0.4,2048,False,torch.float16,1234,0.1,16,rf64,True,1.6070400476455688,1.5949759483337402,1.6136959791183472,1.5935039520263672,5,1,1.6837159998885909,30.18994140625,45.40966796875,ok
scale_0.4,2048,False,torch.float16,1234,0.1,16,rf256,True,2.500256061553955,2.4946560859680176,2.5160319805145264,2.4787840843200684,5,1,2.5429779998376034,66.5087890625,81.728515625,ok
scale_0.4,2048,False,torch.float16,1234,0.1,16,rf1024,True,7.346911907196045,7.346720218658447,7.653024196624756,7.277472019195557,5,1,7.818234000069424,210.06298828125,225.28271484375,ok
scale_0.4,4096,False,torch.float16,1234,0.1,16,sdpa,True,1.9742720127105713,1.9735360145568848,1.975775957107544,1.968384027481079,5,1,2.001713000026939,4.0,25.2822265625,ok
scale_0.4,4096,False,torch.float16,1234,0.1,16,probe_first,True,22.931264877319336,22.69865608215332,23.111488342285156,22.24131202697754,5,1,22.780412999964028,312.18994140625,333.47216796875,ok
scale_0.4,4096,False,torch.float16,1234,0.1,16,cached_same,True,9.660063743591309,9.310208320617676,9.765279769897461,9.209856033325195,5,1,10.089358999948672,212.06298828125,233.34521484375,ok
scale_0.4,4096,False,torch.float16,1234,0.1,16,selection_only,True,12.521727561950684,12.163999557495117,12.863455772399902,11.963552474975586,5,1,12.925911999900563,312.18994140625,333.47216796875,ok
scale_0.4,4096,False,torch.float16,1234,0.1,16,original_router,True,35.40790557861328,35.164161682128906,35.51804733276367,34.40415954589844,5,1,35.24330300001566,568.09765625,589.3798828125,ok
scale_0.4,4096,False,torch.float16,1234,0.1,16,choose_once_2_calls,True,32.62416076660156,32.60163116455078,32.749568939208984,32.18022537231445,5,1,32.816855000191936,312.18994140625,333.47216796875,ok
scale_0.4,4096,False,torch.float16,1234,0.1,16,choose_once_4_calls,True,52.959903717041016,52.727935791015625,53.04886245727539,52.63974380493164,5,1,52.56575899989002,312.18994140625,333.47216796875,ok
scale_0.4,4096,False,torch.float16,1234,0.1,16,choose_once_8_calls,True,92.84809875488281,92.61961364746094,93.05907440185547,92.25421142578125,5,1,92.09461799991914,312.18994140625,333.47216796875,ok
scale_0.4,4096,False,torch.float16,1234,0.1,16,rf64,True,2.918368101119995,2.8979198932647705,2.9330239295959473,2.814176082611084,5,1,2.8014010001697898,60.25244140625,81.53466796875,ok
scale_0.4,4096,False,torch.float16,1234,0.1,16,rf256,True,4.746560096740723,4.74348783493042,4.746687889099121,4.7373762130737305,5,1,4.928544999984297,132.12548828125,153.40771484375,ok
scale_0.4,4096,False,torch.float16,1234,0.1,16,rf1024,True,15.523839950561523,14.830944061279297,16.349279403686523,14.292799949645996,5,1,16.575030000012703,420.12548828125,441.40771484375,ok
scale_0.4,8192,False,torch.float16,1234,0.1,16,sdpa,True,11.445728302001953,10.569727897644043,11.730815887451172,10.106592178344727,5,1,12.04655499986984,8.0,41.15771484375,ok
scale_0.4,8192,False,torch.float16,1234,0.1,16,probe_first,True,41.78643035888672,41.740318298339844,41.859039306640625,41.577022552490234,5,1,41.741385000023,624.31494140625,657.47265625,ok
scale_0.4,8192,False,torch.float16,1234,0.1,16,cached_same,True,17.499935150146484,17.48851203918457,17.504928588867188,17.219839096069336,5,1,17.576182000084373,216.06298828125,249.220703125,ok
scale_0.4,8192,False,torch.float16,1234,0.1,16,selection_only,True,24.442752838134766,24.430559158325195,24.631296157836914,24.242528915405273,5,1,24.860309999894525,624.31494140625,657.47265625,ok
scale_0.4,8192,False,torch.float16,1234,0.1,16,original_router,True,123.36540985107422,122.42931365966797,123.48822021484375,122.25078582763672,5,1,126.23640499987232,3200.09765625,3233.25537109375,ok
scale_0.4,8192,False,torch.float16,1234,0.1,16,choose_once_2_calls,True,59.45564651489258,59.42652893066406,59.63276672363281,59.34726333618164,5,1,59.27215599990632,624.31494140625,657.47265625,ok
scale_0.4,8192,False,torch.float16,1234,0.1,16,choose_once_4_calls,True,94.95954895019531,94.50851440429688,95.03743743896484,94.2916488647461,5,1,94.3752210000639,624.31494140625,657.47265625,ok
scale_0.4,8192,False,torch.float16,1234,0.1,16,choose_once_8_calls,True,164.68716430664062,164.50169372558594,164.7308807373047,164.4851837158203,5,1,164.79771800004528,624.31494140625,657.47265625,ok
scale_0.4,8192,False,torch.float16,1234,0.1,16,rf64,True,4.910592079162598,4.890880107879639,4.911104202270508,4.87059211730957,5,1,4.888027999868427,120.37744140625,153.53515625,ok
scale_0.4,8192,False,torch.float16,1234,0.1,16,rf256,True,9.337823867797852,9.186079978942871,9.411744117736816,8.968544006347656,5,1,10.094979999848874,264.25048828125,297.408203125,ok
scale_0.4,8192,False,torch.float16,1234,0.1,16,rf1024,True,34.01007843017578,33.49302291870117,34.441375732421875,33.160865783691406,5,1,33.92794700016566,840.25048828125,873.408203125,ok
scale_0.4,16384,False,torch.float16,1234,0.1,16,sdpa,True,46.9453125,46.55174255371094,47.40547180175781,46.35647964477539,5,1,46.755114999996295,16.0,73.15771484375,ok
scale_0.4,16384,False,torch.float16,1234,0.1,16,probe_first,True,106.13731384277344,105.53180694580078,106.31330871582031,104.70556640625,5,1,106.1399430000165,672.31494140625,729.47265625,ok
scale_0.4,16384,False,torch.float16,1234,0.1,16,cached_same,True,55.547935485839844,55.331871032714844,55.779327392578125,54.97651290893555,5,1,55.09660500001701,640.18798828125,697.345703125,ok
scale_0.4,16384,False,torch.float16,1234,0.1,16,selection_only,True,51.68159866333008,51.677921295166016,51.93395233154297,51.58662414550781,5,1,51.62620800001605,672.31494140625,729.47265625,ok
scale_0.4,16384,False,torch.float16,1234,0.1,16,original_router,True,388.1103210449219,384.6968994140625,392.5099792480469,384.1620788574219,5,1,386.1913179998737,10480.09765625,10537.25537109375,ok
scale_0.4,16384,False,torch.float16,1234,0.1,16,choose_once_2_calls,True,162.17491149902344,162.05267333984375,162.71971130371094,161.99900817871094,5,1,162.573914999939,672.31494140625,729.47265625,ok
scale_0.4,16384,False,torch.float16,1234,0.1,16,choose_once_4_calls,True,272.9478759765625,272.7997741699219,274.1206970214844,271.7304992675781,5,1,274.6593589999975,672.31494140625,729.47265625,ok
scale_0.4,16384,False,torch.float16,1234,0.1,16,choose_once_8_calls,True,497.9698486328125,494.5546569824219,498.45709228515625,494.0715637207031,5,1,495.8233449999625,672.31494140625,729.47265625,ok
scale_0.4,16384,False,torch.float16,1234,0.1,16,rf64,True,9.562560081481934,9.475616455078125,9.607135772705078,9.445343971252441,5,1,9.396362999950725,240.62744140625,297.78515625,ok
scale_0.4,16384,False,torch.float16,1234,0.1,16,rf256,True,20.0611515045166,19.55449676513672,20.402175903320312,18.449312210083008,5,1,20.252487999869118,528.50048828125,585.658203125,ok
scale_0.4,16384,False,torch.float16,1234,0.1,16,rf1024,True,68.17862701416016,67.76470184326172,68.70671844482422,67.17030334472656,5,1,68.10530699999617,864.25048828125,921.408203125,ok
scale_0.4,32768,False,torch.float16,1234,0.1,16,sdpa,True,188.322021484375,188.2747802734375,188.82803344726562,188.20799255371094,5,1,188.3454389999315,32.0,137.158203125,ok
scale_0.4,32768,False,torch.float16,1234,0.1,16,probe_first,True,265.9599609375,265.3040466308594,266.39288330078125,265.10382080078125,5,1,263.8508860000002,961.06494140625,1066.22314453125,ok
scale_0.4,32768,False,torch.float16,1234,0.1,16,cached_same,True,163.208251953125,162.14576721191406,165.20191955566406,161.9251251220703,5,1,164.35103999992862,880.25048828125,985.40869140625,ok
scale_0.4,32768,False,torch.float16,1234,0.1,16,selection_only,True,103.08364868164062,102.56278228759766,103.0838394165039,102.55977630615234,5,1,103.10301300000901,961.06494140625,1066.22314453125,ok
scale_0.4,32768,False,torch.float16,1234,0.1,16,original_router,,,,,,,,,,,oom
scale_0.4,32768,False,torch.float16,1234,0.1,16,choose_once_2_calls,True,427.55889892578125,427.2271423339844,428.23272705078125,427.0366516113281,5,1,426.60320799996043,961.06494140625,1066.22314453125,ok
scale_0.4,32768,False,torch.float16,1234,0.1,16,choose_once_4_calls,True,749.60400390625,747.9029541015625,750.631591796875,744.9746704101562,5,1,748.3433170000353,961.06494140625,1066.22314453125,ok
scale_0.4,32768,False,torch.float16,1234,0.1,16,choose_once_8_calls,True,1396.640380859375,1393.2220458984375,1396.81103515625,1389.8037109375,3,0,1383.5877770000025,961.06494140625,1066.22314453125,ok
scale_0.4,32768,False,torch.float16,1234,0.1,16,rf64,True,19.15132713317871,18.777856826782227,19.272640228271484,18.749088287353516,5,1,19.104171999970276,481.12744140625,586.28564453125,ok
scale_0.4,32768,False,torch.float16,1234,0.1,16,rf256,True,39.978336334228516,39.37516784667969,40.2531852722168,39.31990432739258,5,1,40.27131900011227,1057.00048828125,1162.15869140625,ok
scale_0.4,32768,False,torch.float16,1234,0.1,16,rf1024,True,131.17996215820312,130.7975616455078,131.47811889648438,130.6929931640625,5,1,130.65459800009194,880.25048828125,985.40869140625,ok
scale_0.4,65536,False,torch.float16,1234,0.1,16,sdpa,True,737.3081665039062,735.5829467773438,741.562255859375,735.5491943359375,5,1,745.9099180000521,64.0,265.15771484375,ok
scale_0.4,65536,False,torch.float16,1234,0.1,16,probe_first,True,762.569580078125,761.6434936523438,763.92724609375,761.1420288085938,5,1,762.7664579999873,1154.033203125,1355.19091796875,ok
scale_0.4,65536,False,torch.float16,1234,0.1,16,cached_same,True,565.90576171875,563.3967895507812,566.1552734375,561.4469604492188,5,1,565.099469000188,912.25048828125,1113.408203125,ok
scale_0.4,65536,False,torch.float16,1234,0.1,16,selection_only,True,200.56057739257812,199.47695922851562,201.3384246826172,197.17526245117188,5,1,199.40884800007552,1154.033203125,1355.19091796875,ok
scale_0.4,65536,False,torch.float16,1234,0.1,16,original_router,,,,,,,,,,,oom
scale_0.4,65536,False,torch.float16,1234,0.1,16,choose_once_2_calls,True,1324.527587890625,1324.245849609375,1326.0501098632812,1323.964111328125,3,0,1326.6041320000568,1154.033203125,1355.19091796875,ok
scale_0.4,65536,False,torch.float16,1234,0.1,16,choose_once_4_calls,True,2464.329833984375,2463.2803955078125,2467.09912109375,2462.23095703125,3,0,2462.153477000129,1154.033203125,1355.19091796875,ok
scale_0.4,65536,False,torch.float16,1234,0.1,16,choose_once_8_calls,True,4767.43896484375,4761.259765625,4767.49072265625,4755.08056640625,3,0,4755.313535000141,1154.033203125,1355.19091796875,ok
scale_0.4,65536,False,torch.float16,1234,0.1,16,rf64,True,36.55887985229492,36.399105072021484,36.64271926879883,36.066017150878906,5,1,36.46437799989144,962.12744140625,1163.28515625,ok
scale_0.4,65536,False,torch.float16,1234,0.1,16,rf256,True,81.04975891113281,81.04013061523438,81.4797134399414,80.97392272949219,5,1,80.95531999993,1153.00048828125,1354.158203125,ok
scale_0.4,65536,False,torch.float16,1234,0.1,16,rf1024,True,265.3122253417969,263.90753173828125,265.53216552734375,263.15362548828125,5,1,263.28908699997555,912.25048828125,1113.408203125,ok
scale_0.4,512,False,torch.float32,1234,0.1,16,sdpa,True,0.20684799551963806,0.20479999482631683,0.20684799551963806,0.20342400670051575,5,1,0.2548590000515105,1.0,13.1728515625,ok
scale_0.4,512,False,torch.float32,1234,0.1,16,probe_first,True,5.158751964569092,5.0797438621521,5.193727970123291,5.0423359870910645,5,1,5.044582999971681,36.08056640625,48.25341796875,ok
scale_0.4,512,False,torch.float32,1234,0.1,16,cached_same,True,1.419103980064392,1.4046399593353271,1.4498239755630493,1.3780159950256348,5,1,1.509767000015927,20.50634765625,32.67919921875,ok
scale_0.4,512,False,torch.float32,1234,0.1,16,selection_only,True,3.8023359775543213,3.7774720191955566,3.824415922164917,3.7292799949645996,5,1,3.7533740000981197,36.08056640625,48.25341796875,ok
scale_0.4,512,False,torch.float32,1234,0.1,16,original_router,True,5.132287979125977,5.085184097290039,5.178112030029297,5.07916784286499,5,1,5.360883000093963,54.1123046875,66.28515625,ok
scale_0.4,512,False,torch.float32,1234,0.1,16,choose_once_2_calls,True,6.649856090545654,6.611648082733154,6.6538238525390625,6.59603214263916,5,1,6.512354000051346,36.08056640625,48.25341796875,ok
scale_0.4,512,False,torch.float32,1234,0.1,16,choose_once_4_calls,True,8.982751846313477,8.919039726257324,9.321696281433105,8.733152389526367,5,1,9.497132999968017,36.08056640625,48.25341796875,ok
scale_0.4,512,False,torch.float32,1234,0.1,16,choose_once_8_calls,True,14.87615966796875,14.738207817077637,14.974752426147461,14.641216278076172,5,1,15.108946000054857,36.08056640625,48.25341796875,ok
scale_0.4,512,False,torch.float32,1234,0.1,16,rf64,True,0.9768959879875183,0.9298880100250244,1.0138239860534668,0.9291200041770935,5,1,1.0271490000377526,8.14306640625,20.31591796875,ok
scale_0.4,512,False,torch.float32,1234,0.1,16,rf256,True,1.0616320371627808,1.0567679405212402,1.0936319828033447,1.0546560287475586,5,1,1.0819209999226587,17.01611328125,29.18896484375,ok
scale_0.4,512,False,torch.float32,1234,0.1,16,rf1024,True,2.181119918823242,2.1524479389190674,2.2021119594573975,2.1336638927459717,5,1,2.2767189998376125,53.01611328125,65.18896484375,ok
scale_0.4,1024,False,torch.float32,1234,0.1,16,sdpa,True,0.7252799868583679,0.7209280133247375,0.7359039783477783,0.7203199863433838,5,1,0.7530309999310703,2.0,17.1884765625,ok
scale_0.4,1024,False,torch.float32,1234,0.1,16,probe_first,True,7.283071994781494,7.210783958435059,7.364607810974121,7.188479900360107,5,1,7.936126999993576,72.09619140625,87.28466796875,ok
scale_0.4,1024,False,torch.float32,1234,0.1,16,cached_same,True,2.998271942138672,2.994175910949707,3.0064640045166016,2.9899840354919434,5,1,3.1048779999309772,67.1455078125,82.333984375,ok
scale_0.4,1024,False,torch.float32,1234,0.1,16,selection_only,True,4.2290239334106445,4.2259840965271,4.4113922119140625,4.2084479331970215,5,1,4.578100999879098,72.09619140625,87.28466796875,ok
scale_0.4,1024,False,torch.float32,1234,0.1,16,original_router,True,7.564191818237305,7.485599994659424,7.583903789520264,7.478496074676514,5,1,7.838816000003135,108.1279296875,123.31640625,ok
scale_0.4,1024,False,torch.float32,1234,0.1,16,choose_once_2_calls,True,10.481663703918457,10.221376419067383,10.528736114501953,10.079487800598145,5,1,11.044394999998985,72.09619140625,87.28466796875,ok
scale_0.4,1024,False,torch.float32,1234,0.1,16,choose_once_4_calls,True,17.014528274536133,16.926496505737305,17.185087203979492,16.63795280456543,5,1,17.69134000005579,72.09619140625,87.28466796875,ok
scale_0.4,1024,False,torch.float32,1234,0.1,16,choose_once_8_calls,True,30.6298885345459,30.43097686767578,31.332351684570312,29.882368087768555,5,1,31.049011000050086,72.09619140625,87.28466796875,ok
scale_0.4,1024,False,torch.float32,1234,0.1,16,rf64,True,1.0532480478286743,1.0052160024642944,1.0567679405212402,1.0035200119018555,5,1,1.0951919998660742,16.15869140625,31.34716796875,ok
scale_0.4,1024,False,torch.float32,1234,0.1,16,rf256,True,1.4506239891052246,1.450111985206604,1.489024043083191,1.4364800453186035,5,1,1.537843000050998,40.5087890625,55.697265625,ok
scale_0.4,1024,False,torch.float32,1234,0.1,16,rf1024,True,3.6966400146484375,3.6925439834594727,3.7109758853912354,3.6659839153289795,5,1,3.77606699998978,106.03173828125,121.22021484375,ok
scale_0.4,2048,False,torch.float32,1234,0.1,16,sdpa,True,2.4220800399780273,2.417088031768799,2.4281599521636963,2.417056083679199,5,1,2.815859000065757,4.0,25.2197265625,ok
scale_0.4,2048,False,torch.float32,1234,0.1,16,probe_first,True,12.546719551086426,12.285951614379883,13.11513614654541,11.728256225585938,5,1,13.413535999916348,144.12744140625,165.34716796875,ok
scale_0.4,2048,False,torch.float32,1234,0.1,16,cached_same,True,5.336031913757324,5.322495937347412,5.380864143371582,5.322048187255859,5,1,5.952045999947586,108.03173828125,129.25146484375,ok
scale_0.4,2048,False,torch.float32,1234,0.1,16,selection_only,True,6.514688014984131,6.428671836853027,6.531040191650391,6.393695831298828,5,1,6.914112999993449,144.12744140625,165.34716796875,ok
scale_0.4,2048,False,torch.float32,1234,0.1,16,original_router,True,15.412544250488281,14.875455856323242,15.434623718261719,14.450752258300781,5,1,15.766583999948125,216.1591796875,237.37890625,ok
scale_0.4,2048,False,torch.float32,1234,0.1,16,choose_once_2_calls,True,19.337984085083008,19.144256591796875,19.386367797851562,18.33673667907715,5,1,19.46817899988673,144.12744140625,165.34716796875,ok
scale_0.4,2048,False,torch.float32,1234,0.1,16,choose_once_4_calls,True,32.020511627197266,32.00204849243164,32.04780960083008,31.844032287597656,5,1,31.888034000076004,144.12744140625,165.34716796875,ok
scale_0.4,2048,False,torch.float32,1234,0.1,16,choose_once_8_calls,True,56.75628662109375,56.174015045166016,56.91999816894531,55.67494583129883,5,1,57.18755900011274,144.12744140625,165.34716796875,ok
scale_0.4,2048,False,torch.float32,1234,0.1,16,rf64,True,1.5953919887542725,1.5885119438171387,1.599519968032837,1.5749119520187378,5,1,1.6456050000215328,32.18994140625,53.40966796875,ok
scale_0.4,2048,False,torch.float32,1234,0.1,16,rf256,True,2.490367889404297,2.4739840030670166,2.5110719203948975,2.4736640453338623,5,1,2.545847999954276,68.5087890625,89.728515625,ok
scale_0.4,2048,False,torch.float32,1234,0.1,16,rf1024,True,7.323840141296387,7.3212480545043945,7.3954877853393555,7.188352108001709,5,1,7.624469999882422,212.06298828125,233.28271484375,ok
scale_0.4,4096,False,torch.float32,1234,0.1,16,sdpa,True,12.544927597045898,11.662336349487305,12.923423767089844,10.801119804382324,5,1,12.993453000035515,8.0,41.2822265625,ok
scale_0.4,4096,False,torch.float32,1234,0.1,16,probe_first,True,27.83340835571289,27.752544403076172,28.192768096923828,27.569759368896484,5,1,28.043512000067494,288.18994140625,321.47216796875,ok
scale_0.4,4096,False,torch.float32,1234,0.1,16,cached_same,True,15.314751625061035,15.155200004577637,15.3438720703125,14.336000442504883,5,1,15.362356999958138,216.06298828125,249.34521484375,ok
scale_0.4,4096,False,torch.float32,1234,0.1,16,selection_only,True,12.425919532775879,11.862784385681152,12.693183898925781,11.706048011779785,5,1,12.939181000092503,288.18994140625,321.47216796875,ok
scale_0.4,4096,False,torch.float32,1234,0.1,16,original_router,True,35.93164825439453,35.88249588012695,36.71449661254883,35.72943878173828,5,1,36.34590199999366,544.09765625,577.3798828125,ok
scale_0.4,4096,False,torch.float32,1234,0.1,16,choose_once_2_calls,True,42.93635177612305,42.9222412109375,43.125823974609375,42.83491134643555,5,1,43.277959000079136,288.18994140625,321.47216796875,ok
scale_0.4,4096,False,torch.float32,1234,0.1,16,choose_once_4_calls,True,74.21068572998047,73.88700866699219,74.22569274902344,73.74992370605469,5,1,73.6571110001023,288.18994140625,321.47216796875,ok
scale_0.4,4096,False,torch.float32,1234,0.1,16,choose_once_8_calls,True,135.11474609375,134.32278442382812,135.76194763183594,133.41448974609375,5,1,135.91489800001,288.18994140625,321.47216796875,ok
scale_0.4,4096,False,torch.float32,1234,0.1,16,rf64,True,2.5671679973602295,2.5564799308776855,2.624000072479248,2.5358400344848633,5,1,2.601993999860497,64.25244140625,97.53466796875,ok
scale_0.4,4096,False,torch.float32,1234,0.1,16,rf256,True,4.640768051147461,4.6387200355529785,4.644864082336426,4.632512092590332,5,1,4.68519799983369,136.12548828125,169.40771484375,ok
scale_0.4,4096,False,torch.float32,1234,0.1,16,rf1024,True,15.419551849365234,14.491680145263672,15.811615943908691,14.194527626037598,5,1,16.406418000087797,424.12548828125,457.40771484375,ok
scale_0.4,8192,False,torch.float32,1234,0.1,16,sdpa,True,50.31526565551758,50.296512603759766,50.327457427978516,50.26262283325195,5,1,50.011368000014045,16.0,73.15771484375,ok
scale_0.4,8192,False,torch.float32,1234,0.1,16,probe_first,True,72.44185638427734,72.09983825683594,72.51094055175781,72.0462417602539,5,1,72.31976999992185,576.31494140625,633.47265625,ok
scale_0.4,8192,False,torch.float32,1234,0.1,16,cached_same,True,47.03667068481445,47.030174255371094,47.13468933105469,46.95859146118164,5,1,46.99523699991914,224.06298828125,281.220703125,ok
scale_0.4,8192,False,torch.float32,1234,0.1,16,selection_only,True,24.170495986938477,24.118303298950195,24.34998321533203,23.88057518005371,5,1,24.556198999789558,576.31494140625,633.47265625,ok
scale_0.4,8192,False,torch.float32,1234,0.1,16,original_router,True,124.31753540039062,123.86300659179688,127.46649932861328,123.77519989013672,5,1,121.3613830000213,3152.09765625,3209.25537109375,ok
scale_0.4,8192,False,torch.float32,1234,0.1,16,choose_once_2_calls,True,121.7900161743164,121.56041717529297,121.9031982421875,120.85453033447266,5,1,121.0721709999234,576.31494140625,633.47265625,ok
scale_0.4,8192,False,torch.float32,1234,0.1,16,choose_once_4_calls,True,214.60400390625,213.59100341796875,215.1780548095703,213.33126831054688,5,1,214.6825480001553,576.31494140625,633.47265625,ok
scale_0.4,8192,False,torch.float32,1234,0.1,16,choose_once_8_calls,True,402.3746643066406,402.3647766113281,403.3996887207031,401.7929992675781,5,1,403.9856059998783,576.31494140625,633.47265625,ok
scale_0.4,8192,False,torch.float32,1234,0.1,16,rf64,True,4.60595178604126,4.593791961669922,4.607999801635742,4.591616153717041,5,1,4.73392200001399,128.37744140625,185.53515625,ok
scale_0.4,8192,False,torch.float32,1234,0.1,16,rf256,True,9.213248252868652,8.905856132507324,9.297920227050781,8.89686393737793,5,1,9.816418000127669,272.25048828125,329.408203125,ok
scale_0.4,8192,False,torch.float32,1234,0.1,16,rf1024,True,31.948640823364258,31.858495712280273,32.02252960205078,31.23036766052246,5,1,33.31294400004481,848.25048828125,905.408203125,ok
scale_0.4,16384,False,torch.float32,1234,0.1,16,sdpa,True,206.44659423828125,205.5812225341797,206.90089416503906,204.40109252929688,5,1,206.51138599987462,32.0,137.15771484375,ok
scale_0.4,16384,False,torch.float32,1234,0.1,16,probe_first,True,205.91539001464844,205.68748474121094,207.5054473876953,204.80819702148438,5,1,204.65160599997034,656.18896484375,761.3466796875,ok
scale_0.4,16384,False,torch.float32,1234,0.1,16,cached_same,True,154.9462127685547,153.89260864257812,155.72003173828125,153.50579833984375,5,1,154.92709099999047,656.18798828125,761.345703125,ok
scale_0.4,16384,False,torch.float32,1234,0.1,16,selection_only,True,51.06073760986328,50.811424255371094,51.15705490112305,50.59689712524414,5,1,51.063640999927884,576.31494140625,681.47265625,ok
scale_0.4,16384,False,torch.float32,1234,0.1,16,original_router,True,384.59356689453125,383.9464416503906,386.3674621582031,383.476318359375,5,1,382.6234000000568,10384.09765625,10489.25537109375,ok
scale_0.4,16384,False,torch.float32,1234,0.1,16,choose_once_2_calls,True,362.44024658203125,361.5232238769531,362.4964904785156,361.4288330078125,5,1,363.0514999999832,688.1884765625,793.34619140625,ok
scale_0.4,16384,False,torch.float32,1234,0.1,16,choose_once_4_calls,True,673.77294921875,673.2635498046875,675.6361083984375,670.8120727539062,5,1,669.9327060000542,688.1884765625,793.34619140625,ok
scale_0.4,16384,False,torch.float32,1234,0.1,16,choose_once_8_calls,True,1297.36083984375,1296.8861694335938,1297.9872436523438,1296.4114990234375,3,0,1298.384280000164,688.1884765625,793.34619140625,ok
scale_0.4,16384,False,torch.float32,1234,0.1,16,rf64,True,9.002367973327637,8.916959762573242,9.015263557434082,8.916447639465332,5,1,9.260827999924004,256.62744140625,361.78515625,ok
scale_0.4,16384,False,torch.float32,1234,0.1,16,rf256,True,19.380224227905273,18.87833595275879,19.386367797851562,18.290687561035156,5,1,19.437370000105147,544.50048828125,649.658203125,ok
scale_0.4,16384,False,torch.float32,1234,0.1,16,rf1024,True,66.65516662597656,66.57635498046875,66.84671783447266,66.334716796875,5,1,65.64253299984557,880.25048828125,985.408203125,ok
scale_0.4,32768,False,torch.float32,1234,0.1,16,sdpa,True,852.750244140625,849.8911743164062,854.0802612304688,849.103515625,5,1,845.751188000122,64.0,265.158203125,ok
scale_0.4,32768,False,torch.float32,1234,0.1,16,probe_first,True,590.4602661132812,587.686279296875,592.0635375976562,585.6276245117188,5,1,592.8985059999832,912.25146484375,1113.40966796875,ok
scale_0.4,32768,False,torch.float32,1234,0.1,16,cached_same,True,487.60064697265625,486.3155517578125,487.9441833496094,485.654541015625,5,1,491.30314500007444,912.25048828125,1113.40869140625,ok
scale_0.4,32768,False,torch.float32,1234,0.1,16,selection_only,True,101.15277099609375,101.14662170410156,101.5173110961914,100.93929290771484,5,1,101.16063999998914,769.06494140625,970.22314453125,ok
scale_0.4,32768,False,torch.float32,1234,0.1,16,original_router,,,,,,,,,,,oom
scale_0.4,32768,False,torch.float32,1234,0.1,16,choose_once_2_calls,True,1076.18212890625,1074.608642578125,1078.8778686523438,1073.03515625,3,0,1074.0255659998184,976.2509765625,1177.4091796875,ok
scale_0.4,32768,False,torch.float32,1234,0.1,16,choose_once_4_calls,True,2058.466796875,2053.7169189453125,2058.7982177734375,2048.967041015625,3,0,2047.3502719999033,976.2509765625,1177.4091796875,ok
scale_0.4,32768,False,torch.float32,1234,0.1,16,choose_once_8_calls,True,3999.961181640625,3996.576171875,4001.12646484375,3993.191162109375,3,0,4009.631051000042,976.2509765625,1177.4091796875,ok
scale_0.4,32768,False,torch.float32,1234,0.1,16,rf64,True,17.056415557861328,16.957439422607422,17.16223907470703,16.83660888671875,5,1,17.497312999921633,513.12744140625,714.28564453125,ok
scale_0.4,32768,False,torch.float32,1234,0.1,16,rf256,True,38.36550521850586,37.703006744384766,38.57360076904297,37.3941764831543,5,1,37.846082999976716,1089.00048828125,1290.15869140625,ok
scale_0.4,32768,False,torch.float32,1234,0.1,16,rf1024,True,130.3687286376953,130.13107299804688,130.4615936279297,128.84783935546875,5,1,129.73838099992463,912.25048828125,1113.40869140625,ok
scale_0.4,65536,False,torch.float32,1234,0.1,16,sdpa,True,3477.03125,3475.0587158203125,3489.0753173828125,3473.086181640625,3,0,3491.2515999999414,128.0,521.15771484375,ok
scale_0.4,65536,False,torch.float32,1234,0.1,16,probe_first,True,2464.8876953125,2461.4884033203125,2471.03173828125,2458.089111328125,3,0,2476.6862740000306,976.25146484375,1369.4091796875,ok
scale_0.4,65536,False,torch.float32,1234,0.1,16,cached_same,True,2273.65283203125,2267.8519287109375,2277.371826171875,2262.051025390625,3,0,2283.188561000088,976.25048828125,1369.408203125,ok
scale_0.4,65536,False,torch.float32,1234,0.1,16,selection_only,True,199.78440856933594,199.76422119140625,200.1332550048828,199.7090606689453,5,1,199.3033109999942,770.033203125,1163.19091796875,ok
scale_0.4,65536,False,torch.float32,1234,0.1,16,original_router,,,,,,,,,,,oom
scale_0.4,65536,False,torch.float32,1234,0.1,16,choose_once_2_calls,True,4752.357421875,4750.900390625,4758.930419921875,4749.443359375,3,0,4781.786185000101,1104.2509765625,1497.40869140625,ok
scale_0.4,65536,False,torch.float32,1234,0.1,16,choose_once_4_calls,True,9263.88671875,9259.53369140625,9271.6474609375,9255.1806640625,3,0,9308.345654999812,1104.2509765625,1497.40869140625,ok
scale_0.4,65536,False,torch.float32,1234,0.1,16,choose_once_8_calls,True,18488.169921875,18462.681640625,18490.681640625,18437.193359375,3,0,18537.488319999968,1104.2509765625,1497.40869140625,ok
scale_0.4,65536,False,torch.float32,1234,0.1,16,rf64,True,34.623809814453125,34.574527740478516,34.633697509765625,34.382686614990234,5,1,34.462849999954415,1026.12744140625,1419.28515625,ok
scale_0.4,65536,False,torch.float32,1234,0.1,16,rf256,True,81.05577850341797,80.27196502685547,81.39366149902344,80.06617736816406,5,1,80.49965800000791,1217.00048828125,1610.158203125,ok
scale_0.4,65536,False,torch.float32,1234,0.1,16,rf1024,True,265.6509704589844,265.2185974121094,267.4569396972656,265.0987243652344,5,1,264.9300299999595,976.25048828125,1369.408203125,ok
scale_0.4,512,True,torch.float16,1234,0.1,16,sdpa,True,0.06796800345182419,0.06784000247716904,0.06947200000286102,0.06758400052785873,5,1,0.10670100004972483,0.5,11.1728515625,ok
scale_0.4,512,True,torch.float16,1234,0.1,16,probe_first,True,10.487520217895508,10.430463790893555,10.617631912231445,10.390111923217773,5,1,11.06650599990644,39.08056640625,49.75341796875,ok
scale_0.4,512,True,torch.float16,1234,0.1,16,cached_same,True,2.3449599742889404,2.3438079357147217,2.3680639266967773,2.3300158977508545,5,1,2.5082820000079664,33.01025390625,43.68310546875,ok
scale_0.4,512,True,torch.float16,1234,0.1,16,selection_only,True,8.09984016418457,8.070943832397461,8.28006362915039,8.038592338562012,5,1,8.413419999897087,39.08056640625,49.75341796875,ok
scale_0.4,512,True,torch.float16,1234,0.1,16,original_router,True,7.101791858673096,7.075839996337891,7.143616199493408,7.071455955505371,5,1,7.557469999937894,57.1123046875,67.78515625,ok
scale_0.4,512,True,torch.float16,1234,0.1,16,choose_once_2_calls,True,12.81004810333252,12.67676830291748,12.932095527648926,12.59500789642334,5,1,13.02549000001818,39.08056640625,49.75341796875,ok
scale_0.4,512,True,torch.float16,1234,0.1,16,choose_once_4_calls,True,18.10086441040039,18.059167861938477,18.35318374633789,17.958335876464844,5,1,18.4210309998889,39.08056640625,49.75341796875,ok
scale_0.4,512,True,torch.float16,1234,0.1,16,choose_once_8_calls,True,27.904319763183594,27.854175567626953,27.940256118774414,27.634111404418945,5,1,28.24377199999617,39.08056640625,49.75341796875,ok
scale_0.4,512,True,torch.float16,1234,0.1,16,rf64,True,1.4520319700241089,1.450719952583313,1.4576959609985352,1.4417599439620972,5,1,1.4949789999718632,12.12744140625,22.80029296875,ok
scale_0.4,512,True,torch.float16,1234,0.1,16,rf256,True,1.4397759437561035,1.4348479509353638,1.453760027885437,1.4256000518798828,5,1,1.6318009998030902,18.50830078125,29.18115234375,ok
scale_0.4,512,True,torch.float16,1234,0.1,16,rf1024,True,2.924704074859619,2.9020159244537354,2.947551965713501,2.900320053100586,5,1,2.9466009998486697,52.51611328125,63.18896484375,ok
scale_0.4,1024,True,torch.float16,1234,0.1,16,sdpa,True,0.11833599954843521,0.11680000275373459,0.12777599692344666,0.11664000153541565,5,1,0.15398100003949367,1.0,13.1884765625,ok
scale_0.4,1024,True,torch.float16,1234,0.1,16,probe_first,True,17.76803207397461,17.737728118896484,17.80735969543457,17.534975051879883,5,1,18.49889599998278,78.09619140625,90.28466796875,ok
scale_0.4,1024,True,torch.float16,1234,0.1,16,cached_same,True,4.087711811065674,4.084735870361328,4.100096225738525,4.065248012542725,5,1,4.409350000059931,66.02001953125,78.20849609375,ok
scale_0.4,1024,True,torch.float16,1234,0.1,16,selection_only,True,14.007007598876953,13.875200271606445,14.311424255371094,13.703167915344238,5,1,14.361512000050425,78.09619140625,90.28466796875,ok
scale_0.4,1024,True,torch.float16,1234,0.1,16,original_router,True,12.158975601196289,11.8820161819458,12.175071716308594,11.21894359588623,5,1,12.55450300004668,114.1279296875,126.31640625,ok
scale_0.4,1024,True,torch.float16,1234,0.1,16,choose_once_2_calls,True,22.6213436126709,22.45142364501953,23.291776657104492,22.395647048950195,5,1,22.455992999994123,78.09619140625,90.28466796875,ok
scale_0.4,1024,True,torch.float16,1234,0.1,16,choose_once_4_calls,True,31.321855545043945,31.21027183532715,31.44060707092285,30.348608016967773,5,1,31.835662000048615,78.09619140625,90.28466796875,ok
scale_0.4,1024,True,torch.float16,1234,0.1,16,choose_once_8_calls,True,49.201087951660156,49.08816146850586,49.76323318481445,48.26192092895508,5,1,49.40445700003693,78.09619140625,90.28466796875,ok
scale_0.4,1024,True,torch.float16,1234,0.1,16,rf64,True,1.9685440063476562,1.9640320539474487,1.977344036102295,1.9618240594863892,5,1,2.1545520000927354,18.62744140625,30.81591796875,ok
scale_0.4,1024,True,torch.float16,1234,0.1,16,rf256,True,2.1828479766845703,2.179680109024048,2.199615955352783,2.159359931945801,5,1,2.2652449999895907,33.03173828125,45.22021484375,ok
scale_0.4,1024,True,torch.float16,1234,0.1,16,rf1024,True,5.325024127960205,5.316832065582275,5.329216003417969,5.280191898345947,5,1,6.053751999843371,105.03173828125,117.22021484375,ok
scale_0.4,2048,True,torch.float16,1234,0.1,16,sdpa,True,0.3394559919834137,0.33776000142097473,0.3545919954776764,0.32707199454307556,5,1,0.38258799986579106,2.0,17.2197265625,ok
scale_0.4,2048,True,torch.float16,1234,0.1,16,probe_first,True,30.687231063842773,30.63190460205078,30.746047973632812,30.32192039489746,5,1,30.90866599995934,156.12744140625,171.34716796875,ok
scale_0.4,2048,True,torch.float16,1234,0.1,16,cached_same,True,6.261119842529297,6.247935771942139,6.616960048675537,6.24451208114624,5,1,6.816581000066435,80.89892578125,96.11865234375,ok
scale_0.4,2048,True,torch.float16,1234,0.1,16,selection_only,True,25.146751403808594,24.653823852539062,25.22707176208496,24.528160095214844,5,1,25.74454299997342,156.12744140625,171.34716796875,ok
scale_0.4,2048,True,torch.float16,1234,0.1,16,original_router,True,25.30281639099121,24.950912475585938,25.45747184753418,24.805919647216797,5,1,25.863154000035138,228.1591796875,243.37890625,ok
scale_0.4,2048,True,torch.float16,1234,0.1,16,choose_once_2_calls,True,37.29865646362305,36.88236618041992,37.30169677734375,36.839744567871094,5,1,37.15678100002151,156.12744140625,171.34716796875,ok
scale_0.4,2048,True,torch.float16,1234,0.1,16,choose_once_4_calls,True,50.341888427734375,49.9637451171875,50.83100891113281,49.56364822387695,5,1,51.37132000004385,156.12744140625,171.34716796875,ok
scale_0.4,2048,True,torch.float16,1234,0.1,16,choose_once_8_calls,True,76.49311828613281,76.18262481689453,76.7011489868164,76.04838562011719,5,1,76.84998999980053,156.12744140625,171.34716796875,ok
scale_0.4,2048,True,torch.float16,1234,0.1,16,rf64,True,3.176448106765747,3.129472017288208,3.2433600425720215,3.08624005317688,5,1,3.0669010000110575,32.12744140625,47.34716796875,ok
scale_0.4,2048,True,torch.float16,1234,0.1,16,rf256,True,3.9019839763641357,3.880959987640381,3.928352117538452,3.8809280395507812,5,1,4.139889000043695,66.06298828125,81.28271484375,ok
scale_0.4,2048,True,torch.float16,1234,0.1,16,rf1024,True,11.452672004699707,11.36128044128418,13.015071868896484,10.380160331726074,5,1,13.914440999997169,210.06298828125,225.28271484375,ok
scale_0.4,4096,True,torch.float16,1234,0.1,16,sdpa,True,1.2288000583648682,1.2250560522079468,1.242527961730957,1.1530239582061768,5,1,1.1714539998592954,4.0,25.2822265625,ok
scale_0.4,4096,True,torch.float16,1234,0.1,16,probe_first,True,53.501953125,53.43782424926758,53.766143798828125,53.335838317871094,5,1,54.55705500003205,312.18994140625,333.47216796875,ok
scale_0.4,4096,True,torch.float16,1234,0.1,16,cached_same,True,16.2192325592041,16.115327835083008,16.54204750061035,15.556608200073242,5,1,16.55025599984583,212.06298828125,233.34521484375,ok
scale_0.4,4096,True,torch.float16,1234,0.1,16,selection_only,True,41.64668655395508,41.33699035644531,41.85443115234375,40.67638397216797,5,1,43.95882799985884,312.18994140625,333.47216796875,ok
scale_0.4,4096,True,torch.float16,1234,0.1,16,original_router,True,56.81564712524414,56.33078384399414,57.38700866699219,54.443424224853516,5,1,53.62404999982573,580.09765625,601.3798828125,ok
scale_0.4,4096,True,torch.float16,1234,0.1,16,choose_once_2_calls,True,70.78092956542969,70.28134155273438,71.17440032958984,70.11996459960938,5,1,71.92717599991738,312.18994140625,333.47216796875,ok
scale_0.4,4096,True,torch.float16,1234,0.1,16,choose_once_4_calls,True,102.5909423828125,102.30585479736328,102.73465728759766,101.2807388305664,5,1,105.24118699981955,312.18994140625,333.47216796875,ok
scale_0.4,4096,True,torch.float16,1234,0.1,16,choose_once_8_calls,True,167.92489624023438,167.6778564453125,168.53196716308594,167.41392517089844,5,1,167.845651999869,312.18994140625,333.47216796875,ok
scale_0.4,4096,True,torch.float16,1234,0.1,16,rf64,True,9.618528366088867,8.46566390991211,9.832127571105957,7.073791980743408,5,1,6.980573000191725,62.12744140625,83.40966796875,ok
scale_0.4,4096,True,torch.float16,1234,0.1,16,rf256,True,8.147808074951172,7.51529598236084,8.166303634643555,7.4613118171691895,5,1,9.089077999988149,132.12548828125,153.40771484375,ok
scale_0.4,4096,True,torch.float16,1234,0.1,16,rf1024,True,26.198047637939453,25.941984176635742,26.313119888305664,25.76367950439453,5,1,25.765486000182136,420.12548828125,441.40771484375,ok
scale_0.4,8192,True,torch.float16,1234,0.1,16,sdpa,True,3.927839994430542,3.9247679710388184,3.930079936981201,3.906912088394165,5,1,5.470031999948333,8.0,41.15771484375,ok
scale_0.4,8192,True,torch.float16,1234,0.1,16,probe_first,True,76.49049377441406,75.29769897460938,76.90579223632812,74.91331481933594,5,1,77.7328460001172,624.31494140625,657.47265625,ok
scale_0.4,8192,True,torch.float16,1234,0.1,16,cached_same,True,21.133535385131836,20.772703170776367,21.16409683227539,20.580352783203125,5,1,20.35079200004475,216.06298828125,249.220703125,ok
scale_0.4,8192,True,torch.float16,1234,0.1,16,selection_only,True,57.67289733886719,57.30694580078125,57.87443161010742,56.909793853759766,5,1,59.27953900004468,624.31494140625,657.47265625,ok
scale_0.4,8192,True,torch.float16,1234,0.1,16,original_router,True,177.51837158203125,176.12249755859375,177.64662170410156,173.42877197265625,5,1,176.71550499994737,3252.09765625,3285.25537109375,ok
scale_0.4,8192,True,torch.float16,1234,0.1,16,choose_once_2_calls,True,98.21469116210938,96.28972625732422,98.62598419189453,95.04720306396484,5,1,97.54467900006603,624.31494140625,657.47265625,ok
scale_0.4,8192,True,torch.float16,1234,0.1,16,choose_once_4_calls,True,141.2117462158203,140.8553009033203,141.57664489746094,140.11981201171875,5,1,142.69459799993456,624.31494140625,657.47265625,ok
scale_0.4,8192,True,torch.float16,1234,0.1,16,choose_once_8_calls,True,222.85462951660156,221.4133758544922,223.43455505371094,221.32998657226562,5,1,224.29321900017385,624.31494140625,657.47265625,ok
scale_0.4,8192,True,torch.float16,1234,0.1,16,rf64,True,9.822431564331055,9.668031692504883,9.949472427368164,9.575551986694336,5,1,11.360244000115927,122.12744140625,155.28515625,ok
scale_0.4,8192,True,torch.float16,1234,0.1,16,rf256,True,17.484224319458008,17.457151412963867,17.7238712310791,15.87609577178955,5,1,17.28014099990105,264.25048828125,297.408203125,ok
scale_0.4,8192,True,torch.float16,1234,0.1,16,rf1024,True,52.25267028808594,51.922977447509766,52.297855377197266,51.03324890136719,5,1,51.73677500010854,840.25048828125,873.408203125,ok
scale_0.4,16384,True,torch.float16,1234,0.1,16,sdpa,True,24.930496215820312,24.241600036621094,27.22550392150879,21.774015426635742,5,1,23.714666999921974,16.0,73.15771484375,ok
scale_0.4,16384,True,torch.float16,1234,0.1,16,probe_first,True,169.66741943359375,168.86985778808594,171.23536682128906,168.80995178222656,5,1,169.89965099992332,672.31494140625,729.47265625,ok
scale_0.4,16384,True,torch.float16,1234,0.1,16,cached_same,True,52.187137603759766,51.81267166137695,52.29065704345703,51.64646530151367,5,1,51.47829299994555,432.12548828125,489.283203125,ok
scale_0.4,16384,True,torch.float16,1234,0.1,16,selection_only,True,120.89958190917969,120.52278137207031,121.32342529296875,120.22528076171875,5,1,119.8408019999988,672.31494140625,729.47265625,ok
scale_0.4,16384,True,torch.float16,1234,0.1,16,original_router,,,,,,,,,,,oom
scale_0.4,16384,True,torch.float16,1234,0.1,16,choose_once_2_calls,True,219.4232635498047,218.9661407470703,221.51231384277344,218.84271240234375,5,1,220.14055399995414,672.31494140625,729.47265625,ok
scale_0.4,16384,True,torch.float16,1234,0.1,16,choose_once_4_calls,True,328.3163146972656,325.8385009765625,329.2264099121094,324.94854736328125,5,1,325.0434619999396,672.31494140625,729.47265625,ok
scale_0.4,16384,True,torch.float16,1234,0.1,16,choose_once_8_calls,True,534.89599609375,532.4737548828125,539.5352783203125,531.7048950195312,5,1,533.3977660000073,672.31494140625,729.47265625,ok
scale_0.4,16384,True,torch.float16,1234,0.1,16,rf64,True,18.870271682739258,18.779071807861328,19.074047088623047,18.756351470947266,5,1,20.15246299993123,242.12744140625,299.28515625,ok
scale_0.4,16384,True,torch.float16,1234,0.1,16,rf256,True,34.6102409362793,34.04207992553711,35.01670455932617,33.94559860229492,5,1,34.358419999989565,528.50048828125,585.658203125,ok
scale_0.4,16384,True,torch.float16,1234,0.1,16,rf1024,True,121.65241241455078,121.6184310913086,122.07030487060547,120.91696166992188,5,1,120.74268199990001,864.25048828125,921.408203125,ok
scale_0.4,32768,True,torch.float16,1234,0.1,16,sdpa,True,103.19878387451172,102.6170883178711,103.49929809570312,102.58370971679688,5,1,104.62965700025961,32.0,137.158203125,ok
scale_0.4,32768,True,torch.float16,1234,0.1,16,probe_first,True,445.6297607421875,445.3839416503906,445.754150390625,444.1787414550781,5,1,463.97717899981217,961.06494140625,1066.22314453125,ok
scale_0.4,32768,True,torch.float16,1234,0.1,16,cached_same,True,182.76707458496094,182.7611846923828,183.240478515625,182.20672607421875,5,1,181.97594299999764,880.25048828125,985.40869140625,ok
scale_0.4,32768,True,torch.float16,1234,0.1,16,selection_only,True,267.2275390625,264.6676940917969,267.4339904785156,264.27801513671875,5,1,264.5110220000788,961.06494140625,1066.22314453125,ok
scale_0.4,32768,True,torch.float16,1234,0.1,16,original_router,,,,,,,,,,,oom
scale_0.4,32768,True,torch.float16,1234,0.1,16,choose_once_2_calls,True,631.7755737304688,629.6917724609375,636.9446411132812,628.6807250976562,5,1,628.5922570000366,961.06494140625,1066.22314453125,ok
scale_0.4,32768,True,torch.float16,1234,0.1,16,choose_once_4_calls,True,1003.7635498046875,1000.3916015625,1007.0816650390625,997.0196533203125,3,0,1013.6946920001719,961.06494140625,1066.22314453125,ok
scale_0.4,32768,True,torch.float16,1234,0.1,16,choose_once_8_calls,True,1741.6754150390625,1741.447509765625,1742.3764038085938,1741.2196044921875,3,0,1738.9831909999884,961.06494140625,1066.22314453125,ok
scale_0.4,32768,True,torch.float16,1234,0.1,16,rf64,True,36.782081604003906,36.739070892333984,37.335296630859375,36.57107162475586,5,1,39.560383000207366,482.12744140625,587.28564453125,ok
scale_0.4,32768,True,torch.float16,1234,0.1,16,rf256,True,69.30989074707031,68.91961669921875,69.59916687011719,68.8901138305664,5,1,69.63095499986593,1057.00048828125,1162.15869140625,ok
scale_0.4,32768,True,torch.float16,1234,0.1,16,rf1024,True,267.8306884765625,267.5594482421875,268.1985168457031,266.9481506347656,5,1,269.0859509998518,880.25048828125,985.40869140625,ok
scale_0.4,65536,True,torch.float16,1234,0.1,16,sdpa,True,465.3345031738281,464.41473388671875,466.4458923339844,461.8788757324219,5,1,464.8499599998104,64.0,265.15771484375,ok
scale_0.4,65536,True,torch.float16,1234,0.1,16,probe_first,True,1216.3033447265625,1215.1001586914062,1219.7120971679688,1213.89697265625,3,0,1214.362641000207,1154.033203125,1355.19091796875,ok
scale_0.4,65536,True,torch.float16,1234,0.1,16,cached_same,True,503.0999450683594,498.9978942871094,505.4730224609375,494.72308349609375,5,1,495.80563300014546,912.25048828125,1113.408203125,ok
scale_0.4,65536,True,torch.float16,1234,0.1,16,selection_only,True,719.8167114257812,716.3233642578125,726.8941650390625,716.2975463867188,5,1,712.4087379997945,1154.033203125,1355.19091796875,ok
scale_0.4,65536,True,torch.float16,1234,0.1,16,original_router,,,,,,,,,,,oom
scale_0.4,65536,True,torch.float16,1234,0.1,16,choose_once_2_calls,True,1719.894775390625,1716.572265625,1722.948974609375,1713.249755859375,3,0,1735.4811569998674,1154.033203125,1355.19091796875,ok
scale_0.4,65536,True,torch.float16,1234,0.1,16,choose_once_4_calls,True,2742.235107421875,2733.192138671875,2752.8642578125,2724.149169921875,3,0,2742.0016699998087,1154.033203125,1355.19091796875,ok
scale_0.4,65536,True,torch.float16,1234,0.1,16,choose_once_8_calls,True,4760.54638671875,4734.526123046875,4769.34619140625,4708.505859375,3,0,4718.119080000179,1154.033203125,1355.19091796875,ok
scale_0.4,65536,True,torch.float16,1234,0.1,16,rf64,True,74.92198181152344,74.50434875488281,75.81696319580078,74.1560287475586,5,1,75.88318999978583,962.12744140625,1163.28515625,ok
scale_0.4,65536,True,torch.float16,1234,0.1,16,rf256,True,168.34371948242188,167.3871307373047,171.09954833984375,167.05007934570312,5,1,167.5920020002195,1153.00048828125,1354.158203125,ok
scale_0.4,65536,True,torch.float16,1234,0.1,16,rf1024,True,583.0881958007812,582.8446655273438,585.1012573242188,582.6362915039062,5,1,584.611139000117,912.25048828125,1113.408203125,ok
scale_0.4,512,True,torch.float32,1234,0.1,16,sdpa,True,0.28118398785591125,0.2805759906768799,0.2826240062713623,0.27961599826812744,5,1,0.3303379999124445,1.0,13.1728515625,ok
scale_0.4,512,True,torch.float32,1234,0.1,16,probe_first,True,10.522624015808105,10.483712196350098,10.52889633178711,10.477151870727539,5,1,10.82743599999958,36.08056640625,48.25341796875,ok
scale_0.4,512,True,torch.float32,1234,0.1,16,cached_same,True,2.463104009628296,2.4576001167297363,2.4698879718780518,2.456223964691162,5,1,2.6071480001519376,33.51025390625,45.68310546875,ok
scale_0.4,512,True,torch.float32,1234,0.1,16,selection_only,True,8.046591758728027,8.005663871765137,8.09391975402832,7.996448040008545,5,1,8.333197999945696,36.08056640625,48.25341796875,ok
scale_0.4,512,True,torch.float32,1234,0.1,16,original_router,True,7.129087924957275,6.999040126800537,7.288703918457031,6.9752960205078125,5,1,7.175253000241355,54.1123046875,66.28515625,ok
scale_0.4,512,True,torch.float32,1234,0.1,16,choose_once_2_calls,True,12.89452838897705,12.873056411743164,12.917695999145508,12.834815979003906,5,1,13.572056000157318,36.08056640625,48.25341796875,ok
scale_0.4,512,True,torch.float32,1234,0.1,16,choose_once_4_calls,True,17.601503372192383,17.559423446655273,17.81350326538086,17.480064392089844,5,1,17.38784500003021,36.08056640625,48.25341796875,ok
scale_0.4,512,True,torch.float32,1234,0.1,16,choose_once_8_calls,True,28.171680450439453,27.226112365722656,28.226848602294922,26.777536392211914,5,1,28.477297999870643,36.08056640625,48.25341796875,ok
scale_0.4,512,True,torch.float32,1234,0.1,16,rf64,True,1.4930239915847778,1.411072015762329,1.530079960823059,1.3626559972763062,5,1,1.5395039999930304,12.62744140625,24.80029296875,ok
scale_0.4,512,True,torch.float32,1234,0.1,16,rf256,True,1.5109119415283203,1.4902080297470093,1.5196160078048706,1.4602240324020386,5,1,1.5323230004469224,19.00830078125,31.18115234375,ok
scale_0.4,512,True,torch.float32,1234,0.1,16,rf1024,True,2.886944055557251,2.8807361125946045,2.887360095977783,2.865247964859009,5,1,2.9229380002107064,53.01611328125,65.18896484375,ok
scale_0.4,1024,True,torch.float32,1234,0.1,16,sdpa,True,0.40457600355148315,0.40403199195861816,0.41446399688720703,0.40220800042152405,5,1,0.42380300010336214,2.0,17.1884765625,ok
scale_0.4,1024,True,torch.float32,1234,0.1,16,probe_first,True,17.566240310668945,17.481727600097656,17.580575942993164,17.462751388549805,5,1,19.453266999789776,72.09619140625,87.28466796875,ok
scale_0.4,1024,True,torch.float32,1234,0.1,16,cached_same,True,4.216512203216553,4.214752197265625,4.40115213394165,4.196767807006836,5,1,4.501078999965102,67.14501953125,82.33349609375,ok
scale_0.4,1024,True,torch.float32,1234,0.1,16,selection_only,True,13.494272232055664,13.47651195526123,13.54355239868164,13.289216041564941,5,1,14.803664000282879,72.09619140625,87.28466796875,ok
scale_0.4,1024,True,torch.float32,1234,0.1,16,original_router,True,11.788288116455078,11.342559814453125,12.006143569946289,11.094079971313477,5,1,12.273611000182427,108.1279296875,123.31640625,ok
scale_0.4,1024,True,torch.float32,1234,0.1,16,choose_once_2_calls,True,22.173568725585938,21.788671493530273,22.3308162689209,21.610496520996094,5,1,22.49846199993044,72.09619140625,87.28466796875,ok
scale_0.4,1024,True,torch.float32,1234,0.1,16,choose_once_4_calls,True,31.350400924682617,31.26896095275879,31.52230453491211,31.243648529052734,5,1,30.719586000031995,72.09619140625,87.28466796875,ok
scale_0.4,1024,True,torch.float32,1234,0.1,16,choose_once_8_calls,True,51.50156784057617,49.90016174316406,51.655967712402344,49.504703521728516,5,1,50.323324000146386,72.09619140625,87.28466796875,ok
scale_0.4,1024,True,torch.float32,1234,0.1,16,rf64,True,1.8886079788208008,1.8775360584259033,1.9393919706344604,1.8738240003585815,5,1,2.2003429999131185,19.62744140625,34.81591796875,ok
scale_0.4,1024,True,torch.float32,1234,0.1,16,rf256,True,2.1446399688720703,2.144256114959717,2.146143913269043,2.1196799278259277,5,1,2.259168999898975,34.03173828125,49.22021484375,ok
scale_0.4,1024,True,torch.float32,1234,0.1,16,rf1024,True,5.361760139465332,5.341599941253662,5.3672637939453125,5.25926399230957,5,1,6.060852999780764,106.03173828125,121.22021484375,ok
scale_0.4,2048,True,torch.float32,1234,0.1,16,sdpa,True,1.3537280559539795,1.3496639728546143,1.3619199991226196,1.3305920362472534,5,1,1.3527219998650253,4.0,25.2197265625,ok
scale_0.4,2048,True,torch.float32,1234,0.1,16,probe_first,True,31.035743713378906,30.883840560913086,31.078367233276367,30.88275146484375,5,1,32.22468100011611,144.12744140625,165.34716796875,ok
scale_0.4,2048,True,torch.float32,1234,0.1,16,cached_same,True,6.891520023345947,6.821887969970703,7.307744026184082,6.804736137390137,5,1,7.560505999663292,82.89892578125,104.11865234375,ok
scale_0.4,2048,True,torch.float32,1234,0.1,16,selection_only,True,24.583871841430664,24.459264755249023,24.686527252197266,24.416255950927734,5,1,24.49079600000914,144.12744140625,165.34716796875,ok
scale_0.4,2048,True,torch.float32,1234,0.1,16,original_router,True,25.14441680908203,24.90985679626465,25.321760177612305,24.46953582763672,5,1,24.812603000100353,216.1591796875,237.37890625,ok
scale_0.4,2048,True,torch.float32,1234,0.1,16,choose_once_2_calls,True,38.5909423828125,38.56025695800781,38.96169662475586,38.1739501953125,5,1,38.54009599990604,144.12744140625,165.34716796875,ok
scale_0.4,2048,True,torch.float32,1234,0.1,16,choose_once_4_calls,True,53.246368408203125,53.09743881225586,53.37228775024414,53.00348663330078,5,1,53.63895800019236,144.12744140625,165.34716796875,ok
scale_0.4,2048,True,torch.float32,1234,0.1,16,choose_once_8_calls,True,83.31878662109375,83.1467514038086,83.42323303222656,82.91244506835938,5,1,84.20758100010062,144.12744140625,165.34716796875,ok
scale_0.4,2048,True,torch.float32,1234,0.1,16,rf64,True,2.9708800315856934,2.9573121070861816,2.9723520278930664,2.9547200202941895,5,1,3.239145999941684,34.12744140625,55.34716796875,ok
scale_0.4,2048,True,torch.float32,1234,0.1,16,rf256,True,3.9265921115875244,3.9132800102233887,3.939647912979126,3.905535936355591,5,1,4.131906999646162,68.06298828125,89.28271484375,ok
scale_0.4,2048,True,torch.float32,1234,0.1,16,rf1024,True,12.667424201965332,11.447999954223633,12.958623886108398,10.618880271911621,5,1,12.833409999984724,212.06298828125,233.28271484375,ok
scale_0.4,4096,True,torch.float32,1234,0.1,16,sdpa,True,5.884607791900635,5.183712005615234,6.0149760246276855,5.113855838775635,5,1,6.7932889996882295,8.0,41.2822265625,ok
scale_0.4,4096,True,torch.float32,1234,0.1,16,probe_first,True,56.760257720947266,55.97840118408203,56.816287994384766,55.55171203613281,5,1,56.95172699961404,288.18994140625,321.47216796875,ok
scale_0.4,4096,True,torch.float32,1234,0.1,16,cached_same,True,19.66262435913086,19.55878448486328,19.748863220214844,18.490400314331055,5,1,19.648518000394688,216.06298828125,249.34521484375,ok
scale_0.4,4096,True,torch.float32,1234,0.1,16,selection_only,True,39.97516632080078,39.63884735107422,40.39487838745117,39.62771224975586,5,1,40.78098800027874,288.18994140625,321.47216796875,ok
scale_0.4,4096,True,torch.float32,1234,0.1,16,original_router,True,54.78153610229492,54.611968994140625,55.69535827636719,54.06310272216797,5,1,55.20320899995568,556.09765625,589.3798828125,ok
scale_0.4,4096,True,torch.float32,1234,0.1,16,choose_once_2_calls,True,73.7874526977539,73.03987121582031,73.87548828125,72.82396697998047,5,1,74.51519200003531,288.18994140625,321.47216796875,ok
scale_0.4,4096,True,torch.float32,1234,0.1,16,choose_once_4_calls,True,111.48716735839844,111.2069091796875,111.91705322265625,111.11628723144531,5,1,110.54801899990707,288.18994140625,321.47216796875,ok
scale_0.4,4096,True,torch.float32,1234,0.1,16,choose_once_8_calls,True,188.10470581054688,187.0233612060547,188.19903564453125,186.76419067382812,5,1,188.90074099999765,288.18994140625,321.47216796875,ok
scale_0.4,4096,True,torch.float32,1234,0.1,16,rf64,True,5.096384048461914,5.026944160461426,5.2674560546875,4.9991679191589355,5,1,5.529586999728053,66.12744140625,99.40966796875,ok
scale_0.4,4096,True,torch.float32,1234,0.1,16,rf256,True,8.142815589904785,7.860991954803467,8.406559944152832,7.456511974334717,5,1,8.71646099994905,136.12548828125,169.40771484375,ok
scale_0.4,4096,True,torch.float32,1234,0.1,16,rf1024,True,26.298368453979492,26.256959915161133,26.850719451904297,26.011648178100586,5,1,26.022859000022436,424.12548828125,457.40771484375,ok
scale_0.4,8192,True,torch.float32,1234,0.1,16,sdpa,True,26.37343978881836,26.339712142944336,27.297887802124023,26.115968704223633,5,1,26.017576999947778,16.0,73.15771484375,ok
scale_0.4,8192,True,torch.float32,1234,0.1,16,probe_first,True,88.09407806396484,87.70601654052734,88.49244689941406,86.61811065673828,5,1,86.5869629997178,576.31494140625,633.47265625,ok
scale_0.4,8192,True,torch.float32,1234,0.1,16,cached_same,True,37.193729400634766,37.05267333984375,37.42323303222656,36.839935302734375,5,1,37.38427899997987,224.06298828125,281.220703125,ok
scale_0.4,8192,True,torch.float32,1234,0.1,16,selection_only,True,54.94028854370117,54.89664077758789,55.1366081237793,54.872737884521484,5,1,57.67768900022929,576.31494140625,633.47265625,ok
scale_0.4,8192,True,torch.float32,1234,0.1,16,original_router,True,180.85472106933594,179.1774444580078,183.6471710205078,173.36521911621094,5,1,177.53993299993454,3204.09765625,3261.25537109375,ok
scale_0.4,8192,True,torch.float32,1234,0.1,16,choose_once_2_calls,True,124.6176986694336,124.14361572265625,125.18460845947266,123.07917022705078,5,1,124.59611099984613,576.31494140625,633.47265625,ok
scale_0.4,8192,True,torch.float32,1234,0.1,16,choose_once_4_calls,True,200.7961883544922,200.4481658935547,201.85702514648438,200.02511596679688,5,1,199.93579999982103,576.31494140625,633.47265625,ok
scale_0.4,8192,True,torch.float32,1234,0.1,16,choose_once_8_calls,True,348.8868103027344,348.8624572753906,350.4150085449219,347.7143249511719,5,1,352.15227900016544,576.31494140625,633.47265625,ok
scale_0.4,8192,True,torch.float32,1234,0.1,16,rf64,True,9.569727897644043,9.536031723022461,9.683072090148926,9.422080039978027,5,1,10.202348999882815,130.12744140625,187.28515625,ok
scale_0.4,8192,True,torch.float32,1234,0.1,16,rf256,True,17.510879516601562,17.481727600097656,17.791776657104492,15.793120384216309,5,1,17.246136000267143,272.25048828125,329.408203125,ok
scale_0.4,8192,True,torch.float32,1234,0.1,16,rf1024,True,53.83168029785156,53.61891174316406,54.16566467285156,53.42617416381836,5,1,53.41784199981703,848.25048828125,905.408203125,ok
scale_0.4,16384,True,torch.float32,1234,0.1,16,sdpa,True,112.8150405883789,112.3180160522461,113.1456298828125,111.42658996582031,5,1,112.09958500012362,32.0,137.15771484375,ok
scale_0.4,16384,True,torch.float32,1234,0.1,16,probe_first,True,236.40159606933594,234.96377563476562,238.8884735107422,232.27801513671875,5,1,233.8470929998948,576.31494140625,681.47265625,ok
scale_0.4,16384,True,torch.float32,1234,0.1,16,cached_same,True,120.19171142578125,120.14969635009766,120.29542541503906,119.7248306274414,5,1,120.39551699990625,448.12548828125,553.283203125,ok
scale_0.4,16384,True,torch.float32,1234,0.1,16,selection_only,True,118.75328063964844,118.40306854248047,122.1072006225586,117.45948791503906,5,1,123.05346499988445,576.31494140625,681.47265625,ok
scale_0.4,16384,True,torch.float32,1234,0.1,16,original_router,,,,,,,,,,,oom
scale_0.4,16384,True,torch.float32,1234,0.1,16,choose_once_2_calls,True,353.6014404296875,351.92974853515625,354.0331115722656,349.6641540527344,5,1,362.75029499984157,576.31494140625,681.47265625,ok
scale_0.4,16384,True,torch.float32,1234,0.1,16,choose_once_4_calls,True,596.2092895507812,594.3301391601562,596.3134155273438,592.11572265625,5,1,591.8808689998514,576.31494140625,681.47265625,ok
scale_0.4,16384,True,torch.float32,1234,0.1,16,choose_once_8_calls,True,1070.645263671875,1067.2486572265625,1070.8880615234375,1063.85205078125,3,0,1065.2126099998895,576.31494140625,681.47265625,ok
scale_0.4,16384,True,torch.float32,1234,0.1,16,rf64,True,18.22105598449707,17.79097557067871,18.445215225219727,17.451391220092773,5,1,18.56427500024438,258.12744140625,363.28515625,ok
scale_0.4,16384,True,torch.float32,1234,0.1,16,rf256,True,34.35446548461914,33.957984924316406,34.5211181640625,33.9288330078125,5,1,34.35350300014761,544.50048828125,649.658203125,ok
scale_0.4,16384,True,torch.float32,1234,0.1,16,rf1024,True,123.75692749023438,123.52848052978516,124.50406646728516,121.80358123779297,5,1,121.30391199980295,880.25048828125,985.408203125,ok
scale_0.4,32768,True,torch.float32,1234,0.1,16,sdpa,True,480.9564208984375,478.371826171875,482.0031433105469,475.9158935546875,5,1,479.6501000000717,64.0,265.158203125,ok
scale_0.4,32768,True,torch.float32,1234,0.1,16,probe_first,True,626.76806640625,626.1002807617188,626.8661499023438,625.5653076171875,5,1,625.5467129999488,912.25146484375,1113.40966796875,ok
scale_0.4,32768,True,torch.float32,1234,0.1,16,cached_same,True,374.4328918457031,373.0439147949219,374.9921875,372.7699890136719,5,1,371.50910999980624,912.25048828125,1113.40869140625,ok
scale_0.4,32768,True,torch.float32,1234,0.1,16,selection_only,True,253.02627563476562,252.37619018554688,253.8294677734375,251.95823669433594,5,1,254.10349799994947,769.06494140625,970.22314453125,ok
scale_0.4,32768,True,torch.float32,1234,0.1,16,original_router,,,,,,,,,,,oom
scale_0.4,32768,True,torch.float32,1234,0.1,16,choose_once_2_calls,True,1003.7345581054688,1000.1285095214844,1003.8190002441406,996.5224609375,3,0,993.8174900003105,976.2509765625,1177.4091796875,ok
scale_0.4,32768,True,torch.float32,1234,0.1,16,choose_once_4_calls,True,1742.551025390625,1740.5135498046875,1744.7716064453125,1738.47607421875,3,0,1742.2767200000635,976.2509765625,1177.4091796875,ok
scale_0.4,32768,True,torch.float32,1234,0.1,16,choose_once_8_calls,True,3255.900146484375,3251.3525390625,3258.250244140625,3246.804931640625,3,0,3258.3232050001243,976.2509765625,1177.4091796875,ok
scale_0.4,32768,True,torch.float32,1234,0.1,16,rf64,True,36.23116683959961,35.57360076904297,36.54655838012695,35.48614501953125,5,1,35.58893699982946,514.12744140625,715.28564453125,ok
scale_0.4,32768,True,torch.float32,1234,0.1,16,rf256,True,68.24272155761719,67.44678497314453,68.3927001953125,67.006591796875,5,1,68.49224999996295,1089.00048828125,1290.15869140625,ok
scale_0.4,32768,True,torch.float32,1234,0.1,16,rf1024,True,268.0400695800781,266.9465637207031,268.30548095703125,266.5348205566406,5,1,266.50168500009386,912.25048828125,1113.40869140625,ok
scale_0.4,65536,True,torch.float32,1234,0.1,16,sdpa,True,2003.758544921875,2002.0521240234375,2005.2650756835938,2000.345703125,3,0,2010.787504000291,128.0,521.15771484375,ok
scale_0.4,65536,True,torch.float32,1234,0.1,16,probe_first,True,2267.367431640625,2256.4754638671875,2270.8736572265625,2245.58349609375,3,0,2229.3125410001267,976.25146484375,1369.4091796875,ok
scale_0.4,65536,True,torch.float32,1234,0.1,16,cached_same,True,1475.1170654296875,1470.7198486328125,1479.5982666015625,1466.3226318359375,3,0,1479.9727390000044,976.25048828125,1369.408203125,ok
scale_0.4,65536,True,torch.float32,1234,0.1,16,selection_only,True,719.0684814453125,716.6492309570312,748.6607055664062,710.2730102539062,5,1,727.4039060002906,770.033203125,1163.19091796875,ok
scale_0.4,65536,True,torch.float32,1234,0.1,16,original_router,,,,,,,,,,,oom
scale_0.4,65536,True,torch.float32,1234,0.1,16,choose_once_2_calls,True,3666.970703125,3659.0921630859375,3680.97119140625,3651.213623046875,3,0,3667.7654340001027,1104.2509765625,1497.40869140625,ok
scale_0.4,65536,True,torch.float32,1234,0.1,16,choose_once_4_calls,True,6616.603515625,6609.76904296875,6621.84765625,6602.9345703125,3,0,6638.646034999965,1104.2509765625,1497.40869140625,ok
scale_0.4,65536,True,torch.float32,1234,0.1,16,choose_once_8_calls,True,12517.7451171875,12493.724609375,12521.91064453125,12469.7041015625,3,0,12533.08289100005,1104.2509765625,1497.40869140625,ok
scale_0.4,65536,True,torch.float32,1234,0.1,16,rf64,True,72.86287689208984,72.63436889648438,73.90412902832031,72.42265319824219,5,1,74.33690900006695,1026.12744140625,1419.28515625,ok
scale_0.4,65536,True,torch.float32,1234,0.1,16,rf256,True,168.38255310058594,168.37132263183594,168.56448364257812,166.15084838867188,5,1,167.3741509998763,1217.00048828125,1610.158203125,ok
scale_0.4,65536,True,torch.float32,1234,0.1,16,rf1024,True,580.3787231445312,577.1237182617188,580.6858520507812,576.0573120117188,5,1,580.570109999826,976.25048828125,1369.408203125,ok
mix_easy,512,False,torch.float16,1234,0.1,16,sdpa,True,0.09625600278377533,0.0950080007314682,0.09868799895048141,0.0942080020904541,5,1,0.16426900037913583,0.5,11.1728515625,ok
mix_easy,512,False,torch.float16,1234,0.1,16,probe_first,True,5.450943946838379,5.450655937194824,5.462240219116211,5.426591873168945,5,1,5.810426999687479,16.55908203125,27.23193359375,ok
mix_easy,512,False,torch.float16,1234,0.1,16,cached_same,True,2.35427188873291,2.3490560054779053,2.371583938598633,2.336416006088257,5,1,2.517187000194099,7.25244140625,17.92529296875,ok
mix_easy,512,False,torch.float16,1234,0.1,16,selection_only,True,3.2029120922088623,3.1909120082855225,3.2194879055023193,3.1846399307250977,5,1,3.2375900000261026,16.55908203125,27.23193359375,ok
mix_easy,512,False,torch.float16,1234,0.1,16,original_router,True,4.301599979400635,4.289504051208496,4.416575908660889,4.263904094696045,5,1,4.31308999986868,24.2158203125,34.888671875,ok
mix_easy,512,False,torch.float16,1234,0.1,16,choose_once_2_calls,True,7.880703926086426,7.872416019439697,8.025055885314941,7.80515193939209,5,1,8.242633000008937,16.55908203125,27.23193359375,ok
mix_easy,512,False,torch.float16,1234,0.1,16,choose_once_4_calls,True,12.595199584960938,12.328448295593262,12.843263626098633,12.237983703613281,5,1,12.591774000156875,16.55908203125,27.23193359375,ok
mix_easy,512,False,torch.float16,1234,0.1,16,choose_once_8_calls,True,21.462879180908203,21.31430435180664,21.486112594604492,21.288864135742188,5,1,21.877532999951654,16.55908203125,27.23193359375,ok
mix_easy,512,False,torch.float16,1234,0.1,16,rf64,True,0.9590719938278198,0.9525439739227295,0.9902080297470093,0.9482240080833435,5,1,1.0191699998358672,7.64306640625,18.31591796875,ok
mix_easy,512,False,torch.float16,1234,0.1,16,rf256,True,1.0239039659500122,1.0224000215530396,1.0336320400238037,1.0167039632797241,5,1,1.16065099973639,16.51611328125,27.18896484375,ok
mix_easy,512,False,torch.float16,1234,0.1,16,rf1024,True,2.196671962738037,2.1773440837860107,2.204063892364502,2.1748480796813965,5,1,2.2297830000752583,52.51611328125,63.18896484375,ok
mix_easy,1024,False,torch.float16,1234,0.1,16,sdpa,True,0.2030079960823059,0.20006400346755981,0.206496000289917,0.19865599274635315,5,1,0.23259999989022617,1.0,13.1884765625,ok
mix_easy,1024,False,torch.float16,1234,0.1,16,probe_first,True,6.476384162902832,6.326272010803223,6.522687911987305,6.262784004211426,5,1,6.892192000123032,43.2529296875,55.44140625,ok
mix_easy,1024,False,torch.float16,1234,0.1,16,cached_same,True,2.964927911758423,2.93887996673584,3.0227839946746826,2.918303966522217,5,1,2.971364999666548,35.5087890625,47.697265625,ok
mix_easy,1024,False,torch.float16,1234,0.1,16,selection_only,True,3.7538559436798096,3.6743359565734863,4.258528232574463,3.555327892303467,5,1,3.7584500000775733,43.2529296875,55.44140625,ok
mix_easy,1024,False,torch.float16,1234,0.1,16,original_router,True,5.171199798583984,5.169919967651367,5.182079792022705,5.097472190856934,5,1,5.1809599999614875,58.34716796875,70.53564453125,ok
mix_easy,1024,False,torch.float16,1234,0.1,16,choose_once_2_calls,True,9.91859245300293,9.900032043457031,9.938912391662598,9.877375602722168,5,1,10.041619999810791,43.2529296875,55.44140625,ok
mix_easy,1024,False,torch.float16,1234,0.1,16,choose_once_4_calls,True,15.813376426696777,15.800127983093262,15.892800331115723,15.722335815429688,5,1,16.01006700002472,43.2529296875,55.44140625,ok
mix_easy,1024,False,torch.float16,1234,0.1,16,choose_once_8_calls,True,27.06105613708496,26.837087631225586,27.650592803955078,26.683391571044922,5,1,30.89596800009531,43.2529296875,55.44140625,ok
mix_easy,1024,False,torch.float16,1234,0.1,16,rf64,True,1.06496000289917,1.0418239831924438,1.1023999452590942,1.0219520330429077,5,1,1.0852199998225842,15.15869140625,27.34716796875,ok
mix_easy,1024,False,torch.float16,1234,0.1,16,rf256,True,1.580288052558899,1.572864055633545,1.6136640310287476,1.546239972114563,5,1,1.6874739999366284,39.5087890625,51.697265625,ok
mix_easy,1024,False,torch.float16,1234,0.1,16,rf1024,True,3.7252800464630127,3.7238399982452393,3.7452480792999268,3.7171199321746826,5,1,3.818076000243309,105.03173828125,117.22021484375,ok
mix_easy,2048,False,torch.float16,1234,0.1,16,sdpa,True,0.5675519704818726,0.5658559799194336,0.5733439922332764,0.5626559853553772,5,1,0.5991639995954756,2.0,17.2197265625,ok
mix_easy,2048,False,torch.float16,1234,0.1,16,probe_first,True,8.719807624816895,8.533503532409668,8.989119529724121,8.521984100341797,5,1,8.785833000274579,66.45556640625,81.67529296875,ok
mix_easy,2048,False,torch.float16,1234,0.1,16,cached_same,True,4.198751926422119,4.182559967041016,4.200448036193848,4.179872035980225,5,1,4.3750089998866315,59.0087890625,74.228515625,ok
mix_easy,2048,False,torch.float16,1234,0.1,16,selection_only,True,4.3581438064575195,4.356095790863037,4.360608100891113,4.346528053283691,5,1,4.356326000106492,66.45556640625,81.67529296875,ok
mix_easy,2048,False,torch.float16,1234,0.1,16,original_router,True,8.009087562561035,7.954944133758545,8.03651237487793,7.934815883636475,5,1,8.474193999973068,97.4873046875,112.70703125,ok
mix_easy,2048,False,torch.float16,1234,0.1,16,choose_once_2_calls,True,13.074432373046875,12.875840187072754,13.203680038452148,12.838687896728516,5,1,13.423339999917516,66.45556640625,81.67529296875,ok
mix_easy,2048,False,torch.float16,1234,0.1,16,choose_once_4_calls,True,21.969791412353516,21.87299156188965,22.009855270385742,21.796640396118164,5,1,22.1106270000746,66.45556640625,81.67529296875,ok
mix_easy,2048,False,torch.float16,1234,0.1,16,choose_once_8_calls,True,39.45587158203125,39.29283142089844,39.89503860473633,39.25120162963867,5,1,39.578462000008585,66.45556640625,81.67529296875,ok
mix_easy,2048,False,torch.float16,1234,0.1,16,rf64,True,1.4458880424499512,1.439743995666504,1.450111985206604,1.4376959800720215,5,1,1.4932369999769435,30.18994140625,45.40966796875,ok
mix_easy,2048,False,torch.float16,1234,0.1,16,rf256,True,2.5040318965911865,2.5026559829711914,2.512415885925293,2.494431972503662,5,1,2.53263100012191,66.5087890625,81.728515625,ok
mix_easy,2048,False,torch.float16,1234,0.1,16,rf1024,True,7.548960208892822,7.311359882354736,7.603456020355225,7.202367782592773,5,1,7.639274000212026,210.06298828125,225.28271484375,ok
mix_easy,4096,False,torch.float16,1234,0.1,16,sdpa,True,1.9763200283050537,1.9599360227584839,1.9783680438995361,1.9586880207061768,5,1,1.9912660000045435,4.0,25.2822265625,ok
mix_easy,4096,False,torch.float16,1234,0.1,16,probe_first,True,15.347776412963867,14.986207962036133,15.395520210266113,14.352383613586426,5,1,15.171495000231516,133.97509765625,155.25732421875,ok
mix_easy,4096,False,torch.float16,1234,0.1,16,cached_same,True,6.955103874206543,6.755871772766113,6.959104061126709,6.687327861785889,5,1,7.491591999951197,110.03173828125,131.31396484375,ok
mix_easy,4096,False,torch.float16,1234,0.1,16,selection_only,True,7.3870720863342285,7.386559963226318,7.460864067077637,7.383296012878418,5,1,7.508049000080064,133.97509765625,155.25732421875,ok
mix_easy,4096,False,torch.float16,1234,0.1,16,original_router,True,15.664640426635742,15.428223609924316,15.904319763183594,15.350624084472656,5,1,16.09282900017206,195.0068359375,216.2890625,ok
mix_easy,4096,False,torch.float16,1234,0.1,16,choose_once_2_calls,True,22.386688232421875,22.367168426513672,22.64044761657715,21.851520538330078,5,1,22.397955999622354,133.97509765625,155.25732421875,ok
mix_easy,4096,False,torch.float16,1234,0.1,16,choose_once_4_calls,True,36.89360046386719,36.87420654296875,37.13888168334961,36.74534225463867,5,1,36.82421900020927,133.97509765625,155.25732421875,ok
mix_easy,4096,False,torch.float16,1234,0.1,16,choose_once_8_calls,True,66.42278289794922,66.19955444335938,66.69647979736328,66.09782409667969,5,1,66.3589860000684,133.97509765625,155.25732421875,ok
mix_easy,4096,False,torch.float16,1234,0.1,16,rf64,True,2.6748480796813965,2.649631977081299,2.7323520183563232,2.6316800117492676,5,1,2.6593709999360726,60.25244140625,81.53466796875,ok
mix_easy,4096,False,torch.float16,1234,0.1,16,rf256,True,4.7475199699401855,4.702208042144775,4.75545597076416,4.69814395904541,5,1,4.8269109997818305,132.12548828125,153.40771484375,ok
mix_easy,4096,False,torch.float16,1234,0.1,16,rf1024,True,15.309311866760254,14.682144165039062,15.80838394165039,14.272512435913086,5,1,16.527884999959497,420.12548828125,441.40771484375,ok
mix_easy,8192,False,torch.float16,1234,0.1,16,sdpa,True,10.78495979309082,9.350815773010254,12.050399780273438,8.509632110595703,5,1,12.430975999905058,8.0,41.15771484375,ok
mix_easy,8192,False,torch.float16,1234,0.1,16,probe_first,True,26.847679138183594,26.72310447692871,27.00547218322754,26.697856903076172,5,1,26.569376999759697,264.14697265625,297.3046875,ok
mix_easy,8192,False,torch.float16,1234,0.1,16,cached_same,True,11.967007637023926,11.661888122558594,12.682080268859863,11.05350399017334,5,1,12.795492999885028,116.03173828125,149.189453125,ok
mix_easy,8192,False,torch.float16,1234,0.1,16,selection_only,True,14.58995246887207,14.076319694519043,14.755840301513672,13.69702434539795,5,1,14.748443999906158,264.14697265625,297.3046875,ok
mix_easy,8192,False,torch.float16,1234,0.1,16,original_router,True,48.11977767944336,47.701534271240234,50.10822296142578,47.481056213378906,5,1,48.391455999990285,1110.078125,1143.23583984375,ok
mix_easy,8192,False,torch.float16,1234,0.1,16,choose_once_2_calls,True,39.1959342956543,39.019615173339844,39.229278564453125,38.87971115112305,5,1,38.492534999932104,264.14697265625,297.3046875,ok
mix_easy,8192,False,torch.float16,1234,0.1,16,choose_once_4_calls,True,63.98214340209961,63.63212966918945,64.53103637695312,63.490657806396484,5,1,63.40241899988541,264.14697265625,297.3046875,ok
mix_easy,8192,False,torch.float16,1234,0.1,16,choose_once_8_calls,True,114.02515411376953,113.85040283203125,114.06355285644531,113.70326232910156,5,1,114.30151000013211,264.14697265625,297.3046875,ok
mix_easy,8192,False,torch.float16,1234,0.1,16,rf64,True,4.778495788574219,4.777984142303467,4.780479907989502,4.7718400955200195,5,1,4.772756999955163,120.37744140625,153.53515625,ok
mix_easy,8192,False,torch.float16,1234,0.1,16,rf256,True,9.363455772399902,9.293824195861816,9.399776458740234,9.103360176086426,5,1,9.892639000099734,264.25048828125,297.408203125,ok
mix_easy,8192,False,torch.float16,1234,0.1,16,rf1024,True,32.16636657714844,32.08601760864258,32.178462982177734,31.11743927001953,5,1,32.64407599999686,840.25048828125,873.408203125,ok
mix_easy,16384,False,torch.float16,1234,0.1,16,sdpa,True,46.091552734375,46.048030853271484,46.108638763427734,45.978721618652344,5,1,46.0965130000659,16.0,73.15771484375,ok
mix_easy,16384,False,torch.float16,1234,0.1,16,probe_first,True,69.99900817871094,69.97811126708984,70.06463623046875,69.61148834228516,5,1,68.81622399987464,672.30322265625,729.4609375,ok
mix_easy,16384,False,torch.float16,1234,0.1,16,cached_same,True,38.36723327636719,38.156288146972656,38.82780838012695,38.14838409423828,5,1,37.81354700004158,644.18798828125,701.345703125,ok
mix_easy,16384,False,torch.float16,1234,0.1,16,selection_only,True,31.37945556640625,31.18320083618164,31.522111892700195,31.068159103393555,5,1,31.19132100027855,672.30322265625,729.4609375,ok
mix_easy,16384,False,torch.float16,1234,0.1,16,original_router,True,104.52992248535156,104.09526062011719,107.06559753417969,102.9323501586914,5,1,104.73577400034628,2208.08203125,2265.23974609375,ok
mix_easy,16384,False,torch.float16,1234,0.1,16,choose_once_2_calls,True,108.57135772705078,108.29750061035156,108.92406463623047,107.40009307861328,5,1,108.02204999981768,672.30322265625,729.4609375,ok
mix_easy,16384,False,torch.float16,1234,0.1,16,choose_once_4_calls,True,184.72921752929688,184.342529296875,184.84019470214844,183.73568725585938,5,1,186.91433999993023,672.30322265625,729.4609375,ok
mix_easy,16384,False,torch.float16,1234,0.1,16,choose_once_8_calls,True,340.9943542480469,337.2851257324219,341.30120849609375,334.7549743652344,5,1,340.49573199990846,672.30322265625,729.4609375,ok
mix_easy,16384,False,torch.float16,1234,0.1,16,rf64,True,9.210783958435059,9.199935913085938,9.228480339050293,9.199487686157227,5,1,9.26972300021589,240.62744140625,297.78515625,ok
mix_easy,16384,False,torch.float16,1234,0.1,16,rf256,True,19.7174072265625,19.65247917175293,19.935007095336914,18.685951232910156,5,1,19.58367899987934,528.50048828125,585.658203125,ok
mix_easy,16384,False,torch.float16,1234,0.1,16,rf1024,True,66.7894058227539,66.58697509765625,66.97990417480469,66.52416229248047,5,1,67.31099800026641,864.25048828125,921.408203125,ok
mix_easy,32768,False,torch.float16,1234,0.1,16,sdpa,True,187.0972442626953,186.74307250976562,187.4923553466797,186.5498504638672,5,1,188.3264190000773,32.0,137.15771484375,ok
mix_easy,32768,False,torch.float16,1234,0.1,16,probe_first,True,157.14083862304688,156.82672119140625,157.44131469726562,156.56524658203125,5,1,157.4656060001871,880.25146484375,985.4091796875,ok
mix_easy,32768,False,torch.float16,1234,0.1,16,cached_same,True,92.47539520263672,92.36969757080078,93.37484741210938,92.34194946289062,5,1,92.10418199972992,880.25048828125,985.408203125,ok
mix_easy,32768,False,torch.float16,1234,0.1,16,selection_only,True,65.79199981689453,65.74285125732422,65.99961853027344,65.01347351074219,5,1,64.75633699983518,768.81494140625,873.97265625,ok
mix_easy,32768,False,torch.float16,1234,0.1,16,original_router,True,386.03155517578125,384.9010925292969,388.04888916015625,362.3358154296875,5,1,382.0418210002572,8512.08203125,8617.23974609375,ok
mix_easy,32768,False,torch.float16,1234,0.1,16,choose_once_2_calls,True,252.14306640625,251.14828491210938,253.0641326904297,250.88345336914062,5,1,251.68682000003173,912.2509765625,1017.40869140625,ok
mix_easy,32768,False,torch.float16,1234,0.1,16,choose_once_4_calls,True,437.3155822753906,437.200927734375,438.00128173828125,436.0532531738281,5,1,435.8408540001619,912.2509765625,1017.40869140625,ok
mix_easy,32768,False,torch.float16,1234,0.1,16,choose_once_8_calls,True,802.7562866210938,802.297607421875,805.64892578125,797.9024658203125,5,1,802.575689999685,912.2509765625,1017.40869140625,ok
mix_easy,32768,False,torch.float16,1234,0.1,16,rf64,True,18.071552276611328,17.902687072753906,18.372608184814453,17.817087173461914,5,1,18.658338000022923,481.12744140625,586.28515625,ok
mix_easy,32768,False,torch.float16,1234,0.1,16,rf256,True,40.412384033203125,40.15894317626953,40.70800018310547,39.85808181762695,5,1,40.443624000090495,1057.00048828125,1162.158203125,ok
mix_easy,32768,False,torch.float16,1234,0.1,16,rf1024,True,134.78076171875,134.3429718017578,135.06982421875,133.65452575683594,5,1,133.63212400008706,880.25048828125,985.408203125,ok
mix_easy,65536,False,torch.float16,1234,0.1,16,sdpa,True,741.3989868164062,741.3092041015625,741.4545288085938,740.8342895507812,5,1,740.5921479999051,64.0,265.15771484375,ok
mix_easy,65536,False,torch.float16,1234,0.1,16,probe_first,True,363.3133544921875,363.0887145996094,363.8046569824219,360.9049072265625,5,1,363.96707099993364,1154.033203125,1355.19091796875,ok
mix_easy,65536,False,torch.float16,1234,0.1,16,cached_same,True,262.3938903808594,262.0749206542969,262.4909362792969,260.1653747558594,5,1,263.9893390000907,928.25048828125,1129.408203125,ok
mix_easy,65536,False,torch.float16,1234,0.1,16,selection_only,True,104.81878662109375,103.29254150390625,105.56950378417969,102.8807373046875,5,1,102.83591899997191,1154.033203125,1355.19091796875,ok
mix_easy,65536,False,torch.float16,1234,0.1,16,original_router,,,,,,,,,,,oom
mix_easy,65536,False,torch.float16,1234,0.1,16,choose_once_2_calls,True,626.2726440429688,625.858642578125,627.0025634765625,624.7157592773438,5,1,625.6082920003792,1154.033203125,1355.19091796875,ok
mix_easy,65536,False,torch.float16,1234,0.1,16,choose_once_4_calls,True,1135.2596435546875,1131.6039428710938,1140.2972412109375,1127.9482421875,3,0,1132.9315799998767,1154.033203125,1355.19091796875,ok
mix_easy,65536,False,torch.float16,1234,0.1,16,choose_once_8_calls,True,2162.67431640625,2162.0574951171875,2163.572021484375,2161.440673828125,3,0,2162.8496850003103,1154.033203125,1355.19091796875,ok
mix_easy,65536,False,torch.float16,1234,0.1,16,rf64,True,36.23603057861328,35.69257736206055,36.3015022277832,35.59833526611328,5,1,36.5359070001432,962.12744140625,1163.28515625,ok
mix_easy,65536,False,torch.float16,1234,0.1,16,rf256,True,81.40799713134766,81.34432220458984,81.51407623291016,81.26258850097656,5,1,81.1857419998887,1153.00048828125,1354.158203125,ok
mix_easy,65536,False,torch.float16,1234,0.1,16,rf1024,True,262.7283020019531,262.7010498046875,263.43878173828125,260.5597229003906,5,1,259.63138799988883,912.25048828125,1113.408203125,ok
mix_easy,512,False,torch.float32,1234,0.1,16,sdpa,True,0.19855999946594238,0.1950400024652481,0.1992959976196289,0.19334399700164795,5,1,0.23514200029239873,1.0,13.1728515625,ok
mix_easy,512,False,torch.float32,1234,0.1,16,probe_first,True,5.590240001678467,5.481247901916504,5.814239978790283,5.375711917877197,5,1,5.508237999947596,13.55908203125,25.73193359375,ok
mix_easy,512,False,torch.float32,1234,0.1,16,cached_same,True,2.4145920276641846,2.332672119140625,2.4555840492248535,2.2834880352020264,5,1,2.3503510001319228,7.75244140625,19.92529296875,ok
mix_easy,512,False,torch.float32,1234,0.1,16,selection_only,True,3.3013761043548584,3.2972800731658936,3.35369610786438,3.2481279373168945,5,1,3.579384999738977,13.55908203125,25.73193359375,ok
mix_easy,512,False,torch.float32,1234,0.1,16,original_router,True,4.4137282371521,4.403168201446533,4.478847980499268,4.3667521476745605,5,1,4.787559999840596,21.2158203125,33.388671875,ok
mix_easy,512,False,torch.float32,1234,0.1,16,choose_once_2_calls,True,8.501055717468262,8.498592376708984,8.507391929626465,8.489439964294434,5,1,8.822745000088617,13.55908203125,25.73193359375,ok
mix_easy,512,False,torch.float32,1234,0.1,16,choose_once_4_calls,True,12.308095932006836,12.16044807434082,12.985312461853027,12.046655654907227,5,1,12.597955999808619,13.55908203125,25.73193359375,ok
mix_easy,512,False,torch.float32,1234,0.1,16,choose_once_8_calls,True,20.48204803466797,20.470687866210938,20.482656478881836,20.328447341918945,5,1,21.860048999769788,13.55908203125,25.73193359375,ok
mix_easy,512,False,torch.float32,1234,0.1,16,rf64,True,0.9441279768943787,0.8980159759521484,0.9719679951667786,0.8969600200653076,5,1,0.9908260003612668,8.14306640625,20.31591796875,ok
mix_easy,512,False,torch.float32,1234,0.1,16,rf256,True,1.0096640586853027,1.00655996799469,1.010208010673523,1.0034559965133667,5,1,1.0625690001688781,17.01611328125,29.18896484375,ok
mix_easy,512,False,torch.float32,1234,0.1,16,rf1024,True,2.115583896636963,2.1094400882720947,2.1160640716552734,2.104192018508911,5,1,2.2135859999252716,53.01611328125,65.18896484375,ok
mix_easy,1024,False,torch.float32,1234,0.1,16,sdpa,True,0.6820160150527954,0.6817600131034851,0.6826879978179932,0.6775680184364319,5,1,0.7206909999695199,2.0,17.1884765625,ok
mix_easy,1024,False,torch.float32,1234,0.1,16,probe_first,True,6.205664157867432,6.175136089324951,6.294144153594971,6.102047920227051,5,1,6.125021000116249,37.2529296875,52.44140625,ok
mix_easy,1024,False,torch.float32,1234,0.1,16,cached_same,True,3.033087968826294,2.824608087539673,3.155967950820923,2.8139519691467285,5,1,2.9790850003337255,36.5087890625,51.697265625,ok
mix_easy,1024,False,torch.float32,1234,0.1,16,selection_only,True,3.4965760707855225,3.486176013946533,3.592384099960327,3.3990399837493896,5,1,3.6418810000213853,37.2529296875,52.44140625,ok
mix_easy,1024,False,torch.float32,1234,0.1,16,original_router,True,5.524991989135742,5.5108160972595215,5.527040004730225,4.993599891662598,5,1,5.597260999820719,52.34716796875,67.53564453125,ok
mix_easy,1024,False,torch.float32,1234,0.1,16,choose_once_2_calls,True,9.580544471740723,9.578495979309082,9.686880111694336,9.574399948120117,5,1,9.680078999735997,38.50927734375,53.69775390625,ok
mix_easy,1024,False,torch.float32,1234,0.1,16,choose_once_4_calls,True,16.18739128112793,16.13257598876953,16.26291275024414,15.785920143127441,5,1,15.822289999960049,38.50927734375,53.69775390625,ok
mix_easy,1024,False,torch.float32,1234,0.1,16,choose_once_8_calls,True,26.52003288269043,26.316160202026367,26.784191131591797,25.979328155517578,5,1,27.192971000204125,38.50927734375,53.69775390625,ok
mix_easy,1024,False,torch.float32,1234,0.1,16,rf64,True,0.9172800183296204,0.9094719886779785,0.9239040017127991,0.9084799885749817,5,1,0.9875309997369186,16.15869140625,31.34716796875,ok
mix_easy,1024,False,torch.float32,1234,0.1,16,rf256,True,1.4735039472579956,1.4479360580444336,1.4752639532089233,1.4423999786376953,5,1,1.4983220003159659,40.5087890625,55.697265625,ok
mix_easy,1024,False,torch.float32,1234,0.1,16,rf1024,True,3.704319953918457,3.69052791595459,3.7060799598693848,3.686367988586426,5,1,3.822083000159182,106.03173828125,121.22021484375,ok
mix_easy,2048,False,torch.float32,1234,0.1,16,sdpa,True,2.529279947280884,2.523263931274414,2.5333120822906494,2.519040107727051,5,1,2.556792999712343,4.0,25.2197265625,ok
mix_easy,2048,False,torch.float32,1234,0.1,16,probe_first,True,8.867839813232422,8.81663990020752,8.944191932678223,8.746687889099121,5,1,9.184005999941292,62.009765625,83.2294921875,ok
mix_easy,2048,False,torch.float32,1234,0.1,16,cached_same,True,4.46665620803833,4.446144104003906,4.47324800491333,4.4268479347229,5,1,4.619757999989815,61.0087890625,82.228515625,ok
mix_easy,2048,False,torch.float32,1234,0.1,16,selection_only,True,4.433152198791504,4.423295974731445,4.434815883636475,4.40115213394165,5,1,4.628930999842851,54.95556640625,76.17529296875,ok
mix_easy,2048,False,torch.float32,1234,0.1,16,original_router,True,8.053152084350586,8.034303665161133,8.302783966064453,8.013567924499512,5,1,8.559912999771768,85.9873046875,107.20703125,ok
mix_easy,2048,False,torch.float32,1234,0.1,16,choose_once_2_calls,True,13.6560640335083,13.641183853149414,13.681344032287598,13.407327651977539,5,1,13.85855399985303,65.00927734375,86.22900390625,ok
mix_easy,2048,False,torch.float32,1234,0.1,16,choose_once_4_calls,True,23.150592803955078,22.882976531982422,23.224063873291016,22.649152755737305,5,1,23.057402999711485,65.00927734375,86.22900390625,ok
mix_easy,2048,False,torch.float32,1234,0.1,16,choose_once_8_calls,True,41.82835388183594,41.67475128173828,42.131103515625,41.65407943725586,5,1,41.52724199957447,65.00927734375,86.22900390625,ok
mix_easy,2048,False,torch.float32,1234,0.1,16,rf64,True,1.4373120069503784,1.416640043258667,1.4393279552459717,1.4115519523620605,5,1,1.4593189998777234,32.18994140625,53.40966796875,ok
mix_easy,2048,False,torch.float32,1234,0.1,16,rf256,True,2.4603519439697266,2.4591360092163086,2.4658238887786865,2.4572479724884033,5,1,2.521984000395605,68.5087890625,89.728515625,ok
mix_easy,2048,False,torch.float32,1234,0.1,16,rf1024,True,7.313375949859619,7.279104232788086,7.366432189941406,7.147520065307617,5,1,7.633615000031568,212.06298828125,233.28271484375,ok
mix_easy,4096,False,torch.float32,1234,0.1,16,sdpa,True,12.525440216064453,11.199904441833496,13.56169605255127,9.521984100341797,5,1,13.396041999840236,8.0,41.2822265625,ok
mix_easy,4096,False,torch.float32,1234,0.1,16,probe_first,True,16.212352752685547,15.853568077087402,16.247007369995117,15.050527572631836,5,1,16.225426999881165,114.03271484375,147.31494140625,ok
mix_easy,4096,False,torch.float32,1234,0.1,16,cached_same,True,7.946239948272705,7.702432155609131,8.065664291381836,7.556704044342041,5,1,8.733740000025136,114.03173828125,147.31396484375,ok
mix_easy,4096,False,torch.float32,1234,0.1,16,selection_only,True,7.09222412109375,7.085536003112793,7.259232044219971,7.065760135650635,5,1,7.457028000317223,109.97509765625,143.25732421875,ok
mix_easy,4096,False,torch.float32,1234,0.1,16,original_router,True,16.18329620361328,15.399328231811523,16.187231063842773,15.017184257507324,5,1,16.20329200022752,171.0068359375,204.2890625,ok
mix_easy,4096,False,torch.float32,1234,0.1,16,choose_once_2_calls,True,25.345439910888672,25.14739227294922,25.38902473449707,25.016576766967773,5,1,25.486435999937385,122.0322265625,155.314453125,ok
mix_easy,4096,False,torch.float32,1234,0.1,16,choose_once_4_calls,True,42.63804626464844,42.1396484375,42.783199310302734,41.88742446899414,5,1,42.383406999761064,122.0322265625,155.314453125,ok
mix_easy,4096,False,torch.float32,1234,0.1,16,choose_once_8_calls,True,76.46208190917969,76.31858825683594,76.54441833496094,76.23414611816406,5,1,76.51402400006191,122.0322265625,155.314453125,ok
mix_easy,4096,False,torch.float32,1234,0.1,16,rf64,True,2.570240020751953,2.569119930267334,2.5866239070892334,2.5586559772491455,5,1,2.6017059999503545,64.25244140625,97.53466796875,ok
mix_easy,4096,False,torch.float32,1234,0.1,16,rf256,True,4.688704013824463,4.674111843109131,4.7060160636901855,4.657760143280029,5,1,4.717704999620764,136.12548828125,169.40771484375,ok
mix_easy,4096,False,torch.float32,1234,0.1,16,rf1024,True,15.386079788208008,14.619775772094727,16.029888153076172,14.060895919799805,5,1,16.122803000143904,424.12548828125,457.40771484375,ok
mix_easy,8192,False,torch.float32,1234,0.1,16,sdpa,True,50.3656005859375,50.320831298828125,50.39632034301758,50.233150482177734,5,1,49.22090299987758,16.0,73.15771484375,ok
mix_easy,8192,False,torch.float32,1234,0.1,16,probe_first,True,36.62598419189453,36.49568176269531,37.06911849975586,36.417537689208984,5,1,36.784890000035375,216.14697265625,273.3046875,ok
mix_easy,8192,False,torch.float32,1234,0.1,16,cached_same,True,22.558944702148438,22.364160537719727,22.935680389404297,22.339584350585938,5,1,22.776588999931846,124.03173828125,181.189453125,ok
mix_easy,8192,False,torch.float32,1234,0.1,16,selection_only,True,14.114815711975098,13.893664360046387,14.240192413330078,13.595104217529297,5,1,14.23107800019352,216.14697265625,273.3046875,ok
mix_easy,8192,False,torch.float32,1234,0.1,16,original_router,True,49.07827377319336,48.70246505737305,49.7110710144043,48.2531852722168,5,1,47.64540799988026,1062.078125,1119.23583984375,ok
mix_easy,8192,False,torch.float32,1234,0.1,16,choose_once_2_calls,True,59.82704162597656,59.65622329711914,59.92124938964844,59.50697708129883,5,1,59.73288099994534,216.14697265625,273.3046875,ok
mix_easy,8192,False,torch.float32,1234,0.1,16,choose_once_4_calls,True,103.80738830566406,103.57555389404297,105.12838745117188,103.03897857666016,5,1,105.59121999995114,216.14697265625,273.3046875,ok
mix_easy,8192,False,torch.float32,1234,0.1,16,choose_once_8_calls,True,194.86537170410156,192.76390075683594,195.71766662597656,192.39407348632812,5,1,194.67678399996657,216.14697265625,273.3046875,ok
mix_easy,8192,False,torch.float32,1234,0.1,16,rf64,True,4.503871917724609,4.4976959228515625,4.5306878089904785,4.453760147094727,5,1,4.496393999943393,128.37744140625,185.53515625,ok
mix_easy,8192,False,torch.float32,1234,0.1,16,rf256,True,8.992799758911133,8.89628791809082,9.22003173828125,8.836447715759277,5,1,9.458732999974018,272.25048828125,329.408203125,ok
mix_easy,8192,False,torch.float32,1234,0.1,16,rf1024,True,32.837345123291016,32.2922248840332,33.11289596557617,31.385631561279297,5,1,33.05353099995045,848.25048828125,905.408203125,ok
mix_easy,16384,False,torch.float32,1234,0.1,16,sdpa,True,204.88169860839844,204.68325805664062,206.03558349609375,204.349853515625,5,1,206.10272400017493,32.0,137.15771484375,ok
mix_easy,16384,False,torch.float32,1234,0.1,16,probe_first,True,89.97945404052734,89.16146850585938,90.30473327636719,88.891357421875,5,1,90.10956700012684,660.18896484375,765.3466796875,ok
mix_easy,16384,False,torch.float32,1234,0.1,16,cached_same,True,59.578369140625,58.577022552490234,59.633663177490234,58.413055419921875,5,1,59.033037000062905,660.18798828125,765.345703125,ok
mix_easy,16384,False,torch.float32,1234,0.1,16,selection_only,True,30.997760772705078,30.863359451293945,31.109119415283203,30.69548797607422,5,1,31.06216800006223,576.30322265625,681.4609375,ok
mix_easy,16384,False,torch.float32,1234,0.1,16,original_router,True,108.90646362304688,108.74515533447266,109.96153259277344,105.53942108154297,5,1,105.4635559999042,2112.08203125,2217.23974609375,ok
mix_easy,16384,False,torch.float32,1234,0.1,16,choose_once_2_calls,True,150.77818298339844,150.67750549316406,151.03855895996094,150.44393920898438,5,1,148.00976199967408,692.1884765625,797.34619140625,ok
mix_easy,16384,False,torch.float32,1234,0.1,16,choose_once_4_calls,True,268.61810302734375,268.554443359375,269.93280029296875,268.4268798828125,5,1,268.848921999961,692.1884765625,797.34619140625,ok
mix_easy,16384,False,torch.float32,1234,0.1,16,choose_once_8_calls,True,508.7915344238281,504.639404296875,508.8479919433594,503.6339111328125,5,1,507.0173499998418,692.1884765625,797.34619140625,ok
mix_easy,16384,False,torch.float32,1234,0.1,16,rf64,True,8.669856071472168,8.592672348022461,8.674464225769043,8.590751647949219,5,1,8.770800999627681,256.62744140625,361.78515625,ok
mix_easy,16384,False,torch.float32,1234,0.1,16,rf256,True,20.09702491760254,19.118303298950195,20.285600662231445,17.535615921020508,5,1,19.96533500005171,544.50048828125,649.658203125,ok
mix_easy,16384,False,torch.float32,1234,0.1,16,rf1024,True,67.06649780273438,67.00646209716797,67.48368072509766,66.59539031982422,5,1,66.72327700016467,880.25048828125,985.408203125,ok
mix_easy,32768,False,torch.float32,1234,0.1,16,sdpa,True,844.7119140625,843.6879272460938,845.4789428710938,840.2901000976562,5,1,849.4539389998863,64.0,265.15771484375,ok
mix_easy,32768,False,torch.float32,1234,0.1,16,probe_first,True,237.40208435058594,237.27923583984375,238.15306091308594,235.97056579589844,5,1,236.56152800003838,912.25146484375,1113.4091796875,ok
mix_easy,32768,False,torch.float32,1234,0.1,16,cached_same,True,175.49107360839844,175.2764129638672,175.8330841064453,174.21160888671875,5,1,174.93208399992,912.25048828125,1113.408203125,ok
mix_easy,32768,False,torch.float32,1234,0.1,16,selection_only,True,63.788448333740234,63.455230712890625,64.16944122314453,63.21868896484375,5,1,64.17132399974435,576.81494140625,777.97265625,ok
mix_easy,32768,False,torch.float32,1234,0.1,16,original_router,True,382.93914794921875,363.7657470703125,383.0847473144531,351.5574951171875,5,1,382.87918500009255,8320.08203125,8521.23974609375,ok
mix_easy,32768,False,torch.float32,1234,0.1,16,choose_once_2_calls,True,408.8772888183594,408.65667724609375,410.9510192871094,407.3719482421875,5,1,410.7206399999086,976.2509765625,1177.40869140625,ok
mix_easy,32768,False,torch.float32,1234,0.1,16,choose_once_4_calls,True,755.810302734375,752.2451171875,755.9860229492188,751.0668334960938,5,1,754.9034120002034,976.2509765625,1177.40869140625,ok
mix_easy,32768,False,torch.float32,1234,0.1,16,choose_once_8_calls,True,1447.58544921875,1446.5946044921875,1449.6223754882812,1445.603759765625,3,0,1449.9663169999621,976.2509765625,1177.40869140625,ok
mix_easy,32768,False,torch.float32,1234,0.1,16,rf64,True,17.067840576171875,16.947200775146484,17.116832733154297,16.915647506713867,5,1,17.466606000198226,513.12744140625,714.28515625,ok
mix_easy,32768,False,torch.float32,1234,0.1,16,rf256,True,38.527198791503906,38.00691223144531,38.80758285522461,36.75574493408203,5,1,38.5557620002146,1089.00048828125,1290.158203125,ok
mix_easy,32768,False,torch.float32,1234,0.1,16,rf1024,True,131.2006378173828,130.98524475097656,131.74386596679688,130.193603515625,5,1,129.89145499977894,912.25048828125,1113.408203125,ok
mix_easy,65536,False,torch.float32,1234,0.1,16,sdpa,True,3467.33544921875,3465.4783935546875,3471.11474609375,3463.621337890625,3,0,3445.3944840001895,128.0,521.15771484375,ok
mix_easy,65536,False,torch.float32,1234,0.1,16,probe_first,True,1033.8056640625,1032.5877075195312,1033.99658203125,1031.3697509765625,3,0,1022.5647109996316,992.25146484375,1385.4091796875,ok
mix_easy,65536,False,torch.float32,1234,0.1,16,cached_same,True,927.447021484375,924.9341430664062,930.46142578125,923.0386962890625,5,1,936.1176260003958,992.25048828125,1385.408203125,ok
mix_easy,65536,False,torch.float32,1234,0.1,16,selection_only,True,101.0074234008789,100.44771575927734,101.30655670166016,100.3054428100586,5,1,101.66472900027657,770.033203125,1163.19091796875,ok
mix_easy,65536,False,torch.float32,1234,0.1,16,original_router,,,,,,,,,,,oom
mix_easy,65536,False,torch.float32,1234,0.1,16,choose_once_2_calls,True,1949.5628662109375,1945.6172485351562,1949.7025146484375,1941.671630859375,3,0,1966.9900750000124,1120.2509765625,1513.40869140625,ok
mix_easy,65536,False,torch.float32,1234,0.1,16,choose_once_4_calls,True,3833.6572265625,3825.007568359375,3835.4454345703125,3816.35791015625,3,0,3809.676959999706,1120.2509765625,1513.40869140625,ok
mix_easy,65536,False,torch.float32,1234,0.1,16,choose_once_8_calls,True,7544.62451171875,7531.879150390625,7548.5546875,7519.1337890625,3,0,7553.088074999778,1120.2509765625,1513.40869140625,ok
mix_easy,65536,False,torch.float32,1234,0.1,16,rf64,True,34.556640625,34.26921463012695,34.67116928100586,34.260990142822266,5,1,33.968267000091146,1026.12744140625,1419.28515625,ok
mix_easy,65536,False,torch.float32,1234,0.1,16,rf256,True,81.11958312988281,79.61599731445312,81.1335678100586,79.22691345214844,5,1,80.58431600011318,1217.00048828125,1610.158203125,ok
mix_easy,65536,False,torch.float32,1234,0.1,16,rf1024,True,262.4678649902344,262.4345703125,262.6851501464844,260.10345458984375,5,1,265.17221500034793,976.25048828125,1369.408203125,ok
mix_easy,512,True,torch.float16,1234,0.1,16,sdpa,True,0.06339199841022491,0.06255999952554703,0.06739199906587601,0.06191999837756157,5,1,0.10824499986483715,0.5,11.1728515625,ok
mix_easy,512,True,torch.float16,1234,0.1,16,probe_first,True,11.589695930480957,11.546624183654785,11.602432250976562,11.418304443359375,5,1,11.923401000331069,16.55908203125,27.23193359375,ok
mix_easy,512,True,torch.float16,1234,0.1,16,cached_same,True,3.7514240741729736,3.746623992919922,3.7531840801239014,3.7165439128875732,5,1,4.209560000163037,13.75439453125,24.42724609375,ok
mix_easy,512,True,torch.float16,1234,0.1,16,selection_only,True,7.9112958908081055,7.7703680992126465,7.915552139282227,7.7209601402282715,5,1,7.795501000146032,16.55908203125,27.23193359375,ok
mix_easy,512,True,torch.float16,1234,0.1,16,original_router,True,5.927455902099609,5.91487979888916,5.949440002441406,5.912576198577881,5,1,5.973341000299115,24.2158203125,34.888671875,ok
mix_easy,512,True,torch.float16,1234,0.1,16,choose_once_2_calls,True,15.09990406036377,14.980992317199707,15.181952476501465,14.954239845275879,5,1,15.492696999899636,16.55908203125,27.23193359375,ok
mix_easy,512,True,torch.float16,1234,0.1,16,choose_once_4_calls,True,22.68160057067871,22.43244743347168,22.853471755981445,22.234272003173828,5,1,25.08375600018553,16.55908203125,27.23193359375,ok
mix_easy,512,True,torch.float16,1234,0.1,16,choose_once_8_calls,True,38.4532470703125,38.326271057128906,38.580318450927734,38.04774475097656,5,1,38.496868000038376,16.55908203125,27.23193359375,ok
mix_easy,512,True,torch.float16,1234,0.1,16,rf64,True,1.4347200393676758,1.4300479888916016,1.4392000436782837,1.4177600145339966,5,1,1.5060150003591843,12.12744140625,22.80029296875,ok
mix_easy,512,True,torch.float16,1234,0.1,16,rf256,True,1.4553600549697876,1.4538559913635254,1.4865599870681763,1.4217280149459839,5,1,1.5135650000956957,18.50830078125,29.18115234375,ok
mix_easy,512,True,torch.float16,1234,0.1,16,rf1024,True,2.9136641025543213,2.9004158973693848,2.9145920276641846,2.8983678817749023,5,1,2.9096829998707108,52.51611328125,63.18896484375,ok
mix_easy,1024,True,torch.float16,1234,0.1,16,sdpa,True,0.11894399672746658,0.11561600118875504,0.12086399644613266,0.11468800157308578,5,1,0.1557320001666085,1.0,13.1884765625,ok
mix_easy,1024,True,torch.float16,1234,0.1,16,probe_first,True,18.20262336730957,18.137279510498047,18.23948860168457,17.959360122680664,5,1,18.868904000100883,33.06494140625,45.25341796875,ok
mix_easy,1024,True,torch.float16,1234,0.1,16,cached_same,True,5.824512004852295,5.77126407623291,5.828864097595215,5.638175964355469,5,1,6.126429999767424,27.50830078125,39.69677734375,ok
mix_easy,1024,True,torch.float16,1234,0.1,16,selection_only,True,12.444128036499023,12.417440414428711,12.760479927062988,12.347264289855957,5,1,12.727402000109578,33.06494140625,45.25341796875,ok
mix_easy,1024,True,torch.float16,1234,0.1,16,original_router,True,8.360223770141602,8.31926441192627,8.392640113830566,8.298208236694336,5,1,8.635364999918238,48.3466796875,60.53515625,ok
mix_easy,1024,True,torch.float16,1234,0.1,16,choose_once_2_calls,True,24.65567970275879,24.533504486083984,25.09119987487793,23.937856674194336,5,1,25.11435899987191,33.06494140625,45.25341796875,ok
mix_easy,1024,True,torch.float16,1234,0.1,16,choose_once_4_calls,True,35.466976165771484,35.19676971435547,35.917823791503906,35.174686431884766,5,1,35.88102000003346,33.06494140625,45.25341796875,ok
mix_easy,1024,True,torch.float16,1234,0.1,16,choose_once_8_calls,True,59.428863525390625,58.832862854003906,60.17433547973633,58.38035202026367,5,1,58.67144900003041,33.06494140625,45.25341796875,ok
mix_easy,1024,True,torch.float16,1234,0.1,16,rf64,True,1.9956480264663696,1.9899840354919434,2.000960111618042,1.9865599870681763,5,1,2.045616000032169,18.62744140625,30.81591796875,ok
mix_easy,1024,True,torch.float16,1234,0.1,16,rf256,True,2.174976110458374,2.172703981399536,2.1860480308532715,2.1565439701080322,5,1,2.19915800016679,33.03173828125,45.22021484375,ok
mix_easy,1024,True,torch.float16,1234,0.1,16,rf1024,True,5.384191989898682,5.341184139251709,5.431359767913818,5.3269758224487305,5,1,5.785062000086327,105.03173828125,117.22021484375,ok
mix_easy,2048,True,torch.float16,1234,0.1,16,sdpa,True,0.3500800132751465,0.34627199172973633,0.35020801424980164,0.335999995470047,5,1,0.37269899985403754,2.0,17.2197265625,ok
mix_easy,2048,True,torch.float16,1234,0.1,16,probe_first,True,32.446014404296875,32.3133430480957,34.01113510131836,32.04710388183594,5,1,34.723851999842736,84.08447265625,99.30419921875,ok
mix_easy,2048,True,torch.float16,1234,0.1,16,cached_same,True,9.56822395324707,9.53548812866211,9.60102367401123,9.525343894958496,5,1,9.824689000197395,54.51611328125,69.73583984375,ok
mix_easy,2048,True,torch.float16,1234,0.1,16,selection_only,True,22.433792114257812,22.422687530517578,22.79497528076172,22.358848571777344,5,1,23.795258000063768,84.08447265625,99.30419921875,ok
mix_easy,2048,True,torch.float16,1234,0.1,16,original_router,True,16.40278434753418,15.841888427734375,17.216543197631836,15.658592224121094,5,1,17.14912400029789,124.1162109375,139.3359375,ok
mix_easy,2048,True,torch.float16,1234,0.1,16,choose_once_2_calls,True,42.22172927856445,41.96713638305664,43.047264099121094,41.62015914916992,5,1,43.18476600019494,84.08447265625,99.30419921875,ok
mix_easy,2048,True,torch.float16,1234,0.1,16,choose_once_4_calls,True,61.28665542602539,61.27961730957031,62.11372756958008,61.09734344482422,5,1,60.4819220002355,84.08447265625,99.30419921875,ok
mix_easy,2048,True,torch.float16,1234,0.1,16,choose_once_8_calls,True,100.54246520996094,100.17987060546875,100.7922592163086,99.73564910888672,5,1,104.06677099990702,84.08447265625,99.30419921875,ok
mix_easy,2048,True,torch.float16,1234,0.1,16,rf64,True,5.829792022705078,5.094592094421387,5.910655975341797,5.082880020141602,5,1,3.6002000001644774,32.12744140625,47.34716796875,ok
mix_easy,2048,True,torch.float16,1234,0.1,16,rf256,True,3.905344009399414,3.8872320652008057,3.915616035461426,3.8796160221099854,5,1,3.955862000111665,66.06298828125,81.28271484375,ok
mix_easy,2048,True,torch.float16,1234,0.1,16,rf1024,True,11.981311798095703,11.237504005432129,12.970080375671387,10.443072319030762,5,1,13.890003000142315,210.06298828125,225.28271484375,ok
mix_easy,4096,True,torch.float16,1234,0.1,16,sdpa,True,1.1125119924545288,1.0915839672088623,1.1232960224151611,1.077407956123352,5,1,1.157737000085035,4.0,25.2822265625,ok
mix_easy,4096,True,torch.float16,1234,0.1,16,probe_first,True,52.28566360473633,51.009281158447266,52.28860855102539,50.188289642333984,5,1,54.76855200004138,133.97509765625,155.25732421875,ok
mix_easy,4096,True,torch.float16,1234,0.1,16,cached_same,True,14.892704010009766,14.85763168334961,14.94438362121582,14.857088088989258,5,1,16.05510299987145,58.01611328125,79.29833984375,ok
mix_easy,4096,True,torch.float16,1234,0.1,16,selection_only,True,35.9106559753418,35.70131301879883,36.426910400390625,35.624961853027344,5,1,37.20216800002163,133.97509765625,155.25732421875,ok
mix_easy,4096,True,torch.float16,1234,0.1,16,original_router,True,33.00758361816406,32.69209671020508,33.274078369140625,32.32563018798828,5,1,32.9721990001417,313.078125,334.3603515625,ok
mix_easy,4096,True,torch.float16,1234,0.1,16,choose_once_2_calls,True,65.94617462158203,65.90214538574219,66.23856353759766,65.53593444824219,5,1,66.8026190001001,133.97509765625,155.25732421875,ok
mix_easy,4096,True,torch.float16,1234,0.1,16,choose_once_4_calls,True,96.93596649169922,96.14403533935547,100.88079833984375,94.77110290527344,5,1,96.51438799983225,133.97509765625,155.25732421875,ok
mix_easy,4096,True,torch.float16,1234,0.1,16,choose_once_8_calls,True,153.2171173095703,153.07571411132812,153.66079711914062,152.54652404785156,5,1,159.30262499978198,133.97509765625,155.25732421875,ok
mix_easy,4096,True,torch.float16,1234,0.1,16,rf64,True,5.222208023071289,5.12278413772583,5.304192066192627,5.071296215057373,5,1,5.601312000180769,62.12744140625,83.40966796875,ok
mix_easy,4096,True,torch.float16,1234,0.1,16,rf256,True,7.792992115020752,7.660831928253174,8.292736053466797,7.635007858276367,5,1,8.857837000050495,132.12548828125,153.40771484375,ok
mix_easy,4096,True,torch.float16,1234,0.1,16,rf1024,True,26.10256004333496,25.456735610961914,26.33203125,24.535072326660156,5,1,24.64056899998468,420.12548828125,441.40771484375,ok
mix_easy,8192,True,torch.float16,1234,0.1,16,sdpa,True,3.9338879585266113,3.922528028488159,4.174752235412598,3.855072021484375,5,1,5.3155159998823365,8.0,41.15771484375,ok
mix_easy,8192,True,torch.float16,1234,0.1,16,probe_first,True,75.84137725830078,75.72297668457031,75.8763198852539,75.66822052001953,5,1,76.56874000031166,264.14697265625,297.3046875,ok
mix_easy,8192,True,torch.float16,1234,0.1,16,cached_same,True,28.299840927124023,28.2476806640625,28.40777587890625,28.17638397216797,5,1,28.83848700003,116.03173828125,149.189453125,ok
mix_easy,8192,True,torch.float16,1234,0.1,16,selection_only,True,48.1464958190918,47.795936584472656,48.45772933959961,47.06492614746094,5,1,49.68615999996473,264.14697265625,297.3046875,ok
mix_easy,8192,True,torch.float16,1234,0.1,16,original_router,True,81.43318176269531,81.41244506835938,81.8892822265625,81.14585876464844,5,1,80.51958400028525,1170.078125,1203.23583984375,ok
mix_easy,8192,True,torch.float16,1234,0.1,16,choose_once_2_calls,True,105.28495788574219,103.32144165039062,105.38204956054688,102.34073638916016,5,1,105.37665400033802,264.14697265625,297.3046875,ok
mix_easy,8192,True,torch.float16,1234,0.1,16,choose_once_4_calls,True,158.50726318359375,158.0470733642578,159.0180206298828,156.66796875,5,1,158.573067999896,264.14697265625,297.3046875,ok
mix_easy,8192,True,torch.float16,1234,0.1,16,choose_once_8_calls,True,268.8056335449219,267.70098876953125,271.9068298339844,267.3969421386719,5,1,266.782572000011,264.14697265625,297.3046875,ok
mix_easy,8192,True,torch.float16,1234,0.1,16,rf64,True,9.367520332336426,9.312735557556152,9.472831726074219,9.176575660705566,5,1,10.215511999831506,122.12744140625,155.28515625,ok
mix_easy,8192,True,torch.float16,1234,0.1,16,rf256,True,17.438720703125,17.273696899414062,17.723392486572266,16.127647399902344,5,1,17.47089300033622,264.25048828125,297.408203125,ok
mix_easy,8192,True,torch.float16,1234,0.1,16,rf1024,True,52.334590911865234,51.835105895996094,52.552032470703125,51.72092819213867,5,1,51.80673399991065,840.25048828125,873.408203125,ok
mix_easy,16384,True,torch.float16,1234,0.1,16,sdpa,True,25.012224197387695,24.166624069213867,27.098432540893555,21.730880737304688,5,1,23.68750000005093,16.0,73.15771484375,ok
mix_easy,16384,True,torch.float16,1234,0.1,16,probe_first,True,165.55416870117188,165.1945343017578,165.70553588867188,165.09542846679688,5,1,165.1598799999192,672.30322265625,729.4609375,ok
mix_easy,16384,True,torch.float16,1234,0.1,16,cached_same,True,86.76966094970703,85.0163803100586,86.77629089355469,84.72166442871094,5,1,87.16380699979709,644.18798828125,701.345703125,ok
mix_easy,16384,True,torch.float16,1234,0.1,16,selection_only,True,84.6909408569336,84.47138977050781,84.71218872070312,83.22815704345703,5,1,83.19075700001122,672.30322265625,729.4609375,ok
mix_easy,16384,True,torch.float16,1234,0.1,16,original_router,True,177.9363555908203,176.57693481445312,178.80252075195312,175.80262756347656,5,1,176.3310299998011,2460.08203125,2517.23974609375,ok
mix_easy,16384,True,torch.float16,1234,0.1,16,choose_once_2_calls,True,252.48045349121094,252.25421142578125,253.3519287109375,250.00186157226562,5,1,249.4617699999253,672.30322265625,729.4609375,ok
mix_easy,16384,True,torch.float16,1234,0.1,16,choose_once_4_calls,True,423.8395690917969,420.59674072265625,424.6056823730469,420.16357421875,5,1,424.2974690000665,672.30322265625,729.4609375,ok
mix_easy,16384,True,torch.float16,1234,0.1,16,choose_once_8_calls,True,763.7176513671875,761.7638549804688,763.7319946289062,760.0267333984375,5,1,769.5257430000311,672.30322265625,729.4609375,ok
mix_easy,16384,True,torch.float16,1234,0.1,16,rf64,True,19.099872589111328,18.17919921875,19.2706241607666,17.839679718017578,5,1,19.107695999991847,242.12744140625,299.28515625,ok
mix_easy,16384,True,torch.float16,1234,0.1,16,rf256,True,34.520286560058594,34.13606262207031,35.13132858276367,34.080318450927734,5,1,34.52308700025242,528.50048828125,585.658203125,ok
mix_easy,16384,True,torch.float16,1234,0.1,16,rf1024,True,122.20198059082031,121.68022155761719,122.46880340576172,121.33580780029297,5,1,120.91104699993593,864.25048828125,921.408203125,ok
mix_easy,32768,True,torch.float16,1234,0.1,16,sdpa,True,104.54851531982422,104.08236694335938,105.44131469726562,103.64991760253906,5,1,103.07224700000006,32.0,137.15771484375,ok
mix_easy,32768,True,torch.float16,1234,0.1,16,probe_first,True,337.843994140625,335.72821044921875,348.6556091308594,331.6275939941406,5,1,342.9766260001088,872.25146484375,977.4091796875,ok
mix_easy,32768,True,torch.float16,1234,0.1,16,cached_same,True,171.6280059814453,171.55929565429688,171.94082641601562,170.1683807373047,5,1,173.8115889997971,872.25048828125,977.408203125,ok
mix_easy,32768,True,torch.float16,1234,0.1,16,selection_only,True,165.6115264892578,165.0608673095703,167.47366333007812,164.87277221679688,5,1,165.13046699992628,768.30322265625,873.4609375,ok
mix_easy,32768,True,torch.float16,1234,0.1,16,original_router,True,526.1712036132812,525.7711181640625,526.3298950195312,521.2954711914062,5,1,521.9475399999283,9528.08203125,9633.23974609375,ok
mix_easy,32768,True,torch.float16,1234,0.1,16,choose_once_2_calls,True,508.64520263671875,507.18023681640625,511.88629150390625,505.0856018066406,5,1,508.26897100023416,904.2509765625,1009.40869140625,ok
mix_easy,32768,True,torch.float16,1234,0.1,16,choose_once_4_calls,True,860.9094848632812,848.4740600585938,871.0867919921875,847.878173828125,5,1,878.5647199997584,904.2509765625,1009.40869140625,ok
mix_easy,32768,True,torch.float16,1234,0.1,16,choose_once_8_calls,True,1547.9080810546875,1543.5252075195312,1558.89306640625,1539.142333984375,3,0,1537.5741450002351,904.2509765625,1009.40869140625,ok
mix_easy,32768,True,torch.float16,1234,0.1,16,rf64,True,36.84204864501953,36.478145599365234,37.41900634765625,36.46211242675781,5,1,38.00705999992715,482.12744140625,587.28515625,ok
mix_easy,32768,True,torch.float16,1234,0.1,16,rf256,True,68.88642883300781,68.78550720214844,69.31475067138672,68.65440368652344,5,1,68.06957000026159,1057.00048828125,1162.158203125,ok
mix_easy,32768,True,torch.float16,1234,0.1,16,rf1024,True,267.6245422363281,266.9526672363281,268.1347961425781,266.7516174316406,5,1,267.57478999979867,880.25048828125,985.408203125,ok
mix_easy,65536,True,torch.float16,1234,0.1,16,sdpa,True,462.56683349609375,461.11138916015625,463.024169921875,458.14239501953125,5,1,466.1022029999913,64.0,265.15771484375,ok
mix_easy,65536,True,torch.float16,1234,0.1,16,probe_first,True,712.1715698242188,709.7671508789062,713.1685180664062,704.2798461914062,5,1,727.2952779999287,1154.033203125,1355.19091796875,ok
mix_easy,65536,True,torch.float16,1234,0.1,16,cached_same,True,335.5061340332031,335.3838806152344,337.88104248046875,333.0907287597656,5,1,348.22713999983534,928.25048828125,1129.408203125,ok
mix_easy,65536,True,torch.float16,1234,0.1,16,selection_only,True,416.79541015625,411.9101867675781,425.06494140625,397.2157287597656,5,1,421.3013300000057,1154.033203125,1355.19091796875,ok
mix_easy,65536,True,torch.float16,1234,0.1,16,original_router,,,,,,,,,,,oom
mix_easy,65536,True,torch.float16,1234,0.1,16,choose_once_2_calls,True,1031.6842041015625,1031.1066284179688,1032.9844970703125,1030.529052734375,3,0,1030.227124999783,1154.033203125,1355.19091796875,ok
mix_easy,65536,True,torch.float16,1234,0.1,16,choose_once_4_calls,True,1668.98193359375,1665.2586669921875,1688.7132568359375,1661.535400390625,3,0,1715.2074350001385,1154.033203125,1355.19091796875,ok
mix_easy,65536,True,torch.float16,1234,0.1,16,choose_once_8_calls,True,3058.3408203125,3042.9185791015625,3065.736572265625,3027.496337890625,3,0,3140.5549100004464,1154.033203125,1355.19091796875,ok
mix_easy,65536,True,torch.float16,1234,0.1,16,rf64,True,75.29843139648438,74.3780517578125,75.76486206054688,74.01881408691406,5,1,75.95707500013305,962.12744140625,1163.28515625,ok
mix_easy,65536,True,torch.float16,1234,0.1,16,rf256,True,170.387451171875,168.8421173095703,170.8974151611328,167.36668395996094,5,1,168.66727800015724,1153.00048828125,1354.158203125,ok
mix_easy,65536,True,torch.float16,1234,0.1,16,rf1024,True,593.0930786132812,590.5838012695312,594.42138671875,585.6583862304688,5,1,635.5083110001942,912.25048828125,1113.408203125,ok
mix_easy,512,True,torch.float32,1234,0.1,16,sdpa,True,0.2605440020561218,0.2580159902572632,0.2616960108280182,0.25596800446510315,5,1,0.29588500001409557,1.0,13.1728515625,ok
mix_easy,512,True,torch.float32,1234,0.1,16,probe_first,True,12.169919967651367,11.759615898132324,12.19257640838623,11.686495780944824,5,1,12.096860999918135,14.25537109375,26.42822265625,ok
mix_easy,512,True,torch.float32,1234,0.1,16,cached_same,True,5.8205437660217285,4.497407913208008,5.994495868682861,3.7417919635772705,5,1,4.790738999872701,14.25439453125,26.42724609375,ok
mix_easy,512,True,torch.float32,1234,0.1,16,selection_only,True,8.175616264343262,8.13315200805664,8.179871559143066,8.075263977050781,5,1,8.909010000024864,13.55908203125,25.73193359375,ok
mix_easy,512,True,torch.float32,1234,0.1,16,original_router,True,7.154463768005371,7.007743835449219,7.343679904937744,6.7993597984313965,5,1,6.8754179997085885,21.2158203125,33.388671875,ok
mix_easy,512,True,torch.float32,1234,0.1,16,choose_once_2_calls,True,16.627424240112305,16.61952018737793,16.66547203063965,16.32854461669922,5,1,16.754331999891292,15.2548828125,27.427734375,ok
mix_easy,512,True,torch.float32,1234,0.1,16,choose_once_4_calls,True,24.448896408081055,24.30521583557129,24.934368133544922,23.185760498046875,5,1,23.86296900021989,15.2548828125,27.427734375,ok
mix_easy,512,True,torch.float32,1234,0.1,16,choose_once_8_calls,True,38.63030242919922,38.33036804199219,38.734622955322266,38.158241271972656,5,1,40.793859000132215,15.2548828125,27.427734375,ok
mix_easy,512,True,torch.float32,1234,0.1,16,rf64,True,1.4257919788360596,1.3688640594482422,1.4290560483932495,1.3489919900894165,5,1,1.5634960000170395,12.62744140625,24.80029296875,ok
mix_easy,512,True,torch.float32,1234,0.1,16,rf256,True,1.4843519926071167,1.4479360580444336,1.531872034072876,1.4009920358657837,5,1,1.442858999780583,19.00830078125,31.18115234375,ok
mix_easy,512,True,torch.float32,1234,0.1,16,rf1024,True,2.9103360176086426,2.9029440879821777,2.924544095993042,2.8994240760803223,5,1,3.0028350001884974,53.01611328125,65.18896484375,ok
mix_easy,1024,True,torch.float32,1234,0.1,16,sdpa,True,0.45052799582481384,0.43647998571395874,0.45318400859832764,0.42607998847961426,5,1,0.45062800018058624,2.0,17.1884765625,ok
mix_easy,1024,True,torch.float32,1234,0.1,16,probe_first,True,20.18137550354004,20.10700798034668,20.436992645263672,19.22256088256836,5,1,23.436224000306538,28.50927734375,43.69775390625,ok
mix_easy,1024,True,torch.float32,1234,0.1,16,cached_same,True,6.064159870147705,6.0004801750183105,6.33241605758667,5.955520153045654,5,1,6.157497999993211,28.50830078125,43.69677734375,ok
mix_easy,1024,True,torch.float32,1234,0.1,16,selection_only,True,13.660767555236816,13.569439888000488,14.051487922668457,13.360159873962402,5,1,13.92524599987155,27.06494140625,42.25341796875,ok
mix_easy,1024,True,torch.float32,1234,0.1,16,original_router,True,9.082880020141602,8.943615913391113,9.106368064880371,8.927103996276855,5,1,9.405714999957127,42.3466796875,57.53515625,ok
mix_easy,1024,True,torch.float32,1234,0.1,16,choose_once_2_calls,True,26.974271774291992,26.568544387817383,37.21772766113281,26.1180477142334,5,1,27.289251999718545,30.5087890625,45.697265625,ok
mix_easy,1024,True,torch.float32,1234,0.1,16,choose_once_4_calls,True,38.85203170776367,38.69587326049805,38.97804641723633,38.448448181152344,5,1,37.07927200002814,30.5087890625,45.697265625,ok
mix_easy,1024,True,torch.float32,1234,0.1,16,choose_once_8_calls,True,62.717281341552734,62.405120849609375,64.6325454711914,61.77916717529297,5,1,62.42713800020283,30.5087890625,45.697265625,ok
mix_easy,1024,True,torch.float32,1234,0.1,16,rf64,True,1.924191951751709,1.8926080465316772,1.9844800233840942,1.866047978401184,5,1,2.087130999825604,19.62744140625,34.81591796875,ok
mix_easy,1024,True,torch.float32,1234,0.1,16,rf256,True,2.136064052581787,2.102816104888916,2.1460158824920654,2.0991361141204834,5,1,2.2124480001366464,34.03173828125,49.22021484375,ok
mix_easy,1024,True,torch.float32,1234,0.1,16,rf1024,True,5.273087978363037,5.222496032714844,5.38153600692749,5.222464084625244,5,1,5.802347999633639,106.03173828125,121.22021484375,ok
mix_easy,2048,True,torch.float32,1234,0.1,16,sdpa,True,1.363968014717102,1.3582079410552979,1.3806400299072266,1.3250559568405151,5,1,1.390558999901259,4.0,25.2197265625,ok
mix_easy,2048,True,torch.float32,1234,0.1,16,probe_first,True,34.23807907104492,33.7677116394043,35.372352600097656,33.57081604003906,5,1,34.41897099992275,72.08447265625,93.30419921875,ok
mix_easy,2048,True,torch.float32,1234,0.1,16,cached_same,True,10.134559631347656,9.988287925720215,10.427424430847168,9.874112129211426,5,1,11.164316999838775,56.51611328125,77.73583984375,ok
mix_easy,2048,True,torch.float32,1234,0.1,16,selection_only,True,24.16192054748535,24.154111862182617,24.5251522064209,24.000703811645508,5,1,26.06741499994314,72.08447265625,93.30419921875,ok
mix_easy,2048,True,torch.float32,1234,0.1,16,original_router,True,16.964448928833008,16.87264060974121,17.071168899536133,16.69772720336914,5,1,17.10493900009169,110.6162109375,131.8359375,ok
mix_easy,2048,True,torch.float32,1234,0.1,16,choose_once_2_calls,True,43.286495208740234,42.700862884521484,43.71062469482422,42.39072036743164,5,1,47.21535499993479,72.08447265625,93.30419921875,ok
mix_easy,2048,True,torch.float32,1234,0.1,16,choose_once_4_calls,True,63.99622344970703,63.857696533203125,65.62413024902344,63.04054260253906,5,1,67.92149900002187,72.08447265625,93.30419921875,ok
mix_easy,2048,True,torch.float32,1234,0.1,16,choose_once_8_calls,True,102.83379364013672,102.19315338134766,103.34844970703125,101.47369384765625,5,1,111.58645899968178,72.08447265625,93.30419921875,ok
mix_easy,2048,True,torch.float32,1234,0.1,16,rf64,True,3.2726399898529053,3.2662079334259033,3.4257919788360596,3.0825600624084473,5,1,3.595559000132198,34.12744140625,55.34716796875,ok
mix_easy,2048,True,torch.float32,1234,0.1,16,rf256,True,3.9137279987335205,3.837951898574829,3.9480960369110107,3.8344640731811523,5,1,3.99970900025437,68.06298828125,89.28271484375,ok
mix_easy,2048,True,torch.float32,1234,0.1,16,rf1024,True,11.389727592468262,11.202560424804688,12.904319763183594,10.278911590576172,5,1,13.762220999979036,212.06298828125,233.28271484375,ok
mix_easy,4096,True,torch.float32,1234,0.1,16,sdpa,True,5.376895904541016,4.943456172943115,5.500768184661865,4.833280086517334,5,1,5.650887999763654,8.0,41.2822265625,ok
mix_easy,4096,True,torch.float32,1234,0.1,16,probe_first,True,55.12025451660156,54.202239990234375,56.29359817504883,53.83363342285156,5,1,55.235567999716295,109.97509765625,143.25732421875,ok
mix_easy,4096,True,torch.float32,1234,0.1,16,cached_same,True,16.490528106689453,16.46544075012207,17.065120697021484,16.23641586303711,5,1,16.57789299997603,62.01611328125,95.29833984375,ok
mix_easy,4096,True,torch.float32,1234,0.1,16,selection_only,True,37.18230438232422,36.88832092285156,37.42515182495117,36.306304931640625,5,1,40.78327299976081,109.97509765625,143.25732421875,ok
mix_easy,4096,True,torch.float32,1234,0.1,16,original_router,True,32.79475021362305,32.32966232299805,32.820865631103516,32.09212875366211,5,1,32.9544609999175,290.078125,323.3603515625,ok
mix_easy,4096,True,torch.float32,1234,0.1,16,choose_once_2_calls,True,70.36518096923828,69.94390106201172,71.416259765625,68.23580932617188,5,1,73.01232800000435,109.97509765625,143.25732421875,ok
mix_easy,4096,True,torch.float32,1234,0.1,16,choose_once_4_calls,True,102.32755279541016,101.88595581054688,105.8075180053711,100.72988891601562,5,1,104.5344640001531,109.97509765625,143.25732421875,ok
mix_easy,4096,True,torch.float32,1234,0.1,16,choose_once_8_calls,True,171.05824279785156,170.3177947998047,173.06214904785156,169.8583984375,5,1,178.94967900019765,109.97509765625,143.25732421875,ok
mix_easy,4096,True,torch.float32,1234,0.1,16,rf64,True,5.0483198165893555,4.973343849182129,5.145952224731445,4.967616081237793,5,1,5.506157999661809,66.12744140625,99.40966796875,ok
mix_easy,4096,True,torch.float32,1234,0.1,16,rf256,True,7.924736022949219,7.438240051269531,7.949888229370117,7.413248062133789,5,1,8.736624999983178,136.12548828125,169.40771484375,ok
mix_easy,4096,True,torch.float32,1234,0.1,16,rf1024,True,26.20796775817871,25.736064910888672,26.646560668945312,23.937023162841797,5,1,25.28557899995576,424.12548828125,457.40771484375,ok
mix_easy,8192,True,torch.float32,1234,0.1,16,sdpa,True,26.92736053466797,26.717792510986328,27.68489646911621,26.411840438842773,5,1,25.395605000085197,16.0,73.15771484375,ok
mix_easy,8192,True,torch.float32,1234,0.1,16,probe_first,True,80.09740447998047,79.47347259521484,80.30003356933594,78.49849700927734,5,1,82.90254800022012,216.14697265625,273.3046875,ok
mix_easy,8192,True,torch.float32,1234,0.1,16,cached_same,True,36.26300811767578,35.84220886230469,36.53363037109375,34.71187210083008,5,1,35.54461700014144,124.03173828125,181.189453125,ok
mix_easy,8192,True,torch.float32,1234,0.1,16,selection_only,True,51.32700729370117,50.827327728271484,52.02560043334961,50.53104019165039,5,1,52.751614000044356,216.14697265625,273.3046875,ok
mix_easy,8192,True,torch.float32,1234,0.1,16,original_router,True,81.50851440429688,81.27897644042969,81.60460662841797,81.0797119140625,5,1,82.1416940002564,1122.078125,1179.23583984375,ok
mix_easy,8192,True,torch.float32,1234,0.1,16,choose_once_2_calls,True,121.58882904052734,121.52259063720703,121.7281265258789,121.0341796875,5,1,119.22862300025372,216.14697265625,273.3046875,ok
mix_easy,8192,True,torch.float32,1234,0.1,16,choose_once_4_calls,True,193.71417236328125,192.6386260986328,195.45497131347656,191.485595703125,5,1,195.86260300002323,216.14697265625,273.3046875,ok
mix_easy,8192,True,torch.float32,1234,0.1,16,choose_once_8_calls,True,314.7500915527344,312.9664001464844,326.3446960449219,309.5695495605469,5,1,320.20967800008293,216.14697265625,273.3046875,ok
mix_easy,8192,True,torch.float32,1234,0.1,16,rf64,True,9.295999526977539,9.278176307678223,9.417695999145508,9.08902359008789,5,1,10.121495000021241,130.12744140625,187.28515625,ok
mix_easy,8192,True,torch.float32,1234,0.1,16,rf256,True,17.77008056640625,17.311424255371094,17.992351531982422,15.701696395874023,5,1,17.56811099994593,272.25048828125,329.408203125,ok
mix_easy,8192,True,torch.float32,1234,0.1,16,rf1024,True,53.73209762573242,53.29324722290039,54.09385681152344,52.8752326965332,5,1,54.21874500007107,848.25048828125,905.408203125,ok
mix_easy,16384,True,torch.float32,1234,0.1,16,sdpa,True,113.21139526367188,112.70662689208984,113.87920379638672,112.2239990234375,5,1,113.118638999822,32.0,137.15771484375,ok
mix_easy,16384,True,torch.float32,1234,0.1,16,probe_first,True,175.5148468017578,175.38604736328125,175.8026580810547,174.7640380859375,5,1,177.9160179999053,660.18896484375,765.3466796875,ok
mix_easy,16384,True,torch.float32,1234,0.1,16,cached_same,True,95.70137786865234,95.62134552001953,96.33430480957031,94.94534301757812,5,1,96.17554799979189,660.18798828125,765.345703125,ok
mix_easy,16384,True,torch.float32,1234,0.1,16,selection_only,True,82.69852447509766,82.5280990600586,82.84223937988281,82.23741149902344,5,1,81.95444400007545,576.30322265625,681.4609375,ok
mix_easy,16384,True,torch.float32,1234,0.1,16,original_router,True,183.6313018798828,182.5386505126953,184.15206909179688,182.5034942626953,5,1,182.86872099997709,2364.08203125,2469.23974609375,ok
mix_easy,16384,True,torch.float32,1234,0.1,16,choose_once_2_calls,True,276.0874938964844,274.4295349121094,277.4527893066406,272.89739990234375,5,1,274.4350670000131,692.1884765625,797.34619140625,ok
mix_easy,16384,True,torch.float32,1234,0.1,16,choose_once_4_calls,True,466.6895446777344,466.1900939941406,467.4501037597656,464.59698486328125,5,1,465.4378559998804,692.1884765625,797.34619140625,ok
mix_easy,16384,True,torch.float32,1234,0.1,16,choose_once_8_calls,True,848.9881591796875,847.1367797851562,854.2138671875,844.7549438476562,5,1,854.7722479997901,692.1884765625,797.34619140625,ok
mix_easy,16384,True,torch.float32,1234,0.1,16,rf64,True,18.236032485961914,18.216960906982422,18.241535186767578,17.981504440307617,5,1,20.6771690000096,258.12744140625,363.28515625,ok
mix_easy,16384,True,torch.float32,1234,0.1,16,rf256,True,34.501953125,34.25539016723633,34.84067153930664,33.957054138183594,5,1,34.50291999979527,544.50048828125,649.658203125,ok
mix_easy,16384,True,torch.float32,1234,0.1,16,rf1024,True,123.53062438964844,122.95327758789062,123.94338989257812,121.20387268066406,5,1,121.37147800012826,880.25048828125,985.408203125,ok
mix_easy,32768,True,torch.float32,1234,0.1,16,sdpa,True,477.45428466796875,476.8171691894531,477.655029296875,476.5634460449219,5,1,475.7875239997702,64.0,265.15771484375,ok
mix_easy,32768,True,torch.float32,1234,0.1,16,probe_first,True,374.5978088378906,372.2654724121094,374.6590576171875,370.5429382324219,5,1,383.4322540001267,904.25146484375,1105.4091796875,ok
mix_easy,32768,True,torch.float32,1234,0.1,16,cached_same,True,218.16525268554688,216.2184600830078,219.84906005859375,216.1992645263672,5,1,213.86945599988394,904.25048828125,1105.408203125,ok
mix_easy,32768,True,torch.float32,1234,0.1,16,selection_only,True,169.30406188964844,168.99378967285156,171.9929962158203,167.95875549316406,5,1,172.40354300020044,576.30322265625,777.4609375,ok
mix_easy,32768,True,torch.float32,1234,0.1,16,original_router,True,527.2965698242188,524.152099609375,527.8472290039062,523.8906860351562,5,1,525.9225929999047,9336.08203125,9537.23974609375,ok
mix_easy,32768,True,torch.float32,1234,0.1,16,choose_once_2_calls,True,590.30322265625,588.6709594726562,598.5521240234375,585.9384155273438,5,1,588.8688270001694,968.2509765625,1169.40869140625,ok
mix_easy,32768,True,torch.float32,1234,0.1,16,choose_once_4_calls,True,1017.6527709960938,1013.9911804199219,1019.0968627929688,1010.32958984375,3,0,1018.9741359999971,968.2509765625,1169.40869140625,ok
mix_easy,32768,True,torch.float32,1234,0.1,16,choose_once_8_calls,True,1882.1134033203125,1879.7339477539062,1884.5091552734375,1877.3544921875,3,0,1887.3643890001404,968.2509765625,1169.40869140625,ok
mix_easy,32768,True,torch.float32,1234,0.1,16,rf64,True,36.41993713378906,35.66796875,36.52793502807617,35.11705780029297,5,1,37.45683100032693,514.12744140625,715.28515625,ok
mix_easy,32768,True,torch.float32,1234,0.1,16,rf256,True,68.36902618408203,67.81951904296875,68.6688003540039,66.99823760986328,5,1,67.02566800004206,1089.00048828125,1290.158203125,ok
mix_easy,32768,True,torch.float32,1234,0.1,16,rf1024,True,266.6210632324219,266.3157653808594,266.7582092285156,266.14202880859375,5,1,266.0138860001098,912.25048828125,1113.408203125,ok
mix_easy,65536,True,torch.float32,1234,0.1,16,sdpa,True,1999.73681640625,1992.8944702148438,2000.6932983398438,1986.0521240234375,3,0,2006.2862260001566,128.0,521.15771484375,ok
mix_easy,65536,True,torch.float32,1234,0.1,16,probe_first,True,912.4562377929688,912.2833862304688,915.7246704101562,911.4131469726562,5,1,963.1903169997713,992.25146484375,1385.4091796875,ok
mix_easy,65536,True,torch.float32,1234,0.1,16,cached_same,True,541.3472900390625,531.3714599609375,554.16015625,526.6288452148438,5,1,532.3026470000514,992.25048828125,1385.408203125,ok
mix_easy,65536,True,torch.float32,1234,0.1,16,selection_only,True,393.0129089355469,390.1214599609375,395.50103759765625,388.05914306640625,5,1,385.6601259999479,770.033203125,1163.19091796875,ok
mix_easy,65536,True,torch.float32,1234,0.1,16,original_router,,,,,,,,,,,oom
mix_easy,65536,True,torch.float32,1234,0.1,16,choose_once_2_calls,True,1450.2652587890625,1445.2033081054688,1462.4677734375,1440.141357421875,3,0,1452.5706179997542,1120.2509765625,1513.40869140625,ok
mix_easy,65536,True,torch.float32,1234,0.1,16,choose_once_4_calls,True,2502.506591796875,2498.9862060546875,2510.6224365234375,2495.4658203125,3,0,2507.9060660000323,1120.2509765625,1513.40869140625,ok
mix_easy,65536,True,torch.float32,1234,0.1,16,choose_once_8_calls,True,4654.330078125,4637.066650390625,4670.82373046875,4619.80322265625,3,0,4635.705675999816,1120.2509765625,1513.40869140625,ok
mix_easy,65536,True,torch.float32,1234,0.1,16,rf64,True,73.01961517333984,72.7715835571289,73.69522857666016,71.95423889160156,5,1,75.91345999981058,1026.12744140625,1419.28515625,ok
mix_easy,65536,True,torch.float32,1234,0.1,16,rf256,True,167.4716796875,166.76730346679688,168.55690002441406,164.65560913085938,5,1,169.1551519998029,1217.00048828125,1610.158203125,ok
mix_easy,65536,True,torch.float32,1234,0.1,16,rf1024,True,576.5028076171875,576.3805541992188,577.341552734375,575.8098754882812,5,1,613.3015850000447,976.25048828125,1369.408203125,ok
lowrank_easy,512,False,torch.float16,1234,0.1,16,sdpa,True,0.10239999741315842,0.10188800096511841,0.10527999699115753,0.10025600343942642,5,1,0.15253600031428505,0.5,11.1728515625,ok
lowrank_easy,512,False,torch.float16,1234,0.1,16,probe_first,True,6.081920146942139,5.963776111602783,6.08460807800293,5.947391986846924,5,1,6.053809999684745,13.57861328125,24.25146484375,ok
lowrank_easy,512,False,torch.float16,1234,0.1,16,cached_same,True,2.309119939804077,2.269184112548828,2.366624116897583,2.258944034576416,5,1,2.4325800000042364,12.63720703125,23.31005859375,ok
lowrank_easy,512,False,torch.float16,1234,0.1,16,selection_only,True,3.1683199405670166,3.1683199405670166,3.364288091659546,3.15830397605896,5,1,3.198119999979099,13.57861328125,24.25146484375,ok
lowrank_easy,512,False,torch.float16,1234,0.1,16,original_router,True,4.126272201538086,4.099167823791504,4.293600082397461,4.050943851470947,5,1,4.264806999799475,19.1103515625,29.783203125,ok
lowrank_easy,512,False,torch.float16,1234,0.1,16,choose_once_2_calls,True,8.072992324829102,7.967775821685791,8.098112106323242,7.919487953186035,5,1,8.06185600004028,13.57861328125,24.25146484375,ok
lowrank_easy,512,False,torch.float16,1234,0.1,16,choose_once_4_calls,True,12.345600128173828,12.28553581237793,12.858112335205078,11.825152397155762,5,1,12.565453999741294,13.57861328125,24.25146484375,ok
lowrank_easy,512,False,torch.float16,1234,0.1,16,choose_once_8_calls,True,20.789152145385742,20.43903923034668,20.793344497680664,20.383968353271484,5,1,22.39391000011892,13.57861328125,24.25146484375,ok
lowrank_easy,512,False,torch.float16,1234,0.1,16,rf64,True,0.9479039907455444,0.9456319808959961,0.9550079703330994,0.9420160055160522,5,1,0.9995949999392906,7.64306640625,18.31591796875,ok
lowrank_easy,512,False,torch.float16,1234,0.1,16,rf256,True,1.0936319828033447,1.0792959928512573,1.0988800525665283,1.0605440139770508,5,1,1.1970610003118054,16.51611328125,27.18896484375,ok
lowrank_easy,512,False,torch.float16,1234,0.1,16,rf1024,True,2.2630081176757812,2.2307519912719727,2.267359972000122,2.216576099395752,5,1,2.2861900001771573,52.51611328125,63.18896484375,ok
lowrank_easy,1024,False,torch.float16,1234,0.1,16,sdpa,True,0.21225599944591522,0.21007999777793884,0.21299199759960175,0.20758399367332458,5,1,0.25414199990336783,1.0,13.1884765625,ok
lowrank_easy,1024,False,torch.float16,1234,0.1,16,probe_first,True,6.436736106872559,6.387904167175293,6.6908159255981445,6.339424133300781,5,1,6.546713999796339,51.263671875,63.4521484375,ok
lowrank_easy,1024,False,torch.float16,1234,0.1,16,cached_same,True,2.8815360069274902,2.8815360069274902,2.883552074432373,2.8715200424194336,5,1,2.9485879999811004,51.2626953125,63.451171875,ok
lowrank_easy,1024,False,torch.float16,1234,0.1,16,selection_only,True,3.5320000648498535,3.5050880908966064,3.5320639610290527,3.4549760818481445,5,1,3.519559999858757,43.2646484375,55.453125,ok
lowrank_easy,1024,False,torch.float16,1234,0.1,16,original_router,True,5.745344161987305,5.710048198699951,5.789696216583252,5.67091178894043,5,1,5.716108999877179,59.10888671875,71.29736328125,ok
lowrank_easy,1024,False,torch.float16,1234,0.1,16,choose_once_2_calls,True,10.217151641845703,10.150527954101562,10.264960289001465,10.079615592956543,5,1,10.478769000201282,52.88818359375,65.07666015625,ok
lowrank_easy,1024,False,torch.float16,1234,0.1,16,choose_once_4_calls,True,15.540224075317383,15.20025634765625,16.443904876708984,15.188159942626953,5,1,15.34133799987103,52.88818359375,65.07666015625,ok
lowrank_easy,1024,False,torch.float16,1234,0.1,16,choose_once_8_calls,True,27.06425666809082,27.03011131286621,27.408607482910156,26.849376678466797,5,1,27.030976000332885,52.88818359375,65.07666015625,ok
lowrank_easy,1024,False,torch.float16,1234,0.1,16,rf64,True,0.961184024810791,0.9602239727973938,0.9738879799842834,0.9583039879798889,5,1,1.0158549998777744,15.15869140625,27.34716796875,ok
lowrank_easy,1024,False,torch.float16,1234,0.1,16,rf256,True,1.5073280334472656,1.5013439655303955,1.508128046989441,1.494047999382019,5,1,1.5239320000546286,39.5087890625,51.697265625,ok
lowrank_easy,1024,False,torch.float16,1234,0.1,16,rf1024,True,3.7683520317077637,3.754591941833496,3.770400047302246,3.7171199321746826,5,1,3.8092579998192377,105.03173828125,117.22021484375,ok
lowrank_easy,2048,False,torch.float16,1234,0.1,16,sdpa,True,0.567903995513916,0.5654720067977905,0.5693439841270447,0.5612159967422485,5,1,0.5963720000181638,2.0,17.2197265625,ok
lowrank_easy,2048,False,torch.float16,1234,0.1,16,probe_first,True,7.366720199584961,7.316959857940674,7.4055681228637695,7.309023857116699,5,1,7.4093430002903915,57.244140625,72.4638671875,ok
lowrank_easy,2048,False,torch.float16,1234,0.1,16,cached_same,True,3.8505918979644775,3.846143960952759,3.9114880561828613,3.7828800678253174,5,1,3.842555999653996,56.1318359375,71.3515625,ok
lowrank_easy,2048,False,torch.float16,1234,0.1,16,selection_only,True,3.658400058746338,3.6330881118774414,3.6636478900909424,3.622080087661743,5,1,3.788247000102274,57.244140625,72.4638671875,ok
lowrank_easy,2048,False,torch.float16,1234,0.1,16,original_router,True,5.841760158538818,5.82700777053833,5.882016181945801,5.758815765380859,5,1,6.259000000227388,80.16650390625,95.38623046875,ok
lowrank_easy,2048,False,torch.float16,1234,0.1,16,choose_once_2_calls,True,11.326815605163574,11.243295669555664,11.395071983337402,11.192319869995117,5,1,11.485584999718412,58.13232421875,73.35205078125,ok
lowrank_easy,2048,False,torch.float16,1234,0.1,16,choose_once_4_calls,True,18.896928787231445,18.72652816772461,18.982688903808594,18.619327545166016,5,1,19.050179999794636,58.13232421875,73.35205078125,ok
lowrank_easy,2048,False,torch.float16,1234,0.1,16,choose_once_8_calls,True,35.437984466552734,34.61558532714844,36.06528091430664,34.35968017578125,5,1,35.6783990000622,58.13232421875,73.35205078125,ok
lowrank_easy,2048,False,torch.float16,1234,0.1,16,rf64,True,1.4327679872512817,1.427456021308899,1.4335999488830566,1.3993279933929443,5,1,1.4901999998073734,30.18994140625,45.40966796875,ok
lowrank_easy,2048,False,torch.float16,1234,0.1,16,rf256,True,2.7934720516204834,2.7477118968963623,2.811903953552246,2.621504068374634,5,1,2.5598710003578162,66.5087890625,81.728515625,ok
lowrank_easy,2048,False,torch.float16,1234,0.1,16,rf1024,True,7.409535884857178,7.391039848327637,7.435103893280029,7.221759796142578,5,1,7.903621999957977,210.06298828125,225.28271484375,ok
lowrank_easy,4096,False,torch.float16,1234,0.1,16,sdpa,True,1.9135680198669434,1.9133440256118774,1.9145280122756958,1.9066879749298096,5,1,1.9512250000843778,4.0,25.2822265625,ok
lowrank_easy,4096,False,torch.float16,1234,0.1,16,probe_first,True,15.251456260681152,14.77888011932373,15.327232360839844,14.512127876281738,5,1,15.637486999821704,120.18994140625,141.47216796875,ok
lowrank_easy,4096,False,torch.float16,1234,0.1,16,cached_same,True,7.5878400802612305,7.584799766540527,7.682688236236572,7.467008113861084,5,1,8.044393999625754,114.03173828125,135.31396484375,ok
lowrank_easy,4096,False,torch.float16,1234,0.1,16,selection_only,True,6.990111827850342,6.905856132507324,7.114751815795898,6.8673601150512695,5,1,7.222230000024865,120.18994140625,141.47216796875,ok
lowrank_easy,4096,False,torch.float16,1234,0.1,16,original_router,True,12.525568008422852,12.291808128356934,12.781536102294922,11.890015602111816,5,1,12.976604999948904,168.2216796875,189.50390625,ok
lowrank_easy,4096,False,torch.float16,1234,0.1,16,choose_once_2_calls,True,23.902496337890625,23.609376907348633,24.17990493774414,23.291391372680664,5,1,23.563235999972676,120.18994140625,141.47216796875,ok
lowrank_easy,4096,False,torch.float16,1234,0.1,16,choose_once_4_calls,True,39.97769546508789,39.86848068237305,40.223358154296875,39.74147033691406,5,1,40.119410999977845,120.18994140625,141.47216796875,ok
lowrank_easy,4096,False,torch.float16,1234,0.1,16,choose_once_8_calls,True,72.99100494384766,72.82415771484375,73.05007934570312,71.8710708618164,5,1,73.59963299995798,120.18994140625,141.47216796875,ok
lowrank_easy,4096,False,torch.float16,1234,0.1,16,rf64,True,2.7774078845977783,2.764159917831421,2.8299520015716553,2.6071040630340576,5,1,2.6634760001797986,60.25244140625,81.53466796875,ok
lowrank_easy,4096,False,torch.float16,1234,0.1,16,rf256,True,4.7472639083862305,4.716576099395752,4.771391868591309,4.702176094055176,5,1,4.879444999914995,132.12548828125,153.40771484375,ok
lowrank_easy,4096,False,torch.float16,1234,0.1,16,rf1024,True,15.204480171203613,14.609503746032715,16.228191375732422,14.395615577697754,5,1,16.375177999634616,420.12548828125,441.40771484375,ok
lowrank_easy,8192,False,torch.float16,1234,0.1,16,sdpa,True,10.21993637084961,9.066335678100586,12.66761589050293,7.881087779998779,5,1,13.05808100005379,8.0,41.158203125,ok
lowrank_easy,8192,False,torch.float16,1234,0.1,16,probe_first,True,29.421279907226562,29.3951358795166,29.485088348388672,29.293664932250977,5,1,29.4846370002233,240.31494140625,273.47314453125,ok
lowrank_easy,8192,False,torch.float16,1234,0.1,16,cached_same,True,15.79974365234375,15.259488105773926,16.061664581298828,15.025535583496094,5,1,15.805301999989751,228.06298828125,261.22119140625,ok
lowrank_easy,8192,False,torch.float16,1234,0.1,16,selection_only,True,13.438655853271484,13.340319633483887,13.491744041442871,13.003104209899902,5,1,13.75117899988254,240.31494140625,273.47314453125,ok
lowrank_easy,8192,False,torch.float16,1234,0.1,16,original_router,True,24.16454315185547,24.065471649169922,24.16739273071289,23.835647583007812,5,1,24.20108900014384,336.3466796875,369.5048828125,ok
lowrank_easy,8192,False,torch.float16,1234,0.1,16,choose_once_2_calls,True,45.3326416015625,45.08143997192383,45.417728424072266,45.00028610229492,5,1,45.503413999995246,240.31494140625,273.47314453125,ok
lowrank_easy,8192,False,torch.float16,1234,0.1,16,choose_once_4_calls,True,76.29203033447266,76.14259338378906,76.67964935302734,75.86815643310547,5,1,77.00447100023666,240.31494140625,273.47314453125,ok
lowrank_easy,8192,False,torch.float16,1234,0.1,16,choose_once_8_calls,True,139.5010223388672,138.9671630859375,139.64915466308594,138.67420959472656,5,1,140.56616699963342,240.31494140625,273.47314453125,ok
lowrank_easy,8192,False,torch.float16,1234,0.1,16,rf64,True,4.750175952911377,4.733344078063965,4.7960638999938965,4.712863922119141,5,1,4.749948000153381,120.37744140625,153.53564453125,ok
lowrank_easy,8192,False,torch.float16,1234,0.1,16,rf256,True,9.215744018554688,9.180607795715332,9.275199890136719,8.938752174377441,5,1,9.790915999928984,264.25048828125,297.40869140625,ok
lowrank_easy,8192,False,torch.float16,1234,0.1,16,rf1024,True,32.50617599487305,32.19340896606445,32.58707046508789,31.43769645690918,5,1,32.77675199979058,840.25048828125,873.40869140625,ok
lowrank_easy,16384,False,torch.float16,1234,0.1,16,sdpa,True,46.31849670410156,46.13257598876953,46.401119232177734,46.00419235229492,5,1,46.688695999819174,16.0,73.158203125,ok
lowrank_easy,16384,False,torch.float16,1234,0.1,16,probe_first,True,55.24009704589844,55.22576141357422,55.41107177734375,55.10316848754883,5,1,55.55669899968052,480.56494140625,537.72314453125,ok
lowrank_easy,16384,False,torch.float16,1234,0.1,16,cached_same,True,29.17171287536621,29.163488388061523,29.248640060424805,29.13724708557129,5,1,29.16940999966755,400.37548828125,457.53369140625,ok
lowrank_easy,16384,False,torch.float16,1234,0.1,16,selection_only,True,26.387775421142578,26.36025619506836,26.471263885498047,25.684768676757812,5,1,26.31559000019479,480.56494140625,537.72314453125,ok
lowrank_easy,16384,False,torch.float16,1234,0.1,16,original_router,True,97.68739318847656,97.56153869628906,97.90729522705078,93.74918365478516,5,1,97.85178899983293,2200.07421875,2257.232421875,ok
lowrank_easy,16384,False,torch.float16,1234,0.1,16,choose_once_2_calls,True,85.27289581298828,84.98713684082031,85.38111877441406,84.56124877929688,5,1,84.78674499974659,480.56494140625,537.72314453125,ok
lowrank_easy,16384,False,torch.float16,1234,0.1,16,choose_once_4_calls,True,144.70761108398438,144.478271484375,144.75967407226562,143.94921875,5,1,145.30625199995484,480.56494140625,537.72314453125,ok
lowrank_easy,16384,False,torch.float16,1234,0.1,16,choose_once_8_calls,True,263.2159118652344,263.0212097167969,263.71722412109375,262.8326416015625,5,1,264.11239300023226,480.56494140625,537.72314453125,ok
lowrank_easy,16384,False,torch.float16,1234,0.1,16,rf64,True,9.007519721984863,8.969728469848633,9.052160263061523,8.94870376586914,5,1,9.369136999794136,240.62744140625,297.78564453125,ok
lowrank_easy,16384,False,torch.float16,1234,0.1,16,rf256,True,20.73084831237793,19.412992477416992,20.748287200927734,17.864032745361328,5,1,20.738126000196644,528.50048828125,585.65869140625,ok
lowrank_easy,16384,False,torch.float16,1234,0.1,16,rf1024,True,67.20857238769531,67.08019256591797,67.81571197509766,67.05430603027344,5,1,67.42591800002629,864.25048828125,921.40869140625,ok
lowrank_easy,32768,False,torch.float16,1234,0.1,16,sdpa,True,188.7993621826172,188.70278930664062,189.10794067382812,188.52029418945312,5,1,188.99781699974483,32.0,137.158203125,ok
lowrank_easy,32768,False,torch.float16,1234,0.1,16,probe_first,True,112.09455871582031,111.33634948730469,112.4705581665039,110.96268463134766,5,1,111.16730499998084,904.25146484375,1009.40966796875,ok
lowrank_easy,32768,False,torch.float16,1234,0.1,16,cached_same,True,62.10700988769531,61.89664077758789,62.229312896728516,61.835262298583984,5,1,61.868271000093955,904.25048828125,1009.40869140625,ok
lowrank_easy,32768,False,torch.float16,1234,0.1,16,selection_only,True,50.1104621887207,49.97324752807617,50.61897659301758,49.87529754638672,5,1,50.677198999892425,864.93994140625,970.09814453125,ok
lowrank_easy,32768,False,torch.float16,1234,0.1,16,original_router,True,90.72227478027344,90.1078109741211,91.03507232666016,89.85052490234375,5,1,89.45516199992198,1216.9716796875,1322.1298828125,ok
lowrank_easy,32768,False,torch.float16,1234,0.1,16,choose_once_2_calls,True,175.64675903320312,174.52633666992188,175.81263732910156,174.08566284179688,5,1,175.6515839997519,936.2509765625,1041.4091796875,ok
lowrank_easy,32768,False,torch.float16,1234,0.1,16,choose_once_4_calls,True,300.605712890625,300.26953125,300.6341552734375,295.22039794921875,5,1,300.750261000303,936.2509765625,1041.4091796875,ok
lowrank_easy,32768,False,torch.float16,1234,0.1,16,choose_once_8_calls,True,548.1328735351562,547.0560913085938,548.3724975585938,544.5216674804688,5,1,547.0140329998685,936.2509765625,1041.4091796875,ok
lowrank_easy,32768,False,torch.float16,1234,0.1,16,rf64,True,18.38595199584961,18.171520233154297,18.520063400268555,18.166528701782227,5,1,18.28837899984137,481.12744140625,586.28564453125,ok
lowrank_easy,32768,False,torch.float16,1234,0.1,16,rf256,True,40.22886276245117,39.88435363769531,40.60966491699219,39.650753021240234,5,1,40.42055399986566,1057.00048828125,1162.15869140625,ok
lowrank_easy,32768,False,torch.float16,1234,0.1,16,rf1024,True,136.4989776611328,136.0032958984375,136.86399841308594,135.06668090820312,5,1,135.79011000001628,880.25048828125,985.40869140625,ok
lowrank_easy,65536,False,torch.float16,1234,0.1,16,sdpa,True,748.3658447265625,748.2572631835938,749.96142578125,747.9763793945312,5,1,746.1905770001067,64.0,265.158203125,ok
lowrank_easy,65536,False,torch.float16,1234,0.1,16,probe_first,True,198.92764282226562,198.1832275390625,200.74485778808594,197.84291076660156,5,1,199.2102710000836,1154.033203125,1355.19140625,ok
lowrank_easy,65536,False,torch.float16,1234,0.1,16,cached_same,True,108.47926330566406,108.43135833740234,109.285888671875,106.05977630615234,5,1,105.49096800014013,1089.00048828125,1290.15869140625,ok
lowrank_easy,65536,False,torch.float16,1234,0.1,16,selection_only,True,92.3504638671875,90.0697250366211,93.26483154296875,90.056640625,5,1,90.17826400031481,1154.033203125,1355.19140625,ok
lowrank_easy,65536,False,torch.float16,1234,0.1,16,original_router,True,155.9792022705078,155.86256408691406,157.60592651367188,155.77247619628906,5,1,157.0110630000272,2690.0966796875,2891.2548828125,ok
lowrank_easy,65536,False,torch.float16,1234,0.1,16,choose_once_2_calls,True,306.613525390625,304.4183654785156,308.4861755371094,303.7778015136719,5,1,303.06791299972247,1154.033203125,1355.19140625,ok
lowrank_easy,65536,False,torch.float16,1234,0.1,16,choose_once_4_calls,True,522.9503784179688,518.3296508789062,523.2855224609375,516.4166870117188,5,1,517.8727669999716,1154.033203125,1355.19140625,ok
lowrank_easy,65536,False,torch.float16,1234,0.1,16,choose_once_8_calls,True,943.4996337890625,940.83447265625,944.8468627929688,934.5216064453125,5,1,944.1291040002397,1154.033203125,1355.19140625,ok
lowrank_easy,65536,False,torch.float16,1234,0.1,16,rf64,True,36.26579284667969,36.038719177246094,36.611328125,35.87276840209961,5,1,36.31302299982053,962.12744140625,1163.28564453125,ok
lowrank_easy,65536,False,torch.float16,1234,0.1,16,rf256,True,82.87427520751953,81.35475158691406,83.97293090820312,81.02806091308594,5,1,81.13451199960764,1153.00048828125,1354.15869140625,ok
lowrank_easy,65536,False,torch.float16,1234,0.1,16,rf1024,True,263.1495361328125,262.3688049316406,263.31207275390625,260.5501708984375,5,1,264.3182169999818,912.25048828125,1113.40869140625,ok
lowrank_easy,512,False,torch.float32,1234,0.1,16,sdpa,True,0.19702400267124176,0.19443200528621674,0.2101760059595108,0.19046400487422943,5,1,0.22727300029146136,1.0,13.1728515625,ok
lowrank_easy,512,False,torch.float32,1234,0.1,16,probe_first,True,5.406816005706787,5.367807865142822,5.4838080406188965,5.190464019775391,5,1,5.5192049999277515,13.13818359375,25.31103515625,ok
lowrank_easy,512,False,torch.float32,1234,0.1,16,cached_same,True,2.1375999450683594,2.076672077178955,2.1976640224456787,2.043839931488037,5,1,2.201024999976653,13.13720703125,25.31005859375,ok
lowrank_easy,512,False,torch.float32,1234,0.1,16,selection_only,True,3.1929280757904053,3.1600000858306885,3.5737600326538086,3.157088041305542,5,1,3.2084879999274563,10.57861328125,22.75146484375,ok
lowrank_easy,512,False,torch.float32,1234,0.1,16,original_router,True,4.235583782196045,4.0687360763549805,4.3203840255737305,3.867295980453491,5,1,4.135947000122542,16.1103515625,28.283203125,ok
lowrank_easy,512,False,torch.float32,1234,0.1,16,choose_once_2_calls,True,7.779903888702393,7.49567985534668,7.853087902069092,7.417920112609863,5,1,7.361871999819414,14.1376953125,26.310546875,ok
lowrank_easy,512,False,torch.float32,1234,0.1,16,choose_once_4_calls,True,11.921407699584961,11.668992042541504,12.134336471557617,11.667391777038574,5,1,11.668742999972892,14.1376953125,26.310546875,ok
lowrank_easy,512,False,torch.float32,1234,0.1,16,choose_once_8_calls,True,20.115455627441406,19.701759338378906,20.624576568603516,19.353599548339844,5,1,19.4101080001019,14.1376953125,26.310546875,ok
lowrank_easy,512,False,torch.float32,1234,0.1,16,rf64,True,0.9508799910545349,0.9482240080833435,0.9548799991607666,0.9423999786376953,5,1,1.018975000079081,8.14306640625,20.31591796875,ok
lowrank_easy,512,False,torch.float32,1234,0.1,16,rf256,True,1.024191975593567,1.018239974975586,1.0579839944839478,0.9898880124092102,5,1,1.054911000210268,17.01611328125,29.18896484375,ok
lowrank_easy,512,False,torch.float32,1234,0.1,16,rf1024,True,2.136352062225342,2.126176118850708,2.154560089111328,2.12172794342041,5,1,2.242241999738326,53.01611328125,65.18896484375,ok
lowrank_easy,1024,False,torch.float32,1234,0.1,16,sdpa,True,0.6881279945373535,0.6860799789428711,0.6881279945373535,0.6840320229530334,5,1,0.7185449999269622,2.0,17.1884765625,ok
lowrank_easy,1024,False,torch.float32,1234,0.1,16,probe_first,True,6.114463806152344,6.08076810836792,6.121471881866455,6.01254415512085,5,1,6.166773000131798,52.263671875,67.4521484375,ok
lowrank_easy,1024,False,torch.float32,1234,0.1,16,cached_same,True,2.72160005569458,2.703360080718994,2.7320001125335693,2.693631887435913,5,1,2.7610780002760293,52.2626953125,67.451171875,ok
lowrank_easy,1024,False,torch.float32,1234,0.1,16,selection_only,True,3.4611198902130127,3.3996798992156982,3.5200319290161133,3.3802239894866943,5,1,3.6601070000870095,37.2646484375,52.453125,ok
lowrank_easy,1024,False,torch.float32,1234,0.1,16,original_router,True,5.654111862182617,5.5799360275268555,5.69920015335083,5.571839809417725,5,1,5.528973999844311,53.10888671875,68.29736328125,ok
lowrank_easy,1024,False,torch.float32,1234,0.1,16,choose_once_2_calls,True,10.478240013122559,10.088255882263184,10.536416053771973,9.779871940612793,5,1,10.220401999958995,54.26318359375,69.45166015625,ok
lowrank_easy,1024,False,torch.float32,1234,0.1,16,choose_once_4_calls,True,15.247360229492188,15.21513557434082,15.32483196258545,15.128576278686523,5,1,16.402411999933975,54.26318359375,69.45166015625,ok
lowrank_easy,1024,False,torch.float32,1234,0.1,16,choose_once_8_calls,True,26.160320281982422,26.099712371826172,26.208255767822266,26.09503936767578,5,1,26.442135000252165,54.26318359375,69.45166015625,ok
lowrank_easy,1024,False,torch.float32,1234,0.1,16,rf64,True,0.9498879909515381,0.9379839897155762,0.979423999786377,0.9274240136146545,5,1,1.0030700000243087,16.15869140625,31.34716796875,ok
lowrank_easy,1024,False,torch.float32,1234,0.1,16,rf256,True,1.4517120122909546,1.4516479969024658,1.472991943359375,1.4499200582504272,5,1,1.4966339999773481,40.5087890625,55.697265625,ok
lowrank_easy,1024,False,torch.float32,1234,0.1,16,rf1024,True,3.6819839477539062,3.6618239879608154,3.682624101638794,3.6608641147613525,5,1,3.718911999840202,106.03173828125,121.22021484375,ok
lowrank_easy,2048,False,torch.float32,1234,0.1,16,sdpa,True,2.381824016571045,2.37772798538208,2.3838720321655273,2.37772798538208,5,1,2.415708000171435,4.0,25.2197265625,ok
lowrank_easy,2048,False,torch.float32,1234,0.1,16,probe_first,True,7.325535774230957,7.256063938140869,7.439072132110596,7.236991882324219,5,1,7.37505200004307,59.0078125,80.2275390625,ok
lowrank_easy,2048,False,torch.float32,1234,0.1,16,cached_same,True,3.6507198810577393,3.6327359676361084,3.675584077835083,3.6178879737854004,5,1,3.6891740001010476,59.0068359375,80.2265625,ok
lowrank_easy,2048,False,torch.float32,1234,0.1,16,selection_only,True,3.6433920860290527,3.6336960792541504,3.683648109436035,3.5785601139068604,5,1,3.624848999606911,46.119140625,67.3388671875,ok
lowrank_easy,2048,False,torch.float32,1234,0.1,16,original_router,True,5.777472019195557,5.745952129364014,5.807936191558838,5.706079959869385,5,1,5.89489499998308,67.54150390625,88.76123046875,ok
lowrank_easy,2048,False,torch.float32,1234,0.1,16,choose_once_2_calls,True,10.825728416442871,10.797375679016113,10.883071899414062,10.742560386657715,5,1,11.00956700020106,63.00732421875,84.22705078125,ok
lowrank_easy,2048,False,torch.float32,1234,0.1,16,choose_once_4_calls,True,18.532352447509766,18.466815948486328,18.74825668334961,18.129247665405273,5,1,18.596400000205904,63.00732421875,84.22705078125,ok
lowrank_easy,2048,False,torch.float32,1234,0.1,16,choose_once_8_calls,True,33.629024505615234,33.546241760253906,33.642494201660156,33.31843185424805,5,1,34.370493999631435,63.00732421875,84.22705078125,ok
lowrank_easy,2048,False,torch.float32,1234,0.1,16,rf64,True,1.4267840385437012,1.423359990119934,1.4499839544296265,1.3948479890823364,5,1,1.4527519997500349,32.18994140625,53.40966796875,ok
lowrank_easy,2048,False,torch.float32,1234,0.1,16,rf256,True,2.469183921813965,2.467967987060547,2.477247953414917,2.463615894317627,5,1,2.5472920001448074,68.5087890625,89.728515625,ok
lowrank_easy,2048,False,torch.float32,1234,0.1,16,rf1024,True,7.342944145202637,7.321599960327148,7.356383800506592,7.178239822387695,5,1,7.674613000290265,212.06298828125,233.28271484375,ok
lowrank_easy,4096,False,torch.float32,1234,0.1,16,sdpa,True,12.857088088989258,10.992704391479492,13.684736251831055,9.959551811218262,5,1,13.761784000053012,8.0,41.2822265625,ok
lowrank_easy,4096,False,torch.float32,1234,0.1,16,probe_first,True,14.881792068481445,14.646880149841309,15.29155158996582,14.391200065612793,5,1,15.351495000231807,118.03271484375,151.31494140625,ok
lowrank_easy,4096,False,torch.float32,1234,0.1,16,cached_same,True,7.614751815795898,7.432672023773193,7.793024063110352,7.387135982513428,5,1,7.860162999804743,118.03173828125,151.31396484375,ok
lowrank_easy,4096,False,torch.float32,1234,0.1,16,selection_only,True,6.919936180114746,6.809631824493408,6.955423831939697,6.794591903686523,5,1,7.282051999936812,96.18994140625,129.47216796875,ok
lowrank_easy,4096,False,torch.float32,1234,0.1,16,original_router,True,12.227871894836426,12.03609561920166,12.570719718933105,11.731904029846191,5,1,12.822822000089218,144.2216796875,177.50390625,ok
lowrank_easy,4096,False,torch.float32,1234,0.1,16,choose_once_2_calls,True,23.418560028076172,23.361024856567383,23.64543914794922,22.593568801879883,5,1,23.424566000358027,126.0322265625,159.314453125,ok
lowrank_easy,4096,False,torch.float32,1234,0.1,16,choose_once_4_calls,True,39.19071960449219,39.10985565185547,39.459041595458984,39.10540771484375,5,1,39.14449100011552,126.0322265625,159.314453125,ok
lowrank_easy,4096,False,torch.float32,1234,0.1,16,choose_once_8_calls,True,71.68115234375,70.97571563720703,71.8766098022461,70.87474822998047,5,1,71.5913039998668,126.0322265625,159.314453125,ok
lowrank_easy,4096,False,torch.float32,1234,0.1,16,rf64,True,2.5067520141601562,2.498176097869873,2.510848045349121,2.496351957321167,5,1,2.56108099983976,64.25244140625,97.53466796875,ok
lowrank_easy,4096,False,torch.float32,1234,0.1,16,rf256,True,4.680287837982178,4.66534423828125,4.706655979156494,4.651072025299072,5,1,4.743494999729592,136.12548828125,169.40771484375,ok
lowrank_easy,4096,False,torch.float32,1234,0.1,16,rf1024,True,14.843903541564941,14.533632278442383,15.708736419677734,14.114496231079102,5,1,16.008611999950517,424.12548828125,457.40771484375,ok
lowrank_easy,8192,False,torch.float32,1234,0.1,16,sdpa,True,50.28313446044922,50.263423919677734,50.362911224365234,50.21900939941406,5,1,50.36603100006687,16.0,73.158203125,ok
lowrank_easy,8192,False,torch.float32,1234,0.1,16,probe_first,True,28.87126350402832,28.797855377197266,28.908031463623047,28.352575302124023,5,1,29.103826999744342,236.06396484375,293.22216796875,ok
lowrank_easy,8192,False,torch.float32,1234,0.1,16,cached_same,True,15.396448135375977,15.206399917602539,15.48083209991455,14.61235237121582,5,1,15.482296999834944,236.06298828125,293.22119140625,ok
lowrank_easy,8192,False,torch.float32,1234,0.1,16,selection_only,True,13.303808212280273,12.802207946777344,13.414688110351562,12.616448402404785,5,1,13.501303000339249,192.31494140625,249.47314453125,ok
lowrank_easy,8192,False,torch.float32,1234,0.1,16,original_router,True,23.888864517211914,23.72444725036621,23.930879592895508,23.17206382751465,5,1,23.873617999925045,288.3466796875,345.5048828125,ok
lowrank_easy,8192,False,torch.float32,1234,0.1,16,choose_once_2_calls,True,44.38470458984375,44.37801742553711,44.55420684814453,44.33919906616211,5,1,44.826886000009836,252.0634765625,309.2216796875,ok
lowrank_easy,8192,False,torch.float32,1234,0.1,16,choose_once_4_calls,True,75.60787200927734,75.30086517333984,75.76774597167969,75.24352264404297,5,1,75.29330399984246,252.0634765625,309.2216796875,ok
lowrank_easy,8192,False,torch.float32,1234,0.1,16,choose_once_8_calls,True,137.47718811035156,137.37161254882812,137.52345275878906,137.20999145507812,5,1,138.01941500014436,252.0634765625,309.2216796875,ok
lowrank_easy,8192,False,torch.float32,1234,0.1,16,rf64,True,4.48745584487915,4.466720104217529,4.511295795440674,4.4659199714660645,5,1,4.502799000420055,128.37744140625,185.53564453125,ok
lowrank_easy,8192,False,torch.float32,1234,0.1,16,rf256,True,9.333984375,9.316320419311523,9.580703735351562,9.078783988952637,5,1,9.676702999968256,272.25048828125,329.40869140625,ok
lowrank_easy,8192,False,torch.float32,1234,0.1,16,rf1024,True,32.1962890625,31.90559959411621,32.762367248535156,30.451488494873047,5,1,31.490501999996923,848.25048828125,905.40869140625,ok
lowrank_easy,16384,False,torch.float32,1234,0.1,16,sdpa,True,204.53216552734375,204.2348175048828,205.013916015625,203.9357452392578,5,1,205.60379099970305,32.0,137.158203125,ok
lowrank_easy,16384,False,torch.float32,1234,0.1,16,probe_first,True,75.99993896484375,75.87036895751953,76.12332916259766,75.44012451171875,5,1,76.25852000001032,416.37646484375,521.53466796875,ok
lowrank_easy,16384,False,torch.float32,1234,0.1,16,cached_same,True,50.623775482177734,50.12156677246094,50.65315246582031,49.77219009399414,5,1,50.146194999797444,416.37548828125,521.53369140625,ok
lowrank_easy,16384,False,torch.float32,1234,0.1,16,selection_only,True,25.53183937072754,25.278240203857422,25.714048385620117,25.085567474365234,5,1,25.53686100009145,384.56494140625,489.72314453125,ok
lowrank_easy,16384,False,torch.float32,1234,0.1,16,original_router,True,99.13139343261719,95.95327758789062,99.44338989257812,95.00672149658203,5,1,97.78913200034367,2104.07421875,2209.232421875,ok
lowrank_easy,16384,False,torch.float32,1234,0.1,16,choose_once_2_calls,True,125.94483184814453,125.9288330078125,126.18726348876953,125.9065933227539,5,1,127.93314600003214,448.3759765625,553.5341796875,ok
lowrank_easy,16384,False,torch.float32,1234,0.1,16,choose_once_4_calls,True,227.61231994628906,226.34197998046875,227.82176208496094,225.5382080078125,5,1,227.17608599987216,448.3759765625,553.5341796875,ok
lowrank_easy,16384,False,torch.float32,1234,0.1,16,choose_once_8_calls,True,431.260498046875,431.1932067871094,432.1457824707031,430.27764892578125,5,1,432.1022650001396,448.3759765625,553.5341796875,ok
lowrank_easy,16384,False,torch.float32,1234,0.1,16,rf64,True,8.48691177368164,8.48310375213623,8.51097583770752,8.480768203735352,5,1,8.75556199980565,256.62744140625,361.78564453125,ok
lowrank_easy,16384,False,torch.float32,1234,0.1,16,rf256,True,19.431903839111328,18.867839813232422,19.463808059692383,18.076736450195312,5,1,19.36356699980024,544.50048828125,649.65869140625,ok
lowrank_easy,16384,False,torch.float32,1234,0.1,16,rf1024,True,66.57875061035156,66.56329345703125,66.61746978759766,66.4125747680664,5,1,66.1930029996256,880.25048828125,985.40869140625,ok
lowrank_easy,32768,False,torch.float32,1234,0.1,16,sdpa,True,854.766845703125,852.38916015625,855.5536499023438,847.94189453125,5,1,853.2059499998468,64.0,265.158203125,ok
lowrank_easy,32768,False,torch.float32,1234,0.1,16,probe_first,True,108.35763549804688,107.1629409790039,109.38569641113281,106.99161529541016,5,1,109.05233199991926,936.25146484375,1137.40966796875,ok
lowrank_easy,32768,False,torch.float32,1234,0.1,16,cached_same,True,59.67839813232422,59.670528411865234,59.820064544677734,59.584510803222656,5,1,61.685363999913534,936.25048828125,1137.40869140625,ok
lowrank_easy,32768,False,torch.float32,1234,0.1,16,selection_only,True,48.88995361328125,48.8230094909668,49.13593673706055,48.44527816772461,5,1,49.18200900010561,672.93994140625,874.09814453125,ok
lowrank_easy,32768,False,torch.float32,1234,0.1,16,original_router,True,88.55769348144531,88.07839965820312,88.88082885742188,87.69532775878906,5,1,87.83041800006686,1024.9716796875,1226.1298828125,ok
lowrank_easy,32768,False,torch.float32,1234,0.1,16,choose_once_2_calls,True,169.0050506591797,168.78182983398438,169.48403930664062,167.16546630859375,5,1,167.73246499997185,1000.2509765625,1201.4091796875,ok
lowrank_easy,32768,False,torch.float32,1234,0.1,16,choose_once_4_calls,True,289.1181640625,288.8847351074219,289.2648620605469,288.52020263671875,5,1,287.3178929999085,1000.2509765625,1201.4091796875,ok
lowrank_easy,32768,False,torch.float32,1234,0.1,16,choose_once_8_calls,True,531.9925537109375,528.0726928710938,532.9720458984375,526.9995727539062,5,1,530.4737159999604,1000.2509765625,1201.4091796875,ok
lowrank_easy,32768,False,torch.float32,1234,0.1,16,rf64,True,17.357120513916016,16.951263427734375,17.659936904907227,16.668672561645508,5,1,17.904959000134113,513.12744140625,714.28564453125,ok
lowrank_easy,32768,False,torch.float32,1234,0.1,16,rf256,True,40.261695861816406,39.94009780883789,40.28623962402344,39.60700988769531,5,1,40.504807000161236,1089.00048828125,1290.15869140625,ok
lowrank_easy,32768,False,torch.float32,1234,0.1,16,rf1024,True,133.41958618164062,133.22105407714844,133.8154296875,132.8559112548828,5,1,133.7651039998491,912.25048828125,1113.40869140625,ok
lowrank_easy,65536,False,torch.float32,1234,0.1,16,sdpa,True,3502.623779296875,3499.7159423828125,3503.17626953125,3496.80810546875,3,0,3489.3315919998713,128.0,521.158203125,ok
lowrank_easy,65536,False,torch.float32,1234,0.1,16,probe_first,True,193.77603149414062,191.85682678222656,195.26300048828125,191.18917846679688,5,1,191.4791930003048,1153.00146484375,1546.15966796875,ok
lowrank_easy,65536,False,torch.float32,1234,0.1,16,cached_same,True,104.63724517822266,104.17561340332031,105.80857849121094,103.58073425292969,5,1,102.74259900006655,1153.00048828125,1546.15869140625,ok
lowrank_easy,65536,False,torch.float32,1234,0.1,16,selection_only,True,88.20681762695312,86.8252182006836,88.70829010009766,86.22284698486328,5,1,87.2181949998776,770.033203125,1163.19140625,ok
lowrank_easy,65536,False,torch.float32,1234,0.1,16,original_router,True,150.5325164794922,148.855224609375,150.66928100585938,148.4692840576172,5,1,148.3720290002566,2306.0966796875,2699.2548828125,ok
lowrank_easy,65536,False,torch.float32,1234,0.1,16,choose_once_2_calls,True,294.8058166503906,294.3675231933594,294.87939453125,294.0616149902344,5,1,296.464424000078,1281.0009765625,1674.1591796875,ok
lowrank_easy,65536,False,torch.float32,1234,0.1,16,choose_once_4_calls,True,507.4502868652344,505.48480224609375,508.5041809082031,504.44635009765625,5,1,509.1787400001522,1281.0009765625,1674.1591796875,ok
lowrank_easy,65536,False,torch.float32,1234,0.1,16,choose_once_8_calls,True,916.7003173828125,914.2108764648438,916.9653930664062,912.0969848632812,5,1,918.7809239997478,1281.0009765625,1674.1591796875,ok
lowrank_easy,65536,False,torch.float32,1234,0.1,16,rf64,True,34.338558197021484,34.22892761230469,34.61481475830078,34.21433639526367,5,1,34.620722999989084,1026.12744140625,1419.28564453125,ok
lowrank_easy,65536,False,torch.float32,1234,0.1,16,rf256,True,81.46835327148438,80.57382202148438,81.58617401123047,80.37026977539062,5,1,81.22723399992537,1217.00048828125,1610.15869140625,ok
lowrank_easy,65536,False,torch.float32,1234,0.1,16,rf1024,True,261.4217834472656,260.66162109375,261.71600341796875,260.3589782714844,5,1,259.5036790003178,976.25048828125,1369.40869140625,ok
lowrank_easy,512,True,torch.float16,1234,0.1,16,sdpa,True,0.06348799914121628,0.06348799914121628,0.06348799914121628,0.06278400123119354,5,1,0.10052500010715448,0.5,11.1728515625,ok
lowrank_easy,512,True,torch.float16,1234,0.1,16,probe_first,True,8.767744064331055,8.624768257141113,9.056351661682129,8.613887786865234,5,1,8.29658600014227,16.38330078125,27.05615234375,ok
lowrank_easy,512,True,torch.float16,1234,0.1,16,cached_same,True,2.8139519691467285,2.7565760612487793,2.8158719539642334,2.6715519428253174,5,1,2.804419000312919,16.38232421875,27.05517578125,ok
lowrank_easy,512,True,torch.float16,1234,0.1,16,selection_only,True,5.6648640632629395,5.596799850463867,5.7466559410095215,5.488959789276123,5,1,5.879871999695752,13.57861328125,24.25146484375,ok
lowrank_easy,512,True,torch.float16,1234,0.1,16,original_router,True,3.975167989730835,3.9075839519500732,4.032479763031006,3.800447940826416,5,1,3.953863000333513,20.853515625,31.5263671875,ok
lowrank_easy,512,True,torch.float16,1234,0.1,16,choose_once_2_calls,True,11.13702392578125,10.968031883239746,11.272192001342773,10.821087837219238,5,1,11.583532000258856,16.8828125,27.5556640625,ok
lowrank_easy,512,True,torch.float16,1234,0.1,16,choose_once_4_calls,True,16.56515121459961,16.42086410522461,16.8156795501709,16.246688842773438,5,1,16.505217000030825,16.8828125,27.5556640625,ok
lowrank_easy,512,True,torch.float16,1234,0.1,16,choose_once_8_calls,True,27.847999572753906,26.654943466186523,28.274688720703125,26.603519439697266,5,1,30.084471000009216,16.8828125,27.5556640625,ok
lowrank_easy,512,True,torch.float16,1234,0.1,16,rf64,True,1.5936959981918335,1.5593279600143433,1.605247974395752,1.5547840595245361,5,1,1.6229000002567773,12.12744140625,22.80029296875,ok
lowrank_easy,512,True,torch.float16,1234,0.1,16,rf256,True,1.4958080053329468,1.4725120067596436,1.497056007385254,1.4423359632492065,5,1,1.6215020000345248,18.50830078125,29.18115234375,ok
lowrank_easy,512,True,torch.float16,1234,0.1,16,rf1024,True,2.9139199256896973,2.9014720916748047,2.920032024383545,2.90118408203125,5,1,2.992089000144915,52.51611328125,63.18896484375,ok
lowrank_easy,1024,True,torch.float16,1234,0.1,16,sdpa,True,0.17241600155830383,0.17203199863433838,0.17455999553203583,0.17004799842834473,5,1,0.2200640001319698,1.0,13.1884765625,ok
lowrank_easy,1024,True,torch.float16,1234,0.1,16,probe_first,True,17.801759719848633,17.758655548095703,17.827423095703125,17.465343475341797,5,1,18.086058999870147,30.09619140625,42.28466796875,ok
lowrank_easy,1024,True,torch.float16,1234,0.1,16,cached_same,True,4.96668815612793,4.966432094573975,4.972576141357422,4.938176155090332,5,1,4.977439999947819,28.50830078125,40.69677734375,ok
lowrank_easy,1024,True,torch.float16,1234,0.1,16,selection_only,True,12.688128471374512,12.554304122924805,12.702176094055176,12.364319801330566,5,1,12.828670000089915,30.09619140625,42.28466796875,ok
lowrank_easy,1024,True,torch.float16,1234,0.1,16,original_router,True,8.474559783935547,8.420319557189941,8.476832389831543,8.358528137207031,5,1,8.495990000028542,42.1279296875,54.31640625,ok
lowrank_easy,1024,True,torch.float16,1234,0.1,16,choose_once_2_calls,True,22.753887176513672,22.643199920654297,23.203231811523438,22.573055267333984,5,1,21.41312799994921,30.09619140625,42.28466796875,ok
lowrank_easy,1024,True,torch.float16,1234,0.1,16,choose_once_4_calls,True,28.991487503051758,28.98739242553711,29.274112701416016,28.91244888305664,5,1,30.244245999710984,30.09619140625,42.28466796875,ok
lowrank_easy,1024,True,torch.float16,1234,0.1,16,choose_once_8_calls,True,45.23545455932617,44.52326583862305,46.12480163574219,44.47001647949219,5,1,47.623101999761275,30.09619140625,42.28466796875,ok
lowrank_easy,1024,True,torch.float16,1234,0.1,16,rf64,True,1.9527679681777954,1.9392319917678833,1.9728959798812866,1.929792046546936,5,1,2.0183940000606526,18.62744140625,30.81591796875,ok
lowrank_easy,1024,True,torch.float16,1234,0.1,16,rf256,True,2.19267201423645,2.1913599967956543,2.1949760913848877,2.1719040870666504,5,1,2.2309719997792854,33.03173828125,45.22021484375,ok
lowrank_easy,1024,True,torch.float16,1234,0.1,16,rf1024,True,5.522975921630859,5.406720161437988,5.5316481590271,5.336128234863281,5,1,6.240288999833865,105.03173828125,117.22021484375,ok
lowrank_easy,2048,True,torch.float16,1234,0.1,16,sdpa,True,0.3485119938850403,0.3479680120944977,0.35199999809265137,0.34012800455093384,5,1,0.3820570000243606,2.0,17.2197265625,ok
lowrank_easy,2048,True,torch.float16,1234,0.1,16,probe_first,True,31.157888412475586,31.15622329711914,31.423904418945312,31.106975555419922,5,1,31.245008000041707,54.11962890625,69.33935546875,ok
lowrank_easy,2048,True,torch.float16,1234,0.1,16,cached_same,True,8.813216209411621,8.767487525939941,8.835295677185059,8.758655548095703,5,1,8.940894999796,50.54736328125,65.76708984375,ok
lowrank_easy,2048,True,torch.float16,1234,0.1,16,selection_only,True,21.81177520751953,21.67625617980957,22.24403190612793,21.655391693115234,5,1,22.718047000125807,54.11962890625,69.33935546875,ok
lowrank_easy,2048,True,torch.float16,1234,0.1,16,original_router,True,11.006719589233398,10.817728042602539,11.084447860717773,10.60870361328125,5,1,10.711279999668477,77.6513671875,92.87109375,ok
lowrank_easy,2048,True,torch.float16,1234,0.1,16,choose_once_2_calls,True,38.99824142456055,38.963199615478516,39.109249114990234,38.955265045166016,5,1,40.99079400020855,54.11962890625,69.33935546875,ok
lowrank_easy,2048,True,torch.float16,1234,0.1,16,choose_once_4_calls,True,57.04230499267578,56.58563232421875,57.04652786254883,56.478111267089844,5,1,59.210829000221565,54.11962890625,69.33935546875,ok
lowrank_easy,2048,True,torch.float16,1234,0.1,16,choose_once_8_calls,True,91.55583953857422,91.26188659667969,91.88761901855469,91.18809509277344,5,1,96.01237900005799,54.11962890625,69.33935546875,ok
lowrank_easy,2048,True,torch.float16,1234,0.1,16,rf64,True,3.0116159915924072,2.976288080215454,3.0555520057678223,2.965183973312378,5,1,3.2184079996113724,32.12744140625,47.34716796875,ok
lowrank_easy,2048,True,torch.float16,1234,0.1,16,rf256,True,3.885632038116455,3.873055934906006,3.894943952560425,3.866368055343628,5,1,4.102755000076286,66.06298828125,81.28271484375,ok
lowrank_easy,2048,True,torch.float16,1234,0.1,16,rf1024,True,11.959263801574707,11.724896430969238,13.023263931274414,10.606847763061523,5,1,13.223390999883122,210.06298828125,225.28271484375,ok
lowrank_easy,4096,True,torch.float16,1234,0.1,16,sdpa,True,1.1182719469070435,1.1161600351333618,1.1244800090789795,1.0906879901885986,5,1,1.1516340000525815,4.0,25.2822265625,ok
lowrank_easy,4096,True,torch.float16,1234,0.1,16,probe_first,True,49.4571533203125,49.399742126464844,49.80255889892578,49.243614196777344,5,1,51.13419600002089,120.18994140625,141.47216796875,ok
lowrank_easy,4096,True,torch.float16,1234,0.1,16,cached_same,True,15.69315242767334,15.175456047058105,15.729344367980957,14.436351776123047,5,1,15.508571000282245,114.03173828125,135.31396484375,ok
lowrank_easy,4096,True,torch.float16,1234,0.1,16,selection_only,True,36.40755081176758,36.07961654663086,37.302974700927734,35.46521759033203,5,1,38.24360099997648,120.18994140625,141.47216796875,ok
lowrank_easy,4096,True,torch.float16,1234,0.1,16,original_router,True,23.175167083740234,22.583295822143555,23.178848266601562,22.567136764526367,5,1,22.416667000015877,168.2216796875,189.50390625,ok
lowrank_easy,4096,True,torch.float16,1234,0.1,16,choose_once_2_calls,True,63.11532974243164,63.067230224609375,64.7455062866211,63.02534484863281,5,1,65.00858300023538,120.18994140625,141.47216796875,ok
lowrank_easy,4096,True,torch.float16,1234,0.1,16,choose_once_4_calls,True,92.833984375,92.82355499267578,93.72086334228516,92.72061157226562,5,1,93.31974800034004,120.18994140625,141.47216796875,ok
lowrank_easy,4096,True,torch.float16,1234,0.1,16,choose_once_8_calls,True,154.5135955810547,154.31036376953125,154.70323181152344,154.17181396484375,5,1,153.92767799994544,120.18994140625,141.47216796875,ok
lowrank_easy,4096,True,torch.float16,1234,0.1,16,rf64,True,5.51526403427124,5.236991882324219,5.707359790802002,5.220384120941162,5,1,5.569523000303889,62.12744140625,83.40966796875,ok
lowrank_easy,4096,True,torch.float16,1234,0.1,16,rf256,True,8.140800476074219,8.005855560302734,8.216544151306152,7.515711784362793,5,1,8.976222999990568,132.12548828125,153.40771484375,ok
lowrank_easy,4096,True,torch.float16,1234,0.1,16,rf1024,True,26.992223739624023,26.646272659301758,27.16966438293457,25.180992126464844,5,1,26.650464999875112,420.12548828125,441.40771484375,ok
lowrank_easy,8192,True,torch.float16,1234,0.1,16,sdpa,True,4.309919834136963,4.302015781402588,4.353600025177002,3.9992640018463135,5,1,4.419884000071761,8.0,41.158203125,ok
lowrank_easy,8192,True,torch.float16,1234,0.1,16,probe_first,True,73.70956420898438,73.58271789550781,74.35894775390625,73.3655014038086,5,1,75.10790200012707,240.31494140625,273.47314453125,ok
lowrank_easy,8192,True,torch.float16,1234,0.1,16,cached_same,True,30.50934410095215,30.459903717041016,30.739999771118164,30.330463409423828,5,1,31.047604999912437,228.06298828125,261.22119140625,ok
lowrank_easy,8192,True,torch.float16,1234,0.1,16,selection_only,True,46.71753692626953,46.621376037597656,47.06345748901367,46.6038703918457,5,1,46.494091999647935,240.31494140625,273.47314453125,ok
lowrank_easy,8192,True,torch.float16,1234,0.1,16,original_router,True,44.55168151855469,44.47942352294922,44.90016174316406,44.1610221862793,5,1,44.0131069999552,336.3466796875,369.5048828125,ok
lowrank_easy,8192,True,torch.float16,1234,0.1,16,choose_once_2_calls,True,105.20671844482422,104.93750762939453,105.88524627685547,104.02156829833984,5,1,108.50502599987522,240.31494140625,273.47314453125,ok
lowrank_easy,8192,True,torch.float16,1234,0.1,16,choose_once_4_calls,True,165.1630096435547,164.8908233642578,165.53759765625,164.74899291992188,5,1,167.87399699978778,240.31494140625,273.47314453125,ok
lowrank_easy,8192,True,torch.float16,1234,0.1,16,choose_once_8_calls,True,288.7176208496094,288.67803955078125,289.4954528808594,287.0226745605469,5,1,289.0553990000626,240.31494140625,273.47314453125,ok
lowrank_easy,8192,True,torch.float16,1234,0.1,16,rf64,True,9.715328216552734,9.644351959228516,9.880224227905273,9.603327751159668,5,1,10.879961000227922,122.12744140625,155.28564453125,ok
lowrank_easy,8192,True,torch.float16,1234,0.1,16,rf256,True,17.985536575317383,17.39580726623535,18.086111068725586,16.431392669677734,5,1,17.806120000386727,264.25048828125,297.40869140625,ok
lowrank_easy,8192,True,torch.float16,1234,0.1,16,rf1024,True,53.37260818481445,52.94694519042969,53.880863189697266,52.50457763671875,5,1,53.53831000002174,840.25048828125,873.40869140625,ok
lowrank_easy,16384,True,torch.float16,1234,0.1,16,sdpa,True,24.64512062072754,24.56729507446289,25.825376510620117,24.17638397216797,5,1,24.115725999763526,16.0,73.158203125,ok
lowrank_easy,16384,True,torch.float16,1234,0.1,16,probe_first,True,138.5966339111328,138.54409790039062,139.00787353515625,136.8371124267578,5,1,138.4893029999148,480.56494140625,537.72314453125,ok
lowrank_easy,16384,True,torch.float16,1234,0.1,16,cached_same,True,60.82614517211914,60.64108657836914,61.278560638427734,60.60454559326172,5,1,60.6890049998583,456.12548828125,513.28369140625,ok
lowrank_easy,16384,True,torch.float16,1234,0.1,16,selection_only,True,79.9710693359375,79.68563079833984,80.01718139648438,79.33952331542969,5,1,80.40069099979519,480.56494140625,537.72314453125,ok
lowrank_easy,16384,True,torch.float16,1234,0.1,16,original_router,True,90.19913482666016,89.95635223388672,90.74230194091797,89.55903625488281,5,1,90.43022399964684,672.5966796875,729.7548828125,ok
lowrank_easy,16384,True,torch.float16,1234,0.1,16,choose_once_2_calls,True,201.6768035888672,200.8693084716797,202.6393585205078,200.61138916015625,5,1,203.17834300021786,480.56494140625,537.72314453125,ok
lowrank_easy,16384,True,torch.float16,1234,0.1,16,choose_once_4_calls,True,323.209228515625,322.85626220703125,323.5473937988281,322.7054138183594,5,1,324.2263739998634,480.56494140625,537.72314453125,ok
lowrank_easy,16384,True,torch.float16,1234,0.1,16,choose_once_8_calls,True,567.3982543945312,566.7635498046875,568.0479125976562,565.73046875,5,1,565.5190539996511,480.56494140625,537.72314453125,ok
lowrank_easy,16384,True,torch.float16,1234,0.1,16,rf64,True,18.495359420776367,18.343936920166016,18.499008178710938,18.246591567993164,5,1,18.77061599998342,242.12744140625,299.28564453125,ok
lowrank_easy,16384,True,torch.float16,1234,0.1,16,rf256,True,35.156192779541016,34.88768005371094,35.49622344970703,34.457889556884766,5,1,34.86820600028295,528.50048828125,585.65869140625,ok
lowrank_easy,16384,True,torch.float16,1234,0.1,16,rf1024,True,124.01750183105469,123.8642578125,124.56140899658203,121.33846282958984,5,1,121.56562400014082,864.25048828125,921.40869140625,ok
lowrank_easy,32768,True,torch.float16,1234,0.1,16,sdpa,True,105.46601867675781,104.9353256225586,105.8897933959961,104.06118774414062,5,1,104.81000599975232,32.0,137.158203125,ok
lowrank_easy,32768,True,torch.float16,1234,0.1,16,probe_first,True,274.0295104980469,273.53863525390625,276.3632507324219,273.14190673828125,5,1,283.3641400002307,904.25146484375,1009.40966796875,ok
lowrank_easy,32768,True,torch.float16,1234,0.1,16,cached_same,True,148.86758422851562,146.86441040039062,148.8834228515625,146.74185180664062,5,1,149.1921399997409,904.25048828125,1009.40869140625,ok
lowrank_easy,32768,True,torch.float16,1234,0.1,16,selection_only,True,130.9814453125,129.8329620361328,131.43580627441406,128.88473510742188,5,1,128.48243400003412,864.93994140625,970.09814453125,ok
lowrank_easy,32768,True,torch.float16,1234,0.1,16,original_router,True,170.08677673339844,169.70343017578125,172.885986328125,169.22767639160156,5,1,170.49489800001538,1216.9716796875,1322.1298828125,ok
lowrank_easy,32768,True,torch.float16,1234,0.1,16,choose_once_2_calls,True,422.1965637207031,420.0263366699219,422.2054443359375,419.34991455078125,5,1,418.5464430001957,936.2509765625,1041.4091796875,ok
lowrank_easy,32768,True,torch.float16,1234,0.1,16,choose_once_4_calls,True,715.020263671875,714.9432983398438,716.020263671875,713.593505859375,5,1,719.401815999845,936.2509765625,1041.4091796875,ok
lowrank_easy,32768,True,torch.float16,1234,0.1,16,choose_once_8_calls,True,1312.22998046875,1311.369140625,1321.0608520507812,1310.50830078125,3,0,1299.0972379998311,936.2509765625,1041.4091796875,ok
lowrank_easy,32768,True,torch.float16,1234,0.1,16,rf64,True,37.31455993652344,37.11491012573242,37.6525764465332,35.851871490478516,5,1,35.701635999885184,482.12744140625,587.28564453125,ok
lowrank_easy,32768,True,torch.float16,1234,0.1,16,rf256,True,68.95104217529297,68.54450988769531,69.4112319946289,67.85174560546875,5,1,69.26560100009738,1057.00048828125,1162.15869140625,ok
lowrank_easy,32768,True,torch.float16,1234,0.1,16,rf1024,True,266.70660400390625,266.55377197265625,267.325439453125,266.0491943359375,5,1,268.4836329999598,880.25048828125,985.40869140625,ok
lowrank_easy,65536,True,torch.float16,1234,0.1,16,sdpa,True,464.2815856933594,464.1443786621094,465.37957763671875,461.8852844238281,5,1,463.6081139997259,64.0,265.158203125,ok
lowrank_easy,65536,True,torch.float16,1234,0.1,16,probe_first,True,431.2230529785156,430.845947265625,441.9368896484375,428.99591064453125,5,1,431.13018799977,1154.033203125,1355.19140625,ok
lowrank_easy,65536,True,torch.float16,1234,0.1,16,cached_same,True,222.97190856933594,222.87564086914062,225.80563354492188,222.1669464111328,5,1,227.15431100004935,1105.00048828125,1306.15869140625,ok
lowrank_easy,65536,True,torch.float16,1234,0.1,16,selection_only,True,207.11680603027344,206.9073944091797,208.12547302246094,205.3829803466797,5,1,208.14691899977333,1154.033203125,1355.19140625,ok
lowrank_easy,65536,True,torch.float16,1234,0.1,16,original_router,True,209.37513732910156,209.110595703125,209.4940185546875,208.33279418945312,5,1,208.66955500014228,2433.8466796875,2635.0048828125,ok
lowrank_easy,65536,True,torch.float16,1234,0.1,16,choose_once_2_calls,True,650.997314453125,650.7976684570312,658.5594482421875,649.5499877929688,5,1,652.2531560003699,1169.0009765625,1370.1591796875,ok
lowrank_easy,65536,True,torch.float16,1234,0.1,16,choose_once_4_calls,True,1108.0447998046875,1106.4284057617188,1123.8026123046875,1104.81201171875,3,0,1122.8627450000204,1169.0009765625,1370.1591796875,ok
lowrank_easy,65536,True,torch.float16,1234,0.1,16,choose_once_8_calls,True,1995.3848876953125,1993.1290283203125,2007.1156005859375,1990.8731689453125,3,0,1992.0114639999156,1169.0009765625,1370.1591796875,ok
lowrank_easy,65536,True,torch.float16,1234,0.1,16,rf64,True,75.24127960205078,74.48143768310547,76.16512298583984,74.45503997802734,5,1,76.8270050002684,962.12744140625,1163.28564453125,ok
lowrank_easy,65536,True,torch.float16,1234,0.1,16,rf256,True,170.40301513671875,169.23446655273438,172.15692138671875,169.2220458984375,5,1,168.09965999982523,1153.00048828125,1354.15869140625,ok
lowrank_easy,65536,True,torch.float16,1234,0.1,16,rf1024,True,596.70166015625,589.16943359375,597.080078125,582.0067749023438,5,1,589.8593580000124,912.25048828125,1113.40869140625,ok
lowrank_easy,512,True,torch.float32,1234,0.1,16,sdpa,True,0.2197120040655136,0.21820800006389618,0.220768004655838,0.21648000180721283,5,1,0.2575359999354987,1.0,13.1728515625,ok
lowrank_easy,512,True,torch.float32,1234,0.1,16,probe_first,True,8.576767921447754,8.546015739440918,8.86076831817627,8.41113567352295,5,1,8.49522699991212,16.88330078125,29.05615234375,ok
lowrank_easy,512,True,torch.float32,1234,0.1,16,cached_same,True,2.5354878902435303,2.519871950149536,2.541663885116577,2.499295949935913,5,1,2.63660600012372,16.88232421875,29.05517578125,ok
lowrank_easy,512,True,torch.float32,1234,0.1,16,selection_only,True,5.5226240158081055,5.4451518058776855,5.544544219970703,5.404384136199951,5,1,5.6417129999317694,10.57861328125,22.75146484375,ok
lowrank_easy,512,True,torch.float32,1234,0.1,16,original_router,True,3.721440076828003,3.711616039276123,3.7314560413360596,3.7096641063690186,5,1,3.9388129998769728,17.853515625,30.0263671875,ok
lowrank_easy,512,True,torch.float32,1234,0.1,16,choose_once_2_calls,True,10.320768356323242,10.272543907165527,10.395711898803711,10.166272163391113,5,1,12.249463999978616,17.8828125,30.0556640625,ok
lowrank_easy,512,True,torch.float32,1234,0.1,16,choose_once_4_calls,True,15.10927963256836,15.095744132995605,15.147007942199707,15.07532787322998,5,1,15.27937099990595,17.8828125,30.0556640625,ok
lowrank_easy,512,True,torch.float32,1234,0.1,16,choose_once_8_calls,True,25.328800201416016,24.775808334350586,25.42406463623047,24.619104385375977,5,1,26.298045000203274,17.8828125,30.0556640625,ok
lowrank_easy,512,True,torch.float32,1234,0.1,16,rf64,True,1.513152003288269,1.5121920108795166,1.53603196144104,1.4612799882888794,5,1,1.7145000001619337,12.62744140625,24.80029296875,ok
lowrank_easy,512,True,torch.float32,1234,0.1,16,rf256,True,1.5113919973373413,1.5011839866638184,1.696671962738037,1.4708800315856934,5,1,1.7098359999181412,19.00830078125,31.18115234375,ok
lowrank_easy,512,True,torch.float32,1234,0.1,16,rf1024,True,3.3770558834075928,3.3723199367523193,3.377216100692749,3.172640085220337,5,1,3.2558319999225205,53.01611328125,65.18896484375,ok
lowrank_easy,1024,True,torch.float32,1234,0.1,16,sdpa,True,0.6584960222244263,0.64547199010849,0.6635519862174988,0.634880006313324,5,1,0.695286999871314,2.0,17.1884765625,ok
lowrank_easy,1024,True,torch.float32,1234,0.1,16,probe_first,True,17.680288314819336,17.577632904052734,17.68182373046875,17.57356834411621,5,1,17.79948500006867,29.50927734375,44.69775390625,ok
lowrank_easy,1024,True,torch.float32,1234,0.1,16,cached_same,True,5.012991905212402,5.01145601272583,5.023104190826416,5.0103678703308105,5,1,5.122143999869877,29.50830078125,44.69677734375,ok
lowrank_easy,1024,True,torch.float32,1234,0.1,16,selection_only,True,12.874239921569824,12.668543815612793,13.012319564819336,12.630016326904297,5,1,12.828650000301423,24.09619140625,39.28466796875,ok
lowrank_easy,1024,True,torch.float32,1234,0.1,16,original_router,True,8.596063613891602,8.541760444641113,8.622079849243164,8.539872169494629,5,1,8.691595000072994,36.1279296875,51.31640625,ok
lowrank_easy,1024,True,torch.float32,1234,0.1,16,choose_once_2_calls,True,22.939647674560547,22.831872940063477,22.969823837280273,22.75446319580078,5,1,23.41168300017671,32.0087890625,47.197265625,ok
lowrank_easy,1024,True,torch.float32,1234,0.1,16,choose_once_4_calls,True,33.2308464050293,33.16704177856445,33.603294372558594,29.21126365661621,5,1,28.011868999783474,32.0087890625,47.197265625,ok
lowrank_easy,1024,True,torch.float32,1234,0.1,16,choose_once_8_calls,True,47.549407958984375,45.30054473876953,47.62326431274414,43.96031951904297,5,1,51.34788199984541,32.0087890625,47.197265625,ok
lowrank_easy,1024,True,torch.float32,1234,0.1,16,rf64,True,1.9273279905319214,1.9271680116653442,1.9530880451202393,1.9189759492874146,5,1,2.1614649999719404,19.62744140625,34.81591796875,ok
lowrank_easy,1024,True,torch.float32,1234,0.1,16,rf256,True,2.1340160369873047,2.130336046218872,2.1573760509490967,2.123392105102539,5,1,2.2174440000526374,34.03173828125,49.22021484375,ok
lowrank_easy,1024,True,torch.float32,1234,0.1,16,rf1024,True,5.486879825592041,5.24073600769043,5.597184181213379,5.2184319496154785,5,1,5.646235999847704,106.03173828125,121.22021484375,ok
lowrank_easy,2048,True,torch.float32,1234,0.1,16,sdpa,True,1.341536045074463,1.3271039724349976,1.3557120561599731,1.316864013671875,5,1,1.3737379999838595,4.0,25.2197265625,ok
lowrank_easy,2048,True,torch.float32,1234,0.1,16,probe_first,True,31.39379119873047,31.12995147705078,31.807039260864258,30.803647994995117,5,1,34.37284900019222,53.42333984375,74.64306640625,ok
lowrank_easy,2048,True,torch.float32,1234,0.1,16,cached_same,True,8.546815872192383,8.545184135437012,8.567808151245117,8.513888359069824,5,1,8.962516999872605,53.42236328125,74.64208984375,ok
lowrank_easy,2048,True,torch.float32,1234,0.1,16,selection_only,True,22.5948486328125,22.455968856811523,22.599775314331055,22.163455963134766,5,1,24.83425399987027,42.99462890625,64.21435546875,ok
lowrank_easy,2048,True,torch.float32,1234,0.1,16,original_router,True,10.637568473815918,10.60649585723877,10.660256385803223,10.533632278442383,5,1,11.214609000035125,64.5263671875,85.74609375,ok
lowrank_easy,2048,True,torch.float32,1234,0.1,16,choose_once_2_calls,True,41.03094482421875,40.91462326049805,41.60102462768555,40.5984001159668,5,1,42.15757099973416,57.4228515625,78.642578125,ok
lowrank_easy,2048,True,torch.float32,1234,0.1,16,choose_once_4_calls,True,56.56371307373047,56.13779067993164,57.102718353271484,55.72243118286133,5,1,58.56163299995387,57.4228515625,78.642578125,ok
lowrank_easy,2048,True,torch.float32,1234,0.1,16,choose_once_8_calls,True,91.03865814208984,90.44134521484375,91.05197143554688,90.11404418945312,5,1,93.17241000007925,57.4228515625,78.642578125,ok
lowrank_easy,2048,True,torch.float32,1234,0.1,16,rf64,True,2.9060800075531006,2.895967960357666,2.9087040424346924,2.8956799507141113,5,1,3.132704000108788,34.12744140625,55.34716796875,ok
lowrank_easy,2048,True,torch.float32,1234,0.1,16,rf256,True,3.880863904953003,3.8728959560394287,3.8819520473480225,3.8707520961761475,5,1,3.9241709996531426,68.06298828125,89.28271484375,ok
lowrank_easy,2048,True,torch.float32,1234,0.1,16,rf1024,True,12.238783836364746,10.827775955200195,12.515359878540039,10.79980754852295,5,1,12.88970599989625,212.06298828125,233.28271484375,ok
lowrank_easy,4096,True,torch.float32,1234,0.1,16,sdpa,True,5.110720157623291,5.063648223876953,5.193535804748535,4.909056186676025,5,1,6.751803000042855,8.0,41.2822265625,ok
lowrank_easy,4096,True,torch.float32,1234,0.1,16,probe_first,True,48.87916946411133,48.775840759277344,48.91852951049805,48.71820831298828,5,1,49.41017700002703,118.03271484375,151.31494140625,ok
lowrank_easy,4096,True,torch.float32,1234,0.1,16,cached_same,True,15.236800193786621,15.200096130371094,15.305055618286133,14.051168441772461,5,1,15.61755299962897,118.03173828125,151.31396484375,ok
lowrank_easy,4096,True,torch.float32,1234,0.1,16,selection_only,True,36.26326370239258,35.91686248779297,36.60697555541992,35.639488220214844,5,1,37.69996599976366,96.18994140625,129.47216796875,ok
lowrank_easy,4096,True,torch.float32,1234,0.1,16,original_router,True,23.133567810058594,22.64873504638672,23.372671127319336,22.48908805847168,5,1,22.531760999754624,144.2216796875,177.50390625,ok
lowrank_easy,4096,True,torch.float32,1234,0.1,16,choose_once_2_calls,True,62.93059158325195,62.788448333740234,63.16236877441406,62.66057586669922,5,1,63.34654399961437,126.0322265625,159.314453125,ok
lowrank_easy,4096,True,torch.float32,1234,0.1,16,choose_once_4_calls,True,93.4164810180664,93.23458862304688,93.88441467285156,93.18195343017578,5,1,92.36837800017383,126.0322265625,159.314453125,ok
lowrank_easy,4096,True,torch.float32,1234,0.1,16,choose_once_8_calls,True,154.1570587158203,153.48736572265625,154.5128631591797,152.99026489257812,5,1,155.43858599994564,126.0322265625,159.314453125,ok
lowrank_easy,4096,True,torch.float32,1234,0.1,16,rf64,True,5.201600074768066,5.164991855621338,5.269792079925537,5.14358377456665,5,1,5.214497999986634,66.12744140625,99.40966796875,ok
lowrank_easy,4096,True,torch.float32,1234,0.1,16,rf256,True,7.884799957275391,7.432159900665283,8.203680038452148,7.387135982513428,5,1,8.958878999692388,136.12548828125,169.40771484375,ok
lowrank_easy,4096,True,torch.float32,1234,0.1,16,rf1024,True,26.45542335510254,25.970815658569336,26.802175521850586,25.778207778930664,5,1,25.172133000069152,424.12548828125,457.40771484375,ok
lowrank_easy,8192,True,torch.float32,1234,0.1,16,sdpa,True,26.68320083618164,26.304256439208984,27.072608947753906,25.7172794342041,5,1,26.756676999866613,16.0,73.158203125,ok
lowrank_easy,8192,True,torch.float32,1234,0.1,16,probe_first,True,73.91923522949219,73.85702514648438,74.1178207397461,73.77728271484375,5,1,74.11194899987095,236.06396484375,293.22216796875,ok
lowrank_easy,8192,True,torch.float32,1234,0.1,16,cached_same,True,30.58291244506836,30.38617515563965,30.591392517089844,30.26380729675293,5,1,30.667626000195014,236.06298828125,293.22119140625,ok
lowrank_easy,8192,True,torch.float32,1234,0.1,16,selection_only,True,48.0843505859375,47.95600128173828,48.39616012573242,46.5959358215332,5,1,48.32829600036348,192.31494140625,249.47314453125,ok
lowrank_easy,8192,True,torch.float32,1234,0.1,16,original_router,True,44.7154541015625,44.45091247558594,44.88636779785156,44.272830963134766,5,1,44.754057000318426,288.3466796875,345.5048828125,ok
lowrank_easy,8192,True,torch.float32,1234,0.1,16,choose_once_2_calls,True,103.58169555664062,103.54118347167969,104.09788513183594,102.80825805664062,5,1,104.0401599998404,252.0634765625,309.2216796875,ok
lowrank_easy,8192,True,torch.float32,1234,0.1,16,choose_once_4_calls,True,166.79673767089844,166.19065856933594,167.68748474121094,164.1815643310547,5,1,165.25408899997274,252.0634765625,309.2216796875,ok
lowrank_easy,8192,True,torch.float32,1234,0.1,16,choose_once_8_calls,True,285.9272766113281,285.7523498535156,287.2159118652344,284.9013671875,5,1,288.7186020002446,252.0634765625,309.2216796875,ok
lowrank_easy,8192,True,torch.float32,1234,0.1,16,rf64,True,9.644607543945312,9.476096153259277,9.708576202392578,9.234399795532227,5,1,10.248307999972894,130.12744140625,187.28564453125,ok
lowrank_easy,8192,True,torch.float32,1234,0.1,16,rf256,True,17.50511932373047,17.01273536682129,17.730239868164062,15.622143745422363,5,1,17.14048499979981,272.25048828125,329.40869140625,ok
lowrank_easy,8192,True,torch.float32,1234,0.1,16,rf1024,True,53.022464752197266,52.74563217163086,53.5761604309082,52.68979263305664,5,1,53.408811000281275,848.25048828125,905.40869140625,ok
lowrank_easy,16384,True,torch.float32,1234,0.1,16,sdpa,True,113.0466537475586,112.70140838623047,113.10050964355469,112.41433715820312,5,1,113.28152600026442,32.0,137.158203125,ok
lowrank_easy,16384,True,torch.float32,1234,0.1,16,probe_first,True,136.93087768554688,136.74156188964844,137.60723876953125,135.99130249023438,5,1,136.27537899992603,472.12646484375,577.28466796875,ok
lowrank_easy,16384,True,torch.float32,1234,0.1,16,cached_same,True,60.2889289855957,59.816001892089844,60.41398239135742,59.68806457519531,5,1,59.70535500000551,472.12548828125,577.28369140625,ok
lowrank_easy,16384,True,torch.float32,1234,0.1,16,selection_only,True,81.16019439697266,80.64447784423828,81.17046356201172,80.45977783203125,5,1,81.2155039998288,384.56494140625,489.72314453125,ok
lowrank_easy,16384,True,torch.float32,1234,0.1,16,original_router,True,90.93679809570312,90.79468536376953,91.28166198730469,90.30489349365234,5,1,89.55120000018724,576.5966796875,681.7548828125,ok
lowrank_easy,16384,True,torch.float32,1234,0.1,16,choose_once_2_calls,True,200.46214294433594,199.9634552001953,201.119384765625,197.3671417236328,5,1,200.23797299973012,504.1259765625,609.2841796875,ok
lowrank_easy,16384,True,torch.float32,1234,0.1,16,choose_once_4_calls,True,324.72198486328125,324.5401916503906,324.9171447753906,323.8295593261719,5,1,323.2121480000387,504.1259765625,609.2841796875,ok
lowrank_easy,16384,True,torch.float32,1234,0.1,16,choose_once_8_calls,True,567.828857421875,567.667724609375,568.0746459960938,567.0934448242188,5,1,567.1099940000204,504.1259765625,609.2841796875,ok
lowrank_easy,16384,True,torch.float32,1234,0.1,16,rf64,True,18.629535675048828,17.98758316040039,18.685216903686523,17.48147201538086,5,1,19.29254700007732,258.12744140625,363.28564453125,ok
lowrank_easy,16384,True,torch.float32,1234,0.1,16,rf256,True,34.769920349121094,34.439456939697266,34.939231872558594,34.369728088378906,5,1,34.42508100033592,544.50048828125,649.65869140625,ok
lowrank_easy,16384,True,torch.float32,1234,0.1,16,rf1024,True,122.50582122802734,122.4942398071289,122.92588806152344,122.25881958007812,5,1,122.99865500017404,880.25048828125,985.40869140625,ok
lowrank_easy,32768,True,torch.float32,1234,0.1,16,sdpa,True,486.9078674316406,486.73553466796875,487.53887939453125,485.8547668457031,5,1,487.6791729998331,64.0,265.158203125,ok
lowrank_easy,32768,True,torch.float32,1234,0.1,16,probe_first,True,275.90289306640625,275.4021911621094,277.33612060546875,273.5654602050781,5,1,278.3815890002188,936.25146484375,1137.40966796875,ok
lowrank_easy,32768,True,torch.float32,1234,0.1,16,cached_same,True,147.6155548095703,146.38540649414062,147.82879638671875,146.1744384765625,5,1,149.75169599983928,936.25048828125,1137.40869140625,ok
lowrank_easy,32768,True,torch.float32,1234,0.1,16,selection_only,True,127.63737487792969,126.13846588134766,129.17340087890625,126.0769271850586,5,1,130.64878399973168,672.93994140625,874.09814453125,ok
lowrank_easy,32768,True,torch.float32,1234,0.1,16,original_router,True,168.76690673828125,168.76544189453125,171.0542449951172,168.65280151367188,5,1,168.36240600014207,1024.9716796875,1226.1298828125,ok
lowrank_easy,32768,True,torch.float32,1234,0.1,16,choose_once_2_calls,True,420.91497802734375,419.8884582519531,424.0834655761719,418.12225341796875,5,1,422.3941059999561,1000.2509765625,1201.4091796875,ok
lowrank_easy,32768,True,torch.float32,1234,0.1,16,choose_once_4_calls,True,710.4366455078125,709.75927734375,710.96533203125,709.5132446289062,5,1,711.8331279998529,1000.2509765625,1201.4091796875,ok
lowrank_easy,32768,True,torch.float32,1234,0.1,16,choose_once_8_calls,True,1300.2303466796875,1295.9450073242188,1310.1705932617188,1291.65966796875,3,0,1292.997251000088,1000.2509765625,1201.4091796875,ok
lowrank_easy,32768,True,torch.float32,1234,0.1,16,rf64,True,35.66387176513672,35.57292938232422,36.04662322998047,35.244319915771484,5,1,38.06817700024112,514.12744140625,715.28564453125,ok
lowrank_easy,32768,True,torch.float32,1234,0.1,16,rf256,True,67.44960021972656,67.02845001220703,67.86450958251953,66.90611267089844,5,1,67.89536999986012,1089.00048828125,1290.15869140625,ok
lowrank_easy,32768,True,torch.float32,1234,0.1,16,rf1024,True,265.0968322753906,264.436767578125,266.0530090332031,263.1296691894531,5,1,266.7410989997734,912.25048828125,1113.40869140625,ok
lowrank_easy,65536,True,torch.float32,1234,0.1,16,sdpa,True,1987.380615234375,1983.0115356445312,1990.8265380859375,1978.6424560546875,3,0,1998.5867030000009,128.0,521.158203125,ok
lowrank_easy,65536,True,torch.float32,1234,0.1,16,probe_first,True,423.2400207519531,421.1036682128906,424.9810485839844,418.8111877441406,5,1,425.54986699997244,1169.00146484375,1562.15966796875,ok
lowrank_easy,65536,True,torch.float32,1234,0.1,16,cached_same,True,222.08717346191406,221.99539184570312,222.6436767578125,219.53945922851562,5,1,223.92416100001356,1169.00048828125,1562.15869140625,ok
lowrank_easy,65536,True,torch.float32,1234,0.1,16,selection_only,True,201.56431579589844,200.0465850830078,202.14320373535156,198.78501892089844,5,1,200.64481600002182,770.033203125,1163.19140625,ok
lowrank_easy,65536,True,torch.float32,1234,0.1,16,original_router,True,207.0996856689453,206.50653076171875,208.0023956298828,206.2950439453125,5,1,206.95989500018186,2049.8466796875,2443.0048828125,ok
lowrank_easy,65536,True,torch.float32,1234,0.1,16,choose_once_2_calls,True,649.0778198242188,648.4357299804688,649.2238159179688,647.7955932617188,5,1,647.764530999666,1297.0009765625,1690.1591796875,ok
lowrank_easy,65536,True,torch.float32,1234,0.1,16,choose_once_4_calls,True,1093.4844970703125,1092.6806640625,1096.04248046875,1091.8768310546875,3,0,1095.270650999737,1297.0009765625,1690.1591796875,ok
lowrank_easy,65536,True,torch.float32,1234,0.1,16,choose_once_8_calls,True,1987.600341796875,1985.4235229492188,1997.2800903320312,1983.2467041015625,3,0,1981.6465430003518,1297.0009765625,1690.1591796875,ok
lowrank_easy,65536,True,torch.float32,1234,0.1,16,rf64,True,73.91868591308594,73.5621109008789,74.30143737792969,72.8453140258789,5,1,73.68137200001001,1026.12744140625,1419.28564453125,ok
lowrank_easy,65536,True,torch.float32,1234,0.1,16,rf256,True,168.0467529296875,167.38607788085938,168.85562133789062,167.083740234375,5,1,170.03461900003458,1217.00048828125,1610.15869140625,ok
lowrank_easy,65536,True,torch.float32,1234,0.1,16,rf1024,True,580.5109252929688,574.1690673828125,590.6740112304688,572.0801391601562,5,1,595.4491259999486,976.25048828125,1369.40869140625,ok
local_global_easy,512,False,torch.float16,1234,0.1,16,sdpa,True,0.10009600222110748,0.0963200032711029,0.10150399804115295,0.09596800059080124,5,1,0.13612600014312193,0.5,11.1728515625,ok
local_global_easy,512,False,torch.float16,1234,0.1,16,probe_first,True,3.9328958988189697,3.9096319675445557,3.9567360877990723,3.9093759059906006,5,1,4.166048000115552,9.048828125,19.7216796875,ok
local_global_easy,512,False,torch.float16,1234,0.1,16,cached_same,True,1.6485439538955688,1.6179200410842896,1.691648006439209,1.6034560203552246,5,1,1.8217739998362958,6.75048828125,17.42333984375,ok
local_global_easy,512,False,torch.float16,1234,0.1,16,selection_only,True,2.3493759632110596,2.3354239463806152,2.352191925048828,2.330591917037964,5,1,2.567978000115545,9.048828125,19.7216796875,ok
local_global_easy,512,False,torch.float16,1234,0.1,16,original_router,True,2.8891520500183105,2.833631992340088,3.208064079284668,2.7317440509796143,5,1,3.008994000083476,11.20703125,21.8798828125,ok
local_global_easy,512,False,torch.float16,1234,0.1,16,choose_once_2_calls,True,5.428192138671875,5.42409610748291,5.4476799964904785,5.416959762573242,5,1,5.802577000395104,9.048828125,19.7216796875,ok
local_global_easy,512,False,torch.float16,1234,0.1,16,choose_once_4_calls,True,9.588768005371094,9.577312469482422,10.668031692504883,9.383808135986328,5,1,10.294215000158147,9.048828125,19.7216796875,ok
local_global_easy,512,False,torch.float16,1234,0.1,16,choose_once_8_calls,True,14.537055969238281,14.489055633544922,14.624735832214355,14.46787166595459,5,1,16.980016000161413,9.048828125,19.7216796875,ok
local_global_easy,512,False,torch.float16,1234,0.1,16,rf64,True,0.9572799801826477,0.9377279877662659,0.9587519764900208,0.9338880181312561,5,1,1.0868630001823476,7.64306640625,18.31591796875,ok
local_global_easy,512,False,torch.float16,1234,0.1,16,rf256,True,1.1033600568771362,1.096351981163025,1.1098239421844482,1.0813440084457397,5,1,1.1581409999052994,16.51611328125,27.18896484375,ok
local_global_easy,512,False,torch.float16,1234,0.1,16,rf1024,True,2.33951997756958,2.3386878967285156,2.3437440395355225,2.3236799240112305,5,1,2.39789799979917,52.51611328125,63.18896484375,ok
local_global_easy,1024,False,torch.float16,1234,0.1,16,sdpa,True,0.2539840042591095,0.25273600220680237,0.25414401292800903,0.25145599246025085,5,1,0.29165299974920345,1.0,13.1884765625,ok
local_global_easy,1024,False,torch.float16,1234,0.1,16,probe_first,True,2.3664960861206055,2.3654398918151855,2.393951892852783,2.3552000522613525,5,1,2.3988909997569863,18.19189453125,30.38037109375,ok
local_global_easy,1024,False,torch.float16,1234,0.1,16,cached_same,True,1.0696320533752441,1.0349119901657104,1.0717439651489258,1.0292799472808838,5,1,1.0844739999811281,15.15869140625,27.34716796875,ok
local_global_easy,1024,False,torch.float16,1234,0.1,16,selection_only,True,1.4637759923934937,1.4524480104446411,1.474560022354126,1.433087944984436,5,1,1.4971939999668393,18.19189453125,30.38037109375,ok
local_global_easy,1024,False,torch.float16,1234,0.1,16,original_router,True,1.6083199977874756,1.6012799739837646,1.6097279787063599,1.5708800554275513,5,1,1.7982209997171594,22.22265625,34.4111328125,ok
local_global_easy,1024,False,torch.float16,1234,0.1,16,choose_once_2_calls,True,3.9789440631866455,3.964927911758423,4.029759883880615,3.9464640617370605,5,1,4.253500000231725,18.19189453125,30.38037109375,ok
local_global_easy,1024,False,torch.float16,1234,0.1,16,choose_once_4_calls,True,6.7215681076049805,6.711328029632568,6.748159885406494,6.6908159255981445,5,1,7.014419999904931,18.19189453125,30.38037109375,ok
local_global_easy,1024,False,torch.float16,1234,0.1,16,choose_once_8_calls,True,11.836128234863281,11.726688385009766,11.847776412963867,10.993280410766602,5,1,11.022714999853633,18.19189453125,30.38037109375,ok
local_global_easy,1024,False,torch.float16,1234,0.1,16,rf64,True,1.2408959865570068,1.2288320064544678,1.282688021659851,1.2163519859313965,5,1,2.074343999993289,15.15869140625,27.34716796875,ok
local_global_easy,1024,False,torch.float16,1234,0.1,16,rf256,True,2.02291202545166,2.021375894546509,2.034303903579712,2.0195839405059814,5,1,2.1123370001987496,39.5087890625,51.697265625,ok
local_global_easy,1024,False,torch.float16,1234,0.1,16,rf1024,True,4.8363518714904785,4.828767776489258,4.853759765625,4.817056179046631,5,1,4.933989000164729,105.03173828125,117.22021484375,ok
local_global_easy,2048,False,torch.float16,1234,0.1,16,sdpa,True,1.3094079494476318,1.3093440532684326,1.311295986175537,1.3068480491638184,5,1,1.3434569996206847,2.0,17.2197265625,ok
local_global_easy,2048,False,torch.float16,1234,0.1,16,probe_first,True,3.934015989303589,3.932159900665283,3.9494080543518066,3.9318079948425293,5,1,4.406843000197114,36.19189453125,51.41162109375,ok
local_global_easy,2048,False,torch.float16,1234,0.1,16,cached_same,True,2.0055360794067383,2.004703998565674,2.011104106903076,2.0030720233917236,5,1,2.039295000031416,30.18994140625,45.40966796875,ok
local_global_easy,2048,False,torch.float16,1234,0.1,16,selection_only,True,2.03273606300354,2.0264320373535156,2.0357120037078857,2.01910400390625,5,1,2.034016000379779,36.19189453125,51.41162109375,ok
local_global_easy,2048,False,torch.float16,1234,0.1,16,original_router,True,2.6876161098480225,2.668992042541504,2.689120054244995,2.654304027557373,5,1,2.7398259999245056,44.25390625,59.4736328125,ok
local_global_easy,2048,False,torch.float16,1234,0.1,16,choose_once_2_calls,True,5.910496234893799,5.886847972869873,5.920896053314209,5.881792068481445,5,1,5.921308000324643,36.19189453125,51.41162109375,ok
local_global_easy,2048,False,torch.float16,1234,0.1,16,choose_once_4_calls,True,9.89907169342041,9.796768188476562,9.941375732421875,9.796159744262695,5,1,9.864969000318524,36.19189453125,51.41162109375,ok
local_global_easy,2048,False,torch.float16,1234,0.1,16,choose_once_8_calls,True,17.448959350585938,17.425216674804688,17.455167770385742,17.368576049804688,5,1,17.783050000161893,36.19189453125,51.41162109375,ok
local_global_easy,2048,False,torch.float16,1234,0.1,16,rf64,True,1.619968056678772,1.6138240098953247,1.6458560228347778,1.5888960361480713,5,1,1.6868299999259762,30.18994140625,45.40966796875,ok
local_global_easy,2048,False,torch.float16,1234,0.1,16,rf256,True,2.689471960067749,2.6849279403686523,2.700927972793579,2.6780478954315186,5,1,2.737250000336644,66.5087890625,81.728515625,ok
local_global_easy,2048,False,torch.float16,1234,0.1,16,rf1024,True,7.528448104858398,7.523104190826416,7.540736198425293,7.520415782928467,5,1,7.797479000146268,210.06298828125,225.28271484375,ok
local_global_easy,4096,False,torch.float16,1234,0.1,16,sdpa,True,2.73907208442688,2.7321600914001465,2.7400319576263428,2.7292160987854004,5,1,2.762868999980128,4.0,25.2822265625,ok
local_global_easy,4096,False,torch.float16,1234,0.1,16,probe_first,True,5.27023983001709,5.228544235229492,5.283840179443359,5.228511810302734,5,1,5.261517999770149,72.19189453125,93.47412109375,ok
local_global_easy,4096,False,torch.float16,1234,0.1,16,cached_same,True,2.7747840881347656,2.7693119049072266,2.7848000526428223,2.752511978149414,5,1,2.799580000100832,60.25244140625,81.53466796875,ok
local_global_easy,4096,False,torch.float16,1234,0.1,16,selection_only,True,2.6485118865966797,2.6214399337768555,2.6620800495147705,2.5997440814971924,5,1,2.6527599998189544,72.19189453125,93.47412109375,ok
local_global_easy,4096,False,torch.float16,1234,0.1,16,original_router,True,3.540832042694092,3.513535976409912,3.575615882873535,3.5082240104675293,5,1,3.684476999751496,88.31640625,109.5986328125,ok
local_global_easy,4096,False,torch.float16,1234,0.1,16,choose_once_2_calls,True,7.931359767913818,7.925792217254639,7.932864189147949,7.884191989898682,5,1,8.004108000022825,72.19189453125,93.47412109375,ok
local_global_easy,4096,False,torch.float16,1234,0.1,16,choose_once_4_calls,True,12.611583709716797,12.570879936218262,12.658559799194336,12.55190372467041,5,1,12.812370999654377,72.19189453125,93.47412109375,ok
local_global_easy,4096,False,torch.float16,1234,0.1,16,choose_once_8_calls,True,22.937599182128906,22.775232315063477,22.99977684020996,22.19353675842285,5,1,22.72136400006275,72.19189453125,93.47412109375,ok
local_global_easy,4096,False,torch.float16,1234,0.1,16,rf64,True,2.4691519737243652,2.4678080081939697,2.478816032409668,2.4672000408172607,5,1,2.535548000196286,60.25244140625,81.53466796875,ok
local_global_easy,4096,False,torch.float16,1234,0.1,16,rf256,True,4.772480010986328,4.726655960083008,4.779839992523193,4.704288005828857,5,1,4.835308000110672,132.12548828125,153.40771484375,ok
local_global_easy,4096,False,torch.float16,1234,0.1,16,rf1024,True,15.127424240112305,14.608384132385254,15.561087608337402,14.214624404907227,5,1,15.58707799995318,420.12548828125,441.40771484375,ok
local_global_easy,8192,False,torch.float16,1234,0.1,16,sdpa,True,10.305536270141602,8.534015655517578,11.223008155822754,8.525823593139648,5,1,12.328594000337034,8.0,41.158203125,ok
local_global_easy,8192,False,torch.float16,1234,0.1,16,probe_first,True,8.61952018737793,8.583264350891113,8.768223762512207,8.553791999816895,5,1,8.828456999708578,144.283203125,177.44140625,ok
local_global_easy,8192,False,torch.float16,1234,0.1,16,cached_same,True,4.530176162719727,4.522047996520996,4.544735908508301,4.49945592880249,5,1,4.725233000044682,120.37744140625,153.53564453125,ok
local_global_easy,8192,False,torch.float16,1234,0.1,16,selection_only,True,3.9096319675445557,3.9085121154785156,3.940351963043213,3.896735906600952,5,1,4.00217199967301,144.283203125,177.44140625,ok
local_global_easy,8192,False,torch.float16,1234,0.1,16,original_router,True,5.70300817489624,5.692255973815918,5.711520195007324,5.664768218994141,5,1,6.009432000155357,176.44140625,209.599609375,ok
local_global_easy,8192,False,torch.float16,1234,0.1,16,choose_once_2_calls,True,13.42416000366211,13.232383728027344,13.632448196411133,12.908543586730957,5,1,13.769199999842385,144.283203125,177.44140625,ok
local_global_easy,8192,False,torch.float16,1234,0.1,16,choose_once_4_calls,True,23.304319381713867,23.236608505249023,23.326719284057617,23.076000213623047,5,1,23.35426399986318,144.283203125,177.44140625,ok
local_global_easy,8192,False,torch.float16,1234,0.1,16,choose_once_8_calls,True,42.10563278198242,41.84511947631836,42.33852767944336,41.82969665527344,5,1,41.931592999844725,144.283203125,177.44140625,ok
local_global_easy,8192,False,torch.float16,1234,0.1,16,rf64,True,4.577184200286865,4.571135997772217,4.581376075744629,4.56496000289917,5,1,4.648447999898053,120.37744140625,153.53564453125,ok
local_global_easy,8192,False,torch.float16,1234,0.1,16,rf256,True,9.2260160446167,9.000896453857422,9.267200469970703,8.940447807312012,5,1,9.673993999967934,264.25048828125,297.40869140625,ok
local_global_easy,8192,False,torch.float16,1234,0.1,16,rf1024,True,32.161407470703125,32.13315200805664,32.572383880615234,30.94313621520996,5,1,32.8066619999845,840.25048828125,873.40869140625,ok
local_global_easy,16384,False,torch.float16,1234,0.1,16,sdpa,True,46.224159240722656,45.61840057373047,46.31139373779297,45.44643020629883,5,1,45.73076700035017,16.0,73.158203125,ok
local_global_easy,16384,False,torch.float16,1234,0.1,16,probe_first,True,16.91257667541504,16.846527099609375,16.950368881225586,16.680927276611328,5,1,17.092503999720066,288.533203125,345.69140625,ok
local_global_easy,16384,False,torch.float16,1234,0.1,16,cached_same,True,9.004192352294922,8.656928062438965,9.029184341430664,8.630271911621094,5,1,9.254904000044917,240.62744140625,297.78564453125,ok
local_global_easy,16384,False,torch.float16,1234,0.1,16,selection_only,True,7.436863899230957,7.321055889129639,7.451104164123535,7.2445759773254395,5,1,7.696885999848746,288.533203125,345.69140625,ok
local_global_easy,16384,False,torch.float16,1234,0.1,16,original_router,True,11.270336151123047,11.133343696594238,11.904640197753906,10.797663688659668,5,1,11.925982999855478,352.69140625,409.849609375,ok
local_global_easy,16384,False,torch.float16,1234,0.1,16,choose_once_2_calls,True,26.41916847229004,25.949951171875,26.505952835083008,25.892927169799805,5,1,26.51950199970088,288.533203125,345.69140625,ok
local_global_easy,16384,False,torch.float16,1234,0.1,16,choose_once_4_calls,True,44.94412612915039,44.807552337646484,45.20345687866211,44.60019302368164,5,1,44.04606399975819,288.533203125,345.69140625,ok
local_global_easy,16384,False,torch.float16,1234,0.1,16,choose_once_8_calls,True,81.44691467285156,81.38082885742188,81.9434585571289,81.20934295654297,5,1,80.40839300019798,288.533203125,345.69140625,ok
local_global_easy,16384,False,torch.float16,1234,0.1,16,rf64,True,9.08291244506836,8.779104232788086,9.099264144897461,8.762687683105469,5,1,9.253669999907288,240.62744140625,297.78564453125,ok
local_global_easy,16384,False,torch.float16,1234,0.1,16,rf256,True,19.159040451049805,19.02796745300293,19.381568908691406,18.052928924560547,5,1,18.995636999989074,528.50048828125,585.65869140625,ok
local_global_easy,16384,False,torch.float16,1234,0.1,16,rf1024,True,64.87996673583984,64.85750579833984,65.2760009765625,64.7720947265625,5,1,64.45894200032853,864.25048828125,921.40869140625,ok
local_global_easy,32768,False,torch.float16,1234,0.1,16,sdpa,True,183.49337768554688,183.3224639892578,183.94277954101562,182.28839111328125,5,1,183.10895600006916,32.0,137.158203125,ok
local_global_easy,32768,False,torch.float16,1234,0.1,16,probe_first,True,33.463008880615234,33.261375427246094,33.6701774597168,33.1280632019043,5,1,33.13829299986537,577.033203125,682.19140625,ok
local_global_easy,32768,False,torch.float16,1234,0.1,16,cached_same,True,18.507551193237305,18.150976181030273,18.545568466186523,17.394847869873047,5,1,18.177563000335795,481.12744140625,586.28564453125,ok
local_global_easy,32768,False,torch.float16,1234,0.1,16,selection_only,True,15.294464111328125,14.759872436523438,15.351807594299316,14.35647964477539,5,1,15.306400999634207,577.033203125,682.19140625,ok
local_global_easy,32768,False,torch.float16,1234,0.1,16,original_router,True,23.10348892211914,22.80748748779297,23.353567123413086,22.75107192993164,5,1,23.530438000307186,705.19140625,810.349609375,ok
local_global_easy,32768,False,torch.float16,1234,0.1,16,choose_once_2_calls,True,51.56422424316406,51.46467208862305,51.75395202636719,51.054622650146484,5,1,53.49118399999497,577.033203125,682.19140625,ok
local_global_easy,32768,False,torch.float16,1234,0.1,16,choose_once_4_calls,True,88.24771118164062,87.87763214111328,88.56982421875,87.78956604003906,5,1,87.96377999988181,577.033203125,682.19140625,ok
local_global_easy,32768,False,torch.float16,1234,0.1,16,choose_once_8_calls,True,162.31097412109375,161.3660430908203,162.33030700683594,160.97769165039062,5,1,161.48100500004148,577.033203125,682.19140625,ok
local_global_easy,32768,False,torch.float16,1234,0.1,16,rf64,True,17.89936065673828,17.766271591186523,17.917888641357422,17.537023544311523,5,1,18.27212399985001,481.12744140625,586.28564453125,ok
local_global_easy,32768,False,torch.float16,1234,0.1,16,rf256,True,40.2022705078125,40.19200134277344,40.300479888916016,40.009727478027344,5,1,40.00908800026082,1057.00048828125,1162.15869140625,ok
local_global_easy,32768,False,torch.float16,1234,0.1,16,rf1024,True,135.06556701660156,134.845703125,135.14544677734375,133.70005798339844,5,1,135.11049899989303,880.25048828125,985.40869140625,ok
local_global_easy,65536,False,torch.float16,1234,0.1,16,sdpa,True,764.2774047851562,757.7393798828125,779.8095703125,754.8182983398438,5,1,761.8854060001468,64.0,265.158203125,ok
local_global_easy,65536,False,torch.float16,1234,0.1,16,probe_first,True,68.501953125,68.39071655273438,69.32089233398438,66.47602844238281,5,1,68.447408999873,1154.033203125,1355.19140625,ok
local_global_easy,65536,False,torch.float16,1234,0.1,16,cached_same,True,37.25519943237305,37.09952163696289,37.27987289428711,36.85859298706055,5,1,38.65157999962321,962.12744140625,1163.28564453125,ok
local_global_easy,65536,False,torch.float16,1234,0.1,16,selection_only,True,31.119359970092773,30.62713623046875,31.20128059387207,30.403968811035156,5,1,31.223748000229534,1154.033203125,1355.19140625,ok
local_global_easy,65536,False,torch.float16,1234,0.1,16,original_router,True,47.56687927246094,45.955230712890625,47.8842887878418,45.94688034057617,5,1,48.02249300018957,1410.19140625,1611.349609375,ok
local_global_easy,65536,False,torch.float16,1234,0.1,16,choose_once_2_calls,True,105.66403198242188,105.0282211303711,106.68252563476562,104.04659271240234,5,1,107.18010599975969,1154.033203125,1355.19140625,ok
local_global_easy,65536,False,torch.float16,1234,0.1,16,choose_once_4_calls,True,182.19017028808594,182.08050537109375,183.12652587890625,179.8963165283203,5,1,183.18826899985652,1154.033203125,1355.19140625,ok
local_global_easy,65536,False,torch.float16,1234,0.1,16,choose_once_8_calls,True,325.7262268066406,324.81353759765625,327.7459411621094,321.9154052734375,5,1,325.8543080000891,1154.033203125,1355.19140625,ok
local_global_easy,65536,False,torch.float16,1234,0.1,16,rf64,True,36.853023529052734,36.8087043762207,36.8686408996582,36.737857818603516,5,1,36.79813500002638,962.12744140625,1163.28564453125,ok
local_global_easy,65536,False,torch.float16,1234,0.1,16,rf256,True,84.73023986816406,84.11750030517578,85.3115234375,83.11385345458984,5,1,81.5939500002969,1153.00048828125,1354.15869140625,ok
local_global_easy,65536,False,torch.float16,1234,0.1,16,rf1024,True,272.52960205078125,270.98681640625,272.9759216308594,270.1475524902344,5,1,271.4615929999127,912.25048828125,1113.40869140625,ok
local_global_easy,512,False,torch.float32,1234,0.1,16,sdpa,True,0.19286400079727173,0.19209599494934082,0.19660800695419312,0.19155199825763702,5,1,0.23286800023925025,1.0,13.1728515625,ok
local_global_easy,512,False,torch.float32,1234,0.1,16,probe_first,True,3.7147200107574463,3.7083520889282227,3.7254080772399902,3.6646080017089844,5,1,4.016768999917986,7.25146484375,19.42431640625,ok
local_global_easy,512,False,torch.float32,1234,0.1,16,cached_same,True,1.5811519622802734,1.5398399829864502,1.5990400314331055,1.5288640260696411,5,1,1.6385039998567663,7.25048828125,19.42333984375,ok
local_global_easy,512,False,torch.float32,1234,0.1,16,selection_only,True,2.2798080444335938,2.2795839309692383,2.2920000553131104,2.2753279209136963,5,1,2.305110000179411,6.048828125,18.2216796875,ok
local_global_easy,512,False,torch.float32,1234,0.1,16,original_router,True,2.652672052383423,2.594815969467163,2.7777280807495117,2.5807039737701416,5,1,2.7305970002089452,8.20703125,20.3798828125,ok
local_global_easy,512,False,torch.float32,1234,0.1,16,choose_once_2_calls,True,5.148799896240234,5.148672103881836,5.185472011566162,5.097472190856934,5,1,5.628135000279144,8.2509765625,20.423828125,ok
local_global_easy,512,False,torch.float32,1234,0.1,16,choose_once_4_calls,True,8.129152297973633,8.12441635131836,8.349696159362793,7.86787223815918,5,1,8.659547000206658,8.2509765625,20.423828125,ok
local_global_easy,512,False,torch.float32,1234,0.1,16,choose_once_8_calls,True,14.841856002807617,14.788607597351074,14.881216049194336,14.424063682556152,5,1,14.935285999854386,8.2509765625,20.423828125,ok
local_global_easy,512,False,torch.float32,1234,0.1,16,rf64,True,0.8859840035438538,0.8852800130844116,0.886784017086029,0.8847360014915466,5,1,0.9373570001116605,8.14306640625,20.31591796875,ok
local_global_easy,512,False,torch.float32,1234,0.1,16,rf256,True,0.9932799935340881,0.9902399778366089,0.9956480264663696,0.9830399751663208,5,1,1.0590010001578776,17.01611328125,29.18896484375,ok
local_global_easy,512,False,torch.float32,1234,0.1,16,rf1024,True,2.124160051345825,2.1238720417022705,2.125823974609375,2.113503932952881,5,1,2.226238000275771,53.01611328125,65.18896484375,ok
local_global_easy,1024,False,torch.float32,1234,0.1,16,sdpa,True,0.6922240257263184,0.6914880275726318,0.7003520131111145,0.6877120137214661,5,1,0.7221830001071794,2.0,17.1884765625,ok
local_global_easy,1024,False,torch.float32,1234,0.1,16,probe_first,True,2.3886399269104004,2.3775041103363037,2.3951680660247803,2.238719940185547,5,1,2.5058730002456286,16.15966796875,31.34814453125,ok
local_global_easy,1024,False,torch.float32,1234,0.1,16,cached_same,True,0.9236479997634888,0.9152640104293823,0.9318400025367737,0.9057599902153015,5,1,1.1560830002963485,16.15869140625,31.34716796875,ok
local_global_easy,1024,False,torch.float32,1234,0.1,16,selection_only,True,1.4064960479736328,1.3989440202713013,1.411072015762329,1.391103982925415,5,1,1.4398970001820999,12.19189453125,27.38037109375,ok
local_global_easy,1024,False,torch.float32,1234,0.1,16,original_router,True,1.5933760404586792,1.583359956741333,1.6291199922561646,1.5529600381851196,5,1,1.633722999940801,16.22265625,31.4111328125,ok
local_global_easy,1024,False,torch.float32,1234,0.1,16,choose_once_2_calls,True,3.5828800201416016,3.51200008392334,3.6085119247436523,3.4952640533447266,5,1,3.6475819997576764,18.1591796875,33.34765625,ok
local_global_easy,1024,False,torch.float32,1234,0.1,16,choose_once_4_calls,True,5.732480049133301,5.685344219207764,5.799263954162598,5.584896087646484,5,1,5.797826999696554,18.1591796875,33.34765625,ok
local_global_easy,1024,False,torch.float32,1234,0.1,16,choose_once_8_calls,True,9.92255973815918,9.916447639465332,9.965888023376465,9.83356761932373,5,1,10.380180000083783,18.1591796875,33.34765625,ok
local_global_easy,1024,False,torch.float32,1234,0.1,16,rf64,True,1.1325440406799316,1.1245759725570679,1.1694400310516357,1.111840009689331,5,1,1.2072380000063276,16.15869140625,31.34716796875,ok
local_global_easy,1024,False,torch.float32,1234,0.1,16,rf256,True,1.8397760391235352,1.8393919467926025,1.8534079790115356,1.837056040763855,5,1,1.8836039998859633,40.5087890625,55.697265625,ok
local_global_easy,1024,False,torch.float32,1234,0.1,16,rf1024,True,4.547167778015137,4.546527862548828,4.552288055419922,4.532639980316162,5,1,4.585912000038661,106.03173828125,121.22021484375,ok
local_global_easy,2048,False,torch.float32,1234,0.1,16,sdpa,True,5.654016017913818,5.642111778259277,5.654655933380127,5.6387200355529785,5,1,5.665650999617355,4.0,25.2197265625,ok
local_global_easy,2048,False,torch.float32,1234,0.1,16,probe_first,True,3.818272113800049,3.8079679012298584,3.824160099029541,3.7990400791168213,5,1,3.8254539999798,32.19091796875,53.41064453125,ok
local_global_easy,2048,False,torch.float32,1234,0.1,16,cached_same,True,1.9025919437408447,1.8968960046768188,1.9141759872436523,1.8936959505081177,5,1,1.9249249999120366,32.18994140625,53.40966796875,ok
local_global_easy,2048,False,torch.float32,1234,0.1,16,selection_only,True,2.0357120037078857,2.0268800258636475,2.040832042694092,2.0094079971313477,5,1,2.051330000085727,24.19189453125,45.41162109375,ok
local_global_easy,2048,False,torch.float32,1234,0.1,16,original_router,True,2.6548800468444824,2.643903970718384,2.6870720386505127,2.6425600051879883,5,1,2.7488069999890286,32.25390625,53.4736328125,ok
local_global_easy,2048,False,torch.float32,1234,0.1,16,choose_once_2_calls,True,5.903359889984131,5.892543792724609,5.922815799713135,5.8854079246521,5,1,5.903440000111004,36.1904296875,57.41015625,ok
local_global_easy,2048,False,torch.float32,1234,0.1,16,choose_once_4_calls,True,9.62764835357666,9.353216171264648,9.650655746459961,9.294912338256836,5,1,9.491787000115437,36.1904296875,57.41015625,ok
local_global_easy,2048,False,torch.float32,1234,0.1,16,choose_once_8_calls,True,16.41254425048828,15.039423942565918,16.70956802368164,14.867232322692871,5,1,15.028355999675114,36.1904296875,57.41015625,ok
local_global_easy,2048,False,torch.float32,1234,0.1,16,rf64,True,1.7043520212173462,1.7018879652023315,1.7095999717712402,1.6892160177230835,5,1,1.7192940003951662,32.18994140625,53.40966796875,ok
local_global_easy,2048,False,torch.float32,1234,0.1,16,rf256,True,2.9126720428466797,2.9028480052948,2.913503885269165,2.90012788772583,5,1,2.9233400000521215,68.5087890625,89.728515625,ok
local_global_easy,2048,False,torch.float32,1234,0.1,16,rf1024,True,7.987135887145996,7.970816135406494,8.134112358093262,7.956672191619873,5,1,7.942388000174105,212.06298828125,233.28271484375,ok
local_global_easy,4096,False,torch.float32,1234,0.1,16,sdpa,True,15.335616111755371,15.324128150939941,15.338720321655273,12.473055839538574,5,1,12.362366000161273,8.0,41.2822265625,ok
local_global_easy,4096,False,torch.float32,1234,0.1,16,probe_first,True,4.696767807006836,4.681824207305908,4.724736213684082,4.677663803100586,5,1,4.746056000385579,64.25341796875,97.53564453125,ok
local_global_easy,4096,False,torch.float32,1234,0.1,16,cached_same,True,2.4946560859680176,2.471935987472534,2.5127360820770264,2.4639039039611816,5,1,2.5231419999727223,64.25244140625,97.53466796875,ok
local_global_easy,4096,False,torch.float32,1234,0.1,16,selection_only,True,2.273535966873169,2.2634239196777344,2.299583911895752,2.254848003387451,5,1,2.270976000090741,48.19189453125,81.47412109375,ok
local_global_easy,4096,False,torch.float32,1234,0.1,16,original_router,True,3.255039930343628,3.250175952911377,3.2597761154174805,3.220736026763916,5,1,3.42999599979521,64.31640625,97.5986328125,ok
local_global_easy,4096,False,torch.float32,1234,0.1,16,choose_once_2_calls,True,7.116799831390381,7.107423782348633,7.1393280029296875,7.106272220611572,5,1,7.183941999755916,72.2529296875,105.53515625,ok
local_global_easy,4096,False,torch.float32,1234,0.1,16,choose_once_4_calls,True,12.062368392944336,12.034111976623535,12.158528327941895,11.95622444152832,5,1,12.122994000037579,72.2529296875,105.53515625,ok
local_global_easy,4096,False,torch.float32,1234,0.1,16,choose_once_8_calls,True,22.138208389282227,21.91484832763672,22.402912139892578,21.43231964111328,5,1,22.146885999973165,72.2529296875,105.53515625,ok
local_global_easy,4096,False,torch.float32,1234,0.1,16,rf64,True,2.455552101135254,2.4299519062042236,2.4700798988342285,2.4144320487976074,5,1,2.4939720001384558,64.25244140625,97.53466796875,ok
local_global_easy,4096,False,torch.float32,1234,0.1,16,rf256,True,4.6372480392456055,4.631296157836914,4.663296222686768,4.627871990203857,5,1,4.671146999953635,136.12548828125,169.40771484375,ok
local_global_easy,4096,False,torch.float32,1234,0.1,16,rf1024,True,15.036160469055176,14.714912414550781,15.939743995666504,14.10854434967041,5,1,16.18772700021509,424.12548828125,457.40771484375,ok
local_global_easy,8192,False,torch.float32,1234,0.1,16,sdpa,True,50.33756637573242,50.28656005859375,50.347328186035156,49.6354866027832,5,1,48.71070299986968,16.0,73.158203125,ok
local_global_easy,8192,False,torch.float32,1234,0.1,16,probe_first,True,8.29036808013916,8.279616355895996,8.30463981628418,8.261407852172852,5,1,8.256900000105816,128.37841796875,185.53662109375,ok
local_global_easy,8192,False,torch.float32,1234,0.1,16,cached_same,True,4.324448108673096,4.322656154632568,4.335328102111816,4.299744129180908,5,1,4.628763000255276,128.37744140625,185.53564453125,ok
local_global_easy,8192,False,torch.float32,1234,0.1,16,selection_only,True,3.6391680240631104,3.631103992462158,3.659775972366333,3.624864101409912,5,1,3.6853710003015294,96.283203125,153.44140625,ok
local_global_easy,8192,False,torch.float32,1234,0.1,16,original_router,True,5.5155839920043945,5.496831893920898,5.5349440574646,5.422111988067627,5,1,5.641993999688566,128.44140625,185.599609375,ok
local_global_easy,8192,False,torch.float32,1234,0.1,16,choose_once_2_calls,True,12.802047729492188,12.559040069580078,13.053407669067383,12.206111907958984,5,1,13.102586000059091,144.3779296875,201.5361328125,ok
local_global_easy,8192,False,torch.float32,1234,0.1,16,choose_once_4_calls,True,22.321151733398438,22.230239868164062,22.408767700195312,21.42300796508789,5,1,22.062413000185188,144.3779296875,201.5361328125,ok
local_global_easy,8192,False,torch.float32,1234,0.1,16,choose_once_8_calls,True,40.6036491394043,39.950462341308594,40.616607666015625,39.935550689697266,5,1,40.136557999630895,144.3779296875,201.5361328125,ok
local_global_easy,8192,False,torch.float32,1234,0.1,16,rf64,True,4.374335765838623,4.369760036468506,4.379903793334961,4.361728191375732,5,1,4.421018999892112,128.37744140625,185.53564453125,ok
local_global_easy,8192,False,torch.float32,1234,0.1,16,rf256,True,9.172703742980957,9.151424407958984,9.248767852783203,8.916831970214844,5,1,9.588513999915449,272.25048828125,329.40869140625,ok
local_global_easy,8192,False,torch.float32,1234,0.1,16,rf1024,True,32.15564727783203,32.0676155090332,32.664222717285156,31.234304428100586,5,1,31.696782000381063,848.25048828125,905.40869140625,ok
local_global_easy,16384,False,torch.float32,1234,0.1,16,sdpa,True,200.673828125,199.74000549316406,201.0650634765625,198.90623474121094,5,1,200.65267499967376,32.0,137.158203125,ok
local_global_easy,16384,False,torch.float32,1234,0.1,16,probe_first,True,15.824992179870605,15.740063667297363,15.86303997039795,15.445183753967285,5,1,15.882998000051884,256.62841796875,361.78662109375,ok
local_global_easy,16384,False,torch.float32,1234,0.1,16,cached_same,True,8.390399932861328,8.187711715698242,8.406335830688477,8.163999557495117,5,1,8.81571400032044,256.62744140625,361.78564453125,ok
local_global_easy,16384,False,torch.float32,1234,0.1,16,selection_only,True,6.72105598449707,6.655680179595947,6.850272178649902,6.641088008880615,5,1,6.987419999859412,192.533203125,297.69140625,ok
local_global_easy,16384,False,torch.float32,1234,0.1,16,original_router,True,10.707615852355957,10.542336463928223,10.973535537719727,10.247615814208984,5,1,11.115157999938674,256.69140625,361.849609375,ok
local_global_easy,16384,False,torch.float32,1234,0.1,16,choose_once_2_calls,True,24.91187286376953,24.667455673217773,25.09212875366211,24.372159957885742,5,1,25.05263400007607,288.6279296875,393.7861328125,ok
local_global_easy,16384,False,torch.float32,1234,0.1,16,choose_once_4_calls,True,42.366943359375,42.30758285522461,42.53705596923828,42.28096008300781,5,1,42.262845000095695,288.6279296875,393.7861328125,ok
local_global_easy,16384,False,torch.float32,1234,0.1,16,choose_once_8_calls,True,77.37638092041016,77.28947448730469,77.4636459350586,77.23955535888672,5,1,77.21667099986007,288.6279296875,393.7861328125,ok
local_global_easy,16384,False,torch.float32,1234,0.1,16,rf64,True,8.478719711303711,8.418463706970215,8.494175910949707,8.395808219909668,5,1,8.623925999927451,256.62744140625,361.78564453125,ok
local_global_easy,16384,False,torch.float32,1234,0.1,16,rf256,True,19.075231552124023,18.036767959594727,19.152864456176758,17.528480529785156,5,1,18.946763000258215,544.50048828125,649.65869140625,ok
local_global_easy,16384,False,torch.float32,1234,0.1,16,rf1024,True,64.39273834228516,64.1061782836914,64.70220947265625,64.00032043457031,5,1,64.11365000030855,880.25048828125,985.40869140625,ok
local_global_easy,32768,False,torch.float32,1234,0.1,16,sdpa,True,829.2656860351562,827.9083862304688,833.4479370117188,826.0392456054688,5,1,834.8272969997197,64.0,265.158203125,ok
local_global_easy,32768,False,torch.float32,1234,0.1,16,probe_first,True,31.440927505493164,31.02729606628418,31.44118309020996,30.881248474121094,5,1,31.170118999853003,513.12841796875,714.28662109375,ok
local_global_easy,32768,False,torch.float32,1234,0.1,16,cached_same,True,17.149951934814453,16.939584732055664,17.655807495117188,16.469472885131836,5,1,17.09675900019647,513.12744140625,714.28564453125,ok
local_global_easy,32768,False,torch.float32,1234,0.1,16,selection_only,True,13.956992149353027,13.657279968261719,14.022208213806152,12.874879837036133,5,1,14.249741999719845,385.033203125,586.19140625,ok
local_global_easy,32768,False,torch.float32,1234,0.1,16,original_router,True,21.49785614013672,21.490047454833984,21.57961654663086,21.200895309448242,5,1,21.46405900020909,513.19140625,714.349609375,ok
local_global_easy,32768,False,torch.float32,1234,0.1,16,choose_once_2_calls,True,48.67631912231445,48.63670349121094,48.779457092285156,48.326656341552734,5,1,48.40652300026704,577.1279296875,778.2861328125,ok
local_global_easy,32768,False,torch.float32,1234,0.1,16,choose_once_4_calls,True,82.58998107910156,82.56511688232422,83.01395416259766,82.17667388916016,5,1,82.87936499982607,577.1279296875,778.2861328125,ok
local_global_easy,32768,False,torch.float32,1234,0.1,16,choose_once_8_calls,True,152.72764587402344,151.9752655029297,153.75350952148438,151.7154541015625,5,1,151.7973219997657,577.1279296875,778.2861328125,ok
local_global_easy,32768,False,torch.float32,1234,0.1,16,rf64,True,17.05286407470703,16.689151763916016,17.34467124938965,16.47871971130371,5,1,17.706990000078804,513.12744140625,714.28564453125,ok
local_global_easy,32768,False,torch.float32,1234,0.1,16,rf256,True,37.817665100097656,37.12335968017578,38.049312591552734,36.66281509399414,5,1,37.985231000220665,1089.00048828125,1290.15869140625,ok
local_global_easy,32768,False,torch.float32,1234,0.1,16,rf1024,True,129.5319366455078,129.33929443359375,129.7314910888672,129.24517822265625,5,1,128.99134300005244,912.25048828125,1113.40869140625,ok
local_global_easy,65536,False,torch.float32,1234,0.1,16,sdpa,True,3447.2666015625,3446.6922607421875,3451.207275390625,3446.117919921875,3,0,3487.0696509997288,128.0,521.158203125,ok
local_global_easy,65536,False,torch.float32,1234,0.1,16,probe_first,True,61.3570556640625,60.82998275756836,61.70025634765625,60.79129409790039,5,1,61.25713499977792,1026.12841796875,1419.28662109375,ok
local_global_easy,65536,False,torch.float32,1234,0.1,16,cached_same,True,34.41865539550781,34.32780838012695,34.67087936401367,34.19753646850586,5,1,34.53439599979902,1026.12744140625,1419.28564453125,ok
local_global_easy,65536,False,torch.float32,1234,0.1,16,selection_only,True,28.266496658325195,27.744224548339844,28.49228858947754,27.499391555786133,5,1,27.58166000012352,770.033203125,1163.19140625,ok
local_global_easy,65536,False,torch.float32,1234,0.1,16,original_router,True,42.943199157714844,42.77657699584961,43.461761474609375,42.262081146240234,5,1,44.339501000195014,1026.19140625,1419.349609375,ok
local_global_easy,65536,False,torch.float32,1234,0.1,16,choose_once_2_calls,True,97.34349060058594,97.09161376953125,97.3779525756836,96.15299224853516,5,1,97.2143099997993,1154.1279296875,1547.2861328125,ok
local_global_easy,65536,False,torch.float32,1234,0.1,16,choose_once_4_calls,True,164.76806640625,164.495361328125,166.9069366455078,164.48521423339844,5,1,164.7038229998543,1154.1279296875,1547.2861328125,ok
local_global_easy,65536,False,torch.float32,1234,0.1,16,choose_once_8_calls,True,304.56396484375,304.43927001953125,304.6400146484375,303.9987487792969,5,1,304.2399050000313,1154.1279296875,1547.2861328125,ok
local_global_easy,65536,False,torch.float32,1234,0.1,16,rf64,True,34.475807189941406,34.360801696777344,34.59632110595703,34.266849517822266,5,1,34.711562000211416,1026.12744140625,1419.28564453125,ok
local_global_easy,65536,False,torch.float32,1234,0.1,16,rf256,True,81.31350708007812,81.2852783203125,81.43885040283203,81.05769348144531,5,1,80.35735400017074,1217.00048828125,1610.15869140625,ok
local_global_easy,65536,False,torch.float32,1234,0.1,16,rf1024,True,261.9453430175781,261.7132873535156,262.0904846191406,261.3123474121094,5,1,262.9460250000193,976.25048828125,1369.40869140625,ok
local_global_easy,512,True,torch.float16,1234,0.1,16,sdpa,True,0.0647680014371872,0.06425599753856659,0.06543999910354614,0.0639680027961731,5,1,0.10372300039307447,0.5,11.1728515625,ok
local_global_easy,512,True,torch.float16,1234,0.1,16,probe_first,True,4.45414400100708,4.449088096618652,4.515999794006348,4.40553617477417,5,1,4.66594499994244,12.12841796875,22.80126953125,ok
local_global_easy,512,True,torch.float16,1234,0.1,16,cached_same,True,1.6732800006866455,1.50108802318573,1.6837760210037231,1.4400960206985474,5,1,1.706227000340732,12.12744140625,22.80029296875,ok
local_global_easy,512,True,torch.float16,1234,0.1,16,selection_only,True,3.2317440509796143,3.2244160175323486,3.3423359394073486,2.9826879501342773,5,1,3.254334999837738,9.048828125,19.7216796875,ok
local_global_easy,512,True,torch.float16,1234,0.1,16,original_router,True,2.258944034576416,2.2519359588623047,2.276031970977783,2.2479679584503174,5,1,2.3135279998314218,15.69140625,26.3642578125,ok
local_global_easy,512,True,torch.float16,1234,0.1,16,choose_once_2_calls,True,5.7707200050354,5.7630720138549805,5.808095932006836,5.73199987411499,5,1,6.189320999965275,12.6279296875,23.30078125,ok
local_global_easy,512,True,torch.float16,1234,0.1,16,choose_once_4_calls,True,8.644063949584961,8.487584114074707,8.691167831420898,8.453503608703613,5,1,9.747699999934412,12.6279296875,23.30078125,ok
local_global_easy,512,True,torch.float16,1234,0.1,16,choose_once_8_calls,True,14.183967590332031,14.17625617980957,14.201919555664062,13.956671714782715,5,1,14.829842999915854,12.6279296875,23.30078125,ok
local_global_easy,512,True,torch.float16,1234,0.1,16,rf64,True,1.4410879611968994,1.439743995666504,1.4556159973144531,1.4298559427261353,5,1,1.4725289997841173,12.12744140625,22.80029296875,ok
local_global_easy,512,True,torch.float16,1234,0.1,16,rf256,True,1.4649920463562012,1.4338239431381226,1.468991994857788,1.4290879964828491,5,1,1.6507169998476456,18.50830078125,29.18115234375,ok
local_global_easy,512,True,torch.float16,1234,0.1,16,rf1024,True,2.9122560024261475,2.9061119556427,2.9175360202789307,2.9056320190429688,5,1,3.1297630002882215,52.51611328125,63.18896484375,ok
local_global_easy,1024,True,torch.float16,1234,0.1,16,sdpa,True,0.1228799968957901,0.12172800302505493,0.13433599472045898,0.11974400281906128,5,1,0.16074499990281765,1.0,13.1884765625,ok
local_global_easy,1024,True,torch.float16,1234,0.1,16,probe_first,True,6.5576958656311035,6.555456161499023,6.5865278244018555,6.551583766937256,5,1,6.774340999982087,18.62841796875,30.81689453125,ok
local_global_easy,1024,True,torch.float16,1234,0.1,16,cached_same,True,2.0070080757141113,1.9953279495239258,2.1421759128570557,1.9781440496444702,5,1,2.308307000021159,18.62744140625,30.81591796875,ok
local_global_easy,1024,True,torch.float16,1234,0.1,16,selection_only,True,4.800928115844727,4.788288116455078,4.873216152191162,4.74889612197876,5,1,4.875680000168359,18.064453125,30.2529296875,ok
local_global_easy,1024,True,torch.float16,1234,0.1,16,original_router,True,2.8323519229888916,2.7459518909454346,2.854464054107666,2.722048044204712,5,1,2.8685659999609925,25.69140625,37.8798828125,ok
local_global_easy,1024,True,torch.float16,1234,0.1,16,choose_once_2_calls,True,8.401727676391602,8.374272346496582,8.409088134765625,8.36415958404541,5,1,9.07564800036198,19.6279296875,31.81640625,ok
local_global_easy,1024,True,torch.float16,1234,0.1,16,choose_once_4_calls,True,12.344799995422363,12.316415786743164,12.390463829040527,12.26956844329834,5,1,12.538941999991948,19.6279296875,31.81640625,ok
local_global_easy,1024,True,torch.float16,1234,0.1,16,choose_once_8_calls,True,20.197439193725586,20.02124786376953,20.223648071289062,19.992448806762695,5,1,20.95692099965163,19.6279296875,31.81640625,ok
local_global_easy,1024,True,torch.float16,1234,0.1,16,rf64,True,1.980288028717041,1.9792959690093994,2.001568078994751,1.9690239429473877,5,1,2.1762060000583006,18.62744140625,30.81591796875,ok
local_global_easy,1024,True,torch.float16,1234,0.1,16,rf256,True,2.555903911590576,2.4844799041748047,2.5719680786132812,2.4517760276794434,5,1,2.540654999847902,33.03173828125,45.22021484375,ok
local_global_easy,1024,True,torch.float16,1234,0.1,16,rf1024,True,5.89734411239624,5.896160125732422,5.945343971252441,5.887040138244629,5,1,6.189188999996986,105.03173828125,117.22021484375,ok
local_global_easy,2048,True,torch.float16,1234,0.1,16,sdpa,True,0.46486398577690125,0.4607999920845032,0.4694080054759979,0.45184001326560974,5,1,0.5233630004113365,2.0,17.2197265625,ok
local_global_easy,2048,True,torch.float16,1234,0.1,16,probe_first,True,11.4683198928833,11.326175689697266,11.581439971923828,11.060447692871094,5,1,12.19989799983523,36.095703125,51.3154296875,ok
local_global_easy,2048,True,torch.float16,1234,0.1,16,cached_same,True,3.082240104675293,3.0289599895477295,3.084768056869507,2.9903039932250977,5,1,3.294283999821346,32.12744140625,47.34716796875,ok
local_global_easy,2048,True,torch.float16,1234,0.1,16,selection_only,True,8.168000221252441,8.114175796508789,8.192095756530762,7.929664134979248,5,1,8.40799000025072,36.095703125,51.3154296875,ok
local_global_easy,2048,True,torch.float16,1234,0.1,16,original_router,True,4.334208011627197,4.130527973175049,4.389472007751465,3.982271909713745,5,1,4.372007999791094,46.19140625,61.4111328125,ok
local_global_easy,2048,True,torch.float16,1234,0.1,16,choose_once_2_calls,True,14.352607727050781,14.205984115600586,14.39948844909668,13.881343841552734,5,1,15.327269999943383,36.095703125,51.3154296875,ok
local_global_easy,2048,True,torch.float16,1234,0.1,16,choose_once_4_calls,True,19.512256622314453,19.40719985961914,19.54297637939453,19.347455978393555,5,1,20.166292999874713,36.095703125,51.3154296875,ok
local_global_easy,2048,True,torch.float16,1234,0.1,16,choose_once_8_calls,True,31.661216735839844,31.61743927001953,31.764480590820312,31.031295776367188,5,1,31.118316000174673,36.095703125,51.3154296875,ok
local_global_easy,2048,True,torch.float16,1234,0.1,16,rf64,True,2.9388480186462402,2.9368319511413574,2.9455039501190186,2.9059200286865234,5,1,3.128089999790973,32.12744140625,47.34716796875,ok
local_global_easy,2048,True,torch.float16,1234,0.1,16,rf256,True,3.885535955429077,3.8830718994140625,3.9902079105377197,3.8706560134887695,5,1,4.019258000425907,66.06298828125,81.28271484375,ok
local_global_easy,2048,True,torch.float16,1234,0.1,16,rf1024,True,11.804672241210938,11.263615608215332,12.913248062133789,10.32265567779541,5,1,13.006055999994715,210.06298828125,225.28271484375,ok
local_global_easy,4096,True,torch.float16,1234,0.1,16,sdpa,True,1.076159954071045,1.073472023010254,1.0909119844436646,1.0734399557113647,5,1,1.1257539999860455,4.0,25.2822265625,ok
local_global_easy,4096,True,torch.float16,1234,0.1,16,probe_first,True,16.902175903320312,16.798751831054688,17.451007843017578,16.71993637084961,5,1,17.195056000218756,72.158203125,93.4404296875,ok
local_global_easy,4096,True,torch.float16,1234,0.1,16,cached_same,True,5.054751873016357,5.044223785400391,5.096735954284668,5.025631904602051,5,1,5.227361999914137,62.12744140625,83.40966796875,ok
local_global_easy,4096,True,torch.float16,1234,0.1,16,selection_only,True,11.84563159942627,11.74665641784668,12.00220775604248,11.710463523864746,5,1,12.222030999964772,72.158203125,93.4404296875,ok
local_global_easy,4096,True,torch.float16,1234,0.1,16,original_router,True,6.147295951843262,6.068543910980225,6.189568042755127,6.007008075714111,5,1,6.373976000304538,90.19140625,111.4736328125,ok
local_global_easy,4096,True,torch.float16,1234,0.1,16,choose_once_2_calls,True,21.882144927978516,21.8603515625,22.15376091003418,21.82758331298828,5,1,22.753345999717567,72.158203125,93.4404296875,ok
local_global_easy,4096,True,torch.float16,1234,0.1,16,choose_once_4_calls,True,32.98329544067383,32.70716857910156,33.62486267089844,31.857887268066406,5,1,33.33882300012192,72.158203125,93.4404296875,ok
local_global_easy,4096,True,torch.float16,1234,0.1,16,choose_once_8_calls,True,53.3175048828125,52.700321197509766,53.32444763183594,52.47065734863281,5,1,55.95058000017161,72.158203125,93.4404296875,ok
local_global_easy,4096,True,torch.float16,1234,0.1,16,rf64,True,5.067103862762451,5.062335968017578,5.068863868713379,5.0414719581604,5,1,5.295638999996299,62.12744140625,83.40966796875,ok
local_global_easy,4096,True,torch.float16,1234,0.1,16,rf256,True,7.979008197784424,7.948383808135986,8.046784400939941,7.534592151641846,5,1,8.785806000105367,132.12548828125,153.40771484375,ok
local_global_easy,4096,True,torch.float16,1234,0.1,16,rf1024,True,25.8571834564209,25.56012725830078,26.309696197509766,25.155807495117188,5,1,24.57436999975471,420.12548828125,441.40771484375,ok
local_global_easy,8192,True,torch.float16,1234,0.1,16,sdpa,True,3.881279945373535,3.8686718940734863,4.91315221786499,3.8376638889312744,5,1,4.97092999967208,8.0,41.158203125,ok
local_global_easy,8192,True,torch.float16,1234,0.1,16,probe_first,True,24.317951202392578,24.30975914001465,24.373023986816406,24.309728622436523,5,1,25.359158999890496,144.283203125,177.44140625,ok
local_global_easy,8192,True,torch.float16,1234,0.1,16,cached_same,True,9.246848106384277,9.243328094482422,9.297568321228027,9.225119590759277,5,1,10.022055999797885,122.12744140625,155.28564453125,ok
local_global_easy,8192,True,torch.float16,1234,0.1,16,selection_only,True,15.64851188659668,15.626144409179688,15.8472318649292,15.34819221496582,5,1,16.78488700008529,144.283203125,177.44140625,ok
local_global_easy,8192,True,torch.float16,1234,0.1,16,original_router,True,10.549247741699219,10.338144302368164,10.663935661315918,10.305184364318848,5,1,10.879419999582751,178.19140625,211.349609375,ok
local_global_easy,8192,True,torch.float16,1234,0.1,16,choose_once_2_calls,True,34.47603225708008,34.41401672363281,34.82828903198242,33.9277458190918,5,1,34.478569000384596,144.283203125,177.44140625,ok
local_global_easy,8192,True,torch.float16,1234,0.1,16,choose_once_4_calls,True,53.27257537841797,51.93769454956055,54.024192810058594,51.655521392822266,5,1,54.303215999880194,144.283203125,177.44140625,ok
local_global_easy,8192,True,torch.float16,1234,0.1,16,choose_once_8_calls,True,90.79027557373047,90.67072296142578,91.76239776611328,90.14681243896484,5,1,108.49800200003301,144.283203125,177.44140625,ok
local_global_easy,8192,True,torch.float16,1234,0.1,16,rf64,True,9.22214412689209,9.215968132019043,9.2357759475708,9.183967590332031,5,1,9.436015000119369,122.12744140625,155.28564453125,ok
local_global_easy,8192,True,torch.float16,1234,0.1,16,rf256,True,17.616640090942383,17.419872283935547,17.655424118041992,15.836992263793945,5,1,17.469740999786154,264.25048828125,297.40869140625,ok
local_global_easy,8192,True,torch.float16,1234,0.1,16,rf1024,True,50.864097595214844,50.50774383544922,51.14303970336914,49.87263870239258,5,1,48.456795000220154,840.25048828125,873.40869140625,ok
local_global_easy,16384,True,torch.float16,1234,0.1,16,sdpa,True,23.98860740661621,23.742496490478516,24.920480728149414,22.45020866394043,5,1,23.451743999885366,16.0,73.158203125,ok
local_global_easy,16384,True,torch.float16,1234,0.1,16,probe_first,True,45.60240173339844,44.903743743896484,45.6317138671875,44.8526725769043,5,1,45.09007599972392,288.533203125,345.69140625,ok
local_global_easy,16384,True,torch.float16,1234,0.1,16,cached_same,True,18.178815841674805,18.155712127685547,18.2574405670166,17.924575805664062,5,1,18.627504000050976,242.12744140625,299.28564453125,ok
local_global_easy,16384,True,torch.float16,1234,0.1,16,selection_only,True,27.532480239868164,27.023391723632812,27.768159866333008,26.818559646606445,5,1,27.08236999978908,288.533203125,345.69140625,ok
local_global_easy,16384,True,torch.float16,1234,0.1,16,original_router,True,20.944416046142578,20.710880279541016,20.989952087402344,20.41584014892578,5,1,21.21880400000009,354.19140625,411.349609375,ok
local_global_easy,16384,True,torch.float16,1234,0.1,16,choose_once_2_calls,True,63.688865661621094,63.36150360107422,67.198974609375,61.79289627075195,5,1,61.704851999820676,288.533203125,345.69140625,ok
local_global_easy,16384,True,torch.float16,1234,0.1,16,choose_once_4_calls,True,100.60281372070312,99.87481689453125,100.79036712646484,98.92249298095703,5,1,99.6285149999494,288.533203125,345.69140625,ok
local_global_easy,16384,True,torch.float16,1234,0.1,16,choose_once_8_calls,True,174.712646484375,174.0645751953125,177.2957763671875,171.63133239746094,5,1,173.28038599998763,288.533203125,345.69140625,ok
local_global_easy,16384,True,torch.float16,1234,0.1,16,rf64,True,18.83568000793457,18.492767333984375,18.97123146057129,18.04105567932129,5,1,19.398664999698667,242.12744140625,299.28564453125,ok
local_global_easy,16384,True,torch.float16,1234,0.1,16,rf256,True,34.09552001953125,33.83670425415039,34.34726333618164,33.80953598022461,5,1,33.46451800007344,528.50048828125,585.65869140625,ok
local_global_easy,16384,True,torch.float16,1234,0.1,16,rf1024,True,123.31404876708984,121.7290267944336,123.5390396118164,121.72889709472656,5,1,121.17321999994601,864.25048828125,921.40869140625,ok
local_global_easy,32768,True,torch.float16,1234,0.1,16,sdpa,True,101.67110443115234,101.28736114501953,101.95763397216797,101.01628875732422,5,1,101.8683659999624,32.0,137.158203125,ok
local_global_easy,32768,True,torch.float16,1234,0.1,16,probe_first,True,78.24607849121094,77.90678405761719,82.40624237060547,77.21097564697266,5,1,85.63261700010116,577.033203125,682.19140625,ok
local_global_easy,32768,True,torch.float16,1234,0.1,16,cached_same,True,37.071998596191406,36.591102600097656,37.82979202270508,36.3271369934082,5,1,36.77104000007603,482.12744140625,587.28564453125,ok
local_global_easy,32768,True,torch.float16,1234,0.1,16,selection_only,True,42.24979019165039,42.24825668334961,43.2938232421875,42.1879997253418,5,1,42.2659669998211,577.033203125,682.19140625,ok
local_global_easy,32768,True,torch.float16,1234,0.1,16,original_router,True,41.97315216064453,41.88569641113281,42.07001495361328,41.72208023071289,5,1,42.33882200014705,706.19140625,811.349609375,ok
local_global_easy,32768,True,torch.float16,1234,0.1,16,choose_once_2_calls,True,115.19116973876953,114.82726287841797,115.27168273925781,112.523681640625,5,1,114.73520300023665,577.033203125,682.19140625,ok
local_global_easy,32768,True,torch.float16,1234,0.1,16,choose_once_4_calls,True,189.212890625,188.04940795898438,190.34291076660156,187.31622314453125,5,1,192.467932999989,577.033203125,682.19140625,ok
local_global_easy,32768,True,torch.float16,1234,0.1,16,choose_once_8_calls,True,338.98291015625,338.3094482421875,338.9910888671875,337.1110534667969,5,1,340.6925690001117,577.033203125,682.19140625,ok
local_global_easy,32768,True,torch.float16,1234,0.1,16,rf64,True,37.41001510620117,36.838111877441406,37.430145263671875,36.44198226928711,5,1,37.88959900020927,482.12744140625,587.28564453125,ok
local_global_easy,32768,True,torch.float16,1234,0.1,16,rf256,True,70.24230194091797,69.65245056152344,70.56588745117188,69.26521301269531,5,1,69.46751199984647,1057.00048828125,1162.15869140625,ok
local_global_easy,32768,True,torch.float16,1234,0.1,16,rf1024,True,271.1470031738281,270.8746337890625,271.8615417480469,270.2315368652344,5,1,270.7809600001383,880.25048828125,985.40869140625,ok
local_global_easy,65536,True,torch.float16,1234,0.1,16,sdpa,True,467.89007568359375,465.8303527832031,468.20513916015625,462.18707275390625,5,1,468.8187319998178,64.0,265.158203125,ok
local_global_easy,65536,True,torch.float16,1234,0.1,16,probe_first,True,147.7088623046875,147.6136932373047,148.7060089111328,147.6089324951172,5,1,148.24423699974432,1154.033203125,1355.19140625,ok
local_global_easy,65536,True,torch.float16,1234,0.1,16,cached_same,True,75.21721649169922,74.29388427734375,75.28243255615234,74.18470764160156,5,1,74.64406500002951,962.12744140625,1163.28564453125,ok
local_global_easy,65536,True,torch.float16,1234,0.1,16,selection_only,True,75.12777709960938,74.95113372802734,75.57174682617188,74.45625305175781,5,1,75.79818700014584,1154.033203125,1355.19140625,ok
local_global_easy,65536,True,torch.float16,1234,0.1,16,original_router,True,86.66966247558594,85.65760040283203,87.20912170410156,85.50646209716797,5,1,85.59360699973695,1410.19140625,1611.349609375,ok
local_global_easy,65536,True,torch.float16,1234,0.1,16,choose_once_2_calls,True,222.85939025878906,221.32403564453125,223.2589111328125,221.04307556152344,5,1,220.93522399973153,1154.033203125,1355.19140625,ok
local_global_easy,65536,True,torch.float16,1234,0.1,16,choose_once_4_calls,True,374.4446716308594,373.1351318359375,375.0384521484375,372.85089111328125,5,1,370.7089360000282,1154.033203125,1355.19140625,ok
local_global_easy,65536,True,torch.float16,1234,0.1,16,choose_once_8_calls,True,675.09521484375,675.0820922851562,676.5775146484375,672.8396606445312,5,1,673.6064240003543,1154.033203125,1355.19140625,ok
local_global_easy,65536,True,torch.float16,1234,0.1,16,rf64,True,75.69427490234375,74.01165008544922,76.03785705566406,73.82256317138672,5,1,76.06121899971185,962.12744140625,1163.28564453125,ok
local_global_easy,65536,True,torch.float16,1234,0.1,16,rf256,True,168.80691528320312,167.40403747558594,171.2659912109375,166.08470153808594,5,1,168.34767599993938,1153.00048828125,1354.15869140625,ok
local_global_easy,65536,True,torch.float16,1234,0.1,16,rf1024,True,579.9100341796875,576.306640625,579.9628295898438,573.1513671875,5,1,579.5157850002397,912.25048828125,1113.40869140625,ok
local_global_easy,512,True,torch.float32,1234,0.1,16,sdpa,True,0.2825919985771179,0.28060799837112427,0.28751999139785767,0.2779200077056885,5,1,0.3380090001883218,1.0,13.1728515625,ok
local_global_easy,512,True,torch.float32,1234,0.1,16,probe_first,True,4.36956787109375,4.337984085083008,4.502848148345947,4.334559917449951,5,1,4.430171999956656,12.62841796875,24.80126953125,ok
local_global_easy,512,True,torch.float32,1234,0.1,16,cached_same,True,1.3981759548187256,1.3959360122680664,1.398751974105835,1.390463948249817,5,1,1.4473940000243601,12.62744140625,24.80029296875,ok
local_global_easy,512,True,torch.float32,1234,0.1,16,selection_only,True,3.1407039165496826,3.0448319911956787,3.4058239459991455,3.039583921432495,5,1,3.2739179996497114,6.048828125,18.2216796875,ok
local_global_easy,512,True,torch.float32,1234,0.1,16,original_router,True,2.0725440979003906,2.0591039657592773,2.1381120681762695,2.0480000972747803,5,1,2.12168300004123,12.69140625,24.8642578125,ok
local_global_easy,512,True,torch.float32,1234,0.1,16,choose_once_2_calls,True,5.7761921882629395,5.718239784240723,5.921504020690918,5.6714558601379395,5,1,6.8086250003034365,13.6279296875,25.80078125,ok
local_global_easy,512,True,torch.float32,1234,0.1,16,choose_once_4_calls,True,8.376319885253906,8.369855880737305,8.418144226074219,8.336095809936523,5,1,9.218234000400116,13.6279296875,25.80078125,ok
local_global_easy,512,True,torch.float32,1234,0.1,16,choose_once_8_calls,True,13.78435230255127,13.774720191955566,15.205504417419434,13.632896423339844,5,1,15.05653699996401,13.6279296875,25.80078125,ok
local_global_easy,512,True,torch.float32,1234,0.1,16,rf64,True,1.4970879554748535,1.4335999488830566,1.5195839405059814,1.3900799751281738,5,1,1.5632609997737745,12.62744140625,24.80029296875,ok
local_global_easy,512,True,torch.float32,1234,0.1,16,rf256,True,1.4581760168075562,1.43612802028656,1.5177600383758545,1.4145280122756958,5,1,1.706367000224418,19.00830078125,31.18115234375,ok
local_global_easy,512,True,torch.float32,1234,0.1,16,rf1024,True,3.0949440002441406,3.0842878818511963,3.096575975418091,3.078144073486328,5,1,3.1534179997834144,53.01611328125,65.18896484375,ok
local_global_easy,1024,True,torch.float32,1234,0.1,16,sdpa,True,0.5205119848251343,0.5135040283203125,0.5437120199203491,0.5038080215454102,5,1,0.5785849998574122,2.0,17.1884765625,ok
local_global_easy,1024,True,torch.float32,1234,0.1,16,probe_first,True,6.474400043487549,6.406879901885986,6.513120174407959,6.264832019805908,5,1,6.677312999727292,19.62841796875,34.81689453125,ok
local_global_easy,1024,True,torch.float32,1234,0.1,16,cached_same,True,1.9931199550628662,1.9848639965057373,2.004096031188965,1.959007978439331,5,1,2.1275979997881223,19.62744140625,34.81591796875,ok
local_global_easy,1024,True,torch.float32,1234,0.1,16,selection_only,True,4.684256076812744,4.64899206161499,4.740863800048828,4.542079925537109,5,1,4.833548000078736,12.064453125,27.2529296875,ok
local_global_easy,1024,True,torch.float32,1234,0.1,16,original_router,True,2.6411519050598145,2.614367961883545,2.6697280406951904,2.600735902786255,5,1,2.611777999845799,19.69140625,34.8798828125,ok
local_global_easy,1024,True,torch.float32,1234,0.1,16,choose_once_2_calls,True,8.898591995239258,8.871935844421387,9.0316801071167,8.536064147949219,5,1,9.895620999941457,21.6279296875,36.81640625,ok
local_global_easy,1024,True,torch.float32,1234,0.1,16,choose_once_4_calls,True,12.884991645812988,12.558719635009766,13.098496437072754,12.53382396697998,5,1,13.16610200001378,21.6279296875,36.81640625,ok
local_global_easy,1024,True,torch.float32,1234,0.1,16,choose_once_8_calls,True,20.18003273010254,20.128864288330078,20.727455139160156,19.871583938598633,5,1,20.73331900010089,21.6279296875,36.81640625,ok
local_global_easy,1024,True,torch.float32,1234,0.1,16,rf64,True,2.0258240699768066,1.9996800422668457,2.0341761112213135,1.9669439792633057,5,1,1.9897779998245824,19.62744140625,34.81591796875,ok
local_global_easy,1024,True,torch.float32,1234,0.1,16,rf256,True,2.979840040206909,2.9638400077819824,2.990816116333008,2.96230411529541,5,1,3.08656900006099,34.03173828125,49.22021484375,ok
local_global_easy,1024,True,torch.float32,1234,0.1,16,rf1024,True,7.19052791595459,7.170015811920166,7.23308801651001,7.13321590423584,5,1,7.18142000005173,106.03173828125,121.22021484375,ok
local_global_easy,2048,True,torch.float32,1234,0.1,16,sdpa,True,2.291935920715332,2.2732479572296143,2.307391881942749,2.2691519260406494,5,1,2.4049899998317414,4.0,25.2197265625,ok
local_global_easy,2048,True,torch.float32,1234,0.1,16,probe_first,True,11.376768112182617,10.93712043762207,11.4202880859375,10.878944396972656,5,1,11.140465000153199,34.12841796875,55.34814453125,ok
local_global_easy,2048,True,torch.float32,1234,0.1,16,cached_same,True,3.11296010017395,3.1047680377960205,3.661184072494507,3.0781118869781494,5,1,3.189929000200209,34.12744140625,55.34716796875,ok
local_global_easy,2048,True,torch.float32,1234,0.1,16,selection_only,True,8.29372787475586,8.206368446350098,8.323200225830078,8.095935821533203,5,1,8.319035000113217,24.095703125,45.3154296875,ok
local_global_easy,2048,True,torch.float32,1234,0.1,16,original_router,True,3.987423896789551,3.913343906402588,4.071135997772217,3.851775884628296,5,1,4.250244999639108,34.19140625,55.4111328125,ok
local_global_easy,2048,True,torch.float32,1234,0.1,16,choose_once_2_calls,True,14.038816452026367,13.922304153442383,14.106975555419922,13.646944046020508,5,1,14.04815600017173,38.1279296875,59.34765625,ok
local_global_easy,2048,True,torch.float32,1234,0.1,16,choose_once_4_calls,True,20.294208526611328,20.25596809387207,20.525856018066406,20.15216064453125,5,1,19.792495999809034,38.1279296875,59.34765625,ok
local_global_easy,2048,True,torch.float32,1234,0.1,16,choose_once_8_calls,True,32.65244674682617,32.411678314208984,32.97081756591797,32.22079849243164,5,1,31.278299999939918,38.1279296875,59.34765625,ok
local_global_easy,2048,True,torch.float32,1234,0.1,16,rf64,True,2.905440092086792,2.895872116088867,3.010240077972412,2.8814399242401123,5,1,3.068688999974256,34.12744140625,55.34716796875,ok
local_global_easy,2048,True,torch.float32,1234,0.1,16,rf256,True,3.856384038925171,3.846112012863159,3.9617919921875,3.8460800647735596,5,1,4.047930000069755,68.06298828125,89.28271484375,ok
local_global_easy,2048,True,torch.float32,1234,0.1,16,rf1024,True,11.411871910095215,11.317695617675781,12.442527770996094,10.338560104370117,5,1,12.484330000006594,212.06298828125,233.28271484375,ok
local_global_easy,4096,True,torch.float32,1234,0.1,16,sdpa,True,5.013984203338623,4.994880199432373,5.0278401374816895,4.935711860656738,5,1,6.285872000262316,8.0,41.2822265625,ok
local_global_easy,4096,True,torch.float32,1234,0.1,16,probe_first,True,16.908287048339844,16.82294464111328,17.037824630737305,16.746463775634766,5,1,16.895933999876434,66.12841796875,99.41064453125,ok
local_global_easy,4096,True,torch.float32,1234,0.1,16,cached_same,True,5.042175769805908,5.013247966766357,5.061759948730469,5.009920120239258,5,1,5.189514999983658,66.12744140625,99.40966796875,ok
local_global_easy,4096,True,torch.float32,1234,0.1,16,selection_only,True,12.140543937683105,12.014431953430176,12.379327774047852,11.971967697143555,5,1,12.886346999948728,48.158203125,81.4404296875,ok
local_global_easy,4096,True,torch.float32,1234,0.1,16,original_router,True,6.090976238250732,6.070176124572754,6.09552001953125,5.897215843200684,5,1,6.390724000084447,66.19140625,99.4736328125,ok
local_global_easy,4096,True,torch.float32,1234,0.1,16,choose_once_2_calls,True,22.153087615966797,21.940351486206055,22.202367782592773,21.89094352722168,5,1,24.254583999663737,74.1279296875,107.41015625,ok
local_global_easy,4096,True,torch.float32,1234,0.1,16,choose_once_4_calls,True,31.97100830078125,31.901599884033203,31.99158477783203,31.573823928833008,5,1,33.2515869999952,74.1279296875,107.41015625,ok
local_global_easy,4096,True,torch.float32,1234,0.1,16,choose_once_8_calls,True,53.770240783691406,52.68716812133789,54.86793518066406,52.67660903930664,5,1,54.32371599999897,74.1279296875,107.41015625,ok
local_global_easy,4096,True,torch.float32,1234,0.1,16,rf64,True,5.281792163848877,5.110559940338135,5.289120197296143,5.050528049468994,5,1,5.440536000151042,66.12744140625,99.40966796875,ok
local_global_easy,4096,True,torch.float32,1234,0.1,16,rf256,True,7.896639823913574,7.399551868438721,7.9587202072143555,7.381375789642334,5,1,8.701470000232803,136.12548828125,169.40771484375,ok
local_global_easy,4096,True,torch.float32,1234,0.1,16,rf1024,True,25.339872360229492,25.232351303100586,25.65068817138672,24.19708824157715,5,1,24.436873000013293,424.12548828125,457.40771484375,ok
local_global_easy,8192,True,torch.float32,1234,0.1,16,sdpa,True,26.14681625366211,25.81920051574707,26.490304946899414,24.998016357421875,5,1,25.312903999747505,16.0,73.158203125,ok
local_global_easy,8192,True,torch.float32,1234,0.1,16,probe_first,True,29.371328353881836,28.442943572998047,29.452287673950195,28.082496643066406,5,1,25.777592999929766,130.12841796875,187.28662109375,ok
local_global_easy,8192,True,torch.float32,1234,0.1,16,cached_same,True,9.318079948425293,9.29974365234375,9.3821439743042,9.224448204040527,5,1,9.81693699986863,130.12744140625,187.28564453125,ok
local_global_easy,8192,True,torch.float32,1234,0.1,16,selection_only,True,15.237119674682617,15.22332763671875,15.569439888000488,15.188960075378418,5,1,15.54771900009655,96.283203125,153.44140625,ok
local_global_easy,8192,True,torch.float32,1234,0.1,16,original_router,True,10.226176261901855,10.21132755279541,10.43734359741211,10.057951927185059,5,1,10.388264000084746,130.19140625,187.349609375,ok
local_global_easy,8192,True,torch.float32,1234,0.1,16,choose_once_2_calls,True,34.34899139404297,33.857505798339844,35.15155029296875,33.17158508300781,5,1,34.95296099981715,146.1279296875,203.2861328125,ok
local_global_easy,8192,True,torch.float32,1234,0.1,16,choose_once_4_calls,True,53.338111877441406,52.817726135253906,53.82953643798828,51.730430603027344,5,1,53.18985900021289,146.1279296875,203.2861328125,ok
local_global_easy,8192,True,torch.float32,1234,0.1,16,choose_once_8_calls,True,89.23648071289062,88.72073364257812,89.37216186523438,88.12124633789062,5,1,89.98695299987958,146.1279296875,203.2861328125,ok
local_global_easy,8192,True,torch.float32,1234,0.1,16,rf64,True,9.13203239440918,9.12326431274414,9.151616096496582,9.117535591125488,5,1,9.486385000400333,130.12744140625,187.28564453125,ok
local_global_easy,8192,True,torch.float32,1234,0.1,16,rf256,True,17.228479385375977,17.005088806152344,17.236160278320312,15.566847801208496,5,1,17.217933000210905,272.25048828125,329.40869140625,ok
local_global_easy,8192,True,torch.float32,1234,0.1,16,rf1024,True,50.85801696777344,50.29286575317383,51.43145751953125,49.83059310913086,5,1,49.8354289998133,848.25048828125,905.40869140625,ok
local_global_easy,16384,True,torch.float32,1234,0.1,16,sdpa,True,109.11743927001953,108.76515197753906,109.23417663574219,108.21810913085938,5,1,108.93129200030671,32.0,137.158203125,ok
local_global_easy,16384,True,torch.float32,1234,0.1,16,probe_first,True,43.37539291381836,43.19232177734375,43.755584716796875,43.08028793334961,5,1,43.191376000322634,258.12841796875,363.28662109375,ok
local_global_easy,16384,True,torch.float32,1234,0.1,16,cached_same,True,17.754783630371094,17.690624237060547,18.007455825805664,17.618976593017578,5,1,18.252712000048632,258.12744140625,363.28564453125,ok
local_global_easy,16384,True,torch.float32,1234,0.1,16,selection_only,True,26.615488052368164,26.2807674407959,26.755935668945312,25.994752883911133,5,1,27.073821000158205,192.533203125,297.69140625,ok
local_global_easy,16384,True,torch.float32,1234,0.1,16,original_router,True,20.4401912689209,20.330463409423828,20.493408203125,19.558528900146484,5,1,20.576574000187975,258.19140625,363.349609375,ok
local_global_easy,16384,True,torch.float32,1234,0.1,16,choose_once_2_calls,True,62.00294494628906,61.96223831176758,62.22848129272461,61.93948745727539,5,1,63.169866999942315,290.1279296875,395.2861328125,ok
local_global_easy,16384,True,torch.float32,1234,0.1,16,choose_once_4_calls,True,97.26182556152344,97.20575714111328,97.6094741821289,95.98592376708984,5,1,95.22387200013327,290.1279296875,395.2861328125,ok
local_global_easy,16384,True,torch.float32,1234,0.1,16,choose_once_8_calls,True,173.18406677246094,170.0133819580078,176.85708618164062,168.7657012939453,5,1,209.82597400006853,290.1279296875,395.2861328125,ok
local_global_easy,16384,True,torch.float32,1234,0.1,16,rf64,True,18.228864669799805,18.07036781311035,18.229951858520508,17.40995216369629,5,1,18.263179999848944,258.12744140625,363.28564453125,ok
local_global_easy,16384,True,torch.float32,1234,0.1,16,rf256,True,34.297855377197266,34.141727447509766,34.31625747680664,33.58924865722656,5,1,33.878264000122726,544.50048828125,649.65869140625,ok
local_global_easy,16384,True,torch.float32,1234,0.1,16,rf1024,True,121.26799774169922,120.7910385131836,121.44755554199219,120.11929321289062,5,1,121.52036899988161,880.25048828125,985.40869140625,ok
local_global_easy,32768,True,torch.float32,1234,0.1,16,sdpa,True,481.129638671875,480.8995056152344,481.8006896972656,479.593994140625,5,1,481.93707200016433,64.0,265.158203125,ok
local_global_easy,32768,True,torch.float32,1234,0.1,16,probe_first,True,80.00157165527344,79.83289337158203,80.17120361328125,78.05203247070312,5,1,82.57594499991683,514.12841796875,715.28662109375,ok
local_global_easy,32768,True,torch.float32,1234,0.1,16,cached_same,True,37.39616012573242,36.44211196899414,41.453025817871094,35.966976165771484,5,1,37.858763999793155,514.12744140625,715.28564453125,ok
local_global_easy,32768,True,torch.float32,1234,0.1,16,selection_only,True,43.14918518066406,40.695518493652344,43.60793685913086,40.64460754394531,5,1,41.59414400010064,385.033203125,586.19140625,ok
local_global_easy,32768,True,torch.float32,1234,0.1,16,original_router,True,41.459712982177734,41.1038703918457,42.44163131713867,40.822784423828125,5,1,40.83950200038089,514.19140625,715.349609375,ok
local_global_easy,32768,True,torch.float32,1234,0.1,16,choose_once_2_calls,True,111.82457733154297,111.14697265625,114.66751861572266,110.80172729492188,5,1,112.28175799988094,578.1279296875,779.2861328125,ok
local_global_easy,32768,True,torch.float32,1234,0.1,16,choose_once_4_calls,True,184.91615295410156,184.68658447265625,185.66058349609375,184.29808044433594,5,1,187.4394050000774,578.1279296875,779.2861328125,ok
local_global_easy,32768,True,torch.float32,1234,0.1,16,choose_once_8_calls,True,336.561279296875,335.13677978515625,336.6009216308594,332.0900573730469,5,1,332.48833600009675,578.1279296875,779.2861328125,ok
local_global_easy,32768,True,torch.float32,1234,0.1,16,rf64,True,37.25727844238281,37.06313705444336,37.40943908691406,35.87583923339844,5,1,37.11401399959868,514.12744140625,715.28564453125,ok
local_global_easy,32768,True,torch.float32,1234,0.1,16,rf256,True,70.17676544189453,69.78438568115234,70.19725036621094,69.03791809082031,5,1,68.90711000005467,1089.00048828125,1290.15869140625,ok
local_global_easy,32768,True,torch.float32,1234,0.1,16,rf1024,True,271.3086853027344,270.29443359375,273.02252197265625,270.24835205078125,5,1,272.4829599997065,912.25048828125,1113.40869140625,ok
local_global_easy,65536,True,torch.float32,1234,0.1,16,sdpa,True,1968.5009765625,1966.5818481445312,1970.6154174804688,1964.6627197265625,3,0,1963.6927299998206,128.0,521.158203125,ok
local_global_easy,65536,True,torch.float32,1234,0.1,16,probe_first,True,142.39773559570312,141.16026306152344,142.66339111328125,140.9320068359375,5,1,141.13078400032464,1026.12841796875,1419.28662109375,ok
local_global_easy,65536,True,torch.float32,1234,0.1,16,cached_same,True,72.94361877441406,72.46979522705078,73.614013671875,72.33708953857422,5,1,76.76888500009227,1026.12744140625,1419.28564453125,ok
local_global_easy,65536,True,torch.float32,1234,0.1,16,selection_only,True,71.87439727783203,71.76598358154297,72.58470153808594,71.60163116455078,5,1,72.74472300014168,770.033203125,1163.19140625,ok
local_global_easy,65536,True,torch.float32,1234,0.1,16,original_router,True,84.11158752441406,83.94751739501953,85.00838470458984,82.18902587890625,5,1,83.32309800016446,1026.19140625,1419.349609375,ok
local_global_easy,65536,True,torch.float32,1234,0.1,16,choose_once_2_calls,True,216.7316436767578,215.89759826660156,217.03065490722656,214.95347595214844,5,1,214.77261600011843,1154.1279296875,1547.2861328125,ok
local_global_easy,65536,True,torch.float32,1234,0.1,16,choose_once_4_calls,True,362.9572448730469,360.9231262207031,365.8205261230469,360.5284729003906,5,1,361.47113900005934,1154.1279296875,1547.2861328125,ok
local_global_easy,65536,True,torch.float32,1234,0.1,16,choose_once_8_calls,True,654.4588623046875,653.7195434570312,657.9033813476562,649.6952514648438,5,1,649.1235349999442,1154.1279296875,1547.2861328125,ok
local_global_easy,65536,True,torch.float32,1234,0.1,16,rf64,True,72.38031768798828,72.31488037109375,73.46701049804688,71.54386901855469,5,1,73.51291399982074,1026.12744140625,1419.28564453125,ok
local_global_easy,65536,True,torch.float32,1234,0.1,16,rf256,True,164.17996215820312,164.05760192871094,164.8414764404297,163.58604431152344,5,1,165.5180569996446,1217.00048828125,1610.15869140625,ok
local_global_easy,65536,True,torch.float32,1234,0.1,16,rf1024,True,578.1954345703125,575.14013671875,580.3151245117188,574.217529296875,5,1,621.2621370000306,976.25048828125,1369.40869140625,ok
rare_sharp,512,False,torch.float16,1234,0.1,16,sdpa,True,0.10278400033712387,0.10179200023412704,0.1045759990811348,0.09958399832248688,5,1,0.1602100001036888,0.5,11.1728515625,ok
rare_sharp,512,False,torch.float16,1234,0.1,16,probe_first,True,2.5071680545806885,2.4783360958099365,2.521087884902954,2.3756799697875977,5,1,2.4949189996732457,9.048828125,19.7216796875,ok
rare_sharp,512,False,torch.float16,1234,0.1,16,cached_same,True,1.136639952659607,1.0960960388183594,1.1497600078582764,1.0737919807434082,5,1,1.2071650003235845,7.64306640625,18.31591796875,ok
rare_sharp,512,False,torch.float16,1234,0.1,16,selection_only,True,1.4673279523849487,1.4641920328140259,1.4702399969100952,1.4608960151672363,5,1,1.6068820000327833,9.048828125,19.7216796875,ok
rare_sharp,512,False,torch.float16,1234,0.1,16,original_router,True,1.56876802444458,1.5380480289459229,1.6061760187149048,1.521567940711975,5,1,1.729672999772447,11.20703125,21.8798828125,ok
rare_sharp,512,False,torch.float16,1234,0.1,16,choose_once_2_calls,True,3.52239990234375,3.4724159240722656,3.600543975830078,3.3999359607696533,5,1,3.4708010002759693,9.048828125,19.7216796875,ok
rare_sharp,512,False,torch.float16,1234,0.1,16,choose_once_4_calls,True,5.635615825653076,5.424543857574463,5.642240047454834,5.342624187469482,5,1,5.436992999875656,9.048828125,19.7216796875,ok
rare_sharp,512,False,torch.float16,1234,0.1,16,choose_once_8_calls,True,9.218048095703125,9.164671897888184,9.242624282836914,9.130816459655762,5,1,9.233390000190411,9.048828125,19.7216796875,ok
rare_sharp,512,False,torch.float16,1234,0.1,16,rf64,True,0.9402559995651245,0.9219840168952942,0.9465280175209045,0.9211840033531189,5,1,1.0827850001078332,7.64306640625,18.31591796875,ok
rare_sharp,512,False,torch.float16,1234,0.1,16,rf256,True,1.0994559526443481,1.0855679512023926,1.1265599727630615,1.0767040252685547,5,1,1.2057549997734895,16.51611328125,27.18896484375,ok
rare_sharp,512,False,torch.float16,1234,0.1,16,rf1024,True,2.234368085861206,2.229408025741577,2.244607925415039,2.2222719192504883,5,1,2.3882869995759393,52.51611328125,63.18896484375,ok
rare_sharp,1024,False,torch.float16,1234,0.1,16,sdpa,True,0.26396799087524414,0.26019200682640076,0.2682879865169525,0.24588799476623535,5,1,0.2809439997690788,1.0,13.1884765625,ok
rare_sharp,1024,False,torch.float16,1234,0.1,16,probe_first,True,2.5088000297546387,2.4981439113616943,2.6992640495300293,2.4603519439697266,5,1,2.7318600000398874,18.19189453125,30.38037109375,ok
rare_sharp,1024,False,torch.float16,1234,0.1,16,cached_same,True,1.341439962387085,1.331104040145874,1.3797760009765625,1.3250240087509155,5,1,1.3934710000285122,15.15869140625,27.34716796875,ok
rare_sharp,1024,False,torch.float16,1234,0.1,16,selection_only,True,1.5319039821624756,1.5244159698486328,1.5570240020751953,1.5100480318069458,5,1,1.6906500000004598,18.19189453125,30.38037109375,ok
rare_sharp,1024,False,torch.float16,1234,0.1,16,original_router,True,1.903007984161377,1.8945599794387817,1.9033600091934204,1.8595839738845825,5,1,1.9760710001719417,22.22265625,34.4111328125,ok
rare_sharp,1024,False,torch.float16,1234,0.1,16,choose_once_2_calls,True,4.2381439208984375,4.231167793273926,4.276159763336182,4.190271854400635,5,1,4.403640999953495,18.19189453125,30.38037109375,ok
rare_sharp,1024,False,torch.float16,1234,0.1,16,choose_once_4_calls,True,6.436736106872559,6.433472156524658,6.506400108337402,6.428639888763428,5,1,6.522865999613714,18.19189453125,30.38037109375,ok
rare_sharp,1024,False,torch.float16,1234,0.1,16,choose_once_8_calls,True,11.853376388549805,11.376640319824219,12.10524845123291,11.210528373718262,5,1,11.53240099984032,18.19189453125,30.38037109375,ok
rare_sharp,1024,False,torch.float16,1234,0.1,16,rf64,True,1.3721920251846313,1.3342399597167969,1.3825600147247314,1.2879040241241455,5,1,1.3147449999451055,15.15869140625,27.34716796875,ok
rare_sharp,1024,False,torch.float16,1234,0.1,16,rf256,True,2.0083839893341064,2.0049920082092285,2.0090880393981934,2.004159927368164,5,1,2.1659670001099585,39.5087890625,51.697265625,ok
rare_sharp,1024,False,torch.float16,1234,0.1,16,rf1024,True,4.972544193267822,4.969056129455566,4.975488185882568,4.965951919555664,5,1,5.085754999981873,105.03173828125,117.22021484375,ok
rare_sharp,2048,False,torch.float16,1234,0.1,16,sdpa,True,1.4308160543441772,1.4285119771957397,1.4319360256195068,1.4231679439544678,5,1,1.4636509999945702,2.0,17.2197265625,ok
rare_sharp,2048,False,torch.float16,1234,0.1,16,probe_first,True,4.160384178161621,4.145792007446289,4.184063911437988,4.136928081512451,5,1,4.216789000111021,36.19189453125,51.41162109375,ok
rare_sharp,2048,False,torch.float16,1234,0.1,16,cached_same,True,2.0921919345855713,2.0877439975738525,2.0951039791107178,2.0747199058532715,5,1,2.1680909999304276,30.18994140625,45.40966796875,ok
rare_sharp,2048,False,torch.float16,1234,0.1,16,selection_only,True,2.190272092819214,2.170016050338745,2.2097599506378174,2.148224115371704,5,1,2.24766900009854,36.19189453125,51.41162109375,ok
rare_sharp,2048,False,torch.float16,1234,0.1,16,original_router,True,2.8204801082611084,2.813472032546997,2.8465919494628906,2.8071680068969727,5,1,2.9089019999446464,44.25390625,59.4736328125,ok
rare_sharp,2048,False,torch.float16,1234,0.1,16,choose_once_2_calls,True,6.189248085021973,6.185503959655762,6.238016128540039,6.184927940368652,5,1,6.331194000267715,36.19189453125,51.41162109375,ok
rare_sharp,2048,False,torch.float16,1234,0.1,16,choose_once_4_calls,True,10.23459243774414,10.21996784210205,10.258432388305664,10.079680442810059,5,1,10.016462000294268,36.19189453125,51.41162109375,ok
rare_sharp,2048,False,torch.float16,1234,0.1,16,choose_once_8_calls,True,17.835168838500977,17.723424911499023,17.877599716186523,17.701887130737305,5,1,17.72996299996521,36.19189453125,51.41162109375,ok
rare_sharp,2048,False,torch.float16,1234,0.1,16,rf64,True,1.9417599439620972,1.9324480295181274,1.965824007987976,1.9149119853973389,5,1,2.035965000231954,30.18994140625,45.40966796875,ok
rare_sharp,2048,False,torch.float16,1234,0.1,16,rf256,True,3.221503973007202,3.2133119106292725,3.233311891555786,3.199007987976074,5,1,3.2946139999694424,66.5087890625,81.728515625,ok
rare_sharp,2048,False,torch.float16,1234,0.1,16,rf1024,True,8.705056190490723,8.699040412902832,8.709728240966797,8.6975679397583,5,1,8.767735999754223,210.06298828125,225.28271484375,ok
rare_sharp,4096,False,torch.float16,1234,0.1,16,sdpa,True,4.206560134887695,4.204288005828857,4.2072319984436035,4.200479984283447,5,1,4.233635000218783,4.0,25.2822265625,ok
rare_sharp,4096,False,torch.float16,1234,0.1,16,probe_first,True,6.487040042877197,6.4655680656433105,6.489344120025635,6.455296039581299,5,1,6.469206000019767,72.19189453125,93.47412109375,ok
rare_sharp,4096,False,torch.float16,1234,0.1,16,cached_same,True,3.3514559268951416,3.323904037475586,3.3559041023254395,3.298111915588379,5,1,3.4182939998572692,60.25244140625,81.53466796875,ok
rare_sharp,4096,False,torch.float16,1234,0.1,16,selection_only,True,3.1945600509643555,3.182624101638794,3.2053120136260986,3.1783359050750732,5,1,3.2677599997441575,72.19189453125,93.47412109375,ok
rare_sharp,4096,False,torch.float16,1234,0.1,16,original_router,True,4.319263935089111,4.306879997253418,4.403232097625732,4.304927825927734,5,1,4.339907000030507,88.31640625,109.5986328125,ok
rare_sharp,4096,False,torch.float16,1234,0.1,16,choose_once_2_calls,True,9.7456636428833,9.716064453125,9.767295837402344,9.69052791595459,5,1,9.760369000105129,72.19189453125,93.47412109375,ok
rare_sharp,4096,False,torch.float16,1234,0.1,16,choose_once_4_calls,True,15.961567878723145,15.930624008178711,15.973919868469238,15.914655685424805,5,1,15.998524000224279,72.19189453125,93.47412109375,ok
rare_sharp,4096,False,torch.float16,1234,0.1,16,choose_once_8_calls,True,24.070144653320312,23.89628791809082,24.35228729248047,22.46112060546875,5,1,22.35229400002936,72.19189453125,93.47412109375,ok
rare_sharp,4096,False,torch.float16,1234,0.1,16,rf64,True,2.493151903152466,2.4842560291290283,2.5110080242156982,2.482208013534546,5,1,2.581260000170005,60.25244140625,81.53466796875,ok
rare_sharp,4096,False,torch.float16,1234,0.1,16,rf256,True,4.744959831237793,4.741471767425537,4.780511856079102,4.728831768035889,5,1,4.865987999892241,132.12548828125,153.40771484375,ok
rare_sharp,4096,False,torch.float16,1234,0.1,16,rf1024,True,15.089920043945312,14.536704063415527,15.411904335021973,14.1812162399292,5,1,15.668810000079247,420.12548828125,441.40771484375,ok
rare_sharp,8192,False,torch.float16,1234,0.1,16,sdpa,True,10.041343688964844,8.144479751586914,11.081727981567383,8.144319534301758,5,1,12.748357999953441,8.0,41.158203125,ok
rare_sharp,8192,False,torch.float16,1234,0.1,16,probe_first,True,8.531264305114746,8.507391929626465,8.636320114135742,8.403039932250977,5,1,8.889274000011937,144.283203125,177.44140625,ok
rare_sharp,8192,False,torch.float16,1234,0.1,16,cached_same,True,4.560895919799805,4.553088188171387,4.589375972747803,4.532224178314209,5,1,4.598500000156491,120.37744140625,153.53564453125,ok
rare_sharp,8192,False,torch.float16,1234,0.1,16,selection_only,True,3.9526400566101074,3.9488320350646973,3.985408067703247,3.9451520442962646,5,1,4.088818000127503,144.283203125,177.44140625,ok
rare_sharp,8192,False,torch.float16,1234,0.1,16,original_router,True,5.722655773162842,5.7066240310668945,5.78985595703125,5.705855846405029,5,1,5.872949000149674,176.44140625,209.599609375,ok
rare_sharp,8192,False,torch.float16,1234,0.1,16,choose_once_2_calls,True,13.505311965942383,13.212063789367676,13.511263847351074,13.070207595825195,5,1,13.690243999917584,144.283203125,177.44140625,ok
rare_sharp,8192,False,torch.float16,1234,0.1,16,choose_once_4_calls,True,23.169151306152344,23.158784866333008,23.369728088378906,22.914432525634766,5,1,23.226949000218156,144.283203125,177.44140625,ok
rare_sharp,8192,False,torch.float16,1234,0.1,16,choose_once_8_calls,True,42.26544189453125,42.22566223144531,42.28163146972656,42.12355041503906,5,1,42.22042199990028,144.283203125,177.44140625,ok
rare_sharp,8192,False,torch.float16,1234,0.1,16,rf64,True,4.569983959197998,4.569024085998535,4.582687854766846,4.54860782623291,5,1,4.834107000078802,120.37744140625,153.53564453125,ok
rare_sharp,8192,False,torch.float16,1234,0.1,16,rf256,True,9.41648006439209,9.021183967590332,9.480447769165039,8.948479652404785,5,1,9.582974999830185,264.25048828125,297.40869140625,ok
rare_sharp,8192,False,torch.float16,1234,0.1,16,rf1024,True,31.422687530517578,30.73638343811035,31.515775680541992,30.636608123779297,5,1,30.927548999898136,840.25048828125,873.40869140625,ok
rare_sharp,16384,False,torch.float16,1234,0.1,16,sdpa,True,46.00422286987305,45.9851188659668,46.26835250854492,45.58438491821289,5,1,46.008723999875656,16.0,73.158203125,ok
rare_sharp,16384,False,torch.float16,1234,0.1,16,probe_first,True,16.754688262939453,16.53670310974121,16.85161590576172,16.479488372802734,5,1,17.092297000090184,288.533203125,345.69140625,ok
rare_sharp,16384,False,torch.float16,1234,0.1,16,cached_same,True,8.786335945129395,8.776032447814941,8.94758415222168,8.71014404296875,5,1,9.325760999672639,240.62744140625,297.78564453125,ok
rare_sharp,16384,False,torch.float16,1234,0.1,16,selection_only,True,7.4310078620910645,7.413760185241699,7.4403839111328125,7.260159969329834,5,1,7.756217999940418,288.533203125,345.69140625,ok
rare_sharp,16384,False,torch.float16,1234,0.1,16,original_router,True,11.69324779510498,11.528800010681152,11.798687934875488,11.440832138061523,5,1,12.063869000030536,352.69140625,409.849609375,ok
rare_sharp,16384,False,torch.float16,1234,0.1,16,choose_once_2_calls,True,26.248863220214844,26.12428855895996,26.36591911315918,26.11814308166504,5,1,26.061896000101115,288.533203125,345.69140625,ok
rare_sharp,16384,False,torch.float16,1234,0.1,16,choose_once_4_calls,True,44.46403121948242,44.25727844238281,45.067806243896484,44.01801681518555,5,1,45.231545999740774,288.533203125,345.69140625,ok
rare_sharp,16384,False,torch.float16,1234,0.1,16,choose_once_8_calls,True,81.22393798828125,80.51465606689453,81.35065460205078,80.21465301513672,5,1,81.31421600000976,288.533203125,345.69140625,ok
rare_sharp,16384,False,torch.float16,1234,0.1,16,rf64,True,8.81868839263916,8.811360359191895,9.199616432189941,8.710559844970703,5,1,9.170521999749326,240.62744140625,297.78564453125,ok
rare_sharp,16384,False,torch.float16,1234,0.1,16,rf256,True,18.85215950012207,18.775999069213867,18.993152618408203,17.953439712524414,5,1,19.150668999827758,528.50048828125,585.65869140625,ok
rare_sharp,16384,False,torch.float16,1234,0.1,16,rf1024,True,64.8548812866211,64.64185333251953,64.86003112792969,63.93695831298828,5,1,63.76866800019343,864.25048828125,921.40869140625,ok
rare_sharp,32768,False,torch.float16,1234,0.1,16,sdpa,True,183.32672119140625,183.1144256591797,183.43096923828125,182.75942993164062,5,1,183.06242099970405,32.0,137.158203125,ok
rare_sharp,32768,False,torch.float16,1234,0.1,16,probe_first,True,73.20166778564453,73.1398696899414,73.58985900878906,72.85587310791016,5,1,73.03993200002878,1057.00146484375,1162.15966796875,ok
rare_sharp,32768,False,torch.float16,1234,0.1,16,cached_same,True,39.225791931152344,38.97772979736328,39.2487678527832,38.936767578125,5,1,38.706389000253694,1057.00048828125,1162.15869140625,ok
rare_sharp,32768,False,torch.float16,1234,0.1,16,selection_only,True,34.610015869140625,34.60985565185547,34.98761749267578,34.30144119262695,5,1,35.35037799974816,961.06494140625,1066.22314453125,ok
rare_sharp,32768,False,torch.float16,1234,0.1,16,original_router,True,59.60396957397461,59.58915328979492,59.66032028198242,59.54003143310547,5,1,61.81487799995011,1345.0966796875,1450.2548828125,ok
rare_sharp,32768,False,torch.float16,1234,0.1,16,choose_once_2_calls,True,111.8635482788086,111.26988983154297,112.35126495361328,111.11478424072266,5,1,112.02763900018908,1089.0009765625,1194.1591796875,ok
rare_sharp,32768,False,torch.float16,1234,0.1,16,choose_once_4_calls,True,191.45928955078125,191.0084228515625,193.42422485351562,190.05442810058594,5,1,195.33983100018304,1089.0009765625,1194.1591796875,ok
rare_sharp,32768,False,torch.float16,1234,0.1,16,choose_once_8_calls,True,357.5173034667969,351.825927734375,359.9580993652344,350.97735595703125,5,1,353.3357200003593,1089.0009765625,1194.1591796875,ok
rare_sharp,32768,False,torch.float16,1234,0.1,16,rf64,True,18.003488540649414,17.959583282470703,18.032672882080078,17.948671340942383,5,1,17.960554000183038,481.12744140625,586.28564453125,ok
rare_sharp,32768,False,torch.float16,1234,0.1,16,rf256,True,39.65283203125,39.251617431640625,40.03104019165039,39.237632751464844,5,1,39.53653000007762,1057.00048828125,1162.15869140625,ok
rare_sharp,32768,False,torch.float16,1234,0.1,16,rf1024,True,137.69097900390625,137.25289916992188,137.88815307617188,137.21029663085938,5,1,138.52316200018322,880.25048828125,985.40869140625,ok
rare_sharp,65536,False,torch.float16,1234,0.1,16,sdpa,True,776.6444702148438,775.4044189453125,777.1797485351562,765.1535034179688,5,1,789.0643339997041,64.0,265.158203125,ok
rare_sharp,65536,False,torch.float16,1234,0.1,16,probe_first,True,69.0489273071289,68.8832015991211,70.25676727294922,67.61865234375,5,1,69.5447680000143,1154.033203125,1355.19140625,ok
rare_sharp,65536,False,torch.float16,1234,0.1,16,cached_same,True,37.45955276489258,37.42313766479492,37.963775634765625,36.920833587646484,5,1,38.63089600008607,962.12744140625,1163.28564453125,ok
rare_sharp,65536,False,torch.float16,1234,0.1,16,selection_only,True,31.58220863342285,31.045631408691406,31.69228744506836,30.641855239868164,5,1,30.4797270000563,1154.033203125,1355.19140625,ok
rare_sharp,65536,False,torch.float16,1234,0.1,16,original_router,True,49.374752044677734,48.51766586303711,50.275390625,48.29423904418945,5,1,46.63584500030993,1410.19140625,1611.349609375,ok
rare_sharp,65536,False,torch.float16,1234,0.1,16,choose_once_2_calls,True,107.79891204833984,105.9043197631836,108.2751693725586,105.67241668701172,5,1,109.53145799976483,1154.033203125,1355.19140625,ok
rare_sharp,65536,False,torch.float16,1234,0.1,16,choose_once_4_calls,True,182.30335998535156,182.1183624267578,183.20489501953125,181.94688415527344,5,1,182.05746600006023,1154.033203125,1355.19140625,ok
rare_sharp,65536,False,torch.float16,1234,0.1,16,choose_once_8_calls,True,341.1107482910156,337.5215148925781,344.3836975097656,333.22515869140625,5,1,334.54345500013005,1154.033203125,1355.19140625,ok
rare_sharp,65536,False,torch.float16,1234,0.1,16,rf64,True,37.56208038330078,37.18735885620117,38.1495361328125,36.92460632324219,5,1,36.84334299987313,962.12744140625,1163.28564453125,ok
rare_sharp,65536,False,torch.float16,1234,0.1,16,rf256,True,85.7642593383789,85.44617462158203,88.34339141845703,85.22547149658203,5,1,87.23078299999543,1153.00048828125,1354.15869140625,ok
rare_sharp,65536,False,torch.float16,1234,0.1,16,rf1024,True,280.0967712402344,279.7385559082031,281.27227783203125,279.34149169921875,5,1,277.9506050001146,912.25048828125,1113.40869140625,ok
rare_sharp,512,False,torch.float32,1234,0.1,16,sdpa,True,0.2226880043745041,0.20604799687862396,0.22323200106620789,0.19865599274635315,5,1,0.2634950001265679,1.0,13.1728515625,ok
rare_sharp,512,False,torch.float32,1234,0.1,16,probe_first,True,2.371583938598633,2.3418240547180176,2.6163840293884277,2.212671995162964,5,1,2.534663999995246,8.14404296875,20.31689453125,ok
rare_sharp,512,False,torch.float32,1234,0.1,16,cached_same,True,0.8908799886703491,0.8908479809761047,0.8912960290908813,0.8826879858970642,5,1,1.0113270000147168,8.14306640625,20.31591796875,ok
rare_sharp,512,False,torch.float32,1234,0.1,16,selection_only,True,1.3665599822998047,1.363360047340393,1.4303359985351562,1.3532480001449585,5,1,1.4944169997761492,6.048828125,18.2216796875,ok
rare_sharp,512,False,torch.float32,1234,0.1,16,original_router,True,1.4978879690170288,1.4697599411010742,1.5140800476074219,1.4624320268630981,5,1,1.6058619999057555,8.20703125,20.3798828125,ok
rare_sharp,512,False,torch.float32,1234,0.1,16,choose_once_2_calls,True,3.0291519165039062,3.0240321159362793,3.0453760623931885,3.0046401023864746,5,1,3.2531910001125652,9.1435546875,21.31640625,ok
rare_sharp,512,False,torch.float32,1234,0.1,16,choose_once_4_calls,True,4.739071846008301,4.6490559577941895,4.816895961761475,4.63043212890625,5,1,5.094027000268397,9.1435546875,21.31640625,ok
rare_sharp,512,False,torch.float32,1234,0.1,16,choose_once_8_calls,True,8.72652816772461,8.662688255310059,8.822784423828125,8.517184257507324,5,1,8.647927999845706,9.1435546875,21.31640625,ok
rare_sharp,512,False,torch.float32,1234,0.1,16,rf64,True,0.9562559723854065,0.9545279741287231,1.0076160430908203,0.954367995262146,5,1,1.0957059998872865,8.14306640625,20.31591796875,ok
rare_sharp,512,False,torch.float32,1234,0.1,16,rf256,True,1.0779199600219727,1.0588159561157227,1.1000640392303467,1.0262720584869385,5,1,1.1000350000358594,17.01611328125,29.18896484375,ok
rare_sharp,512,False,torch.float32,1234,0.1,16,rf1024,True,2.203648090362549,2.192064046859741,2.2046079635620117,2.190079927444458,5,1,2.302176999819494,53.01611328125,65.18896484375,ok
rare_sharp,1024,False,torch.float32,1234,0.1,16,sdpa,True,0.8027840256690979,0.8007680177688599,0.8028159737586975,0.7996799945831299,5,1,0.8384979996662878,2.0,17.1884765625,ok
rare_sharp,1024,False,torch.float32,1234,0.1,16,probe_first,True,2.3325440883636475,2.294111967086792,2.4922239780426025,2.242176055908203,5,1,2.4675159997968876,16.15966796875,31.34814453125,ok
rare_sharp,1024,False,torch.float32,1234,0.1,16,cached_same,True,1.241760015487671,1.2275199890136719,1.2451839447021484,1.2143679857254028,5,1,1.286328999867692,16.15869140625,31.34716796875,ok
rare_sharp,1024,False,torch.float32,1234,0.1,16,selection_only,True,1.6590080261230469,1.6363519430160522,1.6740800142288208,1.6321280002593994,5,1,1.6396870000789932,12.19189453125,27.38037109375,ok
rare_sharp,1024,False,torch.float32,1234,0.1,16,original_router,True,1.8157440423965454,1.8064639568328857,1.8163199424743652,1.7594560384750366,5,1,1.9348410000930016,16.22265625,31.4111328125,ok
rare_sharp,1024,False,torch.float32,1234,0.1,16,choose_once_2_calls,True,3.9178240299224854,3.9075839519500732,3.9267520904541016,3.9075839519500732,5,1,3.9982460002647713,18.1591796875,33.34765625,ok
rare_sharp,1024,False,torch.float32,1234,0.1,16,choose_once_4_calls,True,6.2117438316345215,6.203392028808594,6.253183841705322,6.180863857269287,5,1,6.859810000150901,18.1591796875,33.34765625,ok
rare_sharp,1024,False,torch.float32,1234,0.1,16,choose_once_8_calls,True,11.697471618652344,11.593952178955078,11.790335655212402,11.511775970458984,5,1,11.467789999642264,18.1591796875,33.34765625,ok
rare_sharp,1024,False,torch.float32,1234,0.1,16,rf64,True,1.2412480115890503,1.235584020614624,1.2595200538635254,1.216223955154419,5,1,1.320431000294775,16.15869140625,31.34716796875,ok
rare_sharp,1024,False,torch.float32,1234,0.1,16,rf256,True,2.0118401050567627,2.0005440711975098,2.0533759593963623,1.9988479614257812,5,1,2.02753700023095,40.5087890625,55.697265625,ok
rare_sharp,1024,False,torch.float32,1234,0.1,16,rf1024,True,4.9418559074401855,4.935679912567139,4.9481282234191895,4.935679912567139,5,1,4.993393999939144,106.03173828125,121.22021484375,ok
rare_sharp,2048,False,torch.float32,1234,0.1,16,sdpa,True,6.366943836212158,6.357120037078857,6.373280048370361,6.357024192810059,5,1,6.4296919999833335,4.0,25.2197265625,ok
rare_sharp,2048,False,torch.float32,1234,0.1,16,probe_first,True,4.01423978805542,3.9966719150543213,4.034527778625488,3.9885120391845703,5,1,4.0647659998285235,32.19091796875,53.41064453125,ok
rare_sharp,2048,False,torch.float32,1234,0.1,16,cached_same,True,2.0415680408477783,2.0094399452209473,2.1143999099731445,2.004863977432251,5,1,2.067404000172246,32.18994140625,53.40966796875,ok
rare_sharp,2048,False,torch.float32,1234,0.1,16,selection_only,True,2.0929598808288574,2.079551935195923,2.1094400882720947,2.0779519081115723,5,1,2.13756299990564,24.19189453125,45.41162109375,ok
rare_sharp,2048,False,torch.float32,1234,0.1,16,original_router,True,2.852832078933716,2.8035199642181396,2.8651199340820312,2.7635838985443115,5,1,2.8514299997368653,32.25390625,53.4736328125,ok
rare_sharp,2048,False,torch.float32,1234,0.1,16,choose_once_2_calls,True,5.949920177459717,5.947487831115723,5.978400230407715,5.940576076507568,5,1,6.1325140000008105,36.1904296875,57.41015625,ok
rare_sharp,2048,False,torch.float32,1234,0.1,16,choose_once_4_calls,True,9.887680053710938,9.851263999938965,10.138143539428711,9.842592239379883,5,1,10.047408000446012,36.1904296875,57.41015625,ok
rare_sharp,2048,False,torch.float32,1234,0.1,16,choose_once_8_calls,True,17.674848556518555,17.582080841064453,17.755456924438477,17.564640045166016,5,1,17.684435000319354,36.1904296875,57.41015625,ok
rare_sharp,2048,False,torch.float32,1234,0.1,16,rf64,True,1.7244479656219482,1.7227519750595093,1.7425600290298462,1.7121599912643433,5,1,1.790906000223913,32.18994140625,53.40966796875,ok
rare_sharp,2048,False,torch.float32,1234,0.1,16,rf256,True,2.958400011062622,2.9516799449920654,2.959359884262085,2.9511361122131348,5,1,2.9791169999953127,68.5087890625,89.728515625,ok
rare_sharp,2048,False,torch.float32,1234,0.1,16,rf1024,True,8.085311889648438,8.084351539611816,8.124095916748047,8.062399864196777,5,1,8.151873999850068,212.06298828125,233.28271484375,ok
rare_sharp,4096,False,torch.float32,1234,0.1,16,sdpa,True,15.649951934814453,14.495807647705078,17.055936813354492,14.408960342407227,5,1,14.454317999934574,8.0,41.2822265625,ok
rare_sharp,4096,False,torch.float32,1234,0.1,16,probe_first,True,5.080959796905518,5.006112098693848,5.0900797843933105,4.997119903564453,5,1,5.092389999845182,64.25341796875,97.53564453125,ok
rare_sharp,4096,False,torch.float32,1234,0.1,16,cached_same,True,2.592992067337036,2.5804800987243652,2.593247890472412,2.5802559852600098,5,1,2.6404209997963335,64.25244140625,97.53466796875,ok
rare_sharp,4096,False,torch.float32,1234,0.1,16,selection_only,True,2.4207680225372314,2.4204800128936768,2.420896053314209,2.4148480892181396,5,1,2.512172000024293,48.19189453125,81.47412109375,ok
rare_sharp,4096,False,torch.float32,1234,0.1,16,original_router,True,3.413439989089966,3.412287950515747,3.428352117538452,3.3955841064453125,5,1,3.5010309998142475,64.31640625,97.5986328125,ok
rare_sharp,4096,False,torch.float32,1234,0.1,16,choose_once_2_calls,True,7.528223991394043,7.505951881408691,7.549280166625977,7.486879825592041,5,1,7.532873999934964,72.2529296875,105.53515625,ok
rare_sharp,4096,False,torch.float32,1234,0.1,16,choose_once_4_calls,True,12.560223579406738,12.554240226745605,12.570015907287598,12.542624473571777,5,1,12.602358000094682,72.2529296875,105.53515625,ok
rare_sharp,4096,False,torch.float32,1234,0.1,16,choose_once_8_calls,True,21.577728271484375,21.497440338134766,21.673023223876953,21.42233657836914,5,1,21.500019000086468,72.2529296875,105.53515625,ok
rare_sharp,4096,False,torch.float32,1234,0.1,16,rf64,True,2.4000000953674316,2.398207902908325,2.4062719345092773,2.3941121101379395,5,1,2.459093000197754,64.25244140625,97.53466796875,ok
rare_sharp,4096,False,torch.float32,1234,0.1,16,rf256,True,4.604191780090332,4.598527908325195,4.615935802459717,4.586495876312256,5,1,4.809685000054742,136.12548828125,169.40771484375,ok
rare_sharp,4096,False,torch.float32,1234,0.1,16,rf1024,True,15.494848251342773,14.648256301879883,15.924192428588867,14.093215942382812,5,1,15.971261999766284,424.12548828125,457.40771484375,ok
rare_sharp,8192,False,torch.float32,1234,0.1,16,sdpa,True,50.3515510559082,50.319358825683594,50.37260818481445,50.26406478881836,5,1,50.368072999845026,16.0,73.158203125,ok
rare_sharp,8192,False,torch.float32,1234,0.1,16,probe_first,True,8.28012752532959,8.153087615966797,8.28662395477295,8.150912284851074,5,1,8.292520999930275,128.37841796875,185.53662109375,ok
rare_sharp,8192,False,torch.float32,1234,0.1,16,cached_same,True,4.349823951721191,4.347871780395508,4.370912075042725,4.335616111755371,5,1,4.411828999764111,128.37744140625,185.53564453125,ok
rare_sharp,8192,False,torch.float32,1234,0.1,16,selection_only,True,3.669408082962036,3.651871919631958,3.682176113128662,3.6516799926757812,5,1,3.6990489998061094,96.283203125,153.44140625,ok
rare_sharp,8192,False,torch.float32,1234,0.1,16,original_router,True,5.460544109344482,5.454495906829834,5.463935852050781,5.453824043273926,5,1,5.65950200007137,128.44140625,185.599609375,ok
rare_sharp,8192,False,torch.float32,1234,0.1,16,choose_once_2_calls,True,12.715744018554688,12.571871757507324,12.951552391052246,12.269887924194336,5,1,13.161384000341059,144.3779296875,201.5361328125,ok
rare_sharp,8192,False,torch.float32,1234,0.1,16,choose_once_4_calls,True,22.092063903808594,22.0916805267334,22.335487365722656,21.683135986328125,5,1,22.282651999830705,144.3779296875,201.5361328125,ok
rare_sharp,8192,False,torch.float32,1234,0.1,16,choose_once_8_calls,True,40.20771026611328,40.12876892089844,40.35734558105469,39.917598724365234,5,1,40.01384100001815,144.3779296875,201.5361328125,ok
rare_sharp,8192,False,torch.float32,1234,0.1,16,rf64,True,4.410208225250244,4.380000114440918,4.415487766265869,4.354112148284912,5,1,4.444442000021809,128.37744140625,185.53564453125,ok
rare_sharp,8192,False,torch.float32,1234,0.1,16,rf256,True,9.023167610168457,8.832223892211914,9.093952178955078,8.770079612731934,5,1,9.505328000159352,272.25048828125,329.40869140625,ok
rare_sharp,8192,False,torch.float32,1234,0.1,16,rf1024,True,32.375423431396484,31.340543746948242,32.50783920288086,30.550464630126953,5,1,32.1467720000328,848.25048828125,905.40869140625,ok
rare_sharp,16384,False,torch.float32,1234,0.1,16,sdpa,True,202.66195678710938,201.76553344726562,202.80189514160156,201.2696990966797,5,1,201.25900700031707,32.0,137.158203125,ok
rare_sharp,16384,False,torch.float32,1234,0.1,16,probe_first,True,15.943391799926758,15.61190414428711,16.068767547607422,15.397215843200684,5,1,16.159199999947305,256.62841796875,361.78662109375,ok
rare_sharp,16384,False,torch.float32,1234,0.1,16,cached_same,True,8.345600128173828,8.341888427734375,8.640512466430664,8.23846435546875,5,1,8.856391999870539,256.62744140625,361.78564453125,ok
rare_sharp,16384,False,torch.float32,1234,0.1,16,selection_only,True,6.860832214355469,6.770016193389893,6.899424076080322,6.739935874938965,5,1,6.950565999886749,192.533203125,297.69140625,ok
rare_sharp,16384,False,torch.float32,1234,0.1,16,original_router,True,10.674176216125488,10.415871620178223,10.835552215576172,10.414175987243652,5,1,11.373395000191522,256.69140625,361.849609375,ok
rare_sharp,16384,False,torch.float32,1234,0.1,16,choose_once_2_calls,True,24.71526336669922,24.670207977294922,24.853727340698242,24.53593635559082,5,1,24.68489300008514,288.6279296875,393.7861328125,ok
rare_sharp,16384,False,torch.float32,1234,0.1,16,choose_once_4_calls,True,42.46928024291992,42.200191497802734,42.61040115356445,42.019134521484375,5,1,42.683721000230435,288.6279296875,393.7861328125,ok
rare_sharp,16384,False,torch.float32,1234,0.1,16,choose_once_8_calls,True,76.9776611328125,76.96793365478516,77.02349090576172,76.92694091796875,5,1,77.91466499975286,288.6279296875,393.7861328125,ok
rare_sharp,16384,False,torch.float32,1234,0.1,16,rf64,True,8.351263999938965,8.347455978393555,8.532032012939453,8.343744277954102,5,1,8.840642999984993,256.62744140625,361.78564453125,ok
rare_sharp,16384,False,torch.float32,1234,0.1,16,rf256,True,18.56118392944336,18.22764778137207,18.615039825439453,17.524320602416992,5,1,18.602406999889354,544.50048828125,649.65869140625,ok
rare_sharp,16384,False,torch.float32,1234,0.1,16,rf1024,True,64.54534149169922,64.09203338623047,64.84441375732422,63.94473648071289,5,1,64.32983800004877,880.25048828125,985.40869140625,ok
rare_sharp,32768,False,torch.float32,1234,0.1,16,sdpa,True,831.5398559570312,830.7959594726562,832.6386108398438,820.8032836914062,5,1,835.0123199998052,64.0,265.158203125,ok
rare_sharp,32768,False,torch.float32,1234,0.1,16,probe_first,True,70.87165069580078,70.70095825195312,71.35804748535156,69.99040222167969,5,1,70.81567800014454,1089.00146484375,1290.15966796875,ok
rare_sharp,32768,False,torch.float32,1234,0.1,16,cached_same,True,38.627742767333984,37.74371337890625,38.732574462890625,36.46121597290039,5,1,37.84750799968606,1089.00048828125,1290.15869140625,ok
rare_sharp,32768,False,torch.float32,1234,0.1,16,selection_only,True,33.62790298461914,33.62575912475586,33.914207458496094,33.165409088134766,5,1,33.26637000009214,769.06494140625,970.22314453125,ok
rare_sharp,32768,False,torch.float32,1234,0.1,16,original_router,True,58.294273376464844,58.2064323425293,58.3004150390625,58.12739181518555,5,1,59.06988500009902,1153.0966796875,1354.2548828125,ok
rare_sharp,32768,False,torch.float32,1234,0.1,16,choose_once_2_calls,True,109.02015686035156,108.8511962890625,109.13081359863281,108.57679748535156,5,1,108.04928900006416,1153.0009765625,1354.1591796875,ok
rare_sharp,32768,False,torch.float32,1234,0.1,16,choose_once_4_calls,True,183.95960998535156,183.45657348632812,184.09437561035156,183.2795867919922,5,1,186.27206400014984,1153.0009765625,1354.1591796875,ok
rare_sharp,32768,False,torch.float32,1234,0.1,16,choose_once_8_calls,True,340.2956848144531,340.1751403808594,341.08001708984375,337.0467834472656,5,1,341.3822020002044,1153.0009765625,1354.1591796875,ok
rare_sharp,32768,False,torch.float32,1234,0.1,16,rf64,True,17.276159286499023,16.8088321685791,17.350976943969727,16.565311431884766,5,1,17.132516000401665,513.12744140625,714.28564453125,ok
rare_sharp,32768,False,torch.float32,1234,0.1,16,rf256,True,39.147457122802734,39.04512023925781,39.697792053222656,38.75020980834961,5,1,38.15093200000774,1089.00048828125,1290.15869140625,ok
rare_sharp,32768,False,torch.float32,1234,0.1,16,rf1024,True,130.5067901611328,129.902587890625,131.00962829589844,128.97756958007812,5,1,130.5211980002241,912.25048828125,1113.40869140625,ok
rare_sharp,65536,False,torch.float32,1234,0.1,16,sdpa,True,3490.7373046875,3477.5025634765625,3495.8133544921875,3464.267822265625,3,0,3491.4855570000327,128.0,521.158203125,ok
rare_sharp,65536,False,torch.float32,1234,0.1,16,probe_first,True,61.385311126708984,61.25020980834961,61.450016021728516,61.22528076171875,5,1,61.541687000044476,1026.12841796875,1419.28662109375,ok
rare_sharp,65536,False,torch.float32,1234,0.1,16,cached_same,True,34.62144088745117,34.55180740356445,35.1058235168457,34.50137710571289,5,1,34.83055199967566,1026.12744140625,1419.28564453125,ok
rare_sharp,65536,False,torch.float32,1234,0.1,16,selection_only,True,27.72777557373047,27.654144287109375,28.290464401245117,27.5599365234375,5,1,27.655171000333212,770.033203125,1163.19140625,ok
rare_sharp,65536,False,torch.float32,1234,0.1,16,original_router,True,43.82892990112305,42.897056579589844,44.439552307128906,42.86528015136719,5,1,44.812534999891795,1026.19140625,1419.349609375,ok
rare_sharp,65536,False,torch.float32,1234,0.1,16,choose_once_2_calls,True,97.96080017089844,96.09426879882812,98.46144104003906,96.04476928710938,5,1,97.70541599982607,1154.1279296875,1547.2861328125,ok
rare_sharp,65536,False,torch.float32,1234,0.1,16,choose_once_4_calls,True,167.16400146484375,166.266845703125,167.65965270996094,166.07232666015625,5,1,167.31333400002768,1154.1279296875,1547.2861328125,ok
rare_sharp,65536,False,torch.float32,1234,0.1,16,choose_once_8_calls,True,303.9806213378906,303.8638000488281,304.5478515625,302.79290771484375,5,1,305.80382600010125,1154.1279296875,1547.2861328125,ok
rare_sharp,65536,False,torch.float32,1234,0.1,16,rf64,True,34.58393478393555,34.281471252441406,34.586910247802734,34.06083297729492,5,1,34.458705999895756,1026.12744140625,1419.28564453125,ok
rare_sharp,65536,False,torch.float32,1234,0.1,16,rf256,True,81.4797134399414,80.93276977539062,82.26310729980469,80.92467498779297,5,1,80.33642400005192,1217.00048828125,1610.15869140625,ok
rare_sharp,65536,False,torch.float32,1234,0.1,16,rf1024,True,263.2984924316406,262.3179016113281,263.5426940917969,262.1271057128906,5,1,261.6478840000127,976.25048828125,1369.40869140625,ok
rare_sharp,512,True,torch.float16,1234,0.1,16,sdpa,True,0.06348799914121628,0.06281600147485733,0.0674239993095398,0.06272000074386597,5,1,0.11825799992948305,0.5,11.1728515625,ok
rare_sharp,512,True,torch.float16,1234,0.1,16,probe_first,True,4.753791809082031,4.751359939575195,4.897312164306641,4.721312046051025,5,1,4.846291999911045,12.12841796875,22.80126953125,ok
rare_sharp,512,True,torch.float16,1234,0.1,16,cached_same,True,1.511199951171875,1.4903680086135864,1.5319039821624756,1.422368049621582,5,1,1.62110599967491,12.12744140625,22.80029296875,ok
rare_sharp,512,True,torch.float16,1234,0.1,16,selection_only,True,3.3052480220794678,3.203871965408325,3.346208095550537,3.0234880447387695,5,1,3.2327539997822896,9.048828125,19.7216796875,ok
rare_sharp,512,True,torch.float16,1234,0.1,16,original_router,True,2.162015914916992,2.1565439701080322,2.18940806388855,2.150239944458008,5,1,2.342475000205013,15.69140625,26.3642578125,ok
rare_sharp,512,True,torch.float16,1234,0.1,16,choose_once_2_calls,True,5.898687839508057,5.836287975311279,5.974592208862305,5.775807857513428,5,1,6.390948999978718,12.6279296875,23.30078125,ok
rare_sharp,512,True,torch.float16,1234,0.1,16,choose_once_4_calls,True,8.945856094360352,8.722496032714844,9.662431716918945,8.687328338623047,5,1,9.093475000099716,12.6279296875,23.30078125,ok
rare_sharp,512,True,torch.float16,1234,0.1,16,choose_once_8_calls,True,14.292991638183594,13.99465560913086,14.796799659729004,13.980863571166992,5,1,15.631320000011328,12.6279296875,23.30078125,ok
rare_sharp,512,True,torch.float16,1234,0.1,16,rf64,True,1.4847999811172485,1.4820159673690796,1.5022720098495483,1.4663679599761963,5,1,1.6113570000015898,12.12744140625,22.80029296875,ok
rare_sharp,512,True,torch.float16,1234,0.1,16,rf256,True,1.4526400566101074,1.415168046951294,1.4561280012130737,1.4111360311508179,5,1,1.6357559998141369,18.50830078125,29.18115234375,ok
rare_sharp,512,True,torch.float16,1234,0.1,16,rf1024,True,2.8754560947418213,2.8733439445495605,2.88972806930542,2.8673601150512695,5,1,3.165061999879981,52.51611328125,63.18896484375,ok
rare_sharp,1024,True,torch.float16,1234,0.1,16,sdpa,True,0.19420799612998962,0.19126400351524353,0.20070399343967438,0.19116799533367157,5,1,0.2422630000182835,1.0,13.1884765625,ok
rare_sharp,1024,True,torch.float16,1234,0.1,16,probe_first,True,7.872672080993652,7.792672157287598,8.1943998336792,7.788544178009033,5,1,8.009653000044636,18.62841796875,30.81689453125,ok
rare_sharp,1024,True,torch.float16,1234,0.1,16,cached_same,True,1.9750399589538574,1.9636800289154053,1.9765119552612305,1.9464000463485718,5,1,2.423674000056053,18.62744140625,30.81591796875,ok
rare_sharp,1024,True,torch.float16,1234,0.1,16,selection_only,True,4.764287948608398,4.587520122528076,4.823488235473633,4.580992221832275,5,1,4.910658999961015,18.064453125,30.2529296875,ok
rare_sharp,1024,True,torch.float16,1234,0.1,16,original_router,True,2.6622719764709473,2.652031898498535,2.7627201080322266,2.617311954498291,5,1,2.9454390000864805,25.69140625,37.8798828125,ok
rare_sharp,1024,True,torch.float16,1234,0.1,16,choose_once_2_calls,True,8.767583847045898,8.648320198059082,8.90726375579834,8.648159980773926,5,1,9.00304100014182,19.6279296875,31.81640625,ok
rare_sharp,1024,True,torch.float16,1234,0.1,16,choose_once_4_calls,True,13.20751953125,13.03996753692627,13.232095718383789,12.984095573425293,5,1,15.274171999863029,19.6279296875,31.81640625,ok
rare_sharp,1024,True,torch.float16,1234,0.1,16,choose_once_8_calls,True,21.291296005249023,21.26028823852539,21.354496002197266,21.177536010742188,5,1,22.067305000291526,19.6279296875,31.81640625,ok
rare_sharp,1024,True,torch.float16,1234,0.1,16,rf64,True,1.9590719938278198,1.948032021522522,2.0257599353790283,1.939520001411438,5,1,2.250754000215238,18.62744140625,30.81591796875,ok
rare_sharp,1024,True,torch.float16,1234,0.1,16,rf256,True,2.4918720722198486,2.491424083709717,2.5322558879852295,2.486975908279419,5,1,2.6227959997413564,33.03173828125,45.22021484375,ok
rare_sharp,1024,True,torch.float16,1234,0.1,16,rf1024,True,5.992447853088379,5.990303993225098,6.002624034881592,5.986591815948486,5,1,6.0621399998126435,105.03173828125,117.22021484375,ok
rare_sharp,2048,True,torch.float16,1234,0.1,16,sdpa,True,0.4790079891681671,0.4705600142478943,0.4795199930667877,0.4620800018310547,5,1,0.5021689999011869,2.0,17.2197265625,ok
rare_sharp,2048,True,torch.float16,1234,0.1,16,probe_first,True,12.168095588684082,11.775936126708984,12.170751571655273,11.554688453674316,5,1,12.39867399999639,36.095703125,51.3154296875,ok
rare_sharp,2048,True,torch.float16,1234,0.1,16,cached_same,True,3.295680046081543,3.261823892593384,3.3583359718322754,3.131392002105713,5,1,3.3785550003813114,32.12744140625,47.34716796875,ok
rare_sharp,2048,True,torch.float16,1234,0.1,16,selection_only,True,8.402400016784668,8.294400215148926,8.914688110351562,8.28598403930664,5,1,8.796037000138313,36.095703125,51.3154296875,ok
rare_sharp,2048,True,torch.float16,1234,0.1,16,original_router,True,3.8045120239257812,3.7975680828094482,3.8255040645599365,3.7887680530548096,5,1,4.157568999744399,46.19140625,61.4111328125,ok
rare_sharp,2048,True,torch.float16,1234,0.1,16,choose_once_2_calls,True,14.078432083129883,13.797375679016113,14.335904121398926,13.561856269836426,5,1,14.657963999979984,36.095703125,51.3154296875,ok
rare_sharp,2048,True,torch.float16,1234,0.1,16,choose_once_4_calls,True,20.72412872314453,20.699039459228516,20.75663948059082,20.62201690673828,5,1,21.785477000321407,36.095703125,51.3154296875,ok
rare_sharp,2048,True,torch.float16,1234,0.1,16,choose_once_8_calls,True,35.178497314453125,34.99756622314453,35.757022857666016,34.48863983154297,5,1,38.97408300008465,36.095703125,51.3154296875,ok
rare_sharp,2048,True,torch.float16,1234,0.1,16,rf64,True,3.121151924133301,3.119904041290283,3.1241281032562256,3.11628794670105,5,1,3.3789279996199184,32.12744140625,47.34716796875,ok
rare_sharp,2048,True,torch.float16,1234,0.1,16,rf256,True,3.926016092300415,3.9139840602874756,3.9319040775299072,3.8663361072540283,5,1,3.986659000020154,66.06298828125,81.28271484375,ok
rare_sharp,2048,True,torch.float16,1234,0.1,16,rf1024,True,11.337151527404785,11.131104469299316,12.554240226745605,10.307583808898926,5,1,12.781740999798785,210.06298828125,225.28271484375,ok
rare_sharp,4096,True,torch.float16,1234,0.1,16,sdpa,True,1.0943039655685425,1.081663966178894,1.1008000373840332,1.0629119873046875,5,1,1.151662999745895,4.0,25.2822265625,ok
rare_sharp,4096,True,torch.float16,1234,0.1,16,probe_first,True,17.14112091064453,17.019807815551758,17.315168380737305,16.97555160522461,5,1,18.896693999977288,72.158203125,93.4404296875,ok
rare_sharp,4096,True,torch.float16,1234,0.1,16,cached_same,True,5.157504081726074,5.076479911804199,5.212160110473633,5.0741119384765625,5,1,5.715334999877086,62.12744140625,83.40966796875,ok
rare_sharp,4096,True,torch.float16,1234,0.1,16,selection_only,True,13.125311851501465,13.006848335266113,13.14742374420166,12.677120208740234,5,1,13.017464999848016,72.158203125,93.4404296875,ok
rare_sharp,4096,True,torch.float16,1234,0.1,16,original_router,True,6.108575820922852,6.078368186950684,6.177728176116943,5.950240135192871,5,1,6.779824000204826,90.19140625,111.4736328125,ok
rare_sharp,4096,True,torch.float16,1234,0.1,16,choose_once_2_calls,True,22.491552352905273,22.275968551635742,22.640832901000977,22.206464767456055,5,1,24.350267999579955,72.158203125,93.4404296875,ok
rare_sharp,4096,True,torch.float16,1234,0.1,16,choose_once_4_calls,True,33.09881591796875,32.67747116088867,33.20240020751953,32.556480407714844,5,1,35.7236639997609,72.158203125,93.4404296875,ok
rare_sharp,4096,True,torch.float16,1234,0.1,16,choose_once_8_calls,True,55.90652847290039,55.61199951171875,56.932350158691406,55.54140853881836,5,1,57.53606799999034,72.158203125,93.4404296875,ok
rare_sharp,4096,True,torch.float16,1234,0.1,16,rf64,True,5.113279819488525,5.111807823181152,5.257215976715088,5.109920024871826,5,1,5.514084999958868,62.12744140625,83.40966796875,ok
rare_sharp,4096,True,torch.float16,1234,0.1,16,rf256,True,7.8397440910339355,7.799551963806152,8.103232383728027,7.516160011291504,5,1,8.622473000286845,132.12548828125,153.40771484375,ok
rare_sharp,4096,True,torch.float16,1234,0.1,16,rf1024,True,25.636991500854492,24.954879760742188,26.888383865356445,24.952735900878906,5,1,24.776705000022048,420.12548828125,441.40771484375,ok
rare_sharp,8192,True,torch.float16,1234,0.1,16,sdpa,True,4.44982385635376,4.118688106536865,4.468736171722412,3.951263904571533,5,1,4.47322299987718,8.0,41.158203125,ok
rare_sharp,8192,True,torch.float16,1234,0.1,16,probe_first,True,25.73311996459961,25.624576568603516,26.421567916870117,25.15555191040039,5,1,27.7824539998619,144.283203125,177.44140625,ok
rare_sharp,8192,True,torch.float16,1234,0.1,16,cached_same,True,9.630304336547852,9.52905559539795,9.646080017089844,9.331647872924805,5,1,9.856809999746474,122.12744140625,155.28564453125,ok
rare_sharp,8192,True,torch.float16,1234,0.1,16,selection_only,True,15.814687728881836,15.43990421295166,16.519136428833008,15.302144050598145,5,1,16.406525000093097,144.283203125,177.44140625,ok
rare_sharp,8192,True,torch.float16,1234,0.1,16,original_router,True,16.681215286254883,13.370719909667969,18.262048721313477,12.281855583190918,5,1,15.506341999753204,178.19140625,211.349609375,ok
rare_sharp,8192,True,torch.float16,1234,0.1,16,choose_once_2_calls,True,35.19606399536133,34.73206329345703,35.42009735107422,34.40639877319336,5,1,36.577231000137544,144.283203125,177.44140625,ok
rare_sharp,8192,True,torch.float16,1234,0.1,16,choose_once_4_calls,True,53.20703887939453,52.88582229614258,54.539615631103516,52.86675262451172,5,1,56.20501700013847,144.283203125,177.44140625,ok
rare_sharp,8192,True,torch.float16,1234,0.1,16,choose_once_8_calls,True,92.24591827392578,91.94496154785156,92.35250854492188,91.55379486083984,5,1,90.95341099964571,144.283203125,177.44140625,ok
rare_sharp,8192,True,torch.float16,1234,0.1,16,rf64,True,9.385855674743652,9.275391578674316,9.41260814666748,9.263104438781738,5,1,10.283737000008841,122.12744140625,155.28564453125,ok
rare_sharp,8192,True,torch.float16,1234,0.1,16,rf256,True,17.4715518951416,16.971040725708008,17.684480667114258,16.02764892578125,5,1,17.29271099975449,264.25048828125,297.40869140625,ok
rare_sharp,8192,True,torch.float16,1234,0.1,16,rf1024,True,50.92201614379883,49.07833480834961,51.23100662231445,47.799617767333984,5,1,49.17136099993513,840.25048828125,873.40869140625,ok
rare_sharp,16384,True,torch.float16,1234,0.1,16,sdpa,True,23.93791961669922,23.90947151184082,24.697664260864258,23.684768676757812,5,1,23.5949879997861,16.0,73.158203125,ok
rare_sharp,16384,True,torch.float16,1234,0.1,16,probe_first,True,45.520896911621094,45.21305465698242,45.851806640625,44.79385757446289,5,1,44.63777899991328,288.533203125,345.69140625,ok
rare_sharp,16384,True,torch.float16,1234,0.1,16,cached_same,True,18.489343643188477,18.300928115844727,18.491872787475586,17.655807495117188,5,1,19.617823000317003,242.12744140625,299.28564453125,ok
rare_sharp,16384,True,torch.float16,1234,0.1,16,selection_only,True,26.970111846923828,26.60527992248535,27.22755241394043,26.57689666748047,5,1,26.998075999927096,288.533203125,345.69140625,ok
rare_sharp,16384,True,torch.float16,1234,0.1,16,original_router,True,20.85740852355957,20.77008056640625,21.337312698364258,20.724063873291016,5,1,20.885040999928606,354.19140625,411.349609375,ok
rare_sharp,16384,True,torch.float16,1234,0.1,16,choose_once_2_calls,True,65.14502716064453,64.41490936279297,65.22061157226562,62.3265266418457,5,1,63.97961399989072,288.533203125,345.69140625,ok
rare_sharp,16384,True,torch.float16,1234,0.1,16,choose_once_4_calls,True,99.0755844116211,98.49702453613281,99.18390655517578,97.49874877929688,5,1,99.53321699958906,288.533203125,345.69140625,ok
rare_sharp,16384,True,torch.float16,1234,0.1,16,choose_once_8_calls,True,174.8869171142578,173.82095336914062,176.9001007080078,171.7903289794922,5,1,171.6254990001289,288.533203125,345.69140625,ok
rare_sharp,16384,True,torch.float16,1234,0.1,16,rf64,True,18.85852813720703,18.41971206665039,18.945472717285156,18.01033592224121,5,1,18.888515000071493,242.12744140625,299.28564453125,ok
rare_sharp,16384,True,torch.float16,1234,0.1,16,rf256,True,34.431297302246094,34.16681671142578,34.75571060180664,34.00739288330078,5,1,33.97959600033573,528.50048828125,585.65869140625,ok
rare_sharp,16384,True,torch.float16,1234,0.1,16,rf1024,True,122.95033264160156,121.9461441040039,123.76636505126953,121.3091812133789,5,1,122.47434099981547,864.25048828125,921.40869140625,ok
rare_sharp,32768,True,torch.float16,1234,0.1,16,sdpa,True,103.62857818603516,103.57654571533203,104.49520111083984,103.50422668457031,5,1,103.1038940000144,32.0,137.158203125,ok
rare_sharp,32768,True,torch.float16,1234,0.1,16,probe_first,True,152.68006896972656,152.32640075683594,152.7439422607422,151.95018005371094,5,1,152.25875299984182,1057.00146484375,1162.15966796875,ok
rare_sharp,32768,True,torch.float16,1234,0.1,16,cached_same,True,69.17324829101562,68.90064239501953,69.33708953857422,68.77948760986328,5,1,69.41194000000905,1057.00048828125,1162.15869140625,ok
rare_sharp,32768,True,torch.float16,1234,0.1,16,selection_only,True,88.70496368408203,88.366943359375,89.224609375,87.69951629638672,5,1,88.5861520000617,961.06494140625,1066.22314453125,ok
rare_sharp,32768,True,torch.float16,1234,0.1,16,original_router,True,110.9103012084961,110.40374755859375,111.26057434082031,109.8139877319336,5,1,110.73666100037372,1345.0966796875,1450.2548828125,ok
rare_sharp,32768,True,torch.float16,1234,0.1,16,choose_once_2_calls,True,226.6433563232422,225.37705993652344,227.1381378173828,223.8955535888672,5,1,226.62366499980635,1089.0009765625,1194.1591796875,ok
rare_sharp,32768,True,torch.float16,1234,0.1,16,choose_once_4_calls,True,364.66644287109375,364.6529846191406,364.6909484863281,363.72650146484375,5,1,366.3879200003066,1089.0009765625,1194.1591796875,ok
rare_sharp,32768,True,torch.float16,1234,0.1,16,choose_once_8_calls,True,645.232666015625,644.8215942382812,648.912841796875,644.5916137695312,5,1,647.0925379999244,1089.0009765625,1194.1591796875,ok
rare_sharp,32768,True,torch.float16,1234,0.1,16,rf64,True,37.38345718383789,37.04012680053711,49.16105651855469,37.0140495300293,5,1,39.43839199928334,482.12744140625,587.28564453125,ok
rare_sharp,32768,True,torch.float16,1234,0.1,16,rf256,True,70.10192108154297,69.9678726196289,70.15519714355469,69.9002914428711,5,1,70.33991200023593,1057.00048828125,1162.15869140625,ok
rare_sharp,32768,True,torch.float16,1234,0.1,16,rf1024,True,270.8439025878906,270.5406494140625,271.22882080078125,270.4914855957031,5,1,269.66811000056623,880.25048828125,985.40869140625,ok
rare_sharp,65536,True,torch.float16,1234,0.1,16,sdpa,True,473.2110290527344,470.5778503417969,473.8724060058594,470.1341857910156,5,1,472.62938000039867,64.0,265.158203125,ok
rare_sharp,65536,True,torch.float16,1234,0.1,16,probe_first,True,147.43519592285156,146.46517944335938,147.5849609375,145.9334716796875,5,1,162.23980100039626,1154.033203125,1355.19140625,ok
rare_sharp,65536,True,torch.float16,1234,0.1,16,cached_same,True,75.47248077392578,74.60944366455078,75.74610900878906,74.12818908691406,5,1,78.92797000022256,962.12744140625,1163.28564453125,ok
rare_sharp,65536,True,torch.float16,1234,0.1,16,selection_only,True,74.04911804199219,74.02345275878906,74.95164489746094,73.71372985839844,5,1,79.77639100045053,1154.033203125,1355.19140625,ok
rare_sharp,65536,True,torch.float16,1234,0.1,16,original_router,True,85.96521759033203,85.34544372558594,87.26611328125,84.77286529541016,5,1,87.23320499939291,1410.19140625,1611.349609375,ok
rare_sharp,65536,True,torch.float16,1234,0.1,16,choose_once_2_calls,True,222.90972900390625,222.1420135498047,223.16029357910156,221.92112731933594,5,1,222.43077599978278,1154.033203125,1355.19140625,ok
rare_sharp,65536,True,torch.float16,1234,0.1,16,choose_once_4_calls,True,374.2983093261719,373.05731201171875,377.1717529296875,372.7507019042969,5,1,378.5410350001257,1154.033203125,1355.19140625,ok
rare_sharp,65536,True,torch.float16,1234,0.1,16,choose_once_8_calls,True,675.5474243164062,675.3624877929688,675.673583984375,674.951171875,5,1,672.9386730003171,1154.033203125,1355.19140625,ok
rare_sharp,65536,True,torch.float16,1234,0.1,16,rf64,True,75.3769302368164,74.67241668701172,75.71855926513672,73.7573471069336,5,1,74.05903099970601,962.12744140625,1163.28564453125,ok
rare_sharp,65536,True,torch.float16,1234,0.1,16,rf256,True,168.51513671875,167.44802856445312,169.01190185546875,166.94009399414062,5,1,171.101341999929,1153.00048828125,1354.15869140625,ok
rare_sharp,65536,True,torch.float16,1234,0.1,16,rf1024,True,581.6915283203125,580.8433837890625,587.276123046875,579.0310668945312,5,1,621.9581109999126,912.25048828125,1113.40869140625,ok
rare_sharp,512,True,torch.float32,1234,0.1,16,sdpa,True,0.27238398790359497,0.26787200570106506,0.274399995803833,0.26736000180244446,5,1,0.3230239999538753,1.0,13.1728515625,ok
rare_sharp,512,True,torch.float32,1234,0.1,16,probe_first,True,4.272128105163574,4.252511978149414,4.279520034790039,4.249599933624268,5,1,4.434681000020646,12.62841796875,24.80126953125,ok
rare_sharp,512,True,torch.float32,1234,0.1,16,cached_same,True,1.3700799942016602,1.3576639890670776,1.407647967338562,1.3430720567703247,5,1,1.5229929995257407,12.62744140625,24.80029296875,ok
rare_sharp,512,True,torch.float32,1234,0.1,16,selection_only,True,3.262943983078003,3.2624640464782715,3.283008098602295,3.147775888442993,5,1,3.4227839996674447,6.048828125,18.2216796875,ok
rare_sharp,512,True,torch.float32,1234,0.1,16,original_router,True,2.220288038253784,2.1915199756622314,2.2852799892425537,2.1393918991088867,5,1,2.257107999867003,12.69140625,24.8642578125,ok
rare_sharp,512,True,torch.float32,1234,0.1,16,choose_once_2_calls,True,5.873663902282715,5.799935817718506,5.888256072998047,5.658624172210693,5,1,5.93446800030506,13.6279296875,25.80078125,ok
rare_sharp,512,True,torch.float32,1234,0.1,16,choose_once_4_calls,True,8.181376457214355,8.140800476074219,8.31283187866211,8.100607872009277,5,1,8.61752000037086,13.6279296875,25.80078125,ok
rare_sharp,512,True,torch.float32,1234,0.1,16,choose_once_8_calls,True,13.671680450439453,13.637951850891113,13.8439359664917,13.626815795898438,5,1,14.933139999811829,13.6279296875,25.80078125,ok
rare_sharp,512,True,torch.float32,1234,0.1,16,rf64,True,1.4953279495239258,1.4132159948349,1.5097919702529907,1.399616003036499,5,1,1.648799000577128,12.62744140625,24.80029296875,ok
rare_sharp,512,True,torch.float32,1234,0.1,16,rf256,True,1.4479360580444336,1.4388480186462402,1.4955840110778809,1.3967360258102417,5,1,1.668625999627693,19.00830078125,31.18115234375,ok
rare_sharp,512,True,torch.float32,1234,0.1,16,rf1024,True,3.0842878818511963,3.067903995513916,3.092031955718994,3.0497920513153076,5,1,3.1697900003564428,53.01611328125,65.18896484375,ok
rare_sharp,1024,True,torch.float32,1234,0.1,16,sdpa,True,0.8992639780044556,0.8906239867210388,0.9277759790420532,0.8842560052871704,5,1,0.9593650001988863,2.0,17.1884765625,ok
rare_sharp,1024,True,torch.float32,1234,0.1,16,probe_first,True,6.975488185882568,6.679840087890625,7.063583850860596,6.662112236022949,5,1,7.926690999738639,19.62841796875,34.81689453125,ok
rare_sharp,1024,True,torch.float32,1234,0.1,16,cached_same,True,2.059936046600342,2.0566399097442627,2.0623040199279785,2.0562241077423096,5,1,2.280477000567771,19.62744140625,34.81591796875,ok
rare_sharp,1024,True,torch.float32,1234,0.1,16,selection_only,True,4.76364803314209,4.6453118324279785,4.782623767852783,4.587808132171631,5,1,4.974743999810016,12.064453125,27.2529296875,ok
rare_sharp,1024,True,torch.float32,1234,0.1,16,original_router,True,2.9133119583129883,2.907423973083496,2.9249279499053955,2.8962879180908203,5,1,3.1421390003743,19.69140625,34.8798828125,ok
rare_sharp,1024,True,torch.float32,1234,0.1,16,choose_once_2_calls,True,9.510944366455078,9.429439544677734,9.525279998779297,9.093440055847168,5,1,9.373173999847495,21.6279296875,36.81640625,ok
rare_sharp,1024,True,torch.float32,1234,0.1,16,choose_once_4_calls,True,13.682368278503418,13.565855979919434,14.61411190032959,13.46998405456543,5,1,13.962691999950039,21.6279296875,36.81640625,ok
rare_sharp,1024,True,torch.float32,1234,0.1,16,choose_once_8_calls,True,22.204416275024414,22.04105567932129,22.32464027404785,21.918304443359375,5,1,22.495733000141627,21.6279296875,36.81640625,ok
rare_sharp,1024,True,torch.float32,1234,0.1,16,rf64,True,1.9139519929885864,1.9052799940109253,1.9599679708480835,1.88646399974823,5,1,2.187074999710603,19.62744140625,34.81591796875,ok
rare_sharp,1024,True,torch.float32,1234,0.1,16,rf256,True,2.7709760665893555,2.7628159523010254,2.8052480220794678,2.754591941833496,5,1,2.8594280001925654,34.03173828125,49.22021484375,ok
rare_sharp,1024,True,torch.float32,1234,0.1,16,rf1024,True,6.674208164215088,6.673471927642822,6.691359996795654,6.672832012176514,5,1,6.778535999728774,106.03173828125,121.22021484375,ok
rare_sharp,2048,True,torch.float32,1234,0.1,16,sdpa,True,2.439743995666504,2.430975914001465,2.470144033432007,2.410655975341797,5,1,2.3456859998987056,4.0,25.2197265625,ok
rare_sharp,2048,True,torch.float32,1234,0.1,16,probe_first,True,10.892160415649414,10.888352394104004,10.919103622436523,10.850624084472656,5,1,11.566537999897264,34.12841796875,55.34814453125,ok
rare_sharp,2048,True,torch.float32,1234,0.1,16,cached_same,True,3.185472011566162,3.169663906097412,3.2281599044799805,3.159775972366333,5,1,3.6416920002011466,34.12744140625,55.34716796875,ok
rare_sharp,2048,True,torch.float32,1234,0.1,16,selection_only,True,7.978335857391357,7.851903915405273,8.01859188079834,7.733248233795166,5,1,8.499648999531928,24.095703125,45.3154296875,ok
rare_sharp,2048,True,torch.float32,1234,0.1,16,original_router,True,3.9313600063323975,3.9193599224090576,3.949728012084961,3.8835840225219727,5,1,3.935163999813085,34.19140625,55.4111328125,ok
rare_sharp,2048,True,torch.float32,1234,0.1,16,choose_once_2_calls,True,14.477312088012695,14.188639640808105,14.570624351501465,14.122400283813477,5,1,15.329568000197469,38.1279296875,59.34765625,ok
rare_sharp,2048,True,torch.float32,1234,0.1,16,choose_once_4_calls,True,20.842912673950195,20.78563117980957,20.855104446411133,20.778240203857422,5,1,20.764296999914222,38.1279296875,59.34765625,ok
rare_sharp,2048,True,torch.float32,1234,0.1,16,choose_once_8_calls,True,31.883264541625977,31.59859275817871,32.55369567871094,31.25833511352539,5,1,32.473610999659286,38.1279296875,59.34765625,ok
rare_sharp,2048,True,torch.float32,1234,0.1,16,rf64,True,2.9882559776306152,2.9717440605163574,2.99017596244812,2.957279920578003,5,1,3.5153059998265235,34.12744140625,55.34716796875,ok
rare_sharp,2048,True,torch.float32,1234,0.1,16,rf256,True,3.8480958938598633,3.839616060256958,3.8550400733947754,3.821471929550171,5,1,3.922873999727017,68.06298828125,89.28271484375,ok
rare_sharp,2048,True,torch.float32,1234,0.1,16,rf1024,True,11.367903709411621,11.247391700744629,12.683199882507324,10.293120384216309,5,1,13.89046199983568,212.06298828125,233.28271484375,ok
rare_sharp,4096,True,torch.float32,1234,0.1,16,sdpa,True,5.550079822540283,4.849664211273193,5.588768005371094,4.759552001953125,5,1,6.251677000363998,8.0,41.2822265625,ok
rare_sharp,4096,True,torch.float32,1234,0.1,16,probe_first,True,17.014015197753906,16.96272087097168,17.107200622558594,16.599071502685547,5,1,29.286619999766117,66.12841796875,99.41064453125,ok
rare_sharp,4096,True,torch.float32,1234,0.1,16,cached_same,True,5.056511878967285,5.029344081878662,5.064703941345215,5.012671947479248,5,1,5.279521999909775,66.12744140625,99.40966796875,ok
rare_sharp,4096,True,torch.float32,1234,0.1,16,selection_only,True,11.725567817687988,11.687935829162598,12.353599548339844,11.644864082336426,5,1,12.289645000237215,48.158203125,81.4404296875,ok
rare_sharp,4096,True,torch.float32,1234,0.1,16,original_router,True,5.827040195465088,5.785888195037842,5.849728107452393,5.739520072937012,5,1,6.5709079999578535,66.19140625,99.4736328125,ok
rare_sharp,4096,True,torch.float32,1234,0.1,16,choose_once_2_calls,True,21.8624324798584,21.809823989868164,21.86662483215332,21.557600021362305,5,1,24.02436900047178,74.1279296875,107.41015625,ok
rare_sharp,4096,True,torch.float32,1234,0.1,16,choose_once_4_calls,True,31.967296600341797,31.891456604003906,32.289695739746094,31.339872360229492,5,1,37.387717999990855,74.1279296875,107.41015625,ok
rare_sharp,4096,True,torch.float32,1234,0.1,16,choose_once_8_calls,True,56.97964859008789,54.94432067871094,57.168670654296875,53.13296127319336,5,1,65.03042399981496,74.1279296875,107.41015625,ok
rare_sharp,4096,True,torch.float32,1234,0.1,16,rf64,True,5.871424198150635,5.857439994812012,5.898047924041748,5.82860803604126,5,1,6.455474000176764,66.12744140625,99.40966796875,ok
rare_sharp,4096,True,torch.float32,1234,0.1,16,rf256,True,7.777023792266846,7.7742719650268555,7.876192092895508,7.44652795791626,5,1,8.59667399981845,136.12548828125,169.40771484375,ok
rare_sharp,4096,True,torch.float32,1234,0.1,16,rf1024,True,25.262847900390625,25.03753662109375,25.914335250854492,23.61039924621582,5,1,25.243885000236332,424.12548828125,457.40771484375,ok
rare_sharp,8192,True,torch.float32,1234,0.1,16,sdpa,True,26.034080505371094,25.985279083251953,26.305343627929688,25.78428840637207,5,1,25.761537999642314,16.0,73.158203125,ok
rare_sharp,8192,True,torch.float32,1234,0.1,16,probe_first,True,24.38172721862793,24.37833595275879,24.621055603027344,24.316864013671875,5,1,26.745267000478634,130.12841796875,187.28662109375,ok
rare_sharp,8192,True,torch.float32,1234,0.1,16,cached_same,True,10.092543601989746,10.002143859863281,10.256416320800781,9.935808181762695,5,1,10.466123999322008,130.12744140625,187.28564453125,ok
rare_sharp,8192,True,torch.float32,1234,0.1,16,selection_only,True,15.325183868408203,14.893919944763184,15.81056022644043,14.877920150756836,5,1,15.20701099980215,96.283203125,153.44140625,ok
rare_sharp,8192,True,torch.float32,1234,0.1,16,original_router,True,10.682239532470703,10.623295783996582,10.699616432189941,10.239808082580566,5,1,11.416368000027433,130.19140625,187.349609375,ok
rare_sharp,8192,True,torch.float32,1234,0.1,16,choose_once_2_calls,True,33.72175979614258,33.67283248901367,33.74319839477539,33.5544319152832,5,1,35.345496000445564,146.1279296875,203.2861328125,ok
rare_sharp,8192,True,torch.float32,1234,0.1,16,choose_once_4_calls,True,52.82940673828125,52.43097686767578,53.031776428222656,51.83407974243164,5,1,62.15927100038243,146.1279296875,203.2861328125,ok
rare_sharp,8192,True,torch.float32,1234,0.1,16,choose_once_8_calls,True,95.11555480957031,94.5379867553711,96.89689636230469,89.53785705566406,5,1,88.54397300001438,146.1279296875,203.2861328125,ok
rare_sharp,8192,True,torch.float32,1234,0.1,16,rf64,True,9.402239799499512,9.306112289428711,9.467904090881348,9.219039916992188,5,1,9.951835999345349,130.12744140625,187.28564453125,ok
rare_sharp,8192,True,torch.float32,1234,0.1,16,rf256,True,17.402143478393555,16.91254425048828,17.40652847290039,15.355456352233887,5,1,17.29185000021971,272.25048828125,329.40869140625,ok
rare_sharp,8192,True,torch.float32,1234,0.1,16,rf1024,True,51.42323303222656,49.635520935058594,52.06079864501953,49.3059196472168,5,1,50.928971999383066,848.25048828125,905.40869140625,ok
rare_sharp,16384,True,torch.float32,1234,0.1,16,sdpa,True,110.55187225341797,109.95037078857422,110.5994873046875,109.4677734375,5,1,110.20399200060638,32.0,137.158203125,ok
rare_sharp,16384,True,torch.float32,1234,0.1,16,probe_first,True,46.710304260253906,46.38719940185547,47.710784912109375,45.7789421081543,5,1,42.975352999746974,258.12841796875,363.28662109375,ok
rare_sharp,16384,True,torch.float32,1234,0.1,16,cached_same,True,18.252544403076172,18.153343200683594,18.560895919799805,17.506591796875,5,1,19.025098999918555,258.12744140625,363.28564453125,ok
rare_sharp,16384,True,torch.float32,1234,0.1,16,selection_only,True,26.87379264831543,26.31475257873535,28.47974395751953,26.065471649169922,5,1,27.28475099956995,192.533203125,297.69140625,ok
rare_sharp,16384,True,torch.float32,1234,0.1,16,original_router,True,20.7554874420166,20.717567443847656,20.91084861755371,19.722463607788086,5,1,20.607233000191627,258.19140625,363.349609375,ok
rare_sharp,16384,True,torch.float32,1234,0.1,16,choose_once_2_calls,True,62.2391357421875,62.14860916137695,62.715904235839844,61.72915267944336,5,1,62.22968600013701,290.1279296875,395.2861328125,ok
rare_sharp,16384,True,torch.float32,1234,0.1,16,choose_once_4_calls,True,97.36819458007812,96.67788696289062,99.1845474243164,96.14604949951172,5,1,106.3994289997936,290.1279296875,395.2861328125,ok
rare_sharp,16384,True,torch.float32,1234,0.1,16,choose_once_8_calls,True,171.38925170898438,170.24000549316406,172.80613708496094,169.44015502929688,5,1,186.7099880000751,290.1279296875,395.2861328125,ok
rare_sharp,16384,True,torch.float32,1234,0.1,16,rf64,True,19.467039108276367,19.229888916015625,19.520767211914062,19.186752319335938,5,1,20.020361999741,258.12744140625,363.28564453125,ok
rare_sharp,16384,True,torch.float32,1234,0.1,16,rf256,True,34.06150436401367,33.975006103515625,34.188926696777344,33.94297790527344,5,1,33.92063999945094,544.50048828125,649.65869140625,ok
rare_sharp,16384,True,torch.float32,1234,0.1,16,rf1024,True,122.35785675048828,122.0040283203125,122.70137786865234,121.39564514160156,5,1,122.382755000217,880.25048828125,985.40869140625,ok
rare_sharp,32768,True,torch.float32,1234,0.1,16,sdpa,True,497.1932067871094,492.9309997558594,499.3515930175781,492.4986572265625,5,1,499.04581800001324,64.0,265.158203125,ok
rare_sharp,32768,True,torch.float32,1234,0.1,16,probe_first,True,151.06886291503906,150.41346740722656,151.25917053222656,149.5463104248047,5,1,152.47996900052385,1089.00146484375,1290.15966796875,ok
rare_sharp,32768,True,torch.float32,1234,0.1,16,cached_same,True,70.94886779785156,70.43523406982422,70.9532470703125,70.29090881347656,5,1,70.71166599962453,1089.00048828125,1290.15869140625,ok
rare_sharp,32768,True,torch.float32,1234,0.1,16,selection_only,True,87.86589050292969,87.22835540771484,88.2524185180664,86.99241638183594,5,1,90.6440909993762,769.06494140625,970.22314453125,ok
rare_sharp,32768,True,torch.float32,1234,0.1,16,original_router,True,112.30668640136719,112.1731185913086,112.31689453125,110.63008117675781,5,1,112.09850100021868,1153.0966796875,1354.2548828125,ok
rare_sharp,32768,True,torch.float32,1234,0.1,16,choose_once_2_calls,True,223.4468536376953,223.4215087890625,224.1183319091797,223.06396484375,5,1,223.84204199988744,1153.0009765625,1354.1591796875,ok
rare_sharp,32768,True,torch.float32,1234,0.1,16,choose_once_4_calls,True,365.66064453125,365.63116455078125,366.23431396484375,363.561279296875,5,1,369.37196499911806,1153.0009765625,1354.1591796875,ok
rare_sharp,32768,True,torch.float32,1234,0.1,16,choose_once_8_calls,True,647.1265258789062,646.3388671875,648.1414794921875,646.1358032226562,5,1,638.7233509994985,1153.0009765625,1354.1591796875,ok
rare_sharp,32768,True,torch.float32,1234,0.1,16,rf64,True,36.602752685546875,36.371360778808594,37.3394889831543,36.361854553222656,5,1,36.45286699975259,514.12744140625,715.28564453125,ok
rare_sharp,32768,True,torch.float32,1234,0.1,16,rf256,True,69.6259536743164,69.33708953857422,69.67743682861328,69.22470092773438,5,1,69.81964899932791,1089.00048828125,1290.15869140625,ok
rare_sharp,32768,True,torch.float32,1234,0.1,16,rf1024,True,270.5903015136719,270.0574645996094,271.41497802734375,269.10302734375,5,1,268.3403510000062,912.25048828125,1113.40869140625,ok
rare_sharp,65536,True,torch.float32,1234,0.1,16,sdpa,True,1978.63916015625,1975.2614135742188,1978.941650390625,1971.8836669921875,3,0,1970.5676679996031,128.0,521.158203125,ok
rare_sharp,65536,True,torch.float32,1234,0.1,16,probe_first,True,144.65855407714844,143.49107360839844,144.9144287109375,143.2572479248047,5,1,143.07168100003764,1026.12841796875,1419.28662109375,ok
rare_sharp,65536,True,torch.float32,1234,0.1,16,cached_same,True,72.9007339477539,72.28886413574219,74.13555145263672,72.27391815185547,5,1,73.94672299960803,1026.12744140625,1419.28564453125,ok
rare_sharp,65536,True,torch.float32,1234,0.1,16,selection_only,True,72.1088638305664,72.09961700439453,72.30464172363281,71.71087646484375,5,1,73.4990929995547,770.033203125,1163.19140625,ok
rare_sharp,65536,True,torch.float32,1234,0.1,16,original_router,True,83.57769775390625,82.8384017944336,83.78224182128906,82.30355072021484,5,1,82.1559010000783,1026.19140625,1419.349609375,ok
rare_sharp,65536,True,torch.float32,1234,0.1,16,choose_once_2_calls,True,216.8895721435547,214.16549682617188,218.0509490966797,213.37353515625,5,1,221.70940299929498,1154.1279296875,1547.2861328125,ok
rare_sharp,65536,True,torch.float32,1234,0.1,16,choose_once_4_calls,True,360.88494873046875,359.5068054199219,361.7177734375,359.4360656738281,5,1,377.0345700004327,1154.1279296875,1547.2861328125,ok
rare_sharp,65536,True,torch.float32,1234,0.1,16,choose_once_8_calls,True,664.8460083007812,653.201416015625,675.2237548828125,648.322021484375,5,1,650.7378260002952,1154.1279296875,1547.2861328125,ok
rare_sharp,65536,True,torch.float32,1234,0.1,16,rf64,True,72.91085052490234,72.170654296875,73.1214370727539,71.9491195678711,5,1,77.4835020001774,1026.12744140625,1419.28564453125,ok
rare_sharp,65536,True,torch.float32,1234,0.1,16,rf256,True,166.87718200683594,165.84962463378906,166.93055725097656,163.83021545410156,5,1,165.15757800061692,1217.00048828125,1610.15869140625,ok
rare_sharp,65536,True,torch.float32,1234,0.1,16,rf1024,True,582.8013916015625,582.1104125976562,585.32421875,580.3663330078125,5,1,580.0666880004428,976.25048828125,1369.40869140625,ok
