regime,N,causal,dtype,seed,tol,n_probe,head,rank,audit_mean_relative_l2,audit_p95_relative_l2,validation_scope,full_mean_relative_l2,full_p95_relative_l2,full_max_relative_l2,full_rows_above_tol,full_nonfinite_rows,cache_target
scale_0.25,512,False,torch.float16,1234,0.1,16,0,256,0.06121036410331726,0.07325345277786255,,,,,,,
scale_0.25,512,False,torch.float16,1234,0.1,16,1,256,0.052336186170578,0.06594447791576385,,,,,,,
scale_0.25,512,False,torch.float16,1234,0.1,16,2,256,0.06647546589374542,0.07962466776371002,,,,,,,
scale_0.25,512,False,torch.float16,1234,0.1,16,3,256,0.05971686542034149,0.07402769476175308,,,,,,,
scale_0.25,512,False,torch.float16,1234,0.1,16,4,256,0.059131380170583725,0.07171222567558289,,,,,,,
scale_0.25,512,False,torch.float16,1234,0.1,16,5,256,0.0575949102640152,0.07210671156644821,,,,,,,
scale_0.25,512,False,torch.float16,1234,0.1,16,6,256,0.08554379642009735,0.10616643726825714,,,,,,,
scale_0.25,512,False,torch.float16,1234,0.1,16,7,256,0.07451263815164566,0.08731898665428162,,,,,,,
scale_0.25,512,False,torch.float16,1234,0.1,16,0,256,,,all_query_rows,0.061133380979299545,0.07256821542978287,0.09656331688165665,0,0,
scale_0.25,512,False,torch.float16,1234,0.1,16,1,256,,,all_query_rows,0.052103638648986816,0.06681344658136368,0.08808930963277817,0,0,
scale_0.25,512,False,torch.float16,1234,0.1,16,2,256,,,all_query_rows,0.06656354665756226,0.07867531478404999,0.09033031016588211,0,0,
scale_0.25,512,False,torch.float16,1234,0.1,16,3,256,,,all_query_rows,0.0590037927031517,0.07200544327497482,0.12180943042039871,2,0,
scale_0.25,512,False,torch.float16,1234,0.1,16,4,256,,,all_query_rows,0.059159599244594574,0.07261396199464798,0.08947768062353134,0,0,
scale_0.25,512,False,torch.float16,1234,0.1,16,5,256,,,all_query_rows,0.057294681668281555,0.07192555069923401,0.08532097935676575,0,0,
scale_0.25,512,False,torch.float16,1234,0.1,16,6,256,,,all_query_rows,0.08483923226594925,0.10611248016357422,0.13469594717025757,45,0,
scale_0.25,512,False,torch.float16,1234,0.1,16,7,256,,,all_query_rows,0.07463979721069336,0.08897028118371964,0.10954907536506653,2,0,
scale_0.25,512,False,torch.float16,1234,0.1,16,0,256,0.0690493956208229,0.0811121016740799,,,,,,,scale_0.25
scale_0.25,512,False,torch.float16,1234,0.1,16,1,256,0.07325734198093414,0.08743337541818619,,,,,,,scale_0.25
scale_0.25,512,False,torch.float16,1234,0.1,16,2,256,0.05531001463532448,0.06670824438333511,,,,,,,scale_0.25
scale_0.25,512,False,torch.float16,1234,0.1,16,3,256,0.07017295807600021,0.08438950777053833,,,,,,,scale_0.25
scale_0.25,512,False,torch.float16,1234,0.1,16,4,256,0.05827036499977112,0.06895546615123749,,,,,,,scale_0.25
scale_0.25,512,False,torch.float16,1234,0.1,16,5,256,0.053354062139987946,0.06604911386966705,,,,,,,scale_0.25
scale_0.25,512,False,torch.float16,1234,0.1,16,6,256,0.057728372514247894,0.07201384752988815,,,,,,,scale_0.25
scale_0.25,512,False,torch.float16,1234,0.1,16,7,256,0.06817015260457993,0.08296036720275879,,,,,,,scale_0.25
scale_0.25,512,False,torch.float16,1234,0.1,16,0,256,2.9054207801818848,6.441545009613037,,,,,,,scale_1.0
scale_0.25,512,False,torch.float16,1234,0.1,16,1,256,3.350860118865967,7.540531158447266,,,,,,,scale_1.0
scale_0.25,512,False,torch.float16,1234,0.1,16,2,256,3.4948577880859375,8.871748924255371,,,,,,,scale_1.0
scale_0.25,512,False,torch.float16,1234,0.1,16,3,256,2.8536646366119385,6.593319892883301,,,,,,,scale_1.0
scale_0.25,512,False,torch.float16,1234,0.1,16,4,256,3.1448428630828857,6.1787261962890625,,,,,,,scale_1.0
scale_0.25,512,False,torch.float16,1234,0.1,16,5,256,2.911031484603882,5.795337677001953,,,,,,,scale_1.0
scale_0.25,512,False,torch.float16,1234,0.1,16,6,256,2.7714362144470215,5.852790832519531,,,,,,,scale_1.0
scale_0.25,512,False,torch.float16,1234,0.1,16,7,256,2.612758159637451,5.421639442443848,,,,,,,scale_1.0
scale_0.25,512,False,torch.float16,1234,0.1,16,0,256,0.046138666570186615,0.03521605208516121,,,,,,,rare_sharp_shift
scale_0.25,512,False,torch.float16,1234,0.1,16,1,256,0.049674488604068756,0.03902577981352806,,,,,,,rare_sharp_shift
scale_0.25,512,False,torch.float16,1234,0.1,16,2,256,0.03957120329141617,0.028005052357912064,,,,,,,rare_sharp_shift
scale_0.25,512,False,torch.float16,1234,0.1,16,3,256,0.04666246473789215,0.035527512431144714,,,,,,,rare_sharp_shift
scale_0.25,512,False,torch.float16,1234,0.1,16,4,256,0.04220826178789139,0.030821166932582855,,,,,,,rare_sharp_shift
scale_0.25,512,False,torch.float16,1234,0.1,16,5,256,0.03996443375945091,0.028323937207460403,,,,,,,rare_sharp_shift
scale_0.25,512,False,torch.float16,1234,0.1,16,6,256,0.0396542102098465,0.028016919270157814,,,,,,,rare_sharp_shift
scale_0.25,512,False,torch.float16,1234,0.1,16,7,256,0.04669283330440521,0.03658030182123184,,,,,,,rare_sharp_shift
scale_0.25,1024,False,torch.float16,1234,0.1,16,0,256,0.05866825208067894,0.06921374797821045,,,,,,,
scale_0.25,1024,False,torch.float16,1234,0.1,16,1,256,0.05544804781675339,0.06899049878120422,,,,,,,
scale_0.25,1024,False,torch.float16,1234,0.1,16,2,256,0.06031680479645729,0.07508360594511032,,,,,,,
scale_0.25,1024,False,torch.float16,1234,0.1,16,3,256,0.07853427529335022,0.09477952122688293,,,,,,,
scale_0.25,1024,False,torch.float16,1234,0.1,16,4,256,0.051261432468891144,0.06085604429244995,,,,,,,
scale_0.25,1024,False,torch.float16,1234,0.1,16,5,256,0.059340257197618484,0.0711095780134201,,,,,,,
scale_0.25,1024,False,torch.float16,1234,0.1,16,6,256,0.05310776084661484,0.06382310390472412,,,,,,,
scale_0.25,1024,False,torch.float16,1234,0.1,16,7,256,0.05999523401260376,0.07212555408477783,,,,,,,
scale_0.25,1024,False,torch.float16,1234,0.1,16,0,256,,,all_query_rows,0.05897733196616173,0.07078297436237335,0.08829736709594727,0,0,
scale_0.25,1024,False,torch.float16,1234,0.1,16,1,256,,,all_query_rows,0.05481306463479996,0.06757869571447372,0.09775449335575104,0,0,
scale_0.25,1024,False,torch.float16,1234,0.1,16,2,256,,,all_query_rows,0.06013686582446098,0.07459991425275803,0.09716561436653137,0,0,
scale_0.25,1024,False,torch.float16,1234,0.1,16,3,256,,,all_query_rows,0.0790582075715065,0.09634733945131302,0.12582305073738098,27,0,
scale_0.25,1024,False,torch.float16,1234,0.1,16,4,256,,,all_query_rows,0.0514400452375412,0.0619504339993,0.08039817959070206,0,0,
scale_0.25,1024,False,torch.float16,1234,0.1,16,5,256,,,all_query_rows,0.059413015842437744,0.07274853438138962,0.10553625971078873,3,0,
scale_0.25,1024,False,torch.float16,1234,0.1,16,6,256,,,all_query_rows,0.05319063365459442,0.06472055613994598,0.09207344800233841,0,0,
scale_0.25,1024,False,torch.float16,1234,0.1,16,7,256,,,all_query_rows,0.059928372502326965,0.07211492955684662,0.11753319203853607,1,0,
scale_0.25,1024,False,torch.float16,1234,0.1,16,0,256,0.06269936263561249,0.0765029788017273,,,,,,,scale_0.25
scale_0.25,1024,False,torch.float16,1234,0.1,16,1,256,0.06561043113470078,0.07861219346523285,,,,,,,scale_0.25
scale_0.25,1024,False,torch.float16,1234,0.1,16,2,256,0.06300964951515198,0.07863487303256989,,,,,,,scale_0.25
scale_0.25,1024,False,torch.float16,1234,0.1,16,3,256,0.06105571240186691,0.0730917900800705,,,,,,,scale_0.25
scale_0.25,1024,False,torch.float16,1234,0.1,16,4,256,0.06809667497873306,0.08201032131910324,,,,,,,scale_0.25
scale_0.25,1024,False,torch.float16,1234,0.1,16,5,256,0.06524255871772766,0.07871510088443756,,,,,,,scale_0.25
scale_0.25,1024,False,torch.float16,1234,0.1,16,6,256,0.06601396203041077,0.07893184572458267,,,,,,,scale_0.25
scale_0.25,1024,False,torch.float16,1234,0.1,16,7,256,0.08223819732666016,0.09570290148258209,,,,,,,scale_0.25
scale_0.25,1024,False,torch.float16,1234,0.1,16,0,256,4.135889530181885,9.519112586975098,,,,,,,scale_1.0
scale_0.25,1024,False,torch.float16,1234,0.1,16,1,256,3.4479806423187256,7.111897945404053,,,,,,,scale_1.0
scale_0.25,1024,False,torch.float16,1234,0.1,16,2,256,3.5853562355041504,8.408387184143066,,,,,,,scale_1.0
scale_0.25,1024,False,torch.float16,1234,0.1,16,3,256,4.794064521789551,11.828341484069824,,,,,,,scale_1.0
scale_0.25,1024,False,torch.float16,1234,0.1,16,4,256,4.1690568923950195,10.92040729522705,,,,,,,scale_1.0
scale_0.25,1024,False,torch.float16,1234,0.1,16,5,256,3.4860918521881104,9.097567558288574,,,,,,,scale_1.0
scale_0.25,1024,False,torch.float16,1234,0.1,16,6,256,3.5009467601776123,7.029168605804443,,,,,,,scale_1.0
scale_0.25,1024,False,torch.float16,1234,0.1,16,7,256,3.446296215057373,7.726194381713867,,,,,,,scale_1.0
scale_0.25,1024,False,torch.float16,1234,0.1,16,0,256,0.03877156227827072,0.030955584719777107,,,,,,,rare_sharp_shift
scale_0.25,1024,False,torch.float16,1234,0.1,16,1,256,0.040170833468437195,0.03284259885549545,,,,,,,rare_sharp_shift
scale_0.25,1024,False,torch.float16,1234,0.1,16,2,256,0.03903669863939285,0.03251378610730171,,,,,,,rare_sharp_shift
scale_0.25,1024,False,torch.float16,1234,0.1,16,3,256,0.03887797147035599,0.030446376651525497,,,,,,,rare_sharp_shift
scale_0.25,1024,False,torch.float16,1234,0.1,16,4,256,0.0423797145485878,0.035068999975919724,,,,,,,rare_sharp_shift
scale_0.25,1024,False,torch.float16,1234,0.1,16,5,256,0.041729800403118134,0.03455955907702446,,,,,,,rare_sharp_shift
scale_0.25,1024,False,torch.float16,1234,0.1,16,6,256,0.04001060128211975,0.032405830919742584,,,,,,,rare_sharp_shift
scale_0.25,1024,False,torch.float16,1234,0.1,16,7,256,0.0482780858874321,0.040969450026750565,,,,,,,rare_sharp_shift
scale_0.25,2048,False,torch.float16,1234,0.1,16,0,256,0.06610876321792603,0.08027012646198273,,,,,,,
scale_0.25,2048,False,torch.float16,1234,0.1,16,1,256,0.06235763803124428,0.0752103328704834,,,,,,,
scale_0.25,2048,False,torch.float16,1234,0.1,16,2,256,0.0743388682603836,0.08965244889259338,,,,,,,
scale_0.25,2048,False,torch.float16,1234,0.1,16,3,256,0.05927472561597824,0.07032754272222519,,,,,,,
scale_0.25,2048,False,torch.float16,1234,0.1,16,4,256,0.06078019738197327,0.07296568155288696,,,,,,,
scale_0.25,2048,False,torch.float16,1234,0.1,16,5,256,0.06447296589612961,0.07938604801893234,,,,,,,
scale_0.25,2048,False,torch.float16,1234,0.1,16,6,256,0.05100769177079201,0.06181810796260834,,,,,,,
scale_0.25,2048,False,torch.float16,1234,0.1,16,7,256,0.06480249762535095,0.081766776740551,,,,,,,
scale_0.25,2048,False,torch.float16,1234,0.1,16,0,256,,,all_query_rows,0.06642400473356247,0.08169000595808029,0.1384720653295517,8,0,
scale_0.25,2048,False,torch.float16,1234,0.1,16,1,256,,,all_query_rows,0.06190075725317001,0.07446979731321335,0.09412959963083267,0,0,
scale_0.25,2048,False,torch.float16,1234,0.1,16,2,256,,,all_query_rows,0.07474920153617859,0.09091803431510925,0.1324748694896698,24,0,
scale_0.25,2048,False,torch.float16,1234,0.1,16,3,256,,,all_query_rows,0.059160973876714706,0.0703144520521164,0.10159701108932495,1,0,
scale_0.25,2048,False,torch.float16,1234,0.1,16,4,256,,,all_query_rows,0.060500629246234894,0.0722922757267952,0.11608728021383286,1,0,
scale_0.25,2048,False,torch.float16,1234,0.1,16,5,256,,,all_query_rows,0.06375288963317871,0.07835228741168976,0.11946605145931244,7,0,
scale_0.25,2048,False,torch.float16,1234,0.1,16,6,256,,,all_query_rows,0.051389869302511215,0.0624212808907032,0.08389464020729065,0,0,
scale_0.25,2048,False,torch.float16,1234,0.1,16,7,256,,,all_query_rows,0.06540169566869736,0.07967787981033325,0.12248849123716354,4,0,
scale_0.25,2048,False,torch.float16,1234,0.1,16,0,256,0.06827077269554138,0.08201446384191513,,,,,,,scale_0.25
scale_0.25,2048,False,torch.float16,1234,0.1,16,1,256,0.055392563343048096,0.06588630378246307,,,,,,,scale_0.25
scale_0.25,2048,False,torch.float16,1234,0.1,16,2,256,0.06465982645750046,0.07911375164985657,,,,,,,scale_0.25
scale_0.25,2048,False,torch.float16,1234,0.1,16,3,256,0.06612148880958557,0.07770358771085739,,,,,,,scale_0.25
scale_0.25,2048,False,torch.float16,1234,0.1,16,4,256,0.07413528859615326,0.08843905478715897,,,,,,,scale_0.25
scale_0.25,2048,False,torch.float16,1234,0.1,16,5,256,0.0661880373954773,0.08214142918586731,,,,,,,scale_0.25
scale_0.25,2048,False,torch.float16,1234,0.1,16,6,256,0.060287512838840485,0.07278939336538315,,,,,,,scale_0.25
scale_0.25,2048,False,torch.float16,1234,0.1,16,7,256,0.07325263321399689,0.08904227614402771,,,,,,,scale_0.25
scale_0.25,2048,False,torch.float16,1234,0.1,16,0,256,4.633084297180176,12.15469741821289,,,,,,,scale_1.0
scale_0.25,2048,False,torch.float16,1234,0.1,16,1,256,3.513967990875244,8.227317810058594,,,,,,,scale_1.0
scale_0.25,2048,False,torch.float16,1234,0.1,16,2,256,3.94712495803833,9.867530822753906,,,,,,,scale_1.0
scale_0.25,2048,False,torch.float16,1234,0.1,16,3,256,3.8270325660705566,9.076261520385742,,,,,,,scale_1.0
scale_0.25,2048,False,torch.float16,1234,0.1,16,4,256,4.525320053100586,12.5912446975708,,,,,,,scale_1.0
scale_0.25,2048,False,torch.float16,1234,0.1,16,5,256,4.1392974853515625,9.321184158325195,,,,,,,scale_1.0
scale_0.25,2048,False,torch.float16,1234,0.1,16,6,256,3.66912841796875,7.7075629234313965,,,,,,,scale_1.0
scale_0.25,2048,False,torch.float16,1234,0.1,16,7,256,4.363481521606445,10.019648551940918,,,,,,,scale_1.0
scale_0.25,2048,False,torch.float16,1234,0.1,16,0,256,0.03453735262155533,0.03443969413638115,,,,,,,rare_sharp_shift
scale_0.25,2048,False,torch.float16,1234,0.1,16,1,256,0.027789263054728508,0.027045393362641335,,,,,,,rare_sharp_shift
scale_0.25,2048,False,torch.float16,1234,0.1,16,2,256,0.03251137211918831,0.031951844692230225,,,,,,,rare_sharp_shift
scale_0.25,2048,False,torch.float16,1234,0.1,16,3,256,0.0352867916226387,0.03508426994085312,,,,,,,rare_sharp_shift
scale_0.25,2048,False,torch.float16,1234,0.1,16,4,256,0.03837154433131218,0.03839167580008507,,,,,,,rare_sharp_shift
scale_0.25,2048,False,torch.float16,1234,0.1,16,5,256,0.035125285387039185,0.035539157688617706,,,,,,,rare_sharp_shift
scale_0.25,2048,False,torch.float16,1234,0.1,16,6,256,0.030789807438850403,0.03055240400135517,,,,,,,rare_sharp_shift
scale_0.25,2048,False,torch.float16,1234,0.1,16,7,256,0.035855334252119064,0.03608151152729988,,,,,,,rare_sharp_shift
scale_0.25,4096,False,torch.float16,1234,0.1,16,0,256,0.05990755558013916,0.07312330603599548,,,,,,,
scale_0.25,4096,False,torch.float16,1234,0.1,16,1,256,0.06521309912204742,0.07830503582954407,,,,,,,
scale_0.25,4096,False,torch.float16,1234,0.1,16,2,256,0.06314229965209961,0.07493472844362259,,,,,,,
scale_0.25,4096,False,torch.float16,1234,0.1,16,3,256,0.06406056880950928,0.07957112044095993,,,,,,,
scale_0.25,4096,False,torch.float16,1234,0.1,16,4,256,0.06421086192131042,0.07563407719135284,,,,,,,
scale_0.25,4096,False,torch.float16,1234,0.1,16,5,256,0.05453243851661682,0.06555638462305069,,,,,,,
scale_0.25,4096,False,torch.float16,1234,0.1,16,6,256,0.057019442319869995,0.0683903694152832,,,,,,,
scale_0.25,4096,False,torch.float16,1234,0.1,16,7,256,0.06917309015989304,0.08341014385223389,,,,,,,
scale_0.25,4096,False,torch.float16,1234,0.1,16,0,256,,,all_query_rows,0.06014342978596687,0.07331337779760361,0.10130296647548676,2,0,
scale_0.25,4096,False,torch.float16,1234,0.1,16,1,256,,,all_query_rows,0.0651751309633255,0.07902655005455017,0.12188103795051575,15,0,
scale_0.25,4096,False,torch.float16,1234,0.1,16,2,256,,,all_query_rows,0.06300448626279831,0.07533394545316696,0.10432173311710358,2,0,
scale_0.25,4096,False,torch.float16,1234,0.1,16,3,256,,,all_query_rows,0.06470756232738495,0.07951823621988297,0.1134476363658905,9,0,
scale_0.25,4096,False,torch.float16,1234,0.1,16,4,256,,,all_query_rows,0.06515751779079437,0.0778571292757988,0.10164417326450348,2,0,
scale_0.25,4096,False,torch.float16,1234,0.1,16,5,256,,,all_query_rows,0.05461844429373741,0.06604824960231781,0.10059477388858795,1,0,
scale_0.25,4096,False,torch.float16,1234,0.1,16,6,256,,,all_query_rows,0.057614538818597794,0.06983078271150589,0.10205741226673126,2,0,
scale_0.25,4096,False,torch.float16,1234,0.1,16,7,256,,,all_query_rows,0.06913696974515915,0.08341989666223526,0.1520850509405136,13,0,
scale_0.25,4096,False,torch.float16,1234,0.1,16,0,256,0.04934944584965706,0.059469494968652725,,,,,,,scale_0.25
scale_0.25,4096,False,torch.float16,1234,0.1,16,1,256,0.05628884211182594,0.06666550040245056,,,,,,,scale_0.25
scale_0.25,4096,False,torch.float16,1234,0.1,16,2,256,0.06926095485687256,0.08406669646501541,,,,,,,scale_0.25
scale_0.25,4096,False,torch.float16,1234,0.1,16,3,256,0.07428304851055145,0.08703309297561646,,,,,,,scale_0.25
scale_0.25,4096,False,torch.float16,1234,0.1,16,4,256,0.06472663581371307,0.08064711838960648,,,,,,,scale_0.25
scale_0.25,4096,False,torch.float16,1234,0.1,16,5,256,0.04860971122980118,0.05921034514904022,,,,,,,scale_0.25
scale_0.25,4096,False,torch.float16,1234,0.1,16,6,256,0.05569441616535187,0.06732016801834106,,,,,,,scale_0.25
scale_0.25,4096,False,torch.float16,1234,0.1,16,7,256,0.06968870759010315,0.08263406157493591,,,,,,,scale_0.25
scale_0.25,4096,False,torch.float16,1234,0.1,16,0,256,4.368143081665039,10.756349563598633,,,,,,,scale_1.0
scale_0.25,4096,False,torch.float16,1234,0.1,16,1,256,4.041123390197754,8.73975658416748,,,,,,,scale_1.0
scale_0.25,4096,False,torch.float16,1234,0.1,16,2,256,4.804073333740234,10.765437126159668,,,,,,,scale_1.0
scale_0.25,4096,False,torch.float16,1234,0.1,16,3,256,5.546675205230713,13.431711196899414,,,,,,,scale_1.0
scale_0.25,4096,False,torch.float16,1234,0.1,16,4,256,4.724516868591309,11.041417121887207,,,,,,,scale_1.0
scale_0.25,4096,False,torch.float16,1234,0.1,16,5,256,4.712040424346924,11.864852905273438,,,,,,,scale_1.0
scale_0.25,4096,False,torch.float16,1234,0.1,16,6,256,4.734695911407471,10.472516059875488,,,,,,,scale_1.0
scale_0.25,4096,False,torch.float16,1234,0.1,16,7,256,5.083477973937988,11.80043888092041,,,,,,,scale_1.0
scale_0.25,4096,False,torch.float16,1234,0.1,16,0,256,0.04200537130236626,0.02620457299053669,,,,,,,rare_sharp_shift
scale_0.25,4096,False,torch.float16,1234,0.1,16,1,256,0.0436936616897583,0.027803009375929832,,,,,,,rare_sharp_shift
scale_0.25,4096,False,torch.float16,1234,0.1,16,2,256,0.05069154500961304,0.03578745573759079,,,,,,,rare_sharp_shift
scale_0.25,4096,False,torch.float16,1234,0.1,16,3,256,0.05321849137544632,0.038154345005750656,,,,,,,rare_sharp_shift
scale_0.25,4096,False,torch.float16,1234,0.1,16,4,256,0.04792938381433487,0.03447914868593216,,,,,,,rare_sharp_shift
scale_0.25,4096,False,torch.float16,1234,0.1,16,5,256,0.040562789887189865,0.02498273178935051,,,,,,,rare_sharp_shift
scale_0.25,4096,False,torch.float16,1234,0.1,16,6,256,0.04437490552663803,0.029122699052095413,,,,,,,rare_sharp_shift
scale_0.25,4096,False,torch.float16,1234,0.1,16,7,256,0.0505092591047287,0.03569798171520233,,,,,,,rare_sharp_shift
scale_0.25,8192,False,torch.float16,1234,0.1,16,0,256,0.06578678637742996,0.08101725578308105,,,,,,,
scale_0.25,8192,False,torch.float16,1234,0.1,16,1,256,0.06592071801424026,0.08359482139348984,,,,,,,
scale_0.25,8192,False,torch.float16,1234,0.1,16,2,256,0.0637117326259613,0.0764196366071701,,,,,,,
scale_0.25,8192,False,torch.float16,1234,0.1,16,3,256,0.05864095687866211,0.07045729458332062,,,,,,,
scale_0.25,8192,False,torch.float16,1234,0.1,16,4,256,0.06175753474235535,0.07543820887804031,,,,,,,
scale_0.25,8192,False,torch.float16,1234,0.1,16,5,256,0.06114714592695236,0.07395606487989426,,,,,,,
scale_0.25,8192,False,torch.float16,1234,0.1,16,6,256,0.05638112127780914,0.06975983083248138,,,,,,,
scale_0.25,8192,False,torch.float16,1234,0.1,16,7,256,0.06239449232816696,0.07773085683584213,,,,,,,
scale_0.25,8192,False,torch.float16,1234,0.1,16,0,256,0.06699378043413162,0.08224624395370483,,,,,,,scale_0.25
scale_0.25,8192,False,torch.float16,1234,0.1,16,1,256,0.05835215002298355,0.07047657668590546,,,,,,,scale_0.25
scale_0.25,8192,False,torch.float16,1234,0.1,16,2,256,0.07167000323534012,0.08534111082553864,,,,,,,scale_0.25
scale_0.25,8192,False,torch.float16,1234,0.1,16,3,256,0.06713428348302841,0.08113450556993484,,,,,,,scale_0.25
scale_0.25,8192,False,torch.float16,1234,0.1,16,4,256,0.06741312146186829,0.08333592116832733,,,,,,,scale_0.25
scale_0.25,8192,False,torch.float16,1234,0.1,16,5,256,0.05776473134756088,0.07102052867412567,,,,,,,scale_0.25
scale_0.25,8192,False,torch.float16,1234,0.1,16,6,256,0.05729474499821663,0.06870155781507492,,,,,,,scale_0.25
scale_0.25,8192,False,torch.float16,1234,0.1,16,7,256,0.058422334492206573,0.07069233059883118,,,,,,,scale_0.25
scale_0.25,8192,False,torch.float16,1234,0.1,16,0,256,6.086106300354004,15.57612419128418,,,,,,,scale_1.0
scale_0.25,8192,False,torch.float16,1234,0.1,16,1,256,5.24577522277832,11.096186637878418,,,,,,,scale_1.0
scale_0.25,8192,False,torch.float16,1234,0.1,16,2,256,4.516338348388672,10.271040916442871,,,,,,,scale_1.0
scale_0.25,8192,False,torch.float16,1234,0.1,16,3,256,5.034217357635498,10.128734588623047,,,,,,,scale_1.0
scale_0.25,8192,False,torch.float16,1234,0.1,16,4,256,5.373100757598877,11.817645072937012,,,,,,,scale_1.0
scale_0.25,8192,False,torch.float16,1234,0.1,16,5,256,4.725667953491211,10.950811386108398,,,,,,,scale_1.0
scale_0.25,8192,False,torch.float16,1234,0.1,16,6,256,4.977523326873779,11.290796279907227,,,,,,,scale_1.0
scale_0.25,8192,False,torch.float16,1234,0.1,16,7,256,5.288970947265625,11.702169418334961,,,,,,,scale_1.0
scale_0.25,8192,False,torch.float16,1234,0.1,16,0,256,0.03788633644580841,0.03435602784156799,,,,,,,rare_sharp_shift
scale_0.25,8192,False,torch.float16,1234,0.1,16,1,256,0.0327078253030777,0.028732137754559517,,,,,,,rare_sharp_shift
scale_0.25,8192,False,torch.float16,1234,0.1,16,2,256,0.03968983143568039,0.03584408387541771,,,,,,,rare_sharp_shift
scale_0.25,8192,False,torch.float16,1234,0.1,16,3,256,0.03805098682641983,0.034277260303497314,,,,,,,rare_sharp_shift
scale_0.25,8192,False,torch.float16,1234,0.1,16,4,256,0.03600458428263664,0.032119255512952805,,,,,,,rare_sharp_shift
scale_0.25,8192,False,torch.float16,1234,0.1,16,5,256,0.03464015573263168,0.03083888813853264,,,,,,,rare_sharp_shift
scale_0.25,8192,False,torch.float16,1234,0.1,16,6,256,0.03333711996674538,0.029006488621234894,,,,,,,rare_sharp_shift
scale_0.25,8192,False,torch.float16,1234,0.1,16,7,256,0.033268094062805176,0.029273001477122307,,,,,,,rare_sharp_shift
scale_0.25,16384,False,torch.float16,1234,0.1,16,0,256,0.06840771436691284,0.08245216310024261,,,,,,,
scale_0.25,16384,False,torch.float16,1234,0.1,16,1,256,0.06399926543235779,0.07695746421813965,,,,,,,
scale_0.25,16384,False,torch.float16,1234,0.1,16,2,256,0.06217516213655472,0.07546088844537735,,,,,,,
scale_0.25,16384,False,torch.float16,1234,0.1,16,3,256,0.06369731575250626,0.07681344449520111,,,,,,,
scale_0.25,16384,False,torch.float16,1234,0.1,16,4,256,0.07174575328826904,0.08729493618011475,,,,,,,
scale_0.25,16384,False,torch.float16,1234,0.1,16,5,256,0.06292648613452911,0.07655683904886246,,,,,,,
scale_0.25,16384,False,torch.float16,1234,0.1,16,6,256,0.058795392513275146,0.07016345858573914,,,,,,,
scale_0.25,16384,False,torch.float16,1234,0.1,16,7,256,0.076886385679245,0.09340587258338928,,,,,,,
scale_0.25,16384,False,torch.float16,1234,0.1,16,0,256,0.05674003064632416,0.06912269443273544,,,,,,,scale_0.25
scale_0.25,16384,False,torch.float16,1234,0.1,16,1,256,0.0734572559595108,0.08843943476676941,,,,,,,scale_0.25
scale_0.25,16384,False,torch.float16,1234,0.1,16,2,256,0.06198873743414879,0.07545646280050278,,,,,,,scale_0.25
scale_0.25,16384,False,torch.float16,1234,0.1,16,3,256,0.05205072462558746,0.06306316703557968,,,,,,,scale_0.25
scale_0.25,16384,False,torch.float16,1234,0.1,16,4,256,0.057908736169338226,0.06854218244552612,,,,,,,scale_0.25
scale_0.25,16384,False,torch.float16,1234,0.1,16,5,256,0.06544306874275208,0.08094620704650879,,,,,,,scale_0.25
scale_0.25,16384,False,torch.float16,1234,0.1,16,6,256,0.05980833247303963,0.07594950497150421,,,,,,,scale_0.25
scale_0.25,16384,False,torch.float16,1234,0.1,16,7,256,0.06194606423377991,0.0744665265083313,,,,,,,scale_0.25
scale_0.25,16384,False,torch.float16,1234,0.1,16,0,256,6.118219375610352,13.989774703979492,,,,,,,scale_1.0
scale_0.25,16384,False,torch.float16,1234,0.1,16,1,256,5.486328125,11.695926666259766,,,,,,,scale_1.0
scale_0.25,16384,False,torch.float16,1234,0.1,16,2,256,5.710017681121826,13.890153884887695,,,,,,,scale_1.0
scale_0.25,16384,False,torch.float16,1234,0.1,16,3,256,4.7934393882751465,9.554630279541016,,,,,,,scale_1.0
scale_0.25,16384,False,torch.float16,1234,0.1,16,4,256,5.503942012786865,11.815386772155762,,,,,,,scale_1.0
scale_0.25,16384,False,torch.float16,1234,0.1,16,5,256,6.258563041687012,15.141317367553711,,,,,,,scale_1.0
scale_0.25,16384,False,torch.float16,1234,0.1,16,6,256,6.918708801269531,17.13084602355957,,,,,,,scale_1.0
scale_0.25,16384,False,torch.float16,1234,0.1,16,7,256,6.855433940887451,17.468669891357422,,,,,,,scale_1.0
scale_0.25,16384,False,torch.float16,1234,0.1,16,0,256,0.03664654493331909,0.029098639264702797,,,,,,,rare_sharp_shift
scale_0.25,16384,False,torch.float16,1234,0.1,16,1,256,0.04552309960126877,0.03905673697590828,,,,,,,rare_sharp_shift
scale_0.25,16384,False,torch.float16,1234,0.1,16,2,256,0.038543447852134705,0.031002938747406006,,,,,,,rare_sharp_shift
scale_0.25,16384,False,torch.float16,1234,0.1,16,3,256,0.03519358113408089,0.02700050175189972,,,,,,,rare_sharp_shift
scale_0.25,16384,False,torch.float16,1234,0.1,16,4,256,0.03737332671880722,0.029247894883155823,,,,,,,rare_sharp_shift
scale_0.25,16384,False,torch.float16,1234,0.1,16,5,256,0.04141835868358612,0.033979181200265884,,,,,,,rare_sharp_shift
scale_0.25,16384,False,torch.float16,1234,0.1,16,6,256,0.03760500252246857,0.029966341331601143,,,,,,,rare_sharp_shift
scale_0.25,16384,False,torch.float16,1234,0.1,16,7,256,0.03766873851418495,0.029812337830662727,,,,,,,rare_sharp_shift
scale_0.25,32768,False,torch.float16,1234,0.1,16,0,256,0.05817926302552223,0.0682130977511406,,,,,,,
scale_0.25,32768,False,torch.float16,1234,0.1,16,1,256,0.05888327211141586,0.07120765745639801,,,,,,,
scale_0.25,32768,False,torch.float16,1234,0.1,16,2,256,0.06702043116092682,0.08040690422058105,,,,,,,
scale_0.25,32768,False,torch.float16,1234,0.1,16,3,256,0.07147565484046936,0.08431239426136017,,,,,,,
scale_0.25,32768,False,torch.float16,1234,0.1,16,4,256,0.06545590609312057,0.08160234987735748,,,,,,,
scale_0.25,32768,False,torch.float16,1234,0.1,16,5,256,0.058549974113702774,0.06990958005189896,,,,,,,
scale_0.25,32768,False,torch.float16,1234,0.1,16,6,256,0.0612170547246933,0.07278906553983688,,,,,,,
scale_0.25,32768,False,torch.float16,1234,0.1,16,7,256,0.058580730110406876,0.07165597379207611,,,,,,,
scale_0.25,32768,False,torch.float16,1234,0.1,16,0,256,0.07229997217655182,0.0894162654876709,,,,,,,scale_0.25
scale_0.25,32768,False,torch.float16,1234,0.1,16,1,256,0.059371184557676315,0.0716605931520462,,,,,,,scale_0.25
scale_0.25,32768,False,torch.float16,1234,0.1,16,2,256,0.06465721130371094,0.07797449082136154,,,,,,,scale_0.25
scale_0.25,32768,False,torch.float16,1234,0.1,16,3,256,0.06708797067403793,0.08157692849636078,,,,,,,scale_0.25
scale_0.25,32768,False,torch.float16,1234,0.1,16,4,256,0.06178570166230202,0.0747605562210083,,,,,,,scale_0.25
scale_0.25,32768,False,torch.float16,1234,0.1,16,5,256,0.060634199529886246,0.07274199277162552,,,,,,,scale_0.25
scale_0.25,32768,False,torch.float16,1234,0.1,16,6,256,0.06051284074783325,0.07532039284706116,,,,,,,scale_0.25
scale_0.25,32768,False,torch.float16,1234,0.1,16,7,256,0.062454953789711,0.07569766044616699,,,,,,,scale_0.25
scale_0.25,32768,False,torch.float16,1234,0.1,16,0,256,6.9882097244262695,15.153237342834473,,,,,,,scale_1.0
scale_0.25,32768,False,torch.float16,1234,0.1,16,1,256,6.521057605743408,16.700326919555664,,,,,,,scale_1.0
scale_0.25,32768,False,torch.float16,1234,0.1,16,2,256,6.283570289611816,13.696661949157715,,,,,,,scale_1.0
scale_0.25,32768,False,torch.float16,1234,0.1,16,3,256,5.647522926330566,12.459028244018555,,,,,,,scale_1.0
scale_0.25,32768,False,torch.float16,1234,0.1,16,4,256,6.462041854858398,14.181554794311523,,,,,,,scale_1.0
scale_0.25,32768,False,torch.float16,1234,0.1,16,5,256,5.175999641418457,10.782449722290039,,,,,,,scale_1.0
scale_0.25,32768,False,torch.float16,1234,0.1,16,6,256,6.235719680786133,14.461714744567871,,,,,,,scale_1.0
scale_0.25,32768,False,torch.float16,1234,0.1,16,7,256,8.014348030090332,22.09185028076172,,,,,,,scale_1.0
scale_0.25,32768,False,torch.float16,1234,0.1,16,0,256,0.04011315107345581,0.03746213763952255,,,,,,,rare_sharp_shift
scale_0.25,32768,False,torch.float16,1234,0.1,16,1,256,0.03427740931510925,0.03036452829837799,,,,,,,rare_sharp_shift
scale_0.25,32768,False,torch.float16,1234,0.1,16,2,256,0.03846064954996109,0.03449982404708862,,,,,,,rare_sharp_shift
scale_0.25,32768,False,torch.float16,1234,0.1,16,3,256,0.03692786023020744,0.03354490175843239,,,,,,,rare_sharp_shift
scale_0.25,32768,False,torch.float16,1234,0.1,16,4,256,0.03490440547466278,0.030616700649261475,,,,,,,rare_sharp_shift
scale_0.25,32768,False,torch.float16,1234,0.1,16,5,256,0.03577547147870064,0.03209536150097847,,,,,,,rare_sharp_shift
scale_0.25,32768,False,torch.float16,1234,0.1,16,6,256,0.033058397471904755,0.029392991214990616,,,,,,,rare_sharp_shift
scale_0.25,32768,False,torch.float16,1234,0.1,16,7,256,0.03760908544063568,0.03475197032094002,,,,,,,rare_sharp_shift
scale_0.25,65536,False,torch.float16,1234,0.1,16,0,256,0.060768891125917435,0.07341553270816803,,,,,,,
scale_0.25,65536,False,torch.float16,1234,0.1,16,1,256,0.061908189207315445,0.07865948230028152,,,,,,,
scale_0.25,65536,False,torch.float16,1234,0.1,16,2,256,0.05588842183351517,0.06917746365070343,,,,,,,
scale_0.25,65536,False,torch.float16,1234,0.1,16,3,256,0.06580647081136703,0.08008262515068054,,,,,,,
scale_0.25,65536,False,torch.float16,1234,0.1,16,4,256,0.05496577173471451,0.0675005316734314,,,,,,,
scale_0.25,65536,False,torch.float16,1234,0.1,16,5,256,0.057806968688964844,0.07110028713941574,,,,,,,
scale_0.25,65536,False,torch.float16,1234,0.1,16,6,256,0.06493460386991501,0.07874182611703873,,,,,,,
scale_0.25,65536,False,torch.float16,1234,0.1,16,7,256,0.0650777667760849,0.07855390012264252,,,,,,,
scale_0.25,65536,False,torch.float16,1234,0.1,16,0,256,0.04555615037679672,0.05650806054472923,,,,,,,scale_0.25
scale_0.25,65536,False,torch.float16,1234,0.1,16,1,256,0.054454244673252106,0.06580477952957153,,,,,,,scale_0.25
scale_0.25,65536,False,torch.float16,1234,0.1,16,2,256,0.065721794962883,0.0806715190410614,,,,,,,scale_0.25
scale_0.25,65536,False,torch.float16,1234,0.1,16,3,256,0.0669579803943634,0.0791521817445755,,,,,,,scale_0.25
scale_0.25,65536,False,torch.float16,1234,0.1,16,4,256,0.07762499153614044,0.09161397069692612,,,,,,,scale_0.25
scale_0.25,65536,False,torch.float16,1234,0.1,16,5,256,0.05379146337509155,0.0665431097149849,,,,,,,scale_0.25
scale_0.25,65536,False,torch.float16,1234,0.1,16,6,256,0.05702030658721924,0.06932982057332993,,,,,,,scale_0.25
scale_0.25,65536,False,torch.float16,1234,0.1,16,7,256,0.06444798409938812,0.07929139584302902,,,,,,,scale_0.25
scale_0.25,65536,False,torch.float16,1234,0.1,16,0,256,5.926346778869629,13.063650131225586,,,,,,,scale_1.0
scale_0.25,65536,False,torch.float16,1234,0.1,16,1,256,6.537321090698242,15.266231536865234,,,,,,,scale_1.0
scale_0.25,65536,False,torch.float16,1234,0.1,16,2,256,6.681934356689453,15.183426856994629,,,,,,,scale_1.0
scale_0.25,65536,False,torch.float16,1234,0.1,16,3,256,7.991518974304199,18.422494888305664,,,,,,,scale_1.0
scale_0.25,65536,False,torch.float16,1234,0.1,16,4,256,8.05576229095459,20.85730743408203,,,,,,,scale_1.0
scale_0.25,65536,False,torch.float16,1234,0.1,16,5,256,6.7667951583862305,14.018265724182129,,,,,,,scale_1.0
scale_0.25,65536,False,torch.float16,1234,0.1,16,6,256,5.6872711181640625,11.364619255065918,,,,,,,scale_1.0
scale_0.25,65536,False,torch.float16,1234,0.1,16,7,256,6.4702558517456055,14.324254989624023,,,,,,,scale_1.0
scale_0.25,65536,False,torch.float16,1234,0.1,16,0,256,0.019817564636468887,0.022839415818452835,,,,,,,rare_sharp_shift
scale_0.25,65536,False,torch.float16,1234,0.1,16,1,256,0.02450580522418022,0.02740287408232689,,,,,,,rare_sharp_shift
scale_0.25,65536,False,torch.float16,1234,0.1,16,2,256,0.0289844311773777,0.032735470682382584,,,,,,,rare_sharp_shift
scale_0.25,65536,False,torch.float16,1234,0.1,16,3,256,0.03149554878473282,0.035498328506946564,,,,,,,rare_sharp_shift
scale_0.25,65536,False,torch.float16,1234,0.1,16,4,256,0.03617006540298462,0.040158599615097046,,,,,,,rare_sharp_shift
scale_0.25,65536,False,torch.float16,1234,0.1,16,5,256,0.023362647742033005,0.02647045999765396,,,,,,,rare_sharp_shift
scale_0.25,65536,False,torch.float16,1234,0.1,16,6,256,0.025257356464862823,0.028987405821681023,,,,,,,rare_sharp_shift
scale_0.25,65536,False,torch.float16,1234,0.1,16,7,256,0.030010497197508812,0.034152738749980927,,,,,,,rare_sharp_shift
scale_0.25,512,False,torch.float32,1234,0.1,16,0,256,0.06120920181274414,0.07325412333011627,,,,,,,
scale_0.25,512,False,torch.float32,1234,0.1,16,1,256,0.052336644381284714,0.06594482809305191,,,,,,,
scale_0.25,512,False,torch.float32,1234,0.1,16,2,256,0.06647488474845886,0.07962357252836227,,,,,,,
scale_0.25,512,False,torch.float32,1234,0.1,16,3,256,0.05971619486808777,0.0740237608551979,,,,,,,
scale_0.25,512,False,torch.float32,1234,0.1,16,4,256,0.059130001813173294,0.07171101868152618,,,,,,,
scale_0.25,512,False,torch.float32,1234,0.1,16,5,256,0.057594746351242065,0.07210046052932739,,,,,,,
scale_0.25,512,False,torch.float32,1234,0.1,16,6,256,0.08554869890213013,0.1061733141541481,,,,,,,
scale_0.25,512,False,torch.float32,1234,0.1,16,7,256,0.07451274991035461,0.08732031285762787,,,,,,,
scale_0.25,512,False,torch.float32,1234,0.1,16,0,256,,,all_query_rows,0.06113073229789734,0.07253391295671463,0.09654953330755234,0,0,
scale_0.25,512,False,torch.float32,1234,0.1,16,1,256,,,all_query_rows,0.052104540169239044,0.06681546568870544,0.08806275576353073,0,0,
scale_0.25,512,False,torch.float32,1234,0.1,16,2,256,,,all_query_rows,0.06656259298324585,0.07870287448167801,0.09034926444292068,0,0,
scale_0.25,512,False,torch.float32,1234,0.1,16,3,256,,,all_query_rows,0.05900445580482483,0.07197103649377823,0.12182518094778061,2,0,
scale_0.25,512,False,torch.float32,1234,0.1,16,4,256,,,all_query_rows,0.05915731191635132,0.07264529913663864,0.08949531614780426,0,0,
scale_0.25,512,False,torch.float32,1234,0.1,16,5,256,,,all_query_rows,0.05729260295629501,0.07196744531393051,0.08532863855361938,0,0,
scale_0.25,512,False,torch.float32,1234,0.1,16,6,256,,,all_query_rows,0.08484242856502533,0.10619550198316574,0.1347023993730545,45,0,
scale_0.25,512,False,torch.float32,1234,0.1,16,7,256,,,all_query_rows,0.07464265823364258,0.08898327499628067,0.10951390862464905,2,0,
scale_0.25,512,False,torch.float32,1234,0.1,16,0,256,0.06905217468738556,0.08111833781003952,,,,,,,scale_0.25
scale_0.25,512,False,torch.float32,1234,0.1,16,1,256,0.07325150072574615,0.08741975575685501,,,,,,,scale_0.25
scale_0.25,512,False,torch.float32,1234,0.1,16,2,256,0.05530966818332672,0.06670881807804108,,,,,,,scale_0.25
scale_0.25,512,False,torch.float32,1234,0.1,16,3,256,0.07017143070697784,0.08438946306705475,,,,,,,scale_0.25
scale_0.25,512,False,torch.float32,1234,0.1,16,4,256,0.05827289819717407,0.0689636841416359,,,,,,,scale_0.25
scale_0.25,512,False,torch.float32,1234,0.1,16,5,256,0.053354158997535706,0.06604823470115662,,,,,,,scale_0.25
scale_0.25,512,False,torch.float32,1234,0.1,16,6,256,0.05772850289940834,0.07201845943927765,,,,,,,scale_0.25
scale_0.25,512,False,torch.float32,1234,0.1,16,7,256,0.06816774606704712,0.08295610547065735,,,,,,,scale_0.25
scale_0.25,512,False,torch.float32,1234,0.1,16,0,256,2.9054102897644043,6.442202091217041,,,,,,,scale_1.0
scale_0.25,512,False,torch.float32,1234,0.1,16,1,256,3.351318120956421,7.541804790496826,,,,,,,scale_1.0
scale_0.25,512,False,torch.float32,1234,0.1,16,2,256,3.49507999420166,8.87170124053955,,,,,,,scale_1.0
scale_0.25,512,False,torch.float32,1234,0.1,16,3,256,2.853801965713501,6.595047950744629,,,,,,,scale_1.0
scale_0.25,512,False,torch.float32,1234,0.1,16,4,256,3.1454272270202637,6.1830058097839355,,,,,,,scale_1.0
scale_0.25,512,False,torch.float32,1234,0.1,16,5,256,2.9111204147338867,5.795572280883789,,,,,,,scale_1.0
scale_0.25,512,False,torch.float32,1234,0.1,16,6,256,2.7713449001312256,5.84964656829834,,,,,,,scale_1.0
scale_0.25,512,False,torch.float32,1234,0.1,16,7,256,2.6126320362091064,5.419401168823242,,,,,,,scale_1.0
scale_0.25,512,False,torch.float32,1234,0.1,16,0,256,0.04613993689417839,0.03521771728992462,,,,,,,rare_sharp_shift
scale_0.25,512,False,torch.float32,1234,0.1,16,1,256,0.04967242479324341,0.03902314975857735,,,,,,,rare_sharp_shift
scale_0.25,512,False,torch.float32,1234,0.1,16,2,256,0.039572082459926605,0.02800564095377922,,,,,,,rare_sharp_shift
scale_0.25,512,False,torch.float32,1234,0.1,16,3,256,0.04666189104318619,0.035526663064956665,,,,,,,rare_sharp_shift
scale_0.25,512,False,torch.float32,1234,0.1,16,4,256,0.042208850383758545,0.03082190826535225,,,,,,,rare_sharp_shift
scale_0.25,512,False,torch.float32,1234,0.1,16,5,256,0.03996524214744568,0.028323547914624214,,,,,,,rare_sharp_shift
scale_0.25,512,False,torch.float32,1234,0.1,16,6,256,0.03965447098016739,0.02801753580570221,,,,,,,rare_sharp_shift
scale_0.25,512,False,torch.float32,1234,0.1,16,7,256,0.04669100418686867,0.036579035222530365,,,,,,,rare_sharp_shift
scale_0.25,1024,False,torch.float32,1234,0.1,16,0,256,0.058665186166763306,0.06920760124921799,,,,,,,
scale_0.25,1024,False,torch.float32,1234,0.1,16,1,256,0.05544862896203995,0.06899769604206085,,,,,,,
scale_0.25,1024,False,torch.float32,1234,0.1,16,2,256,0.06031638756394386,0.07508158683776855,,,,,,,
scale_0.25,1024,False,torch.float32,1234,0.1,16,3,256,0.07853394746780396,0.09479069709777832,,,,,,,
scale_0.25,1024,False,torch.float32,1234,0.1,16,4,256,0.05126149207353592,0.060858264565467834,,,,,,,
scale_0.25,1024,False,torch.float32,1234,0.1,16,5,256,0.0593390017747879,0.07110609859228134,,,,,,,
scale_0.25,1024,False,torch.float32,1234,0.1,16,6,256,0.05310775339603424,0.06382229924201965,,,,,,,
scale_0.25,1024,False,torch.float32,1234,0.1,16,7,256,0.059995561838150024,0.07212159782648087,,,,,,,
scale_0.25,1024,False,torch.float32,1234,0.1,16,0,256,,,all_query_rows,0.05897260457277298,0.07076705247163773,0.08829375356435776,0,0,
scale_0.25,1024,False,torch.float32,1234,0.1,16,1,256,,,all_query_rows,0.054812539368867874,0.06756310909986496,0.09782309085130692,0,0,
scale_0.25,1024,False,torch.float32,1234,0.1,16,2,256,,,all_query_rows,0.06013673171401024,0.0745246559381485,0.09712984412908554,0,0,
scale_0.25,1024,False,torch.float32,1234,0.1,16,3,256,,,all_query_rows,0.07905811816453934,0.09632547199726105,0.12587514519691467,28,0,
scale_0.25,1024,False,torch.float32,1234,0.1,16,4,256,,,all_query_rows,0.051440149545669556,0.0620088204741478,0.0803949236869812,0,0,
scale_0.25,1024,False,torch.float32,1234,0.1,16,5,256,,,all_query_rows,0.05941212177276611,0.07270108163356781,0.10556082427501678,3,0,
scale_0.25,1024,False,torch.float32,1234,0.1,16,6,256,,,all_query_rows,0.05318877100944519,0.06473647058010101,0.09200120717287064,0,0,
scale_0.25,1024,False,torch.float32,1234,0.1,16,7,256,,,all_query_rows,0.0599251352250576,0.0721394345164299,0.11750693619251251,1,0,
scale_0.25,1024,False,torch.float32,1234,0.1,16,0,256,0.0626978725194931,0.0764998197555542,,,,,,,scale_0.25
scale_0.25,1024,False,torch.float32,1234,0.1,16,1,256,0.06561284512281418,0.07861846685409546,,,,,,,scale_0.25
scale_0.25,1024,False,torch.float32,1234,0.1,16,2,256,0.06300635635852814,0.07863421738147736,,,,,,,scale_0.25
scale_0.25,1024,False,torch.float32,1234,0.1,16,3,256,0.06105729937553406,0.07309260219335556,,,,,,,scale_0.25
scale_0.25,1024,False,torch.float32,1234,0.1,16,4,256,0.06809726357460022,0.0820106789469719,,,,,,,scale_0.25
scale_0.25,1024,False,torch.float32,1234,0.1,16,5,256,0.06523896753787994,0.07871605455875397,,,,,,,scale_0.25
scale_0.25,1024,False,torch.float32,1234,0.1,16,6,256,0.06601759046316147,0.07893601804971695,,,,,,,scale_0.25
scale_0.25,1024,False,torch.float32,1234,0.1,16,7,256,0.08223459124565125,0.09569714963436127,,,,,,,scale_0.25
scale_0.25,1024,False,torch.float32,1234,0.1,16,0,256,4.135627269744873,9.519180297851562,,,,,,,scale_1.0
scale_0.25,1024,False,torch.float32,1234,0.1,16,1,256,3.4480929374694824,7.113266944885254,,,,,,,scale_1.0
scale_0.25,1024,False,torch.float32,1234,0.1,16,2,256,3.58493709564209,8.407878875732422,,,,,,,scale_1.0
scale_0.25,1024,False,torch.float32,1234,0.1,16,3,256,4.793819904327393,11.824856758117676,,,,,,,scale_1.0
scale_0.25,1024,False,torch.float32,1234,0.1,16,4,256,4.1685590744018555,10.91927433013916,,,,,,,scale_1.0
scale_0.25,1024,False,torch.float32,1234,0.1,16,5,256,3.4859628677368164,9.095602989196777,,,,,,,scale_1.0
scale_0.25,1024,False,torch.float32,1234,0.1,16,6,256,3.500936508178711,7.028336048126221,,,,,,,scale_1.0
scale_0.25,1024,False,torch.float32,1234,0.1,16,7,256,3.4466135501861572,7.728006362915039,,,,,,,scale_1.0
scale_0.25,1024,False,torch.float32,1234,0.1,16,0,256,0.038770340383052826,0.030955564230680466,,,,,,,rare_sharp_shift
scale_0.25,1024,False,torch.float32,1234,0.1,16,1,256,0.04017148166894913,0.03284282609820366,,,,,,,rare_sharp_shift
scale_0.25,1024,False,torch.float32,1234,0.1,16,2,256,0.03903602808713913,0.03251286596059799,,,,,,,rare_sharp_shift
scale_0.25,1024,False,torch.float32,1234,0.1,16,3,256,0.03887835517525673,0.030447330325841904,,,,,,,rare_sharp_shift
scale_0.25,1024,False,torch.float32,1234,0.1,16,4,256,0.04238270968198776,0.03507169708609581,,,,,,,rare_sharp_shift
scale_0.25,1024,False,torch.float32,1234,0.1,16,5,256,0.04172855243086815,0.03455803543329239,,,,,,,rare_sharp_shift
scale_0.25,1024,False,torch.float32,1234,0.1,16,6,256,0.040013186633586884,0.03241070732474327,,,,,,,rare_sharp_shift
scale_0.25,1024,False,torch.float32,1234,0.1,16,7,256,0.04827973619103432,0.04097000136971474,,,,,,,rare_sharp_shift
scale_0.25,2048,False,torch.float32,1234,0.1,16,0,256,0.0661122128367424,0.08026859164237976,,,,,,,
scale_0.25,2048,False,torch.float32,1234,0.1,16,1,256,0.062361616641283035,0.075208880007267,,,,,,,
scale_0.25,2048,False,torch.float32,1234,0.1,16,2,256,0.07434122264385223,0.08966178447008133,,,,,,,
scale_0.25,2048,False,torch.float32,1234,0.1,16,3,256,0.05927383527159691,0.07032625377178192,,,,,,,
scale_0.25,2048,False,torch.float32,1234,0.1,16,4,256,0.060784712433815,0.07297080755233765,,,,,,,
scale_0.25,2048,False,torch.float32,1234,0.1,16,5,256,0.06447148323059082,0.07938198000192642,,,,,,,
scale_0.25,2048,False,torch.float32,1234,0.1,16,6,256,0.05100665241479874,0.06181707605719566,,,,,,,
scale_0.25,2048,False,torch.float32,1234,0.1,16,7,256,0.06480046361684799,0.08176533877849579,,,,,,,
scale_0.25,2048,False,torch.float32,1234,0.1,16,0,256,,,all_query_rows,0.06642688810825348,0.08170643448829651,0.1384991705417633,8,0,
scale_0.25,2048,False,torch.float32,1234,0.1,16,1,256,,,all_query_rows,0.06190189719200134,0.0745336264371872,0.09417813271284103,0,0,
scale_0.25,2048,False,torch.float32,1234,0.1,16,2,256,,,all_query_rows,0.07475069165229797,0.09094000607728958,0.13253088295459747,24,0,
scale_0.25,2048,False,torch.float32,1234,0.1,16,3,256,,,all_query_rows,0.05915945768356323,0.07029737532138824,0.10167013108730316,1,0,
scale_0.25,2048,False,torch.float32,1234,0.1,16,4,256,,,all_query_rows,0.06050259992480278,0.0723138228058815,0.11610694974660873,1,0,
scale_0.25,2048,False,torch.float32,1234,0.1,16,5,256,,,all_query_rows,0.06375016272068024,0.0783689096570015,0.11940354108810425,7,0,
scale_0.25,2048,False,torch.float32,1234,0.1,16,6,256,,,all_query_rows,0.05138743668794632,0.062435295432806015,0.08387307822704315,0,0,
scale_0.25,2048,False,torch.float32,1234,0.1,16,7,256,,,all_query_rows,0.06540054082870483,0.07969199120998383,0.12246362119913101,4,0,
scale_0.25,2048,False,torch.float32,1234,0.1,16,0,256,0.06826984137296677,0.08201517164707184,,,,,,,scale_0.25
scale_0.25,2048,False,torch.float32,1234,0.1,16,1,256,0.055393993854522705,0.06588520109653473,,,,,,,scale_0.25
scale_0.25,2048,False,torch.float32,1234,0.1,16,2,256,0.06465962529182434,0.07911653816699982,,,,,,,scale_0.25
scale_0.25,2048,False,torch.float32,1234,0.1,16,3,256,0.06612053513526917,0.07769963145256042,,,,,,,scale_0.25
scale_0.25,2048,False,torch.float32,1234,0.1,16,4,256,0.07413332909345627,0.08843692392110825,,,,,,,scale_0.25
scale_0.25,2048,False,torch.float32,1234,0.1,16,5,256,0.06618772447109222,0.08214329183101654,,,,,,,scale_0.25
scale_0.25,2048,False,torch.float32,1234,0.1,16,6,256,0.060288649052381516,0.0727873146533966,,,,,,,scale_0.25
scale_0.25,2048,False,torch.float32,1234,0.1,16,7,256,0.07324957847595215,0.0890403464436531,,,,,,,scale_0.25
scale_0.25,2048,False,torch.float32,1234,0.1,16,0,256,4.633148670196533,12.1535005569458,,,,,,,scale_1.0
scale_0.25,2048,False,torch.float32,1234,0.1,16,1,256,3.514464855194092,8.231560707092285,,,,,,,scale_1.0
scale_0.25,2048,False,torch.float32,1234,0.1,16,2,256,3.9477553367614746,9.86506462097168,,,,,,,scale_1.0
scale_0.25,2048,False,torch.float32,1234,0.1,16,3,256,3.8273043632507324,9.08005142211914,,,,,,,scale_1.0
scale_0.25,2048,False,torch.float32,1234,0.1,16,4,256,4.525388240814209,12.591398239135742,,,,,,,scale_1.0
scale_0.25,2048,False,torch.float32,1234,0.1,16,5,256,4.139406204223633,9.323232650756836,,,,,,,scale_1.0
scale_0.25,2048,False,torch.float32,1234,0.1,16,6,256,3.668471336364746,7.708154678344727,,,,,,,scale_1.0
scale_0.25,2048,False,torch.float32,1234,0.1,16,7,256,4.363500595092773,10.016192436218262,,,,,,,scale_1.0
scale_0.25,2048,False,torch.float32,1234,0.1,16,0,256,0.034538011997938156,0.034439973533153534,,,,,,,rare_sharp_shift
scale_0.25,2048,False,torch.float32,1234,0.1,16,1,256,0.027789704501628876,0.02704625576734543,,,,,,,rare_sharp_shift
scale_0.25,2048,False,torch.float32,1234,0.1,16,2,256,0.032511234283447266,0.031949371099472046,,,,,,,rare_sharp_shift
scale_0.25,2048,False,torch.float32,1234,0.1,16,3,256,0.03528430312871933,0.0350816436111927,,,,,,,rare_sharp_shift
scale_0.25,2048,False,torch.float32,1234,0.1,16,4,256,0.03836993873119354,0.038390107452869415,,,,,,,rare_sharp_shift
scale_0.25,2048,False,torch.float32,1234,0.1,16,5,256,0.03512603044509888,0.03553961589932442,,,,,,,rare_sharp_shift
scale_0.25,2048,False,torch.float32,1234,0.1,16,6,256,0.030791081488132477,0.030553728342056274,,,,,,,rare_sharp_shift
scale_0.25,2048,False,torch.float32,1234,0.1,16,7,256,0.035855017602443695,0.03608135133981705,,,,,,,rare_sharp_shift
scale_0.25,4096,False,torch.float32,1234,0.1,16,0,256,0.059906255453825,0.07312420010566711,,,,,,,
scale_0.25,4096,False,torch.float32,1234,0.1,16,1,256,0.06521455198526382,0.07830062508583069,,,,,,,
scale_0.25,4096,False,torch.float32,1234,0.1,16,2,256,0.06314405053853989,0.07494527846574783,,,,,,,
scale_0.25,4096,False,torch.float32,1234,0.1,16,3,256,0.064057856798172,0.07957036793231964,,,,,,,
scale_0.25,4096,False,torch.float32,1234,0.1,16,4,256,0.06420928239822388,0.07563135772943497,,,,,,,
scale_0.25,4096,False,torch.float32,1234,0.1,16,5,256,0.05453047901391983,0.06555338203907013,,,,,,,
scale_0.25,4096,False,torch.float32,1234,0.1,16,6,256,0.057017259299755096,0.06838229298591614,,,,,,,
scale_0.25,4096,False,torch.float32,1234,0.1,16,7,256,0.0691642165184021,0.08339494466781616,,,,,,,
scale_0.25,4096,False,torch.float32,1234,0.1,16,0,256,,,all_query_rows,0.06014157086610794,0.07331424951553345,0.10130676627159119,2,0,
scale_0.25,4096,False,torch.float32,1234,0.1,16,1,256,,,all_query_rows,0.06517680734395981,0.07895112037658691,0.12189650535583496,15,0,
scale_0.25,4096,False,torch.float32,1234,0.1,16,2,256,,,all_query_rows,0.06300400197505951,0.07534211128950119,0.10436829924583435,2,0,
scale_0.25,4096,False,torch.float32,1234,0.1,16,3,256,,,all_query_rows,0.06470285356044769,0.0794772058725357,0.11349628120660782,9,0,
scale_0.25,4096,False,torch.float32,1234,0.1,16,4,256,,,all_query_rows,0.0651547759771347,0.07783129811286926,0.10164829343557358,2,0,
scale_0.25,4096,False,torch.float32,1234,0.1,16,5,256,,,all_query_rows,0.05461700260639191,0.06604433059692383,0.10064185410737991,1,0,
scale_0.25,4096,False,torch.float32,1234,0.1,16,6,256,,,all_query_rows,0.05761125683784485,0.06981194764375687,0.10209383070468903,2,0,
scale_0.25,4096,False,torch.float32,1234,0.1,16,7,256,,,all_query_rows,0.06912703067064285,0.08336696028709412,0.15200616419315338,13,0,
scale_0.25,4096,False,torch.float32,1234,0.1,16,0,256,0.04934999346733093,0.05946892499923706,,,,,,,scale_0.25
scale_0.25,4096,False,torch.float32,1234,0.1,16,1,256,0.05628766864538193,0.06666408479213715,,,,,,,scale_0.25
scale_0.25,4096,False,torch.float32,1234,0.1,16,2,256,0.06926287710666656,0.08406906574964523,,,,,,,scale_0.25
scale_0.25,4096,False,torch.float32,1234,0.1,16,3,256,0.07428381592035294,0.08702979236841202,,,,,,,scale_0.25
scale_0.25,4096,False,torch.float32,1234,0.1,16,4,256,0.06472159177064896,0.08064043521881104,,,,,,,scale_0.25
scale_0.25,4096,False,torch.float32,1234,0.1,16,5,256,0.04860886186361313,0.059213556349277496,,,,,,,scale_0.25
scale_0.25,4096,False,torch.float32,1234,0.1,16,6,256,0.05569518730044365,0.06732700765132904,,,,,,,scale_0.25
scale_0.25,4096,False,torch.float32,1234,0.1,16,7,256,0.06968598067760468,0.08262576907873154,,,,,,,scale_0.25
scale_0.25,4096,False,torch.float32,1234,0.1,16,0,256,4.368217468261719,10.755966186523438,,,,,,,scale_1.0
scale_0.25,4096,False,torch.float32,1234,0.1,16,1,256,4.041232109069824,8.736726760864258,,,,,,,scale_1.0
scale_0.25,4096,False,torch.float32,1234,0.1,16,2,256,4.804196357727051,10.758966445922852,,,,,,,scale_1.0
scale_0.25,4096,False,torch.float32,1234,0.1,16,3,256,5.547106742858887,13.435463905334473,,,,,,,scale_1.0
scale_0.25,4096,False,torch.float32,1234,0.1,16,4,256,4.724186420440674,11.043914794921875,,,,,,,scale_1.0
scale_0.25,4096,False,torch.float32,1234,0.1,16,5,256,4.712355613708496,11.870624542236328,,,,,,,scale_1.0
scale_0.25,4096,False,torch.float32,1234,0.1,16,6,256,4.735099792480469,10.479835510253906,,,,,,,scale_1.0
scale_0.25,4096,False,torch.float32,1234,0.1,16,7,256,5.083898067474365,11.804239273071289,,,,,,,scale_1.0
scale_0.25,4096,False,torch.float32,1234,0.1,16,0,256,0.042005330324172974,0.026204664260149002,,,,,,,rare_sharp_shift
scale_0.25,4096,False,torch.float32,1234,0.1,16,1,256,0.04369515925645828,0.027804449200630188,,,,,,,rare_sharp_shift
scale_0.25,4096,False,torch.float32,1234,0.1,16,2,256,0.050692640244960785,0.035788394510746,,,,,,,rare_sharp_shift
scale_0.25,4096,False,torch.float32,1234,0.1,16,3,256,0.053218524903059006,0.03815585374832153,,,,,,,rare_sharp_shift
scale_0.25,4096,False,torch.float32,1234,0.1,16,4,256,0.04792589321732521,0.034475184977054596,,,,,,,rare_sharp_shift
scale_0.25,4096,False,torch.float32,1234,0.1,16,5,256,0.04056163877248764,0.02498142048716545,,,,,,,rare_sharp_shift
scale_0.25,4096,False,torch.float32,1234,0.1,16,6,256,0.04437442868947983,0.02912198379635811,,,,,,,rare_sharp_shift
scale_0.25,4096,False,torch.float32,1234,0.1,16,7,256,0.05050906166434288,0.03569807484745979,,,,,,,rare_sharp_shift
scale_0.25,8192,False,torch.float32,1234,0.1,16,0,256,0.06578809022903442,0.08102694898843765,,,,,,,
scale_0.25,8192,False,torch.float32,1234,0.1,16,1,256,0.0659237802028656,0.08360286056995392,,,,,,,
scale_0.25,8192,False,torch.float32,1234,0.1,16,2,256,0.06371016800403595,0.07641750574111938,,,,,,,
scale_0.25,8192,False,torch.float32,1234,0.1,16,3,256,0.058641694486141205,0.07046052068471909,,,,,,,
scale_0.25,8192,False,torch.float32,1234,0.1,16,4,256,0.06175655126571655,0.07543575018644333,,,,,,,
scale_0.25,8192,False,torch.float32,1234,0.1,16,5,256,0.061145588755607605,0.07393918931484222,,,,,,,
scale_0.25,8192,False,torch.float32,1234,0.1,16,6,256,0.056382421404123306,0.06976213306188583,,,,,,,
scale_0.25,8192,False,torch.float32,1234,0.1,16,7,256,0.062393032014369965,0.07773351669311523,,,,,,,
scale_0.25,8192,False,torch.float32,1234,0.1,16,0,256,0.0669894739985466,0.08224424719810486,,,,,,,scale_0.25
scale_0.25,8192,False,torch.float32,1234,0.1,16,1,256,0.058351077139377594,0.07046781480312347,,,,,,,scale_0.25
scale_0.25,8192,False,torch.float32,1234,0.1,16,2,256,0.07166653126478195,0.08533568680286407,,,,,,,scale_0.25
scale_0.25,8192,False,torch.float32,1234,0.1,16,3,256,0.06713449209928513,0.08113380521535873,,,,,,,scale_0.25
scale_0.25,8192,False,torch.float32,1234,0.1,16,4,256,0.0674096867442131,0.08333399146795273,,,,,,,scale_0.25
scale_0.25,8192,False,torch.float32,1234,0.1,16,5,256,0.05776653066277504,0.07101713120937347,,,,,,,scale_0.25
scale_0.25,8192,False,torch.float32,1234,0.1,16,6,256,0.05729813501238823,0.06870748847723007,,,,,,,scale_0.25
scale_0.25,8192,False,torch.float32,1234,0.1,16,7,256,0.05842277780175209,0.07069672644138336,,,,,,,scale_0.25
scale_0.25,8192,False,torch.float32,1234,0.1,16,0,256,6.085233688354492,15.57518196105957,,,,,,,scale_1.0
scale_0.25,8192,False,torch.float32,1234,0.1,16,1,256,5.245479583740234,11.093531608581543,,,,,,,scale_1.0
scale_0.25,8192,False,torch.float32,1234,0.1,16,2,256,4.516575336456299,10.274909019470215,,,,,,,scale_1.0
scale_0.25,8192,False,torch.float32,1234,0.1,16,3,256,5.034089088439941,10.128366470336914,,,,,,,scale_1.0
scale_0.25,8192,False,torch.float32,1234,0.1,16,4,256,5.373565673828125,11.815367698669434,,,,,,,scale_1.0
scale_0.25,8192,False,torch.float32,1234,0.1,16,5,256,4.726062774658203,10.95158576965332,,,,,,,scale_1.0
scale_0.25,8192,False,torch.float32,1234,0.1,16,6,256,4.978310585021973,11.284775733947754,,,,,,,scale_1.0
scale_0.25,8192,False,torch.float32,1234,0.1,16,7,256,5.288163185119629,11.70698070526123,,,,,,,scale_1.0
scale_0.25,8192,False,torch.float32,1234,0.1,16,0,256,0.037884071469306946,0.034354034811258316,,,,,,,rare_sharp_shift
scale_0.25,8192,False,torch.float32,1234,0.1,16,1,256,0.03270645812153816,0.028731632977724075,,,,,,,rare_sharp_shift
scale_0.25,8192,False,torch.float32,1234,0.1,16,2,256,0.039687272161245346,0.035841360688209534,,,,,,,rare_sharp_shift
scale_0.25,8192,False,torch.float32,1234,0.1,16,3,256,0.038050953298807144,0.03427606448531151,,,,,,,rare_sharp_shift
scale_0.25,8192,False,torch.float32,1234,0.1,16,4,256,0.03600407764315605,0.032119520008563995,,,,,,,rare_sharp_shift
scale_0.25,8192,False,torch.float32,1234,0.1,16,5,256,0.0346401110291481,0.030839160084724426,,,,,,,rare_sharp_shift
scale_0.25,8192,False,torch.float32,1234,0.1,16,6,256,0.033340275287628174,0.029009521007537842,,,,,,,rare_sharp_shift
scale_0.25,8192,False,torch.float32,1234,0.1,16,7,256,0.03326861560344696,0.02927316725254059,,,,,,,rare_sharp_shift
scale_0.25,16384,False,torch.float32,1234,0.1,16,0,256,0.06840500235557556,0.08244430273771286,,,,,,,
scale_0.25,16384,False,torch.float32,1234,0.1,16,1,256,0.0640023797750473,0.07696004211902618,,,,,,,
scale_0.25,16384,False,torch.float32,1234,0.1,16,2,256,0.06217609718441963,0.07546143978834152,,,,,,,
scale_0.25,16384,False,torch.float32,1234,0.1,16,3,256,0.06370025128126144,0.07681021094322205,,,,,,,
scale_0.25,16384,False,torch.float32,1234,0.1,16,4,256,0.07174430042505264,0.08729612827301025,,,,,,,
scale_0.25,16384,False,torch.float32,1234,0.1,16,5,256,0.06292485445737839,0.07655344158411026,,,,,,,
scale_0.25,16384,False,torch.float32,1234,0.1,16,6,256,0.05879723280668259,0.0701659768819809,,,,,,,
scale_0.25,16384,False,torch.float32,1234,0.1,16,7,256,0.07689034938812256,0.09341636300086975,,,,,,,
scale_0.25,16384,False,torch.float32,1234,0.1,16,0,256,0.05674142390489578,0.06912949681282043,,,,,,,scale_0.25
scale_0.25,16384,False,torch.float32,1234,0.1,16,1,256,0.07345353066921234,0.08843329548835754,,,,,,,scale_0.25
scale_0.25,16384,False,torch.float32,1234,0.1,16,2,256,0.061992544680833817,0.0754595473408699,,,,,,,scale_0.25
scale_0.25,16384,False,torch.float32,1234,0.1,16,3,256,0.052051424980163574,0.06306519359350204,,,,,,,scale_0.25
scale_0.25,16384,False,torch.float32,1234,0.1,16,4,256,0.05790582299232483,0.06854049861431122,,,,,,,scale_0.25
scale_0.25,16384,False,torch.float32,1234,0.1,16,5,256,0.06544281542301178,0.08094547688961029,,,,,,,scale_0.25
scale_0.25,16384,False,torch.float32,1234,0.1,16,6,256,0.059809502214193344,0.07594896107912064,,,,,,,scale_0.25
scale_0.25,16384,False,torch.float32,1234,0.1,16,7,256,0.06194596737623215,0.07446382939815521,,,,,,,scale_0.25
scale_0.25,16384,False,torch.float32,1234,0.1,16,0,256,6.1175336837768555,13.9859037399292,,,,,,,scale_1.0
scale_0.25,16384,False,torch.float32,1234,0.1,16,1,256,5.486466407775879,11.697412490844727,,,,,,,scale_1.0
scale_0.25,16384,False,torch.float32,1234,0.1,16,2,256,5.710518836975098,13.893863677978516,,,,,,,scale_1.0
scale_0.25,16384,False,torch.float32,1234,0.1,16,3,256,4.792928695678711,9.553357124328613,,,,,,,scale_1.0
scale_0.25,16384,False,torch.float32,1234,0.1,16,4,256,5.503927230834961,11.81535530090332,,,,,,,scale_1.0
scale_0.25,16384,False,torch.float32,1234,0.1,16,5,256,6.258734703063965,15.137162208557129,,,,,,,scale_1.0
scale_0.25,16384,False,torch.float32,1234,0.1,16,6,256,6.918814659118652,17.137393951416016,,,,,,,scale_1.0
scale_0.25,16384,False,torch.float32,1234,0.1,16,7,256,6.855888366699219,17.4752254486084,,,,,,,scale_1.0
scale_0.25,16384,False,torch.float32,1234,0.1,16,0,256,0.03664793074131012,0.029100067913532257,,,,,,,rare_sharp_shift
scale_0.25,16384,False,torch.float32,1234,0.1,16,1,256,0.045522283762693405,0.03905636444687843,,,,,,,rare_sharp_shift
scale_0.25,16384,False,torch.float32,1234,0.1,16,2,256,0.03854331001639366,0.031003577634692192,,,,,,,rare_sharp_shift
scale_0.25,16384,False,torch.float32,1234,0.1,16,3,256,0.03519488871097565,0.027003038674592972,,,,,,,rare_sharp_shift
scale_0.25,16384,False,torch.float32,1234,0.1,16,4,256,0.037372224032878876,0.029246633872389793,,,,,,,rare_sharp_shift
scale_0.25,16384,False,torch.float32,1234,0.1,16,5,256,0.04141794145107269,0.03398066759109497,,,,,,,rare_sharp_shift
scale_0.25,16384,False,torch.float32,1234,0.1,16,6,256,0.037604741752147675,0.029964979737997055,,,,,,,rare_sharp_shift
scale_0.25,16384,False,torch.float32,1234,0.1,16,7,256,0.037668585777282715,0.029811279848217964,,,,,,,rare_sharp_shift
scale_0.25,32768,False,torch.float32,1234,0.1,16,0,256,0.05817689374089241,0.06820926070213318,,,,,,,
scale_0.25,32768,False,torch.float32,1234,0.1,16,1,256,0.05888710170984268,0.07121671736240387,,,,,,,
scale_0.25,32768,False,torch.float32,1234,0.1,16,2,256,0.0670173317193985,0.08039984852075577,,,,,,,
scale_0.25,32768,False,torch.float32,1234,0.1,16,3,256,0.0714724138379097,0.08431526273488998,,,,,,,
scale_0.25,32768,False,torch.float32,1234,0.1,16,4,256,0.06545500457286835,0.08159934729337692,,,,,,,
scale_0.25,32768,False,torch.float32,1234,0.1,16,5,256,0.058549851179122925,0.06990779936313629,,,,,,,
scale_0.25,32768,False,torch.float32,1234,0.1,16,6,256,0.06121846288442612,0.07279379665851593,,,,,,,
scale_0.25,32768,False,torch.float32,1234,0.1,16,7,256,0.05857951194047928,0.07164936512708664,,,,,,,
scale_0.25,32768,False,torch.float32,1234,0.1,16,0,256,0.07229483127593994,0.08940143138170242,,,,,,,scale_0.25
scale_0.25,32768,False,torch.float32,1234,0.1,16,1,256,0.05937185138463974,0.07166451960802078,,,,,,,scale_0.25
scale_0.25,32768,False,torch.float32,1234,0.1,16,2,256,0.06465945392847061,0.07797568291425705,,,,,,,scale_0.25
scale_0.25,32768,False,torch.float32,1234,0.1,16,3,256,0.06708763539791107,0.08157563209533691,,,,,,,scale_0.25
scale_0.25,32768,False,torch.float32,1234,0.1,16,4,256,0.06179019808769226,0.07477022707462311,,,,,,,scale_0.25
scale_0.25,32768,False,torch.float32,1234,0.1,16,5,256,0.06063584238290787,0.07274360209703445,,,,,,,scale_0.25
scale_0.25,32768,False,torch.float32,1234,0.1,16,6,256,0.06051189452409744,0.075315460562706,,,,,,,scale_0.25
scale_0.25,32768,False,torch.float32,1234,0.1,16,7,256,0.0624554306268692,0.07569986581802368,,,,,,,scale_0.25
scale_0.25,32768,False,torch.float32,1234,0.1,16,0,256,6.988046646118164,15.143876075744629,,,,,,,scale_1.0
scale_0.25,32768,False,torch.float32,1234,0.1,16,1,256,6.520966053009033,16.694427490234375,,,,,,,scale_1.0
scale_0.25,32768,False,torch.float32,1234,0.1,16,2,256,6.283934593200684,13.705155372619629,,,,,,,scale_1.0
scale_0.25,32768,False,torch.float32,1234,0.1,16,3,256,5.648349285125732,12.473166465759277,,,,,,,scale_1.0
scale_0.25,32768,False,torch.float32,1234,0.1,16,4,256,6.462324142456055,14.182384490966797,,,,,,,scale_1.0
scale_0.25,32768,False,torch.float32,1234,0.1,16,5,256,5.176610469818115,10.786202430725098,,,,,,,scale_1.0
scale_0.25,32768,False,torch.float32,1234,0.1,16,6,256,6.236199378967285,14.46230697631836,,,,,,,scale_1.0
scale_0.25,32768,False,torch.float32,1234,0.1,16,7,256,8.014730453491211,22.108549118041992,,,,,,,scale_1.0
scale_0.25,32768,False,torch.float32,1234,0.1,16,0,256,0.04011029750108719,0.037459418177604675,,,,,,,rare_sharp_shift
scale_0.25,32768,False,torch.float32,1234,0.1,16,1,256,0.03427859768271446,0.030366530641913414,,,,,,,rare_sharp_shift
scale_0.25,32768,False,torch.float32,1234,0.1,16,2,256,0.03846112638711929,0.03450024500489235,,,,,,,rare_sharp_shift
scale_0.25,32768,False,torch.float32,1234,0.1,16,3,256,0.03692663460969925,0.03354380279779434,,,,,,,rare_sharp_shift
scale_0.25,32768,False,torch.float32,1234,0.1,16,4,256,0.03490561619400978,0.03061719797551632,,,,,,,rare_sharp_shift
scale_0.25,32768,False,torch.float32,1234,0.1,16,5,256,0.03577665239572525,0.03209661319851875,,,,,,,rare_sharp_shift
scale_0.25,32768,False,torch.float32,1234,0.1,16,6,256,0.03305797278881073,0.029391691088676453,,,,,,,rare_sharp_shift
scale_0.25,32768,False,torch.float32,1234,0.1,16,7,256,0.03760932385921478,0.03475320711731911,,,,,,,rare_sharp_shift
scale_0.25,65536,False,torch.float32,1234,0.1,16,0,256,0.06076813116669655,0.07341194897890091,,,,,,,
scale_0.25,65536,False,torch.float32,1234,0.1,16,1,256,0.06190788373351097,0.07866407930850983,,,,,,,
scale_0.25,65536,False,torch.float32,1234,0.1,16,2,256,0.05588844418525696,0.069179467856884,,,,,,,
scale_0.25,65536,False,torch.float32,1234,0.1,16,3,256,0.06580944359302521,0.08008478581905365,,,,,,,
scale_0.25,65536,False,torch.float32,1234,0.1,16,4,256,0.054967522621154785,0.06749749183654785,,,,,,,
scale_0.25,65536,False,torch.float32,1234,0.1,16,5,256,0.057806454598903656,0.07110752165317535,,,,,,,
scale_0.25,65536,False,torch.float32,1234,0.1,16,6,256,0.06493563950061798,0.0787455141544342,,,,,,,
scale_0.25,65536,False,torch.float32,1234,0.1,16,7,256,0.06507718563079834,0.07854831218719482,,,,,,,
scale_0.25,65536,False,torch.float32,1234,0.1,16,0,256,0.045556679368019104,0.05651184916496277,,,,,,,scale_0.25
scale_0.25,65536,False,torch.float32,1234,0.1,16,1,256,0.05445044860243797,0.06580019742250443,,,,,,,scale_0.25
scale_0.25,65536,False,torch.float32,1234,0.1,16,2,256,0.06571873277425766,0.08067093789577484,,,,,,,scale_0.25
scale_0.25,65536,False,torch.float32,1234,0.1,16,3,256,0.06695787608623505,0.07915709912776947,,,,,,,scale_0.25
scale_0.25,65536,False,torch.float32,1234,0.1,16,4,256,0.07762496173381805,0.09161368012428284,,,,,,,scale_0.25
scale_0.25,65536,False,torch.float32,1234,0.1,16,5,256,0.05378865450620651,0.06654239445924759,,,,,,,scale_0.25
scale_0.25,65536,False,torch.float32,1234,0.1,16,6,256,0.05702052265405655,0.0693289190530777,,,,,,,scale_0.25
scale_0.25,65536,False,torch.float32,1234,0.1,16,7,256,0.06444528698921204,0.07928642630577087,,,,,,,scale_0.25
scale_0.25,65536,False,torch.float32,1234,0.1,16,0,256,5.926043510437012,13.06493091583252,,,,,,,scale_1.0
scale_0.25,65536,False,torch.float32,1234,0.1,16,1,256,6.536771297454834,15.259954452514648,,,,,,,scale_1.0
scale_0.25,65536,False,torch.float32,1234,0.1,16,2,256,6.682078838348389,15.181217193603516,,,,,,,scale_1.0
scale_0.25,65536,False,torch.float32,1234,0.1,16,3,256,7.991551399230957,18.422861099243164,,,,,,,scale_1.0
scale_0.25,65536,False,torch.float32,1234,0.1,16,4,256,8.055519104003906,20.84825897216797,,,,,,,scale_1.0
scale_0.25,65536,False,torch.float32,1234,0.1,16,5,256,6.766820907592773,14.018831253051758,,,,,,,scale_1.0
scale_0.25,65536,False,torch.float32,1234,0.1,16,6,256,5.686628341674805,11.36294174194336,,,,,,,scale_1.0
scale_0.25,65536,False,torch.float32,1234,0.1,16,7,256,6.470043182373047,14.321349143981934,,,,,,,scale_1.0
scale_0.25,65536,False,torch.float32,1234,0.1,16,0,256,0.019817877560853958,0.022838205099105835,,,,,,,rare_sharp_shift
scale_0.25,65536,False,torch.float32,1234,0.1,16,1,256,0.02450508624315262,0.027401139959692955,,,,,,,rare_sharp_shift
scale_0.25,65536,False,torch.float32,1234,0.1,16,2,256,0.02898336574435234,0.03273293748497963,,,,,,,rare_sharp_shift
scale_0.25,65536,False,torch.float32,1234,0.1,16,3,256,0.031497012823820114,0.03550007939338684,,,,,,,rare_sharp_shift
scale_0.25,65536,False,torch.float32,1234,0.1,16,4,256,0.03617151826620102,0.040160730481147766,,,,,,,rare_sharp_shift
scale_0.25,65536,False,torch.float32,1234,0.1,16,5,256,0.02336076833307743,0.026468615978956223,,,,,,,rare_sharp_shift
scale_0.25,65536,False,torch.float32,1234,0.1,16,6,256,0.025256354361772537,0.0289828609675169,,,,,,,rare_sharp_shift
scale_0.25,65536,False,torch.float32,1234,0.1,16,7,256,0.030009150505065918,0.03414969891309738,,,,,,,rare_sharp_shift
scale_0.25,512,True,torch.float16,1234,0.1,16,0,256,0.06233185529708862,0.0774596780538559,,,,,,,
scale_0.25,512,True,torch.float16,1234,0.1,16,1,256,0.05453960597515106,0.06880268454551697,,,,,,,
scale_0.25,512,True,torch.float16,1234,0.1,16,2,256,0.06731210649013519,0.08217929303646088,,,,,,,
scale_0.25,512,True,torch.float16,1234,0.1,16,3,256,0.05325034633278847,0.06944704055786133,,,,,,,
scale_0.25,512,True,torch.float16,1234,0.1,16,4,256,0.05937114730477333,0.07524362206459045,,,,,,,
scale_0.25,512,True,torch.float16,1234,0.1,16,5,256,0.055896010249853134,0.07141607999801636,,,,,,,
scale_0.25,512,True,torch.float16,1234,0.1,16,6,256,0.06512382626533508,0.08818309009075165,,,,,,,
scale_0.25,512,True,torch.float16,1234,0.1,16,7,256,0.07172036170959473,0.08832504600286484,,,,,,,
scale_0.25,512,True,torch.float16,1234,0.1,16,0,256,,,all_query_rows,0.06212461367249489,0.07755400240421295,0.10319183021783829,2,0,
scale_0.25,512,True,torch.float16,1234,0.1,16,1,256,,,all_query_rows,0.05412930250167847,0.06842158734798431,0.0878157764673233,0,0,
scale_0.25,512,True,torch.float16,1234,0.1,16,2,256,,,all_query_rows,0.06801046431064606,0.08449988812208176,0.10044769942760468,1,0,
scale_0.25,512,True,torch.float16,1234,0.1,16,3,256,,,all_query_rows,0.052683889865875244,0.06596469134092331,0.10010208189487457,1,0,
scale_0.25,512,True,torch.float16,1234,0.1,16,4,256,,,all_query_rows,0.05935226380825043,0.07650139927864075,0.11148899793624878,1,0,
scale_0.25,512,True,torch.float16,1234,0.1,16,5,256,,,all_query_rows,0.05570392683148384,0.07179801911115646,0.11924301087856293,1,0,
scale_0.25,512,True,torch.float16,1234,0.1,16,6,256,,,all_query_rows,0.0645844042301178,0.08726644515991211,0.11433841288089752,4,0,
scale_0.25,512,True,torch.float16,1234,0.1,16,7,256,,,all_query_rows,0.07158017158508301,0.08836642652750015,0.11942940205335617,4,0,
scale_0.25,512,True,torch.float16,1234,0.1,16,0,256,0.06931009143590927,0.08675587922334671,,,,,,,scale_0.25
scale_0.25,512,True,torch.float16,1234,0.1,16,1,256,0.06809663772583008,0.08958813548088074,,,,,,,scale_0.25
scale_0.25,512,True,torch.float16,1234,0.1,16,2,256,0.0590742751955986,0.07399502396583557,,,,,,,scale_0.25
scale_0.25,512,True,torch.float16,1234,0.1,16,3,256,0.07029316574335098,0.08937757462263107,,,,,,,scale_0.25
scale_0.25,512,True,torch.float16,1234,0.1,16,4,256,0.05707617476582527,0.07158057391643524,,,,,,,scale_0.25
scale_0.25,512,True,torch.float16,1234,0.1,16,5,256,0.05716761201620102,0.07278279215097427,,,,,,,scale_0.25
scale_0.25,512,True,torch.float16,1234,0.1,16,6,256,0.059244874864816666,0.0777617022395134,,,,,,,scale_0.25
scale_0.25,512,True,torch.float16,1234,0.1,16,7,256,0.0716233104467392,0.0927271768450737,,,,,,,scale_0.25
scale_0.25,512,True,torch.float16,1234,0.1,16,0,256,2.2737367153167725,4.92522668838501,,,,,,,scale_1.0
scale_0.25,512,True,torch.float16,1234,0.1,16,1,256,2.5024161338806152,6.205775260925293,,,,,,,scale_1.0
scale_0.25,512,True,torch.float16,1234,0.1,16,2,256,2.8453190326690674,7.774017333984375,,,,,,,scale_1.0
scale_0.25,512,True,torch.float16,1234,0.1,16,3,256,2.3552145957946777,4.481048583984375,,,,,,,scale_1.0
scale_0.25,512,True,torch.float16,1234,0.1,16,4,256,2.31545352935791,5.128859519958496,,,,,,,scale_1.0
scale_0.25,512,True,torch.float16,1234,0.1,16,5,256,2.400003671646118,5.082828998565674,,,,,,,scale_1.0
scale_0.25,512,True,torch.float16,1234,0.1,16,6,256,2.3643879890441895,5.125461578369141,,,,,,,scale_1.0
scale_0.25,512,True,torch.float16,1234,0.1,16,7,256,2.2825348377227783,4.877115249633789,,,,,,,scale_1.0
scale_0.25,512,True,torch.float16,1234,0.1,16,0,256,0.04601016640663147,0.03788360208272934,,,,,,,rare_sharp_shift
scale_0.25,512,True,torch.float16,1234,0.1,16,1,256,0.04650146886706352,0.04103625565767288,,,,,,,rare_sharp_shift
scale_0.25,512,True,torch.float16,1234,0.1,16,2,256,0.0408785417675972,0.03243167698383331,,,,,,,rare_sharp_shift
scale_0.25,512,True,torch.float16,1234,0.1,16,3,256,0.04697103425860405,0.04031158983707428,,,,,,,rare_sharp_shift
scale_0.25,512,True,torch.float16,1234,0.1,16,4,256,0.040820613503456116,0.031564563512802124,,,,,,,rare_sharp_shift
scale_0.25,512,True,torch.float16,1234,0.1,16,5,256,0.04039867967367172,0.032235175371170044,,,,,,,rare_sharp_shift
scale_0.25,512,True,torch.float16,1234,0.1,16,6,256,0.04024706780910492,0.03125540539622307,,,,,,,rare_sharp_shift
scale_0.25,512,True,torch.float16,1234,0.1,16,7,256,0.04777191951870918,0.04240317642688751,,,,,,,rare_sharp_shift
scale_0.25,1024,True,torch.float16,1234,0.1,16,0,256,0.06111416965723038,0.07441148161888123,,,,,,,
scale_0.25,1024,True,torch.float16,1234,0.1,16,1,256,0.06125911325216293,0.07776457071304321,,,,,,,
scale_0.25,1024,True,torch.float16,1234,0.1,16,2,256,0.05676230788230896,0.0743924230337143,,,,,,,
scale_0.25,1024,True,torch.float16,1234,0.1,16,3,256,0.07053349912166595,0.08943765610456467,,,,,,,
scale_0.25,1024,True,torch.float16,1234,0.1,16,4,256,0.057019736617803574,0.07885585725307465,,,,,,,
scale_0.25,1024,True,torch.float16,1234,0.1,16,5,64,0.11316212266683578,0.1509937047958374,,,,,,,
scale_0.25,1024,True,torch.float16,1234,0.1,16,6,256,0.05977374687790871,0.07747365534305573,,,,,,,
scale_0.25,1024,True,torch.float16,1234,0.1,16,7,256,0.06008266657590866,0.07405955344438553,,,,,,,
scale_0.25,1024,True,torch.float16,1234,0.1,16,0,256,,,all_query_rows,0.0614875927567482,0.07580341398715973,0.10397882759571075,1,0,
scale_0.25,1024,True,torch.float16,1234,0.1,16,1,256,,,all_query_rows,0.06101448833942413,0.08003216981887817,0.10590323805809021,1,0,
scale_0.25,1024,True,torch.float16,1234,0.1,16,2,256,,,all_query_rows,0.056044965982437134,0.07420916110277176,0.09930533170700073,0,0,
scale_0.25,1024,True,torch.float16,1234,0.1,16,3,256,,,all_query_rows,0.07090108096599579,0.08925556391477585,0.1207289844751358,11,0,
scale_0.25,1024,True,torch.float16,1234,0.1,16,4,256,,,all_query_rows,0.05736803263425827,0.07741915434598923,0.10904012620449066,5,0,
scale_0.25,1024,True,torch.float16,1234,0.1,16,5,64,,,all_query_rows,0.11249413341283798,0.14465947449207306,0.19700534641742706,790,0,
scale_0.25,1024,True,torch.float16,1234,0.1,16,6,256,,,all_query_rows,0.059779271483421326,0.07894091308116913,0.10247611254453659,3,0,
scale_0.25,1024,True,torch.float16,1234,0.1,16,7,256,,,all_query_rows,0.060462623834609985,0.07421229779720306,0.119239442050457,2,0,
scale_0.25,1024,True,torch.float16,1234,0.1,16,0,256,0.058458514511585236,0.07283592224121094,,,,,,,scale_0.25
scale_0.25,1024,True,torch.float16,1234,0.1,16,1,256,0.061214838176965714,0.07629549503326416,,,,,,,scale_0.25
scale_0.25,1024,True,torch.float16,1234,0.1,16,2,256,0.05925249308347702,0.07781480997800827,,,,,,,scale_0.25
scale_0.25,1024,True,torch.float16,1234,0.1,16,3,256,0.060538001358509064,0.07318184524774551,,,,,,,scale_0.25
scale_0.25,1024,True,torch.float16,1234,0.1,16,4,256,0.0666826143860817,0.08252169191837311,,,,,,,scale_0.25
scale_0.25,1024,True,torch.float16,1234,0.1,16,5,64,0.1225971132516861,0.15902233123779297,,,,,,,scale_0.25
scale_0.25,1024,True,torch.float16,1234,0.1,16,6,256,0.06151239946484566,0.07832242548465729,,,,,,,scale_0.25
scale_0.25,1024,True,torch.float16,1234,0.1,16,7,256,0.06992650032043457,0.08765209466218948,,,,,,,scale_0.25
scale_0.25,1024,True,torch.float16,1234,0.1,16,0,256,3.237295389175415,7.462988376617432,,,,,,,scale_1.0
scale_0.25,1024,True,torch.float16,1234,0.1,16,1,256,2.7981228828430176,6.464132308959961,,,,,,,scale_1.0
scale_0.25,1024,True,torch.float16,1234,0.1,16,2,256,2.7241523265838623,6.71054744720459,,,,,,,scale_1.0
scale_0.25,1024,True,torch.float16,1234,0.1,16,3,256,3.9785895347595215,10.428759574890137,,,,,,,scale_1.0
scale_0.25,1024,True,torch.float16,1234,0.1,16,4,256,3.340282917022705,9.14625358581543,,,,,,,scale_1.0
scale_0.25,1024,True,torch.float16,1234,0.1,16,5,64,2.604243755340576,5.023075103759766,,,,,,,scale_1.0
scale_0.25,1024,True,torch.float16,1234,0.1,16,6,256,2.881096124649048,6.11857271194458,,,,,,,scale_1.0
scale_0.25,1024,True,torch.float16,1234,0.1,16,7,256,2.6323981285095215,5.496919631958008,,,,,,,scale_1.0
scale_0.25,1024,True,torch.float16,1234,0.1,16,0,256,0.03669560328125954,0.030683381482958794,,,,,,,rare_sharp_shift
scale_0.25,1024,True,torch.float16,1234,0.1,16,1,256,0.03780330717563629,0.03144926577806473,,,,,,,rare_sharp_shift
scale_0.25,1024,True,torch.float16,1234,0.1,16,2,256,0.03746481239795685,0.03340291976928711,,,,,,,rare_sharp_shift
scale_0.25,1024,True,torch.float16,1234,0.1,16,3,256,0.03866695612668991,0.03134622424840927,,,,,,,rare_sharp_shift
scale_0.25,1024,True,torch.float16,1234,0.1,16,4,256,0.041584886610507965,0.03595922142267227,,,,,,,rare_sharp_shift
scale_0.25,1024,True,torch.float16,1234,0.1,16,5,64,0.06851697713136673,0.06972385197877884,,,,,,,rare_sharp_shift
scale_0.25,1024,True,torch.float16,1234,0.1,16,6,256,0.03798946738243103,0.03209342062473297,,,,,,,rare_sharp_shift
scale_0.25,1024,True,torch.float16,1234,0.1,16,7,256,0.04217477887868881,0.03737899661064148,,,,,,,rare_sharp_shift
scale_0.25,2048,True,torch.float16,1234,0.1,16,0,256,0.06421996653079987,0.07810741662979126,,,,,,,
scale_0.25,2048,True,torch.float16,1234,0.1,16,1,256,0.059393126517534256,0.07797793298959732,,,,,,,
scale_0.25,2048,True,torch.float16,1234,0.1,16,2,256,0.06706146895885468,0.08356209844350815,,,,,,,
scale_0.25,2048,True,torch.float16,1234,0.1,16,3,256,0.05787463113665581,0.07231651991605759,,,,,,,
scale_0.25,2048,True,torch.float16,1234,0.1,16,4,256,0.061683427542448044,0.07685911655426025,,,,,,,
scale_0.25,2048,True,torch.float16,1234,0.1,16,5,256,0.07041959464550018,0.09015068411827087,,,,,,,
scale_0.25,2048,True,torch.float16,1234,0.1,16,6,256,0.05899174138903618,0.07725518941879272,,,,,,,
scale_0.25,2048,True,torch.float16,1234,0.1,16,7,256,0.05911737680435181,0.07824894040822983,,,,,,,
scale_0.25,2048,True,torch.float16,1234,0.1,16,0,256,,,all_query_rows,0.06450539082288742,0.07995270192623138,0.1351795643568039,3,0,
scale_0.25,2048,True,torch.float16,1234,0.1,16,1,256,,,all_query_rows,0.058398231863975525,0.07622036337852478,0.10569793730974197,3,0,
scale_0.25,2048,True,torch.float16,1234,0.1,16,2,256,,,all_query_rows,0.06738846749067307,0.08459889143705368,0.1654403954744339,10,0,
scale_0.25,2048,True,torch.float16,1234,0.1,16,3,256,,,all_query_rows,0.05736834555864334,0.07112787663936615,0.13546088337898254,4,0,
scale_0.25,2048,True,torch.float16,1234,0.1,16,4,256,,,all_query_rows,0.06077692657709122,0.07500292360782623,0.12767231464385986,2,0,
scale_0.25,2048,True,torch.float16,1234,0.1,16,5,256,,,all_query_rows,0.06963835656642914,0.090927354991436,0.12742851674556732,28,0,
scale_0.25,2048,True,torch.float16,1234,0.1,16,6,256,,,all_query_rows,0.05844416469335556,0.07692418992519379,0.11202721297740936,2,0,
scale_0.25,2048,True,torch.float16,1234,0.1,16,7,256,,,all_query_rows,0.058927811682224274,0.07631676644086838,0.12479951977729797,7,0,
scale_0.25,2048,True,torch.float16,1234,0.1,16,0,256,0.06124868988990784,0.07777129113674164,,,,,,,scale_0.25
scale_0.25,2048,True,torch.float16,1234,0.1,16,1,256,0.0645841434597969,0.08304567635059357,,,,,,,scale_0.25
scale_0.25,2048,True,torch.float16,1234,0.1,16,2,256,0.05996086448431015,0.07404761761426926,,,,,,,scale_0.25
scale_0.25,2048,True,torch.float16,1234,0.1,16,3,256,0.06985247135162354,0.08449049293994904,,,,,,,scale_0.25
scale_0.25,2048,True,torch.float16,1234,0.1,16,4,256,0.06704039126634598,0.08119386434555054,,,,,,,scale_0.25
scale_0.25,2048,True,torch.float16,1234,0.1,16,5,256,0.06148375943303108,0.07870316505432129,,,,,,,scale_0.25
scale_0.25,2048,True,torch.float16,1234,0.1,16,6,256,0.06755943596363068,0.082232266664505,,,,,,,scale_0.25
scale_0.25,2048,True,torch.float16,1234,0.1,16,7,256,0.06860366463661194,0.08521909266710281,,,,,,,scale_0.25
scale_0.25,2048,True,torch.float16,1234,0.1,16,0,256,3.3091585636138916,7.879739761352539,,,,,,,scale_1.0
scale_0.25,2048,True,torch.float16,1234,0.1,16,1,256,3.2574381828308105,7.530445098876953,,,,,,,scale_1.0
scale_0.25,2048,True,torch.float16,1234,0.1,16,2,256,3.2551801204681396,7.52897834777832,,,,,,,scale_1.0
scale_0.25,2048,True,torch.float16,1234,0.1,16,3,256,2.9447169303894043,6.0855712890625,,,,,,,scale_1.0
scale_0.25,2048,True,torch.float16,1234,0.1,16,4,256,3.475565195083618,8.226072311401367,,,,,,,scale_1.0
scale_0.25,2048,True,torch.float16,1234,0.1,16,5,256,3.4998083114624023,7.716253280639648,,,,,,,scale_1.0
scale_0.25,2048,True,torch.float16,1234,0.1,16,6,256,3.0834035873413086,7.282942771911621,,,,,,,scale_1.0
scale_0.25,2048,True,torch.float16,1234,0.1,16,7,256,3.3954739570617676,6.996962547302246,,,,,,,scale_1.0
scale_0.25,2048,True,torch.float16,1234,0.1,16,0,256,0.03111913800239563,0.033052317798137665,,,,,,,rare_sharp_shift
scale_0.25,2048,True,torch.float16,1234,0.1,16,1,256,0.03315281495451927,0.0379120409488678,,,,,,,rare_sharp_shift
scale_0.25,2048,True,torch.float16,1234,0.1,16,2,256,0.030675888061523438,0.031117407605051994,,,,,,,rare_sharp_shift
scale_0.25,2048,True,torch.float16,1234,0.1,16,3,256,0.036177124828100204,0.03780972585082054,,,,,,,rare_sharp_shift
scale_0.25,2048,True,torch.float16,1234,0.1,16,4,256,0.034579917788505554,0.03650548309087753,,,,,,,rare_sharp_shift
scale_0.25,2048,True,torch.float16,1234,0.1,16,5,256,0.03204473853111267,0.03382279351353645,,,,,,,rare_sharp_shift
scale_0.25,2048,True,torch.float16,1234,0.1,16,6,256,0.03419658541679382,0.035195767879486084,,,,,,,rare_sharp_shift
scale_0.25,2048,True,torch.float16,1234,0.1,16,7,256,0.03487192466855049,0.03632056713104248,,,,,,,rare_sharp_shift
scale_0.25,4096,True,torch.float16,1234,0.1,16,0,256,0.05956777185201645,0.07432307302951813,,,,,,,
scale_0.25,4096,True,torch.float16,1234,0.1,16,1,256,0.0635586678981781,0.0781300961971283,,,,,,,
scale_0.25,4096,True,torch.float16,1234,0.1,16,2,256,0.06062386557459831,0.07405848056077957,,,,,,,
scale_0.25,4096,True,torch.float16,1234,0.1,16,3,256,0.05847477540373802,0.07215595990419388,,,,,,,
scale_0.25,4096,True,torch.float16,1234,0.1,16,4,256,0.061659734696149826,0.07704856991767883,,,,,,,
scale_0.25,4096,True,torch.float16,1234,0.1,16,5,256,0.05723170191049576,0.07001298666000366,,,,,,,
scale_0.25,4096,True,torch.float16,1234,0.1,16,6,256,0.0643283873796463,0.07924627512693405,,,,,,,
scale_0.25,4096,True,torch.float16,1234,0.1,16,7,256,0.06342817097902298,0.08002570271492004,,,,,,,
scale_0.25,4096,True,torch.float16,1234,0.1,16,0,256,,,all_query_rows,0.05962054431438446,0.0741359069943428,0.12452442198991776,3,0,
scale_0.25,4096,True,torch.float16,1234,0.1,16,1,256,,,all_query_rows,0.0639960840344429,0.07936999201774597,0.12264035642147064,11,0,
scale_0.25,4096,True,torch.float16,1234,0.1,16,2,256,,,all_query_rows,0.060185715556144714,0.0737106055021286,0.1058933436870575,4,0,
scale_0.25,4096,True,torch.float16,1234,0.1,16,3,256,,,all_query_rows,0.05874687433242798,0.07322148978710175,0.10782435536384583,5,0,
scale_0.25,4096,True,torch.float16,1234,0.1,16,4,256,,,all_query_rows,0.06246913969516754,0.07709665596485138,0.11536208540201187,2,0,
scale_0.25,4096,True,torch.float16,1234,0.1,16,5,256,,,all_query_rows,0.05722849816083908,0.07060384005308151,0.09877657145261765,0,0,
scale_0.25,4096,True,torch.float16,1234,0.1,16,6,256,,,all_query_rows,0.06417100876569748,0.08269284665584564,0.11524469405412674,12,0,
scale_0.25,4096,True,torch.float16,1234,0.1,16,7,256,,,all_query_rows,0.06335653364658356,0.07856134325265884,0.1300860494375229,7,0,
scale_0.25,4096,True,torch.float16,1234,0.1,16,0,256,0.057306718081235886,0.0708678662776947,,,,,,,scale_0.25
scale_0.25,4096,True,torch.float16,1234,0.1,16,1,256,0.05841793119907379,0.07276909053325653,,,,,,,scale_0.25
scale_0.25,4096,True,torch.float16,1234,0.1,16,2,256,0.06367671489715576,0.080811507999897,,,,,,,scale_0.25
scale_0.25,4096,True,torch.float16,1234,0.1,16,3,256,0.06627136468887329,0.0826379731297493,,,,,,,scale_0.25
scale_0.25,4096,True,torch.float16,1234,0.1,16,4,256,0.06192382425069809,0.07822270691394806,,,,,,,scale_0.25
scale_0.25,4096,True,torch.float16,1234,0.1,16,5,256,0.05041977018117905,0.06493853032588959,,,,,,,scale_0.25
scale_0.25,4096,True,torch.float16,1234,0.1,16,6,256,0.057929910719394684,0.0714561715722084,,,,,,,scale_0.25
scale_0.25,4096,True,torch.float16,1234,0.1,16,7,256,0.06390438973903656,0.07979384064674377,,,,,,,scale_0.25
scale_0.25,4096,True,torch.float16,1234,0.1,16,0,256,3.9140920639038086,9.898577690124512,,,,,,,scale_1.0
scale_0.25,4096,True,torch.float16,1234,0.1,16,1,256,3.449291706085205,7.273012161254883,,,,,,,scale_1.0
scale_0.25,4096,True,torch.float16,1234,0.1,16,2,256,3.826798439025879,9.172967910766602,,,,,,,scale_1.0
scale_0.25,4096,True,torch.float16,1234,0.1,16,3,256,4.330677509307861,11.62458610534668,,,,,,,scale_1.0
scale_0.25,4096,True,torch.float16,1234,0.1,16,4,256,3.262324810028076,6.987316131591797,,,,,,,scale_1.0
scale_0.25,4096,True,torch.float16,1234,0.1,16,5,256,3.801070213317871,9.185707092285156,,,,,,,scale_1.0
scale_0.25,4096,True,torch.float16,1234,0.1,16,6,256,4.359455108642578,10.651907920837402,,,,,,,scale_1.0
scale_0.25,4096,True,torch.float16,1234,0.1,16,7,256,4.387707233428955,11.10910415649414,,,,,,,scale_1.0
scale_0.25,4096,True,torch.float16,1234,0.1,16,0,256,0.04504361003637314,0.031443946063518524,,,,,,,rare_sharp_shift
scale_0.25,4096,True,torch.float16,1234,0.1,16,1,256,0.04480239748954773,0.03211347758769989,,,,,,,rare_sharp_shift
scale_0.25,4096,True,torch.float16,1234,0.1,16,2,256,0.047280892729759216,0.034628238528966904,,,,,,,rare_sharp_shift
scale_0.25,4096,True,torch.float16,1234,0.1,16,3,256,0.049267351627349854,0.03811024874448776,,,,,,,rare_sharp_shift
scale_0.25,4096,True,torch.float16,1234,0.1,16,4,256,0.04694502055644989,0.034236714243888855,,,,,,,rare_sharp_shift
scale_0.25,4096,True,torch.float16,1234,0.1,16,5,256,0.04178836941719055,0.0294178519397974,,,,,,,rare_sharp_shift
scale_0.25,4096,True,torch.float16,1234,0.1,16,6,256,0.04499109834432602,0.03048064187169075,,,,,,,rare_sharp_shift
scale_0.25,4096,True,torch.float16,1234,0.1,16,7,256,0.047976937144994736,0.03533049672842026,,,,,,,rare_sharp_shift
scale_0.25,8192,True,torch.float16,1234,0.1,16,0,256,0.06632674485445023,0.08173993974924088,,,,,,,
scale_0.25,8192,True,torch.float16,1234,0.1,16,1,256,0.06378557533025742,0.08151164650917053,,,,,,,
scale_0.25,8192,True,torch.float16,1234,0.1,16,2,256,0.06649402529001236,0.08515863865613937,,,,,,,
scale_0.25,8192,True,torch.float16,1234,0.1,16,3,256,0.062077149748802185,0.0763593316078186,,,,,,,
scale_0.25,8192,True,torch.float16,1234,0.1,16,4,256,0.059764742851257324,0.07352705299854279,,,,,,,
scale_0.25,8192,True,torch.float16,1234,0.1,16,5,256,0.06126132607460022,0.07467984408140182,,,,,,,
scale_0.25,8192,True,torch.float16,1234,0.1,16,6,256,0.06084158271551132,0.07567667216062546,,,,,,,
scale_0.25,8192,True,torch.float16,1234,0.1,16,7,256,0.06460011750459671,0.07883232831954956,,,,,,,
scale_0.25,8192,True,torch.float16,1234,0.1,16,0,256,0.06284013390541077,0.08087419718503952,,,,,,,scale_0.25
scale_0.25,8192,True,torch.float16,1234,0.1,16,1,256,0.05826220288872719,0.07241864502429962,,,,,,,scale_0.25
scale_0.25,8192,True,torch.float16,1234,0.1,16,2,256,0.07191053032875061,0.0899890884757042,,,,,,,scale_0.25
scale_0.25,8192,True,torch.float16,1234,0.1,16,3,256,0.06343954801559448,0.07776614278554916,,,,,,,scale_0.25
scale_0.25,8192,True,torch.float16,1234,0.1,16,4,256,0.06689131259918213,0.08486714959144592,,,,,,,scale_0.25
scale_0.25,8192,True,torch.float16,1234,0.1,16,5,256,0.06270424276590347,0.07818129658699036,,,,,,,scale_0.25
scale_0.25,8192,True,torch.float16,1234,0.1,16,6,256,0.059700559824705124,0.0734209194779396,,,,,,,scale_0.25
scale_0.25,8192,True,torch.float16,1234,0.1,16,7,256,0.06277620047330856,0.07798677682876587,,,,,,,scale_0.25
scale_0.25,8192,True,torch.float16,1234,0.1,16,0,256,4.959011077880859,11.281415939331055,,,,,,,scale_1.0
scale_0.25,8192,True,torch.float16,1234,0.1,16,1,256,4.559549808502197,11.34411907196045,,,,,,,scale_1.0
scale_0.25,8192,True,torch.float16,1234,0.1,16,2,256,4.06794548034668,10.135566711425781,,,,,,,scale_1.0
scale_0.25,8192,True,torch.float16,1234,0.1,16,3,256,4.197451591491699,9.076288223266602,,,,,,,scale_1.0
scale_0.25,8192,True,torch.float16,1234,0.1,16,4,256,4.505263805389404,10.970861434936523,,,,,,,scale_1.0
scale_0.25,8192,True,torch.float16,1234,0.1,16,5,256,4.413266181945801,11.39256477355957,,,,,,,scale_1.0
scale_0.25,8192,True,torch.float16,1234,0.1,16,6,256,4.018613815307617,8.084555625915527,,,,,,,scale_1.0
scale_0.25,8192,True,torch.float16,1234,0.1,16,7,256,4.225510120391846,9.664201736450195,,,,,,,scale_1.0
scale_0.25,8192,True,torch.float16,1234,0.1,16,0,256,0.036494508385658264,0.034912772476673126,,,,,,,rare_sharp_shift
scale_0.25,8192,True,torch.float16,1234,0.1,16,1,256,0.03347817435860634,0.030984017997980118,,,,,,,rare_sharp_shift
scale_0.25,8192,True,torch.float16,1234,0.1,16,2,256,0.03904997557401657,0.03688165545463562,,,,,,,rare_sharp_shift
scale_0.25,8192,True,torch.float16,1234,0.1,16,3,256,0.03682585805654526,0.03494482859969139,,,,,,,rare_sharp_shift
scale_0.25,8192,True,torch.float16,1234,0.1,16,4,256,0.036855582147836685,0.03522590920329094,,,,,,,rare_sharp_shift
scale_0.25,8192,True,torch.float16,1234,0.1,16,5,256,0.03708740696310997,0.03513708710670471,,,,,,,rare_sharp_shift
scale_0.25,8192,True,torch.float16,1234,0.1,16,6,256,0.03435255587100983,0.03089350461959839,,,,,,,rare_sharp_shift
scale_0.25,8192,True,torch.float16,1234,0.1,16,7,256,0.03613056242465973,0.034206412732601166,,,,,,,rare_sharp_shift
scale_0.25,16384,True,torch.float16,1234,0.1,16,0,256,0.06493808329105377,0.0797758400440216,,,,,,,
scale_0.25,16384,True,torch.float16,1234,0.1,16,1,256,0.06688329577445984,0.08051662147045135,,,,,,,
scale_0.25,16384,True,torch.float16,1234,0.1,16,2,256,0.06378164142370224,0.07871226221323013,,,,,,,
scale_0.25,16384,True,torch.float16,1234,0.1,16,3,256,0.06004270911216736,0.07367704063653946,,,,,,,
scale_0.25,16384,True,torch.float16,1234,0.1,16,4,256,0.07150404900312424,0.09087894856929779,,,,,,,
scale_0.25,16384,True,torch.float16,1234,0.1,16,5,256,0.0680411159992218,0.08766017854213715,,,,,,,
scale_0.25,16384,True,torch.float16,1234,0.1,16,6,256,0.05990669131278992,0.07207359373569489,,,,,,,
scale_0.25,16384,True,torch.float16,1234,0.1,16,7,256,0.07334956526756287,0.09355609118938446,,,,,,,
scale_0.25,16384,True,torch.float16,1234,0.1,16,0,256,0.06548760831356049,0.0814276710152626,,,,,,,scale_0.25
scale_0.25,16384,True,torch.float16,1234,0.1,16,1,256,0.0667596384882927,0.0830330178141594,,,,,,,scale_0.25
scale_0.25,16384,True,torch.float16,1234,0.1,16,2,256,0.05956650152802467,0.07442033290863037,,,,,,,scale_0.25
scale_0.25,16384,True,torch.float16,1234,0.1,16,3,256,0.0594986192882061,0.0733814686536789,,,,,,,scale_0.25
scale_0.25,16384,True,torch.float16,1234,0.1,16,4,256,0.05520356819033623,0.06823836266994476,,,,,,,scale_0.25
scale_0.25,16384,True,torch.float16,1234,0.1,16,5,256,0.06042160838842392,0.07401783764362335,,,,,,,scale_0.25
scale_0.25,16384,True,torch.float16,1234,0.1,16,6,256,0.07335847616195679,0.09424781799316406,,,,,,,scale_0.25
scale_0.25,16384,True,torch.float16,1234,0.1,16,7,256,0.06601938605308533,0.08145778626203537,,,,,,,scale_0.25
scale_0.25,16384,True,torch.float16,1234,0.1,16,0,256,5.457311153411865,12.952512741088867,,,,,,,scale_1.0
scale_0.25,16384,True,torch.float16,1234,0.1,16,1,256,4.0484724044799805,8.236109733581543,,,,,,,scale_1.0
scale_0.25,16384,True,torch.float16,1234,0.1,16,2,256,4.708808422088623,11.076064109802246,,,,,,,scale_1.0
scale_0.25,16384,True,torch.float16,1234,0.1,16,3,256,4.767597675323486,11.022106170654297,,,,,,,scale_1.0
scale_0.25,16384,True,torch.float16,1234,0.1,16,4,256,5.049123764038086,12.145811080932617,,,,,,,scale_1.0
scale_0.25,16384,True,torch.float16,1234,0.1,16,5,256,5.422715187072754,14.431485176086426,,,,,,,scale_1.0
scale_0.25,16384,True,torch.float16,1234,0.1,16,6,256,4.793454170227051,10.897066116333008,,,,,,,scale_1.0
scale_0.25,16384,True,torch.float16,1234,0.1,16,7,256,5.9200544357299805,15.720966339111328,,,,,,,scale_1.0
scale_0.25,16384,True,torch.float16,1234,0.1,16,0,256,0.041104212403297424,0.03600316494703293,,,,,,,rare_sharp_shift
scale_0.25,16384,True,torch.float16,1234,0.1,16,1,256,0.0416288897395134,0.036891236901283264,,,,,,,rare_sharp_shift
scale_0.25,16384,True,torch.float16,1234,0.1,16,2,256,0.03744492307305336,0.03156767413020134,,,,,,,rare_sharp_shift
scale_0.25,16384,True,torch.float16,1234,0.1,16,3,256,0.038483452051877975,0.031798843294382095,,,,,,,rare_sharp_shift
scale_0.25,16384,True,torch.float16,1234,0.1,16,4,256,0.03622407093644142,0.029445117339491844,,,,,,,rare_sharp_shift
scale_0.25,16384,True,torch.float16,1234,0.1,16,5,256,0.03772560879588127,0.03061484917998314,,,,,,,rare_sharp_shift
scale_0.25,16384,True,torch.float16,1234,0.1,16,6,256,0.04489797353744507,0.04238973930478096,,,,,,,rare_sharp_shift
scale_0.25,16384,True,torch.float16,1234,0.1,16,7,256,0.040749743580818176,0.03548536077141762,,,,,,,rare_sharp_shift
scale_0.25,32768,True,torch.float16,1234,0.1,16,0,256,0.06071089580655098,0.07436933368444443,,,,,,,
scale_0.25,32768,True,torch.float16,1234,0.1,16,1,256,0.0604829341173172,0.07445355504751205,,,,,,,
scale_0.25,32768,True,torch.float16,1234,0.1,16,2,256,0.06963984668254852,0.08290316164493561,,,,,,,
scale_0.25,32768,True,torch.float16,1234,0.1,16,3,256,0.0633198693394661,0.07968384027481079,,,,,,,
scale_0.25,32768,True,torch.float16,1234,0.1,16,4,256,0.06704892218112946,0.08332289755344391,,,,,,,
scale_0.25,32768,True,torch.float16,1234,0.1,16,5,256,0.06252624094486237,0.07532266527414322,,,,,,,
scale_0.25,32768,True,torch.float16,1234,0.1,16,6,256,0.06195472925901413,0.07822781056165695,,,,,,,
scale_0.25,32768,True,torch.float16,1234,0.1,16,7,256,0.06504277884960175,0.0805896520614624,,,,,,,
scale_0.25,32768,True,torch.float16,1234,0.1,16,0,256,0.061128877103328705,0.08047880977392197,,,,,,,scale_0.25
scale_0.25,32768,True,torch.float16,1234,0.1,16,1,256,0.06509846448898315,0.07845520228147507,,,,,,,scale_0.25
scale_0.25,32768,True,torch.float16,1234,0.1,16,2,256,0.06318269670009613,0.07649612426757812,,,,,,,scale_0.25
scale_0.25,32768,True,torch.float16,1234,0.1,16,3,256,0.06626527011394501,0.07937495410442352,,,,,,,scale_0.25
scale_0.25,32768,True,torch.float16,1234,0.1,16,4,256,0.06475909799337387,0.07987966388463974,,,,,,,scale_0.25
scale_0.25,32768,True,torch.float16,1234,0.1,16,5,256,0.05582795292139053,0.06773845106363297,,,,,,,scale_0.25
scale_0.25,32768,True,torch.float16,1234,0.1,16,6,256,0.06242753565311432,0.07954162359237671,,,,,,,scale_0.25
scale_0.25,32768,True,torch.float16,1234,0.1,16,7,256,0.05946066975593567,0.07189907133579254,,,,,,,scale_0.25
scale_0.25,32768,True,torch.float16,1234,0.1,16,0,256,5.808941841125488,13.055919647216797,,,,,,,scale_1.0
scale_0.25,32768,True,torch.float16,1234,0.1,16,1,256,6.384205341339111,17.281145095825195,,,,,,,scale_1.0
scale_0.25,32768,True,torch.float16,1234,0.1,16,2,256,5.5906829833984375,12.994709968566895,,,,,,,scale_1.0
scale_0.25,32768,True,torch.float16,1234,0.1,16,3,256,4.581646919250488,10.137633323669434,,,,,,,scale_1.0
scale_0.25,32768,True,torch.float16,1234,0.1,16,4,256,5.629083633422852,12.171899795532227,,,,,,,scale_1.0
scale_0.25,32768,True,torch.float16,1234,0.1,16,5,256,4.753430366516113,10.73453426361084,,,,,,,scale_1.0
scale_0.25,32768,True,torch.float16,1234,0.1,16,6,256,5.381633758544922,13.611715316772461,,,,,,,scale_1.0
scale_0.25,32768,True,torch.float16,1234,0.1,16,7,256,7.177674293518066,22.581323623657227,,,,,,,scale_1.0
scale_0.25,32768,True,torch.float16,1234,0.1,16,0,256,0.035380683839321136,0.035015951842069626,,,,,,,rare_sharp_shift
scale_0.25,32768,True,torch.float16,1234,0.1,16,1,256,0.037298113107681274,0.034579530358314514,,,,,,,rare_sharp_shift
scale_0.25,32768,True,torch.float16,1234,0.1,16,2,256,0.0371943935751915,0.03407774120569229,,,,,,,rare_sharp_shift
scale_0.25,32768,True,torch.float16,1234,0.1,16,3,256,0.036985594779253006,0.03396202623844147,,,,,,,rare_sharp_shift
scale_0.25,32768,True,torch.float16,1234,0.1,16,4,256,0.03703298419713974,0.03526735678315163,,,,,,,rare_sharp_shift
scale_0.25,32768,True,torch.float16,1234,0.1,16,5,256,0.033400699496269226,0.030284741893410683,,,,,,,rare_sharp_shift
scale_0.25,32768,True,torch.float16,1234,0.1,16,6,256,0.03527982532978058,0.03371719270944595,,,,,,,rare_sharp_shift
scale_0.25,32768,True,torch.float16,1234,0.1,16,7,256,0.03474051505327225,0.031163495033979416,,,,,,,rare_sharp_shift
scale_0.25,65536,True,torch.float16,1234,0.1,16,0,256,0.06690870225429535,0.08239199221134186,,,,,,,
scale_0.25,65536,True,torch.float16,1234,0.1,16,1,256,0.06147607043385506,0.07662186026573181,,,,,,,
scale_0.25,65536,True,torch.float16,1234,0.1,16,2,256,0.0569048672914505,0.07244043052196503,,,,,,,
scale_0.25,65536,True,torch.float16,1234,0.1,16,3,256,0.06496643275022507,0.0813661441206932,,,,,,,
scale_0.25,65536,True,torch.float16,1234,0.1,16,4,256,0.056590672582387924,0.074940986931324,,,,,,,
scale_0.25,65536,True,torch.float16,1234,0.1,16,5,256,0.06332693994045258,0.08077672868967056,,,,,,,
scale_0.25,65536,True,torch.float16,1234,0.1,16,6,256,0.06151165813207626,0.07480378448963165,,,,,,,
scale_0.25,65536,True,torch.float16,1234,0.1,16,7,256,0.06491190195083618,0.07791400700807571,,,,,,,
scale_0.25,65536,True,torch.float16,1234,0.1,16,0,256,0.051217541098594666,0.06611767411231995,,,,,,,scale_0.25
scale_0.25,65536,True,torch.float16,1234,0.1,16,1,256,0.05625038594007492,0.06964591145515442,,,,,,,scale_0.25
scale_0.25,65536,True,torch.float16,1234,0.1,16,2,256,0.06627204269170761,0.0810653418302536,,,,,,,scale_0.25
scale_0.25,65536,True,torch.float16,1234,0.1,16,3,256,0.06465326249599457,0.07790593802928925,,,,,,,scale_0.25
scale_0.25,65536,True,torch.float16,1234,0.1,16,4,256,0.07460631430149078,0.09351522475481033,,,,,,,scale_0.25
scale_0.25,65536,True,torch.float16,1234,0.1,16,5,256,0.0549752414226532,0.0740174949169159,,,,,,,scale_0.25
scale_0.25,65536,True,torch.float16,1234,0.1,16,6,256,0.05527590960264206,0.06943716108798981,,,,,,,scale_0.25
scale_0.25,65536,True,torch.float16,1234,0.1,16,7,256,0.05908888578414917,0.07233705371618271,,,,,,,scale_0.25
scale_0.25,65536,True,torch.float16,1234,0.1,16,0,256,5.597781658172607,12.559741020202637,,,,,,,scale_1.0
scale_0.25,65536,True,torch.float16,1234,0.1,16,1,256,6.191859245300293,15.523576736450195,,,,,,,scale_1.0
scale_0.25,65536,True,torch.float16,1234,0.1,16,2,256,6.65846061706543,16.408653259277344,,,,,,,scale_1.0
scale_0.25,65536,True,torch.float16,1234,0.1,16,3,256,6.1694159507751465,12.619512557983398,,,,,,,scale_1.0
scale_0.25,65536,True,torch.float16,1234,0.1,16,4,256,7.463221549987793,18.70213508605957,,,,,,,scale_1.0
scale_0.25,65536,True,torch.float16,1234,0.1,16,5,256,5.500514030456543,12.625629425048828,,,,,,,scale_1.0
scale_0.25,65536,True,torch.float16,1234,0.1,16,6,256,5.116507053375244,11.240644454956055,,,,,,,scale_1.0
scale_0.25,65536,True,torch.float16,1234,0.1,16,7,256,5.845847129821777,14.06873893737793,,,,,,,scale_1.0
scale_0.25,65536,True,torch.float16,1234,0.1,16,0,256,0.022412635385990143,0.0289347805082798,,,,,,,rare_sharp_shift
scale_0.25,65536,True,torch.float16,1234,0.1,16,1,256,0.02521391212940216,0.029975175857543945,,,,,,,rare_sharp_shift
scale_0.25,65536,True,torch.float16,1234,0.1,16,2,256,0.02898731827735901,0.03417162597179413,,,,,,,rare_sharp_shift
scale_0.25,65536,True,torch.float16,1234,0.1,16,3,256,0.029762599617242813,0.03479602187871933,,,,,,,rare_sharp_shift
scale_0.25,65536,True,torch.float16,1234,0.1,16,4,256,0.03394457697868347,0.04021479934453964,,,,,,,rare_sharp_shift
scale_0.25,65536,True,torch.float16,1234,0.1,16,5,256,0.02418510615825653,0.02987782098352909,,,,,,,rare_sharp_shift
scale_0.25,65536,True,torch.float16,1234,0.1,16,6,256,0.02441905066370964,0.0297545213252306,,,,,,,rare_sharp_shift
scale_0.25,65536,True,torch.float16,1234,0.1,16,7,256,0.026873603463172913,0.03159146010875702,,,,,,,rare_sharp_shift
scale_0.25,512,True,torch.float32,1234,0.1,16,0,256,0.06233064830303192,0.07747043669223785,,,,,,,
scale_0.25,512,True,torch.float32,1234,0.1,16,1,256,0.05454041436314583,0.06880420446395874,,,,,,,
scale_0.25,512,True,torch.float32,1234,0.1,16,2,256,0.06731030344963074,0.08217816054821014,,,,,,,
scale_0.25,512,True,torch.float32,1234,0.1,16,3,256,0.05324900150299072,0.06944389641284943,,,,,,,
scale_0.25,512,True,torch.float32,1234,0.1,16,4,256,0.059371545910835266,0.07523748278617859,,,,,,,
scale_0.25,512,True,torch.float32,1234,0.1,16,5,256,0.05589526146650314,0.07142216712236404,,,,,,,
scale_0.25,512,True,torch.float32,1234,0.1,16,6,256,0.06512834876775742,0.08819271624088287,,,,,,,
scale_0.25,512,True,torch.float32,1234,0.1,16,7,256,0.07172250747680664,0.08832503110170364,,,,,,,
scale_0.25,512,True,torch.float32,1234,0.1,16,0,256,,,all_query_rows,0.062126096338033676,0.07755529135465622,0.10328231751918793,2,0,
scale_0.25,512,True,torch.float32,1234,0.1,16,1,256,,,all_query_rows,0.054129038006067276,0.06841912120580673,0.08780118077993393,0,0,
scale_0.25,512,True,torch.float32,1234,0.1,16,2,256,,,all_query_rows,0.06800943613052368,0.08445229381322861,0.10042613744735718,1,0,
scale_0.25,512,True,torch.float32,1234,0.1,16,3,256,,,all_query_rows,0.052684709429740906,0.06596262007951736,0.10007993131875992,1,0,
scale_0.25,512,True,torch.float32,1234,0.1,16,4,256,,,all_query_rows,0.059352099895477295,0.07649510353803635,0.11152572929859161,1,0,
scale_0.25,512,True,torch.float32,1234,0.1,16,5,256,,,all_query_rows,0.05570156127214432,0.07177647948265076,0.1191020980477333,1,0,
scale_0.25,512,True,torch.float32,1234,0.1,16,6,256,,,all_query_rows,0.06458878517150879,0.08722886443138123,0.11429231613874435,4,0,
scale_0.25,512,True,torch.float32,1234,0.1,16,7,256,,,all_query_rows,0.07158167660236359,0.08835631608963013,0.1194281354546547,4,0,
scale_0.25,512,True,torch.float32,1234,0.1,16,0,256,0.06931150704622269,0.08676116913557053,,,,,,,scale_0.25
scale_0.25,512,True,torch.float32,1234,0.1,16,1,256,0.06809475272893906,0.08958595246076584,,,,,,,scale_0.25
scale_0.25,512,True,torch.float32,1234,0.1,16,2,256,0.059074316173791885,0.07399387657642365,,,,,,,scale_0.25
scale_0.25,512,True,torch.float32,1234,0.1,16,3,256,0.07029413431882858,0.0893789529800415,,,,,,,scale_0.25
scale_0.25,512,True,torch.float32,1234,0.1,16,4,256,0.05707700923085213,0.07158157974481583,,,,,,,scale_0.25
scale_0.25,512,True,torch.float32,1234,0.1,16,5,256,0.057167984545230865,0.07277308404445648,,,,,,,scale_0.25
scale_0.25,512,True,torch.float32,1234,0.1,16,6,256,0.059245575219392776,0.07777068763971329,,,,,,,scale_0.25
scale_0.25,512,True,torch.float32,1234,0.1,16,7,256,0.07162193208932877,0.09272994101047516,,,,,,,scale_0.25
scale_0.25,512,True,torch.float32,1234,0.1,16,0,256,2.2736332416534424,4.9225311279296875,,,,,,,scale_1.0
scale_0.25,512,True,torch.float32,1234,0.1,16,1,256,2.5026235580444336,6.205689430236816,,,,,,,scale_1.0
scale_0.25,512,True,torch.float32,1234,0.1,16,2,256,2.8455069065093994,7.773405075073242,,,,,,,scale_1.0
scale_0.25,512,True,torch.float32,1234,0.1,16,3,256,2.3553833961486816,4.481810569763184,,,,,,,scale_1.0
scale_0.25,512,True,torch.float32,1234,0.1,16,4,256,2.3158349990844727,5.130539417266846,,,,,,,scale_1.0
scale_0.25,512,True,torch.float32,1234,0.1,16,5,256,2.4002010822296143,5.083131313323975,,,,,,,scale_1.0
scale_0.25,512,True,torch.float32,1234,0.1,16,6,256,2.364314079284668,5.124713897705078,,,,,,,scale_1.0
scale_0.25,512,True,torch.float32,1234,0.1,16,7,256,2.2824695110321045,4.877745151519775,,,,,,,scale_1.0
scale_0.25,512,True,torch.float32,1234,0.1,16,0,256,0.04600946605205536,0.03788008168339729,,,,,,,rare_sharp_shift
scale_0.25,512,True,torch.float32,1234,0.1,16,1,256,0.04650120064616203,0.04103659465909004,,,,,,,rare_sharp_shift
scale_0.25,512,True,torch.float32,1234,0.1,16,2,256,0.04087938368320465,0.032435089349746704,,,,,,,rare_sharp_shift
scale_0.25,512,True,torch.float32,1234,0.1,16,3,256,0.04697117581963539,0.04031062126159668,,,,,,,rare_sharp_shift
scale_0.25,512,True,torch.float32,1234,0.1,16,4,256,0.04082170128822327,0.031564369797706604,,,,,,,rare_sharp_shift
scale_0.25,512,True,torch.float32,1234,0.1,16,5,256,0.0403992235660553,0.03223627433180809,,,,,,,rare_sharp_shift
scale_0.25,512,True,torch.float32,1234,0.1,16,6,256,0.04024650901556015,0.03125650808215141,,,,,,,rare_sharp_shift
scale_0.25,512,True,torch.float32,1234,0.1,16,7,256,0.0477716363966465,0.04240229353308678,,,,,,,rare_sharp_shift
scale_0.25,1024,True,torch.float32,1234,0.1,16,0,256,0.061114296317100525,0.07441393285989761,,,,,,,
scale_0.25,1024,True,torch.float32,1234,0.1,16,1,256,0.06125698983669281,0.0777575895190239,,,,,,,
scale_0.25,1024,True,torch.float32,1234,0.1,16,2,256,0.05676301196217537,0.07439685612916946,,,,,,,
scale_0.25,1024,True,torch.float32,1234,0.1,16,3,256,0.07053518295288086,0.08944086730480194,,,,,,,
scale_0.25,1024,True,torch.float32,1234,0.1,16,4,256,0.05701952055096626,0.07885612547397614,,,,,,,
scale_0.25,1024,True,torch.float32,1234,0.1,16,5,64,0.11315889656543732,0.15098826587200165,,,,,,,
scale_0.25,1024,True,torch.float32,1234,0.1,16,6,256,0.0597752183675766,0.07747475802898407,,,,,,,
scale_0.25,1024,True,torch.float32,1234,0.1,16,7,256,0.0600835420191288,0.0740596130490303,,,,,,,
scale_0.25,1024,True,torch.float32,1234,0.1,16,0,256,,,all_query_rows,0.06148640811443329,0.0757732018828392,0.1039549708366394,1,0,
scale_0.25,1024,True,torch.float32,1234,0.1,16,1,256,,,all_query_rows,0.061009880155324936,0.0800006166100502,0.10601264238357544,1,0,
scale_0.25,1024,True,torch.float32,1234,0.1,16,2,256,,,all_query_rows,0.056045688688755035,0.07421741634607315,0.09922807663679123,0,0,
scale_0.25,1024,True,torch.float32,1234,0.1,16,3,256,,,all_query_rows,0.0709012895822525,0.08932264894247055,0.12081871181726456,11,0,
scale_0.25,1024,True,torch.float32,1234,0.1,16,4,256,,,all_query_rows,0.05737009644508362,0.07740268856287003,0.10911566764116287,5,0,
scale_0.25,1024,True,torch.float32,1234,0.1,16,5,64,,,all_query_rows,0.11249189078807831,0.14468994736671448,0.19703394174575806,790,0,
scale_0.25,1024,True,torch.float32,1234,0.1,16,6,256,,,all_query_rows,0.05977711081504822,0.07894162088632584,0.10246236622333527,3,0,
scale_0.25,1024,True,torch.float32,1234,0.1,16,7,256,,,all_query_rows,0.06046454608440399,0.07425069808959961,0.11923860758543015,2,0,
scale_0.25,1024,True,torch.float32,1234,0.1,16,0,256,0.05845668166875839,0.07283368706703186,,,,,,,scale_0.25
scale_0.25,1024,True,torch.float32,1234,0.1,16,1,256,0.061216503381729126,0.07630186527967453,,,,,,,scale_0.25
scale_0.25,1024,True,torch.float32,1234,0.1,16,2,256,0.05925123393535614,0.07780928909778595,,,,,,,scale_0.25
scale_0.25,1024,True,torch.float32,1234,0.1,16,3,256,0.06053788214921951,0.07317908108234406,,,,,,,scale_0.25
scale_0.25,1024,True,torch.float32,1234,0.1,16,4,256,0.06668070703744888,0.08252257853746414,,,,,,,scale_0.25
scale_0.25,1024,True,torch.float32,1234,0.1,16,5,64,0.1225988119840622,0.159030020236969,,,,,,,scale_0.25
scale_0.25,1024,True,torch.float32,1234,0.1,16,6,256,0.06151285395026207,0.07831896096467972,,,,,,,scale_0.25
scale_0.25,1024,True,torch.float32,1234,0.1,16,7,256,0.06992413103580475,0.08764531463384628,,,,,,,scale_0.25
scale_0.25,1024,True,torch.float32,1234,0.1,16,0,256,3.236943006515503,7.4608259201049805,,,,,,,scale_1.0
scale_0.25,1024,True,torch.float32,1234,0.1,16,1,256,2.798191785812378,6.465613842010498,,,,,,,scale_1.0
scale_0.25,1024,True,torch.float32,1234,0.1,16,2,256,2.72395658493042,6.709639072418213,,,,,,,scale_1.0
scale_0.25,1024,True,torch.float32,1234,0.1,16,3,256,3.9785993099212646,10.428104400634766,,,,,,,scale_1.0
scale_0.25,1024,True,torch.float32,1234,0.1,16,4,256,3.3400044441223145,9.14421558380127,,,,,,,scale_1.0
scale_0.25,1024,True,torch.float32,1234,0.1,16,5,64,2.6041812896728516,5.023802757263184,,,,,,,scale_1.0
scale_0.25,1024,True,torch.float32,1234,0.1,16,6,256,2.8811721801757812,6.117436408996582,,,,,,,scale_1.0
scale_0.25,1024,True,torch.float32,1234,0.1,16,7,256,2.63250732421875,5.497716903686523,,,,,,,scale_1.0
scale_0.25,1024,True,torch.float32,1234,0.1,16,0,256,0.03669476509094238,0.030682453885674477,,,,,,,rare_sharp_shift
scale_0.25,1024,True,torch.float32,1234,0.1,16,1,256,0.03780391067266464,0.03144867345690727,,,,,,,rare_sharp_shift
scale_0.25,1024,True,torch.float32,1234,0.1,16,2,256,0.03746424987912178,0.03340258449316025,,,,,,,rare_sharp_shift
scale_0.25,1024,True,torch.float32,1234,0.1,16,3,256,0.0386674739420414,0.03134674206376076,,,,,,,rare_sharp_shift
scale_0.25,1024,True,torch.float32,1234,0.1,16,4,256,0.04158588871359825,0.03596058487892151,,,,,,,rare_sharp_shift
scale_0.25,1024,True,torch.float32,1234,0.1,16,5,64,0.06851640343666077,0.06972117722034454,,,,,,,rare_sharp_shift
scale_0.25,1024,True,torch.float32,1234,0.1,16,6,256,0.037991080433130264,0.03209644556045532,,,,,,,rare_sharp_shift
scale_0.25,1024,True,torch.float32,1234,0.1,16,7,256,0.042175114154815674,0.037379082292318344,,,,,,,rare_sharp_shift
scale_0.25,2048,True,torch.float32,1234,0.1,16,0,256,0.06422088295221329,0.0781063437461853,,,,,,,
scale_0.25,2048,True,torch.float32,1234,0.1,16,1,256,0.059394367039203644,0.0779743492603302,,,,,,,
scale_0.25,2048,True,torch.float32,1234,0.1,16,2,256,0.06706108152866364,0.08355779945850372,,,,,,,
scale_0.25,2048,True,torch.float32,1234,0.1,16,3,256,0.05787443742156029,0.07231640070676804,,,,,,,
scale_0.25,2048,True,torch.float32,1234,0.1,16,4,256,0.06168648228049278,0.07685922086238861,,,,,,,
scale_0.25,2048,True,torch.float32,1234,0.1,16,5,256,0.07041618973016739,0.09014728665351868,,,,,,,
scale_0.25,2048,True,torch.float32,1234,0.1,16,6,256,0.058990251272916794,0.07725302875041962,,,,,,,
scale_0.25,2048,True,torch.float32,1234,0.1,16,7,256,0.059115685522556305,0.07824718952178955,,,,,,,
scale_0.25,2048,True,torch.float32,1234,0.1,16,0,256,,,all_query_rows,0.06450586766004562,0.07998792082071304,0.13521479070186615,3,0,
scale_0.25,2048,True,torch.float32,1234,0.1,16,1,256,,,all_query_rows,0.05839984863996506,0.07630643248558044,0.10570567846298218,3,0,
scale_0.25,2048,True,torch.float32,1234,0.1,16,2,256,,,all_query_rows,0.06738601624965668,0.08464470505714417,0.1654341071844101,10,0,
scale_0.25,2048,True,torch.float32,1234,0.1,16,3,256,,,all_query_rows,0.057367004454135895,0.07113685458898544,0.13538715243339539,4,0,
scale_0.25,2048,True,torch.float32,1234,0.1,16,4,256,,,all_query_rows,0.06077856570482254,0.07495716214179993,0.12771809101104736,2,0,
scale_0.25,2048,True,torch.float32,1234,0.1,16,5,256,,,all_query_rows,0.06963314116001129,0.09096533060073853,0.12736496329307556,28,0,
scale_0.25,2048,True,torch.float32,1234,0.1,16,6,256,,,all_query_rows,0.05844096094369888,0.07687639445066452,0.11197467893362045,2,0,
scale_0.25,2048,True,torch.float32,1234,0.1,16,7,256,,,all_query_rows,0.05892495810985565,0.0763276219367981,0.12479187548160553,7,0,
scale_0.25,2048,True,torch.float32,1234,0.1,16,0,256,0.0612485408782959,0.07776986807584763,,,,,,,scale_0.25
scale_0.25,2048,True,torch.float32,1234,0.1,16,1,256,0.06458477675914764,0.08304569125175476,,,,,,,scale_0.25
scale_0.25,2048,True,torch.float32,1234,0.1,16,2,256,0.059962399303913116,0.07404965162277222,,,,,,,scale_0.25
scale_0.25,2048,True,torch.float32,1234,0.1,16,3,256,0.06985006481409073,0.08448205143213272,,,,,,,scale_0.25
scale_0.25,2048,True,torch.float32,1234,0.1,16,4,256,0.0670403242111206,0.08118847012519836,,,,,,,scale_0.25
scale_0.25,2048,True,torch.float32,1234,0.1,16,5,256,0.061481378972530365,0.07870165258646011,,,,,,,scale_0.25
scale_0.25,2048,True,torch.float32,1234,0.1,16,6,256,0.06755989789962769,0.08223311603069305,,,,,,,scale_0.25
scale_0.25,2048,True,torch.float32,1234,0.1,16,7,256,0.06860311329364777,0.08521325886249542,,,,,,,scale_0.25
scale_0.25,2048,True,torch.float32,1234,0.1,16,0,256,3.3094565868377686,7.881891250610352,,,,,,,scale_1.0
scale_0.25,2048,True,torch.float32,1234,0.1,16,1,256,3.2578344345092773,7.530684471130371,,,,,,,scale_1.0
scale_0.25,2048,True,torch.float32,1234,0.1,16,2,256,3.2555506229400635,7.529688835144043,,,,,,,scale_1.0
scale_0.25,2048,True,torch.float32,1234,0.1,16,3,256,2.9446213245391846,6.086934566497803,,,,,,,scale_1.0
scale_0.25,2048,True,torch.float32,1234,0.1,16,4,256,3.475658893585205,8.230031967163086,,,,,,,scale_1.0
scale_0.25,2048,True,torch.float32,1234,0.1,16,5,256,3.499617099761963,7.714501857757568,,,,,,,scale_1.0
scale_0.25,2048,True,torch.float32,1234,0.1,16,6,256,3.0830113887786865,7.281014442443848,,,,,,,scale_1.0
scale_0.25,2048,True,torch.float32,1234,0.1,16,7,256,3.395355701446533,6.997262954711914,,,,,,,scale_1.0
scale_0.25,2048,True,torch.float32,1234,0.1,16,0,256,0.031119704246520996,0.03305374085903168,,,,,,,rare_sharp_shift
scale_0.25,2048,True,torch.float32,1234,0.1,16,1,256,0.03315203636884689,0.037910331040620804,,,,,,,rare_sharp_shift
scale_0.25,2048,True,torch.float32,1234,0.1,16,2,256,0.030676662921905518,0.03111916594207287,,,,,,,rare_sharp_shift
scale_0.25,2048,True,torch.float32,1234,0.1,16,3,256,0.03617498278617859,0.03780677169561386,,,,,,,rare_sharp_shift
scale_0.25,2048,True,torch.float32,1234,0.1,16,4,256,0.03457866981625557,0.036503344774246216,,,,,,,rare_sharp_shift
scale_0.25,2048,True,torch.float32,1234,0.1,16,5,256,0.032043687999248505,0.03382282331585884,,,,,,,rare_sharp_shift
scale_0.25,2048,True,torch.float32,1234,0.1,16,6,256,0.03419700637459755,0.035192690789699554,,,,,,,rare_sharp_shift
scale_0.25,2048,True,torch.float32,1234,0.1,16,7,256,0.034872740507125854,0.03632253780961037,,,,,,,rare_sharp_shift
scale_0.25,4096,True,torch.float32,1234,0.1,16,0,256,0.059566691517829895,0.07431827485561371,,,,,,,
scale_0.25,4096,True,torch.float32,1234,0.1,16,1,256,0.06356047838926315,0.07813552021980286,,,,,,,
scale_0.25,4096,True,torch.float32,1234,0.1,16,2,256,0.06062420457601547,0.0740584060549736,,,,,,,
scale_0.25,4096,True,torch.float32,1234,0.1,16,3,256,0.05847392976284027,0.07216200232505798,,,,,,,
scale_0.25,4096,True,torch.float32,1234,0.1,16,4,256,0.061659589409828186,0.07705484330654144,,,,,,,
scale_0.25,4096,True,torch.float32,1234,0.1,16,5,256,0.05723088979721069,0.070014089345932,,,,,,,
scale_0.25,4096,True,torch.float32,1234,0.1,16,6,256,0.06432746350765228,0.07924100756645203,,,,,,,
scale_0.25,4096,True,torch.float32,1234,0.1,16,7,256,0.06342606246471405,0.08002099394798279,,,,,,,
scale_0.25,4096,True,torch.float32,1234,0.1,16,0,256,,,all_query_rows,0.05961909145116806,0.07415816187858582,0.12451465427875519,3,0,
scale_0.25,4096,True,torch.float32,1234,0.1,16,1,256,,,all_query_rows,0.06399749964475632,0.07937698066234589,0.12259422242641449,11,0,
scale_0.25,4096,True,torch.float32,1234,0.1,16,2,256,,,all_query_rows,0.06018460914492607,0.07374360412359238,0.1059223860502243,4,0,
scale_0.25,4096,True,torch.float32,1234,0.1,16,3,256,,,all_query_rows,0.05874535068869591,0.07318715751171112,0.1078747883439064,5,0,
scale_0.25,4096,True,torch.float32,1234,0.1,16,4,256,,,all_query_rows,0.06246853247284889,0.07710683345794678,0.11539839208126068,2,0,
scale_0.25,4096,True,torch.float32,1234,0.1,16,5,256,,,all_query_rows,0.057226549834012985,0.07061468809843063,0.09881529211997986,0,0,
scale_0.25,4096,True,torch.float32,1234,0.1,16,6,256,,,all_query_rows,0.06416845321655273,0.08266030251979828,0.11527040600776672,12,0,
scale_0.25,4096,True,torch.float32,1234,0.1,16,7,256,,,all_query_rows,0.06335307657718658,0.07851167023181915,0.1300915777683258,7,0,
scale_0.25,4096,True,torch.float32,1234,0.1,16,0,256,0.05730804055929184,0.07086611539125443,,,,,,,scale_0.25
scale_0.25,4096,True,torch.float32,1234,0.1,16,1,256,0.05841787904500961,0.07277081161737442,,,,,,,scale_0.25
scale_0.25,4096,True,torch.float32,1234,0.1,16,2,256,0.06367714703083038,0.08081147074699402,,,,,,,scale_0.25
scale_0.25,4096,True,torch.float32,1234,0.1,16,3,256,0.0662720575928688,0.0826382264494896,,,,,,,scale_0.25
scale_0.25,4096,True,torch.float32,1234,0.1,16,4,256,0.06192247197031975,0.07822224497795105,,,,,,,scale_0.25
scale_0.25,4096,True,torch.float32,1234,0.1,16,5,256,0.050419047474861145,0.06494209170341492,,,,,,,scale_0.25
scale_0.25,4096,True,torch.float32,1234,0.1,16,6,256,0.057930245995521545,0.07145678997039795,,,,,,,scale_0.25
scale_0.25,4096,True,torch.float32,1234,0.1,16,7,256,0.06390582025051117,0.07980156689882278,,,,,,,scale_0.25
scale_0.25,4096,True,torch.float32,1234,0.1,16,0,256,3.9142167568206787,9.90086841583252,,,,,,,scale_1.0
scale_0.25,4096,True,torch.float32,1234,0.1,16,1,256,3.449242115020752,7.269193649291992,,,,,,,scale_1.0
scale_0.25,4096,True,torch.float32,1234,0.1,16,2,256,3.8268771171569824,9.177227020263672,,,,,,,scale_1.0
scale_0.25,4096,True,torch.float32,1234,0.1,16,3,256,4.3309783935546875,11.625123023986816,,,,,,,scale_1.0
scale_0.25,4096,True,torch.float32,1234,0.1,16,4,256,3.262213706970215,6.9849443435668945,,,,,,,scale_1.0
scale_0.25,4096,True,torch.float32,1234,0.1,16,5,256,3.8013041019439697,9.187888145446777,,,,,,,scale_1.0
scale_0.25,4096,True,torch.float32,1234,0.1,16,6,256,4.359738349914551,10.654938697814941,,,,,,,scale_1.0
scale_0.25,4096,True,torch.float32,1234,0.1,16,7,256,4.388028144836426,11.10736083984375,,,,,,,scale_1.0
scale_0.25,4096,True,torch.float32,1234,0.1,16,0,256,0.045043881982564926,0.031444184482097626,,,,,,,rare_sharp_shift
scale_0.25,4096,True,torch.float32,1234,0.1,16,1,256,0.04480380192399025,0.032115302979946136,,,,,,,rare_sharp_shift
scale_0.25,4096,True,torch.float32,1234,0.1,16,2,256,0.04728119447827339,0.034629352390766144,,,,,,,rare_sharp_shift
scale_0.25,4096,True,torch.float32,1234,0.1,16,3,256,0.04926744103431702,0.038110584020614624,,,,,,,rare_sharp_shift
scale_0.25,4096,True,torch.float32,1234,0.1,16,4,256,0.046943385154008865,0.03423396125435829,,,,,,,rare_sharp_shift
scale_0.25,4096,True,torch.float32,1234,0.1,16,5,256,0.04178787022829056,0.029416996985673904,,,,,,,rare_sharp_shift
scale_0.25,4096,True,torch.float32,1234,0.1,16,6,256,0.04499131068587303,0.03047857992351055,,,,,,,rare_sharp_shift
scale_0.25,4096,True,torch.float32,1234,0.1,16,7,256,0.0479774996638298,0.03533259406685829,,,,,,,rare_sharp_shift
scale_0.25,8192,True,torch.float32,1234,0.1,16,0,256,0.066324383020401,0.08173748850822449,,,,,,,
scale_0.25,8192,True,torch.float32,1234,0.1,16,1,256,0.06378810107707977,0.08151011914014816,,,,,,,
scale_0.25,8192,True,torch.float32,1234,0.1,16,2,256,0.06649329513311386,0.08515935391187668,,,,,,,
scale_0.25,8192,True,torch.float32,1234,0.1,16,3,256,0.06207761913537979,0.07636281102895737,,,,,,,
scale_0.25,8192,True,torch.float32,1234,0.1,16,4,256,0.05976399406790733,0.07352089881896973,,,,,,,
scale_0.25,8192,True,torch.float32,1234,0.1,16,5,256,0.06125882267951965,0.07467402517795563,,,,,,,
scale_0.25,8192,True,torch.float32,1234,0.1,16,6,256,0.060842886567115784,0.07567183673381805,,,,,,,
scale_0.25,8192,True,torch.float32,1234,0.1,16,7,256,0.06459881365299225,0.07883025705814362,,,,,,,
scale_0.25,8192,True,torch.float32,1234,0.1,16,0,256,0.06283660978078842,0.08087076246738434,,,,,,,scale_0.25
scale_0.25,8192,True,torch.float32,1234,0.1,16,1,256,0.058261603116989136,0.0724189430475235,,,,,,,scale_0.25
scale_0.25,8192,True,torch.float32,1234,0.1,16,2,256,0.07190750539302826,0.08998467028141022,,,,,,,scale_0.25
scale_0.25,8192,True,torch.float32,1234,0.1,16,3,256,0.06343843042850494,0.07776562869548798,,,,,,,scale_0.25
scale_0.25,8192,True,torch.float32,1234,0.1,16,4,256,0.06689157336950302,0.084871806204319,,,,,,,scale_0.25
scale_0.25,8192,True,torch.float32,1234,0.1,16,5,256,0.06270578503608704,0.07818133383989334,,,,,,,scale_0.25
scale_0.25,8192,True,torch.float32,1234,0.1,16,6,256,0.0596998855471611,0.07341442257165909,,,,,,,scale_0.25
scale_0.25,8192,True,torch.float32,1234,0.1,16,7,256,0.06277704238891602,0.07798641920089722,,,,,,,scale_0.25
scale_0.25,8192,True,torch.float32,1234,0.1,16,0,256,4.958382606506348,11.281028747558594,,,,,,,scale_1.0
scale_0.25,8192,True,torch.float32,1234,0.1,16,1,256,4.559337615966797,11.344579696655273,,,,,,,scale_1.0
scale_0.25,8192,True,torch.float32,1234,0.1,16,2,256,4.0681843757629395,10.137157440185547,,,,,,,scale_1.0
scale_0.25,8192,True,torch.float32,1234,0.1,16,3,256,4.197400093078613,9.06998062133789,,,,,,,scale_1.0
scale_0.25,8192,True,torch.float32,1234,0.1,16,4,256,4.5056610107421875,10.973383903503418,,,,,,,scale_1.0
scale_0.25,8192,True,torch.float32,1234,0.1,16,5,256,4.413577079772949,11.390682220458984,,,,,,,scale_1.0
scale_0.25,8192,True,torch.float32,1234,0.1,16,6,256,4.018917083740234,8.08566665649414,,,,,,,scale_1.0
scale_0.25,8192,True,torch.float32,1234,0.1,16,7,256,4.225122451782227,9.659256935119629,,,,,,,scale_1.0
scale_0.25,8192,True,torch.float32,1234,0.1,16,0,256,0.036493491381406784,0.03491000831127167,,,,,,,rare_sharp_shift
scale_0.25,8192,True,torch.float32,1234,0.1,16,1,256,0.033476799726486206,0.03098083846271038,,,,,,,rare_sharp_shift
scale_0.25,8192,True,torch.float32,1234,0.1,16,2,256,0.039047591388225555,0.03687901794910431,,,,,,,rare_sharp_shift
scale_0.25,8192,True,torch.float32,1234,0.1,16,3,256,0.036825165152549744,0.034944936633110046,,,,,,,rare_sharp_shift
scale_0.25,8192,True,torch.float32,1234,0.1,16,4,256,0.03685590997338295,0.03522714599967003,,,,,,,rare_sharp_shift
scale_0.25,8192,True,torch.float32,1234,0.1,16,5,256,0.03708785027265549,0.035137392580509186,,,,,,,rare_sharp_shift
scale_0.25,8192,True,torch.float32,1234,0.1,16,6,256,0.034353241324424744,0.03089331090450287,,,,,,,rare_sharp_shift
scale_0.25,8192,True,torch.float32,1234,0.1,16,7,256,0.03613081946969032,0.034206852316856384,,,,,,,rare_sharp_shift
scale_0.25,16384,True,torch.float32,1234,0.1,16,0,256,0.06493641436100006,0.0797719657421112,,,,,,,
scale_0.25,16384,True,torch.float32,1234,0.1,16,1,256,0.06688489764928818,0.08052103221416473,,,,,,,
scale_0.25,16384,True,torch.float32,1234,0.1,16,2,256,0.06378181278705597,0.0787162035703659,,,,,,,
scale_0.25,16384,True,torch.float32,1234,0.1,16,3,256,0.0600414052605629,0.07366909086704254,,,,,,,
scale_0.25,16384,True,torch.float32,1234,0.1,16,4,256,0.07150296866893768,0.09088194370269775,,,,,,,
scale_0.25,16384,True,torch.float32,1234,0.1,16,5,256,0.06804104149341583,0.0876612737774849,,,,,,,
scale_0.25,16384,True,torch.float32,1234,0.1,16,6,256,0.05990830063819885,0.07207165658473969,,,,,,,
scale_0.25,16384,True,torch.float32,1234,0.1,16,7,256,0.07335188239812851,0.09355859458446503,,,,,,,
scale_0.25,16384,True,torch.float32,1234,0.1,16,0,256,0.065488800406456,0.08143261075019836,,,,,,,scale_0.25
scale_0.25,16384,True,torch.float32,1234,0.1,16,1,256,0.06675758957862854,0.08302579075098038,,,,,,,scale_0.25
scale_0.25,16384,True,torch.float32,1234,0.1,16,2,256,0.05956771969795227,0.07442356646060944,,,,,,,scale_0.25
scale_0.25,16384,True,torch.float32,1234,0.1,16,3,256,0.059499818831682205,0.07338415831327438,,,,,,,scale_0.25
scale_0.25,16384,True,torch.float32,1234,0.1,16,4,256,0.055202290415763855,0.06823021918535233,,,,,,,scale_0.25
scale_0.25,16384,True,torch.float32,1234,0.1,16,5,256,0.060419268906116486,0.07401144504547119,,,,,,,scale_0.25
scale_0.25,16384,True,torch.float32,1234,0.1,16,6,256,0.0733610987663269,0.0942486822605133,,,,,,,scale_0.25
scale_0.25,16384,True,torch.float32,1234,0.1,16,7,256,0.06601721793413162,0.08145861327648163,,,,,,,scale_0.25
scale_0.25,16384,True,torch.float32,1234,0.1,16,0,256,5.457080364227295,12.94615364074707,,,,,,,scale_1.0
scale_0.25,16384,True,torch.float32,1234,0.1,16,1,256,4.048578262329102,8.238044738769531,,,,,,,scale_1.0
scale_0.25,16384,True,torch.float32,1234,0.1,16,2,256,4.7093048095703125,11.072973251342773,,,,,,,scale_1.0
scale_0.25,16384,True,torch.float32,1234,0.1,16,3,256,4.766935348510742,11.01914119720459,,,,,,,scale_1.0
scale_0.25,16384,True,torch.float32,1234,0.1,16,4,256,5.049159049987793,12.138592720031738,,,,,,,scale_1.0
scale_0.25,16384,True,torch.float32,1234,0.1,16,5,256,5.422946453094482,14.430652618408203,,,,,,,scale_1.0
scale_0.25,16384,True,torch.float32,1234,0.1,16,6,256,4.793371200561523,10.898858070373535,,,,,,,scale_1.0
scale_0.25,16384,True,torch.float32,1234,0.1,16,7,256,5.920356750488281,15.725400924682617,,,,,,,scale_1.0
scale_0.25,16384,True,torch.float32,1234,0.1,16,0,256,0.04110445827245712,0.03600442409515381,,,,,,,rare_sharp_shift
scale_0.25,16384,True,torch.float32,1234,0.1,16,1,256,0.04162834957242012,0.03688988834619522,,,,,,,rare_sharp_shift
scale_0.25,16384,True,torch.float32,1234,0.1,16,2,256,0.037444569170475006,0.03156580775976181,,,,,,,rare_sharp_shift
scale_0.25,16384,True,torch.float32,1234,0.1,16,3,256,0.038484666496515274,0.03179752454161644,,,,,,,rare_sharp_shift
scale_0.25,16384,True,torch.float32,1234,0.1,16,4,256,0.03622378408908844,0.029445115476846695,,,,,,,rare_sharp_shift
scale_0.25,16384,True,torch.float32,1234,0.1,16,5,256,0.03772516921162605,0.030613716691732407,,,,,,,rare_sharp_shift
scale_0.25,16384,True,torch.float32,1234,0.1,16,6,256,0.04489944502711296,0.04239194840192795,,,,,,,rare_sharp_shift
scale_0.25,16384,True,torch.float32,1234,0.1,16,7,256,0.040748417377471924,0.03548351675271988,,,,,,,rare_sharp_shift
scale_0.25,32768,True,torch.float32,1234,0.1,16,0,256,0.060710012912750244,0.07436749339103699,,,,,,,
scale_0.25,32768,True,torch.float32,1234,0.1,16,1,256,0.060486242175102234,0.0744534283876419,,,,,,,
scale_0.25,32768,True,torch.float32,1234,0.1,16,2,256,0.06963948905467987,0.08290904760360718,,,,,,,
scale_0.25,32768,True,torch.float32,1234,0.1,16,3,256,0.06332026422023773,0.07969081401824951,,,,,,,
scale_0.25,32768,True,torch.float32,1234,0.1,16,4,256,0.06704767048358917,0.08332405984401703,,,,,,,
scale_0.25,32768,True,torch.float32,1234,0.1,16,5,256,0.06252658367156982,0.07532871514558792,,,,,,,
scale_0.25,32768,True,torch.float32,1234,0.1,16,6,256,0.061956338584423065,0.07822530716657639,,,,,,,
scale_0.25,32768,True,torch.float32,1234,0.1,16,7,256,0.06504102051258087,0.08058705925941467,,,,,,,
scale_0.25,32768,True,torch.float32,1234,0.1,16,0,256,0.06112771853804588,0.08047576993703842,,,,,,,scale_0.25
scale_0.25,32768,True,torch.float32,1234,0.1,16,1,256,0.06509832292795181,0.07844790816307068,,,,,,,scale_0.25
scale_0.25,32768,True,torch.float32,1234,0.1,16,2,256,0.06318354606628418,0.07649996876716614,,,,,,,scale_0.25
scale_0.25,32768,True,torch.float32,1234,0.1,16,3,256,0.06626629829406738,0.07937131822109222,,,,,,,scale_0.25
scale_0.25,32768,True,torch.float32,1234,0.1,16,4,256,0.06476172804832458,0.07987967133522034,,,,,,,scale_0.25
scale_0.25,32768,True,torch.float32,1234,0.1,16,5,256,0.05582934617996216,0.06774432212114334,,,,,,,scale_0.25
scale_0.25,32768,True,torch.float32,1234,0.1,16,6,256,0.06242435425519943,0.07953451573848724,,,,,,,scale_0.25
scale_0.25,32768,True,torch.float32,1234,0.1,16,7,256,0.0594596303999424,0.07190021872520447,,,,,,,scale_0.25
scale_0.25,32768,True,torch.float32,1234,0.1,16,0,256,5.809093475341797,13.046809196472168,,,,,,,scale_1.0
scale_0.25,32768,True,torch.float32,1234,0.1,16,1,256,6.383718013763428,17.269250869750977,,,,,,,scale_1.0
scale_0.25,32768,True,torch.float32,1234,0.1,16,2,256,5.590598106384277,12.99118423461914,,,,,,,scale_1.0
scale_0.25,32768,True,torch.float32,1234,0.1,16,3,256,4.581576347351074,10.137229919433594,,,,,,,scale_1.0
scale_0.25,32768,True,torch.float32,1234,0.1,16,4,256,5.629151344299316,12.169898986816406,,,,,,,scale_1.0
scale_0.25,32768,True,torch.float32,1234,0.1,16,5,256,4.753911018371582,10.738214492797852,,,,,,,scale_1.0
scale_0.25,32768,True,torch.float32,1234,0.1,16,6,256,5.38209867477417,13.613232612609863,,,,,,,scale_1.0
scale_0.25,32768,True,torch.float32,1234,0.1,16,7,256,7.177986145019531,22.592567443847656,,,,,,,scale_1.0
scale_0.25,32768,True,torch.float32,1234,0.1,16,0,256,0.03537992388010025,0.0350123830139637,,,,,,,rare_sharp_shift
scale_0.25,32768,True,torch.float32,1234,0.1,16,1,256,0.037298496812582016,0.034581512212753296,,,,,,,rare_sharp_shift
scale_0.25,32768,True,torch.float32,1234,0.1,16,2,256,0.03719394654035568,0.03407716751098633,,,,,,,rare_sharp_shift
scale_0.25,32768,True,torch.float32,1234,0.1,16,3,256,0.03698598966002464,0.03396259620785713,,,,,,,rare_sharp_shift
scale_0.25,32768,True,torch.float32,1234,0.1,16,4,256,0.037034280598163605,0.03526910021901131,,,,,,,rare_sharp_shift
scale_0.25,32768,True,torch.float32,1234,0.1,16,5,256,0.033401086926460266,0.03028666041791439,,,,,,,rare_sharp_shift
scale_0.25,32768,True,torch.float32,1234,0.1,16,6,256,0.03527918457984924,0.03371540457010269,,,,,,,rare_sharp_shift
scale_0.25,32768,True,torch.float32,1234,0.1,16,7,256,0.03474017605185509,0.03116254322230816,,,,,,,rare_sharp_shift
scale_0.25,65536,True,torch.float32,1234,0.1,16,0,256,0.06690795719623566,0.08239050209522247,,,,,,,
scale_0.25,65536,True,torch.float32,1234,0.1,16,1,256,0.061476368457078934,0.07662585377693176,,,,,,,
scale_0.25,65536,True,torch.float32,1234,0.1,16,2,256,0.0569072887301445,0.07244040817022324,,,,,,,
scale_0.25,65536,True,torch.float32,1234,0.1,16,3,256,0.06496724486351013,0.08135855197906494,,,,,,,
scale_0.25,65536,True,torch.float32,1234,0.1,16,4,256,0.05659191310405731,0.07494227588176727,,,,,,,
scale_0.25,65536,True,torch.float32,1234,0.1,16,5,256,0.06332617253065109,0.08077617734670639,,,,,,,
scale_0.25,65536,True,torch.float32,1234,0.1,16,6,256,0.061512451618909836,0.07479815185070038,,,,,,,
scale_0.25,65536,True,torch.float32,1234,0.1,16,7,256,0.06491200625896454,0.07791286706924438,,,,,,,
scale_0.25,65536,True,torch.float32,1234,0.1,16,0,256,0.051217399537563324,0.06611225754022598,,,,,,,scale_0.25
scale_0.25,65536,True,torch.float32,1234,0.1,16,1,256,0.05624835938215256,0.06963874399662018,,,,,,,scale_0.25
scale_0.25,65536,True,torch.float32,1234,0.1,16,2,256,0.06627099961042404,0.08105877786874771,,,,,,,scale_0.25
scale_0.25,65536,True,torch.float32,1234,0.1,16,3,256,0.06465239822864532,0.07790453732013702,,,,,,,scale_0.25
scale_0.25,65536,True,torch.float32,1234,0.1,16,4,256,0.07460656762123108,0.09351205825805664,,,,,,,scale_0.25
scale_0.25,65536,True,torch.float32,1234,0.1,16,5,256,0.0549747571349144,0.07401737570762634,,,,,,,scale_0.25
scale_0.25,65536,True,torch.float32,1234,0.1,16,6,256,0.05527443811297417,0.06942921131849289,,,,,,,scale_0.25
scale_0.25,65536,True,torch.float32,1234,0.1,16,7,256,0.05908655375242233,0.07233107089996338,,,,,,,scale_0.25
scale_0.25,65536,True,torch.float32,1234,0.1,16,0,256,5.59751033782959,12.560320854187012,,,,,,,scale_1.0
scale_0.25,65536,True,torch.float32,1234,0.1,16,1,256,6.191564559936523,15.52145767211914,,,,,,,scale_1.0
scale_0.25,65536,True,torch.float32,1234,0.1,16,2,256,6.658391952514648,16.419071197509766,,,,,,,scale_1.0
scale_0.25,65536,True,torch.float32,1234,0.1,16,3,256,6.169654846191406,12.62055778503418,,,,,,,scale_1.0
scale_0.25,65536,True,torch.float32,1234,0.1,16,4,256,7.463053226470947,18.704483032226562,,,,,,,scale_1.0
scale_0.25,65536,True,torch.float32,1234,0.1,16,5,256,5.500452518463135,12.628606796264648,,,,,,,scale_1.0
scale_0.25,65536,True,torch.float32,1234,0.1,16,6,256,5.116576194763184,11.247701644897461,,,,,,,scale_1.0
scale_0.25,65536,True,torch.float32,1234,0.1,16,7,256,5.845456600189209,14.075431823730469,,,,,,,scale_1.0
scale_0.25,65536,True,torch.float32,1234,0.1,16,0,256,0.022412410005927086,0.028933679684996605,,,,,,,rare_sharp_shift
scale_0.25,65536,True,torch.float32,1234,0.1,16,1,256,0.02521306648850441,0.029973799362778664,,,,,,,rare_sharp_shift
scale_0.25,65536,True,torch.float32,1234,0.1,16,2,256,0.02898700162768364,0.03417022153735161,,,,,,,rare_sharp_shift
scale_0.25,65536,True,torch.float32,1234,0.1,16,3,256,0.02976282685995102,0.03479819744825363,,,,,,,rare_sharp_shift
scale_0.25,65536,True,torch.float32,1234,0.1,16,4,256,0.03394503891468048,0.040213316679000854,,,,,,,rare_sharp_shift
scale_0.25,65536,True,torch.float32,1234,0.1,16,5,256,0.024184364825487137,0.029876910150051117,,,,,,,rare_sharp_shift
scale_0.25,65536,True,torch.float32,1234,0.1,16,6,256,0.024418488144874573,0.029753316193819046,,,,,,,rare_sharp_shift
scale_0.25,65536,True,torch.float32,1234,0.1,16,7,256,0.026872247457504272,0.031589772552251816,,,,,,,rare_sharp_shift
scale_0.4,512,False,torch.float16,1234,0.1,16,0,0,0.0,0.0,,,,,,,
scale_0.4,512,False,torch.float16,1234,0.1,16,1,0,0.0,0.0,,,,,,,
scale_0.4,512,False,torch.float16,1234,0.1,16,2,1024,0.09585050493478775,0.13695739209651947,,,,,,,
scale_0.4,512,False,torch.float16,1234,0.1,16,3,0,0.0,0.0,,,,,,,
scale_0.4,512,False,torch.float16,1234,0.1,16,4,1024,0.09747923910617828,0.14263078570365906,,,,,,,
scale_0.4,512,False,torch.float16,1234,0.1,16,5,1024,0.09249217808246613,0.12417098879814148,,,,,,,
scale_0.4,512,False,torch.float16,1234,0.1,16,6,0,0.0,0.0,,,,,,,
scale_0.4,512,False,torch.float16,1234,0.1,16,7,0,0.0,0.0,,,,,,,
scale_0.4,512,False,torch.float16,1234,0.1,16,0,0,,,all_query_rows,0.0,0.0,0.0,0,0,
scale_0.4,512,False,torch.float16,1234,0.1,16,1,0,,,all_query_rows,0.0,0.0,0.0,0,0,
scale_0.4,512,False,torch.float16,1234,0.1,16,2,1024,,,all_query_rows,0.09629087895154953,0.1363528072834015,0.21552985906600952,173,0,
scale_0.4,512,False,torch.float16,1234,0.1,16,3,0,,,all_query_rows,0.0,0.0,0.0,0,0,
scale_0.4,512,False,torch.float16,1234,0.1,16,4,1024,,,all_query_rows,0.0955067127943039,0.14144790172576904,0.24395102262496948,163,0,
scale_0.4,512,False,torch.float16,1234,0.1,16,5,1024,,,all_query_rows,0.09353667497634888,0.12834545969963074,0.2584607005119324,141,0,
scale_0.4,512,False,torch.float16,1234,0.1,16,6,0,,,all_query_rows,0.0,0.0,0.0,0,0,
scale_0.4,512,False,torch.float16,1234,0.1,16,7,0,,,all_query_rows,0.0,0.0,0.0,0,0,
scale_0.4,512,False,torch.float16,1234,0.1,16,0,0,0.0,0.0,,,,,,,scale_0.4
scale_0.4,512,False,torch.float16,1234,0.1,16,1,0,0.0,0.0,,,,,,,scale_0.4
scale_0.4,512,False,torch.float16,1234,0.1,16,2,1024,0.09805531054735184,0.15205903351306915,,,,,,,scale_0.4
scale_0.4,512,False,torch.float16,1234,0.1,16,3,0,0.0,0.0,,,,,,,scale_0.4
scale_0.4,512,False,torch.float16,1234,0.1,16,4,1024,0.0981234461069107,0.13454484939575195,,,,,,,scale_0.4
scale_0.4,512,False,torch.float16,1234,0.1,16,5,1024,0.0859481543302536,0.1217287927865982,,,,,,,scale_0.4
scale_0.4,512,False,torch.float16,1234,0.1,16,6,0,0.0,0.0,,,,,,,scale_0.4
scale_0.4,512,False,torch.float16,1234,0.1,16,7,0,0.0,0.0,,,,,,,scale_0.4
scale_0.4,512,False,torch.float16,1234,0.1,16,0,0,0.0,0.0,,,,,,,scale_1.0
scale_0.4,512,False,torch.float16,1234,0.1,16,1,0,0.0,0.0,,,,,,,scale_1.0
scale_0.4,512,False,torch.float16,1234,0.1,16,2,1024,2.4430031776428223,6.360267639160156,,,,,,,scale_1.0
scale_0.4,512,False,torch.float16,1234,0.1,16,3,0,0.0,0.0,,,,,,,scale_1.0
scale_0.4,512,False,torch.float16,1234,0.1,16,4,1024,2.7050013542175293,6.538634300231934,,,,,,,scale_1.0
scale_0.4,512,False,torch.float16,1234,0.1,16,5,1024,2.4049625396728516,5.4539794921875,,,,,,,scale_1.0
scale_0.4,512,False,torch.float16,1234,0.1,16,6,0,0.0,0.0,,,,,,,scale_1.0
scale_0.4,512,False,torch.float16,1234,0.1,16,7,0,0.0,0.0,,,,,,,scale_1.0
scale_0.4,512,False,torch.float16,1234,0.1,16,0,0,0.0,0.0,,,,,,,rare_sharp_shift
scale_0.4,512,False,torch.float16,1234,0.1,16,1,0,0.0,0.0,,,,,,,rare_sharp_shift
scale_0.4,512,False,torch.float16,1234,0.1,16,2,1024,0.029553167521953583,0.016016025096178055,,,,,,,rare_sharp_shift
scale_0.4,512,False,torch.float16,1234,0.1,16,3,0,0.0,0.0,,,,,,,rare_sharp_shift
scale_0.4,512,False,torch.float16,1234,0.1,16,4,1024,0.03076286055147648,0.016949191689491272,,,,,,,rare_sharp_shift
scale_0.4,512,False,torch.float16,1234,0.1,16,5,1024,0.02698460966348648,0.013220002874732018,,,,,,,rare_sharp_shift
scale_0.4,512,False,torch.float16,1234,0.1,16,6,0,0.0,0.0,,,,,,,rare_sharp_shift
scale_0.4,512,False,torch.float16,1234,0.1,16,7,0,0.0,0.0,,,,,,,rare_sharp_shift
scale_0.4,1024,False,torch.float16,1234,0.1,16,0,1024,0.10096067190170288,0.14966756105422974,,,,,,,
scale_0.4,1024,False,torch.float16,1234,0.1,16,1,1024,0.09188535809516907,0.13217097520828247,,,,,,,
scale_0.4,1024,False,torch.float16,1234,0.1,16,2,0,0.0,0.0,,,,,,,
scale_0.4,1024,False,torch.float16,1234,0.1,16,3,0,0.0,0.0,,,,,,,
scale_0.4,1024,False,torch.float16,1234,0.1,16,4,1024,0.08974958956241608,0.12997986376285553,,,,,,,
scale_0.4,1024,False,torch.float16,1234,0.1,16,5,1024,0.10085361450910568,0.1337212771177292,,,,,,,
scale_0.4,1024,False,torch.float16,1234,0.1,16,6,1024,0.09175136685371399,0.1278919279575348,,,,,,,
scale_0.4,1024,False,torch.float16,1234,0.1,16,7,0,0.0,0.0,,,,,,,
scale_0.4,1024,False,torch.float16,1234,0.1,16,0,1024,,,all_query_rows,0.10087798535823822,0.1453569382429123,0.8782073259353638,401,0,
scale_0.4,1024,False,torch.float16,1234,0.1,16,1,1024,,,all_query_rows,0.08869156986474991,0.12531155347824097,0.34441179037094116,217,0,
scale_0.4,1024,False,torch.float16,1234,0.1,16,2,0,,,all_query_rows,0.0,0.0,0.0,0,0,
scale_0.4,1024,False,torch.float16,1234,0.1,16,3,0,,,all_query_rows,0.0,0.0,0.0,0,0,
scale_0.4,1024,False,torch.float16,1234,0.1,16,4,1024,,,all_query_rows,0.08958840370178223,0.12967455387115479,0.27340149879455566,233,0,
scale_0.4,1024,False,torch.float16,1234,0.1,16,5,1024,,,all_query_rows,0.10011657327413559,0.14426809549331665,0.36433953046798706,404,0,
scale_0.4,1024,False,torch.float16,1234,0.1,16,6,1024,,,all_query_rows,0.09054296463727951,0.12332139909267426,0.32999053597450256,237,0,
scale_0.4,1024,False,torch.float16,1234,0.1,16,7,0,,,all_query_rows,0.0,0.0,0.0,0,0,
scale_0.4,1024,False,torch.float16,1234,0.1,16,0,1024,0.10158608853816986,0.13729406893253326,,,,,,,scale_0.4
scale_0.4,1024,False,torch.float16,1234,0.1,16,1,1024,0.10652190446853638,0.1479627788066864,,,,,,,scale_0.4
scale_0.4,1024,False,torch.float16,1234,0.1,16,2,0,0.0,0.0,,,,,,,scale_0.4
scale_0.4,1024,False,torch.float16,1234,0.1,16,3,0,0.0,0.0,,,,,,,scale_0.4
scale_0.4,1024,False,torch.float16,1234,0.1,16,4,1024,0.10407321155071259,0.1537727564573288,,,,,,,scale_0.4
scale_0.4,1024,False,torch.float16,1234,0.1,16,5,1024,0.10399524867534637,0.144511416554451,,,,,,,scale_0.4
scale_0.4,1024,False,torch.float16,1234,0.1,16,6,1024,0.10965725034475327,0.15178899466991425,,,,,,,scale_0.4
scale_0.4,1024,False,torch.float16,1234,0.1,16,7,0,0.0,0.0,,,,,,,scale_0.4
scale_0.4,1024,False,torch.float16,1234,0.1,16,0,1024,3.2647409439086914,7.988933563232422,,,,,,,scale_1.0
scale_0.4,1024,False,torch.float16,1234,0.1,16,1,1024,3.1183581352233887,7.6612749099731445,,,,,,,scale_1.0
scale_0.4,1024,False,torch.float16,1234,0.1,16,2,0,0.0,0.0,,,,,,,scale_1.0
scale_0.4,1024,False,torch.float16,1234,0.1,16,3,0,0.0,0.0,,,,,,,scale_1.0
scale_0.4,1024,False,torch.float16,1234,0.1,16,4,1024,3.4420881271362305,9.245744705200195,,,,,,,scale_1.0
scale_0.4,1024,False,torch.float16,1234,0.1,16,5,1024,3.093400001525879,7.624009132385254,,,,,,,scale_1.0
scale_0.4,1024,False,torch.float16,1234,0.1,16,6,1024,2.998671531677246,7.226566791534424,,,,,,,scale_1.0
scale_0.4,1024,False,torch.float16,1234,0.1,16,7,0,0.0,0.0,,,,,,,scale_1.0
scale_0.4,1024,False,torch.float16,1234,0.1,16,0,1024,0.027709446847438812,0.018362481147050858,,,,,,,rare_sharp_shift
scale_0.4,1024,False,torch.float16,1234,0.1,16,1,1024,0.02767123281955719,0.018333587795495987,,,,,,,rare_sharp_shift
scale_0.4,1024,False,torch.float16,1234,0.1,16,2,0,0.0,0.0,,,,,,,rare_sharp_shift
scale_0.4,1024,False,torch.float16,1234,0.1,16,3,0,0.0,0.0,,,,,,,rare_sharp_shift
scale_0.4,1024,False,torch.float16,1234,0.1,16,4,1024,0.026213860139250755,0.01658916473388672,,,,,,,rare_sharp_shift
scale_0.4,1024,False,torch.float16,1234,0.1,16,5,1024,0.027212608605623245,0.0178057998418808,,,,,,,rare_sharp_shift
scale_0.4,1024,False,torch.float16,1234,0.1,16,6,1024,0.029106924310326576,0.019632548093795776,,,,,,,rare_sharp_shift
scale_0.4,1024,False,torch.float16,1234,0.1,16,7,0,0.0,0.0,,,,,,,rare_sharp_shift
scale_0.4,2048,False,torch.float16,1234,0.1,16,0,0,0.0,0.0,,,,,,,
scale_0.4,2048,False,torch.float16,1234,0.1,16,1,1024,0.10331882536411285,0.14701694250106812,,,,,,,
scale_0.4,2048,False,torch.float16,1234,0.1,16,2,0,0.0,0.0,,,,,,,
scale_0.4,2048,False,torch.float16,1234,0.1,16,3,1024,0.09405989199876785,0.12594476342201233,,,,,,,
scale_0.4,2048,False,torch.float16,1234,0.1,16,4,1024,0.09381946921348572,0.13471263647079468,,,,,,,
scale_0.4,2048,False,torch.float16,1234,0.1,16,5,0,0.0,0.0,,,,,,,
scale_0.4,2048,False,torch.float16,1234,0.1,16,6,1024,0.08821570873260498,0.1327962875366211,,,,,,,
scale_0.4,2048,False,torch.float16,1234,0.1,16,7,0,0.0,0.0,,,,,,,
scale_0.4,2048,False,torch.float16,1234,0.1,16,0,0,,,all_query_rows,0.0,0.0,0.0,0,0,
scale_0.4,2048,False,torch.float16,1234,0.1,16,1,1024,,,all_query_rows,0.09993932396173477,0.14175210893154144,0.6631022095680237,792,0,
scale_0.4,2048,False,torch.float16,1234,0.1,16,2,0,,,all_query_rows,0.0,0.0,0.0,0,0,
scale_0.4,2048,False,torch.float16,1234,0.1,16,3,1024,,,all_query_rows,0.09686072170734406,0.13523805141448975,0.5729935169219971,700,0,
scale_0.4,2048,False,torch.float16,1234,0.1,16,4,1024,,,all_query_rows,0.09279743582010269,0.13062410056591034,0.3887580931186676,550,0,
scale_0.4,2048,False,torch.float16,1234,0.1,16,5,0,,,all_query_rows,0.0,0.0,0.0,0,0,
scale_0.4,2048,False,torch.float16,1234,0.1,16,6,1024,,,all_query_rows,0.08780450373888016,0.12574626505374908,0.3593108654022217,374,0,
scale_0.4,2048,False,torch.float16,1234,0.1,16,7,0,,,all_query_rows,0.0,0.0,0.0,0,0,
scale_0.4,2048,False,torch.float16,1234,0.1,16,0,0,0.0,0.0,,,,,,,scale_0.4
scale_0.4,2048,False,torch.float16,1234,0.1,16,1,1024,0.09866994619369507,0.13938872516155243,,,,,,,scale_0.4
scale_0.4,2048,False,torch.float16,1234,0.1,16,2,0,0.0,0.0,,,,,,,scale_0.4
scale_0.4,2048,False,torch.float16,1234,0.1,16,3,1024,0.11012691259384155,0.15157422423362732,,,,,,,scale_0.4
scale_0.4,2048,False,torch.float16,1234,0.1,16,4,1024,0.11204934120178223,0.14721807837486267,,,,,,,scale_0.4
scale_0.4,2048,False,torch.float16,1234,0.1,16,5,0,0.0,0.0,,,,,,,scale_0.4
scale_0.4,2048,False,torch.float16,1234,0.1,16,6,1024,0.10748474299907684,0.14410853385925293,,,,,,,scale_0.4
scale_0.4,2048,False,torch.float16,1234,0.1,16,7,0,0.0,0.0,,,,,,,scale_0.4
scale_0.4,2048,False,torch.float16,1234,0.1,16,0,0,0.0,0.0,,,,,,,scale_1.0
scale_0.4,2048,False,torch.float16,1234,0.1,16,1,1024,3.6300559043884277,8.602499008178711,,,,,,,scale_1.0
scale_0.4,2048,False,torch.float16,1234,0.1,16,2,0,0.0,0.0,,,,,,,scale_1.0
scale_0.4,2048,False,torch.float16,1234,0.1,16,3,1024,3.890620470046997,8.305086135864258,,,,,,,scale_1.0
scale_0.4,2048,False,torch.float16,1234,0.1,16,4,1024,3.0594911575317383,6.818653106689453,,,,,,,scale_1.0
scale_0.4,2048,False,torch.float16,1234,0.1,16,5,0,0.0,0.0,,,,,,,scale_1.0
scale_0.4,2048,False,torch.float16,1234,0.1,16,6,1024,3.702340841293335,9.67113208770752,,,,,,,scale_1.0
scale_0.4,2048,False,torch.float16,1234,0.1,16,7,0,0.0,0.0,,,,,,,scale_1.0
scale_0.4,2048,False,torch.float16,1234,0.1,16,0,0,0.0,0.0,,,,,,,rare_sharp_shift
scale_0.4,2048,False,torch.float16,1234,0.1,16,1,1024,0.018543299287557602,0.016487929970026016,,,,,,,rare_sharp_shift
scale_0.4,2048,False,torch.float16,1234,0.1,16,2,0,0.0,0.0,,,,,,,rare_sharp_shift
scale_0.4,2048,False,torch.float16,1234,0.1,16,3,1024,0.021281857043504715,0.019221868366003036,,,,,,,rare_sharp_shift
scale_0.4,2048,False,torch.float16,1234,0.1,16,4,1024,0.022846892476081848,0.02117430418729782,,,,,,,rare_sharp_shift
scale_0.4,2048,False,torch.float16,1234,0.1,16,5,0,0.0,0.0,,,,,,,rare_sharp_shift
scale_0.4,2048,False,torch.float16,1234,0.1,16,6,1024,0.020396359264850616,0.018672440201044083,,,,,,,rare_sharp_shift
scale_0.4,2048,False,torch.float16,1234,0.1,16,7,0,0.0,0.0,,,,,,,rare_sharp_shift
scale_0.4,4096,False,torch.float16,1234,0.1,16,0,0,0.0,0.0,,,,,,,
scale_0.4,4096,False,torch.float16,1234,0.1,16,1,0,0.0,0.0,,,,,,,
scale_0.4,4096,False,torch.float16,1234,0.1,16,2,1024,0.09684718400239944,0.1277870535850525,,,,,,,
scale_0.4,4096,False,torch.float16,1234,0.1,16,3,0,0.0,0.0,,,,,,,
scale_0.4,4096,False,torch.float16,1234,0.1,16,4,1024,0.10641145706176758,0.1465267539024353,,,,,,,
scale_0.4,4096,False,torch.float16,1234,0.1,16,5,1024,0.09161500632762909,0.13178884983062744,,,,,,,
scale_0.4,4096,False,torch.float16,1234,0.1,16,6,1024,0.10090143978595734,0.14820319414138794,,,,,,,
scale_0.4,4096,False,torch.float16,1234,0.1,16,7,0,0.0,0.0,,,,,,,
scale_0.4,4096,False,torch.float16,1234,0.1,16,0,0,,,all_query_rows,0.0,0.0,0.0,0,0,
scale_0.4,4096,False,torch.float16,1234,0.1,16,1,0,,,all_query_rows,0.0,0.0,0.0,0,0,
scale_0.4,4096,False,torch.float16,1234,0.1,16,2,1024,,,all_query_rows,0.09880045801401138,0.13549327850341797,0.45173215866088867,1558,0,
scale_0.4,4096,False,torch.float16,1234,0.1,16,3,0,,,all_query_rows,0.0,0.0,0.0,0,0,
scale_0.4,4096,False,torch.float16,1234,0.1,16,4,1024,,,all_query_rows,0.10700442641973495,0.15193095803260803,0.6268616914749146,2182,0,
scale_0.4,4096,False,torch.float16,1234,0.1,16,5,1024,,,all_query_rows,0.0903758630156517,0.1293349266052246,0.35194844007492065,948,0,
scale_0.4,4096,False,torch.float16,1234,0.1,16,6,1024,,,all_query_rows,0.10056325048208237,0.14186346530914307,0.4204033613204956,1643,0,
scale_0.4,4096,False,torch.float16,1234,0.1,16,7,0,,,all_query_rows,0.0,0.0,0.0,0,0,
scale_0.4,4096,False,torch.float16,1234,0.1,16,0,0,0.0,0.0,,,,,,,scale_0.4
scale_0.4,4096,False,torch.float16,1234,0.1,16,1,0,0.0,0.0,,,,,,,scale_0.4
scale_0.4,4096,False,torch.float16,1234,0.1,16,2,1024,0.1085236519575119,0.14814996719360352,,,,,,,scale_0.4
scale_0.4,4096,False,torch.float16,1234,0.1,16,3,0,0.0,0.0,,,,,,,scale_0.4
scale_0.4,4096,False,torch.float16,1234,0.1,16,4,1024,0.10042373836040497,0.13801559805870056,,,,,,,scale_0.4
scale_0.4,4096,False,torch.float16,1234,0.1,16,5,1024,0.08344818651676178,0.11589717119932175,,,,,,,scale_0.4
scale_0.4,4096,False,torch.float16,1234,0.1,16,6,1024,0.09573397040367126,0.13298140466213226,,,,,,,scale_0.4
scale_0.4,4096,False,torch.float16,1234,0.1,16,7,0,0.0,0.0,,,,,,,scale_0.4
scale_0.4,4096,False,torch.float16,1234,0.1,16,0,0,0.0,0.0,,,,,,,scale_1.0
scale_0.4,4096,False,torch.float16,1234,0.1,16,1,0,0.0,0.0,,,,,,,scale_1.0
scale_0.4,4096,False,torch.float16,1234,0.1,16,2,1024,3.884728193283081,9.314854621887207,,,,,,,scale_1.0
scale_0.4,4096,False,torch.float16,1234,0.1,16,3,0,0.0,0.0,,,,,,,scale_1.0
scale_0.4,4096,False,torch.float16,1234,0.1,16,4,1024,3.466250419616699,8.419204711914062,,,,,,,scale_1.0
scale_0.4,4096,False,torch.float16,1234,0.1,16,5,1024,3.866126537322998,9.365401268005371,,,,,,,scale_1.0
scale_0.4,4096,False,torch.float16,1234,0.1,16,6,1024,4.155274868011475,9.67910385131836,,,,,,,scale_1.0
scale_0.4,4096,False,torch.float16,1234,0.1,16,7,0,0.0,0.0,,,,,,,scale_1.0
scale_0.4,4096,False,torch.float16,1234,0.1,16,0,0,0.0,0.0,,,,,,,rare_sharp_shift
scale_0.4,4096,False,torch.float16,1234,0.1,16,1,0,0.0,0.0,,,,,,,rare_sharp_shift
scale_0.4,4096,False,torch.float16,1234,0.1,16,2,1024,0.03577987849712372,0.01854674704372883,,,,,,,rare_sharp_shift
scale_0.4,4096,False,torch.float16,1234,0.1,16,3,0,0.0,0.0,,,,,,,rare_sharp_shift
scale_0.4,4096,False,torch.float16,1234,0.1,16,4,1024,0.033853210508823395,0.016680628061294556,,,,,,,rare_sharp_shift
scale_0.4,4096,False,torch.float16,1234,0.1,16,5,1024,0.030638597905635834,0.012947778217494488,,,,,,,rare_sharp_shift
scale_0.4,4096,False,torch.float16,1234,0.1,16,6,1024,0.03363797068595886,0.016111575067043304,,,,,,,rare_sharp_shift
scale_0.4,4096,False,torch.float16,1234,0.1,16,7,0,0.0,0.0,,,,,,,rare_sharp_shift
scale_0.4,8192,False,torch.float16,1234,0.1,16,0,0,0.0,0.0,,,,,,,
scale_0.4,8192,False,torch.float16,1234,0.1,16,1,0,0.0,0.0,,,,,,,
scale_0.4,8192,False,torch.float16,1234,0.1,16,2,1024,0.10138317942619324,0.1382398009300232,,,,,,,
scale_0.4,8192,False,torch.float16,1234,0.1,16,3,1024,0.09020067006349564,0.12127885222434998,,,,,,,
scale_0.4,8192,False,torch.float16,1234,0.1,16,4,0,0.0,0.0,,,,,,,
scale_0.4,8192,False,torch.float16,1234,0.1,16,5,0,0.0,0.0,,,,,,,
scale_0.4,8192,False,torch.float16,1234,0.1,16,6,0,0.0,0.0,,,,,,,
scale_0.4,8192,False,torch.float16,1234,0.1,16,7,0,0.0,0.0,,,,,,,
scale_0.4,8192,False,torch.float16,1234,0.1,16,0,0,0.0,0.0,,,,,,,scale_0.4
scale_0.4,8192,False,torch.float16,1234,0.1,16,1,0,0.0,0.0,,,,,,,scale_0.4
scale_0.4,8192,False,torch.float16,1234,0.1,16,2,1024,0.11430101096630096,0.1680041253566742,,,,,,,scale_0.4
scale_0.4,8192,False,torch.float16,1234,0.1,16,3,1024,0.10327544063329697,0.14294981956481934,,,,,,,scale_0.4
scale_0.4,8192,False,torch.float16,1234,0.1,16,4,0,0.0,0.0,,,,,,,scale_0.4
scale_0.4,8192,False,torch.float16,1234,0.1,16,5,0,0.0,0.0,,,,,,,scale_0.4
scale_0.4,8192,False,torch.float16,1234,0.1,16,6,0,0.0,0.0,,,,,,,scale_0.4
scale_0.4,8192,False,torch.float16,1234,0.1,16,7,0,0.0,0.0,,,,,,,scale_0.4
scale_0.4,8192,False,torch.float16,1234,0.1,16,0,0,0.0,0.0,,,,,,,scale_1.0
scale_0.4,8192,False,torch.float16,1234,0.1,16,1,0,0.0,0.0,,,,,,,scale_1.0
scale_0.4,8192,False,torch.float16,1234,0.1,16,2,1024,5.2758331298828125,13.204445838928223,,,,,,,scale_1.0
scale_0.4,8192,False,torch.float16,1234,0.1,16,3,1024,5.087947368621826,10.876744270324707,,,,,,,scale_1.0
scale_0.4,8192,False,torch.float16,1234,0.1,16,4,0,0.0,0.0,,,,,,,scale_1.0
scale_0.4,8192,False,torch.float16,1234,0.1,16,5,0,0.0,0.0,,,,,,,scale_1.0
scale_0.4,8192,False,torch.float16,1234,0.1,16,6,0,0.0,0.0,,,,,,,scale_1.0
scale_0.4,8192,False,torch.float16,1234,0.1,16,7,0,0.0,0.0,,,,,,,scale_1.0
scale_0.4,8192,False,torch.float16,1234,0.1,16,0,0,0.0,0.0,,,,,,,rare_sharp_shift
scale_0.4,8192,False,torch.float16,1234,0.1,16,1,0,0.0,0.0,,,,,,,rare_sharp_shift
scale_0.4,8192,False,torch.float16,1234,0.1,16,2,1024,0.024623114615678787,0.019486602395772934,,,,,,,rare_sharp_shift
scale_0.4,8192,False,torch.float16,1234,0.1,16,3,1024,0.022338759154081345,0.01636163331568241,,,,,,,rare_sharp_shift
scale_0.4,8192,False,torch.float16,1234,0.1,16,4,0,0.0,0.0,,,,,,,rare_sharp_shift
scale_0.4,8192,False,torch.float16,1234,0.1,16,5,0,0.0,0.0,,,,,,,rare_sharp_shift
scale_0.4,8192,False,torch.float16,1234,0.1,16,6,0,0.0,0.0,,,,,,,rare_sharp_shift
scale_0.4,8192,False,torch.float16,1234,0.1,16,7,0,0.0,0.0,,,,,,,rare_sharp_shift
scale_0.4,16384,False,torch.float16,1234,0.1,16,0,0,0.0,0.0,,,,,,,
scale_0.4,16384,False,torch.float16,1234,0.1,16,1,0,0.0,0.0,,,,,,,
scale_0.4,16384,False,torch.float16,1234,0.1,16,2,1024,0.09537890553474426,0.13384759426116943,,,,,,,
scale_0.4,16384,False,torch.float16,1234,0.1,16,3,1024,0.10507992655038834,0.14939063787460327,,,,,,,
scale_0.4,16384,False,torch.float16,1234,0.1,16,4,0,0.0,0.0,,,,,,,
scale_0.4,16384,False,torch.float16,1234,0.1,16,5,0,0.0,0.0,,,,,,,
scale_0.4,16384,False,torch.float16,1234,0.1,16,6,1024,0.09795020520687103,0.1362738460302353,,,,,,,
scale_0.4,16384,False,torch.float16,1234,0.1,16,7,0,0.0,0.0,,,,,,,
scale_0.4,16384,False,torch.float16,1234,0.1,16,0,0,0.0,0.0,,,,,,,scale_0.4
scale_0.4,16384,False,torch.float16,1234,0.1,16,1,0,0.0,0.0,,,,,,,scale_0.4
scale_0.4,16384,False,torch.float16,1234,0.1,16,2,1024,0.10014697909355164,0.13407739996910095,,,,,,,scale_0.4
scale_0.4,16384,False,torch.float16,1234,0.1,16,3,1024,0.08437690138816833,0.12101530283689499,,,,,,,scale_0.4
scale_0.4,16384,False,torch.float16,1234,0.1,16,4,0,0.0,0.0,,,,,,,scale_0.4
scale_0.4,16384,False,torch.float16,1234,0.1,16,5,0,0.0,0.0,,,,,,,scale_0.4
scale_0.4,16384,False,torch.float16,1234,0.1,16,6,1024,0.10642282664775848,0.1517494022846222,,,,,,,scale_0.4
scale_0.4,16384,False,torch.float16,1234,0.1,16,7,0,0.0,0.0,,,,,,,scale_0.4
scale_0.4,16384,False,torch.float16,1234,0.1,16,0,0,0.0,0.0,,,,,,,scale_1.0
scale_0.4,16384,False,torch.float16,1234,0.1,16,1,0,0.0,0.0,,,,,,,scale_1.0
scale_0.4,16384,False,torch.float16,1234,0.1,16,2,1024,5.235279083251953,12.085750579833984,,,,,,,scale_1.0
scale_0.4,16384,False,torch.float16,1234,0.1,16,3,1024,4.995013236999512,12.198945045471191,,,,,,,scale_1.0
scale_0.4,16384,False,torch.float16,1234,0.1,16,4,0,0.0,0.0,,,,,,,scale_1.0
scale_0.4,16384,False,torch.float16,1234,0.1,16,5,0,0.0,0.0,,,,,,,scale_1.0
scale_0.4,16384,False,torch.float16,1234,0.1,16,6,1024,5.614603519439697,14.218562126159668,,,,,,,scale_1.0
scale_0.4,16384,False,torch.float16,1234,0.1,16,7,0,0.0,0.0,,,,,,,scale_1.0
scale_0.4,16384,False,torch.float16,1234,0.1,16,0,0,0.0,0.0,,,,,,,rare_sharp_shift
scale_0.4,16384,False,torch.float16,1234,0.1,16,1,0,0.0,0.0,,,,,,,rare_sharp_shift
scale_0.4,16384,False,torch.float16,1234,0.1,16,2,1024,0.02555958554148674,0.015461006201803684,,,,,,,rare_sharp_shift
scale_0.4,16384,False,torch.float16,1234,0.1,16,3,1024,0.02331872470676899,0.013113033957779408,,,,,,,rare_sharp_shift
scale_0.4,16384,False,torch.float16,1234,0.1,16,4,0,0.0,0.0,,,,,,,rare_sharp_shift
scale_0.4,16384,False,torch.float16,1234,0.1,16,5,0,0.0,0.0,,,,,,,rare_sharp_shift
scale_0.4,16384,False,torch.float16,1234,0.1,16,6,1024,0.027810417115688324,0.018234632909297943,,,,,,,rare_sharp_shift
scale_0.4,16384,False,torch.float16,1234,0.1,16,7,0,0.0,0.0,,,,,,,rare_sharp_shift
scale_0.4,32768,False,torch.float16,1234,0.1,16,0,1024,0.0999964028596878,0.13708575069904327,,,,,,,
scale_0.4,32768,False,torch.float16,1234,0.1,16,1,1024,0.09404449909925461,0.13221454620361328,,,,,,,
scale_0.4,32768,False,torch.float16,1234,0.1,16,2,0,0.0,0.0,,,,,,,
scale_0.4,32768,False,torch.float16,1234,0.1,16,3,0,0.0,0.0,,,,,,,
scale_0.4,32768,False,torch.float16,1234,0.1,16,4,0,0.0,0.0,,,,,,,
scale_0.4,32768,False,torch.float16,1234,0.1,16,5,0,0.0,0.0,,,,,,,
scale_0.4,32768,False,torch.float16,1234,0.1,16,6,1024,0.09671902656555176,0.14064359664916992,,,,,,,
scale_0.4,32768,False,torch.float16,1234,0.1,16,7,1024,0.10299405455589294,0.13862842321395874,,,,,,,
scale_0.4,32768,False,torch.float16,1234,0.1,16,0,1024,0.11770078539848328,0.160369873046875,,,,,,,scale_0.4
scale_0.4,32768,False,torch.float16,1234,0.1,16,1,1024,0.10127174109220505,0.1501394659280777,,,,,,,scale_0.4
scale_0.4,32768,False,torch.float16,1234,0.1,16,2,0,0.0,0.0,,,,,,,scale_0.4
scale_0.4,32768,False,torch.float16,1234,0.1,16,3,0,0.0,0.0,,,,,,,scale_0.4
scale_0.4,32768,False,torch.float16,1234,0.1,16,4,0,0.0,0.0,,,,,,,scale_0.4
scale_0.4,32768,False,torch.float16,1234,0.1,16,5,0,0.0,0.0,,,,,,,scale_0.4
scale_0.4,32768,False,torch.float16,1234,0.1,16,6,1024,0.10277576744556427,0.14567510783672333,,,,,,,scale_0.4
scale_0.4,32768,False,torch.float16,1234,0.1,16,7,1024,0.09607774019241333,0.12906071543693542,,,,,,,scale_0.4
scale_0.4,32768,False,torch.float16,1234,0.1,16,0,1024,6.000390529632568,14.113265037536621,,,,,,,scale_1.0
scale_0.4,32768,False,torch.float16,1234,0.1,16,1,1024,5.102749347686768,11.490467071533203,,,,,,,scale_1.0
scale_0.4,32768,False,torch.float16,1234,0.1,16,2,0,0.0,0.0,,,,,,,scale_1.0
scale_0.4,32768,False,torch.float16,1234,0.1,16,3,0,0.0,0.0,,,,,,,scale_1.0
scale_0.4,32768,False,torch.float16,1234,0.1,16,4,0,0.0,0.0,,,,,,,scale_1.0
scale_0.4,32768,False,torch.float16,1234,0.1,16,5,0,0.0,0.0,,,,,,,scale_1.0
scale_0.4,32768,False,torch.float16,1234,0.1,16,6,1024,6.08757209777832,14.12697696685791,,,,,,,scale_1.0
scale_0.4,32768,False,torch.float16,1234,0.1,16,7,1024,5.343732833862305,11.873954772949219,,,,,,,scale_1.0
scale_0.4,32768,False,torch.float16,1234,0.1,16,0,1024,0.02474263682961464,0.019227420911192894,,,,,,,rare_sharp_shift
scale_0.4,32768,False,torch.float16,1234,0.1,16,1,1024,0.022201867774128914,0.016336005181074142,,,,,,,rare_sharp_shift
scale_0.4,32768,False,torch.float16,1234,0.1,16,2,0,0.0,0.0,,,,,,,rare_sharp_shift
scale_0.4,32768,False,torch.float16,1234,0.1,16,3,0,0.0,0.0,,,,,,,rare_sharp_shift
scale_0.4,32768,False,torch.float16,1234,0.1,16,4,0,0.0,0.0,,,,,,,rare_sharp_shift
scale_0.4,32768,False,torch.float16,1234,0.1,16,5,0,0.0,0.0,,,,,,,rare_sharp_shift
scale_0.4,32768,False,torch.float16,1234,0.1,16,6,1024,0.02209674008190632,0.01675906404852867,,,,,,,rare_sharp_shift
scale_0.4,32768,False,torch.float16,1234,0.1,16,7,1024,0.02181020751595497,0.0157378688454628,,,,,,,rare_sharp_shift
scale_0.4,65536,False,torch.float16,1234,0.1,16,0,0,0.0,0.0,,,,,,,
scale_0.4,65536,False,torch.float16,1234,0.1,16,1,0,0.0,0.0,,,,,,,
scale_0.4,65536,False,torch.float16,1234,0.1,16,2,1024,0.09841834008693695,0.13183443248271942,,,,,,,
scale_0.4,65536,False,torch.float16,1234,0.1,16,3,0,0.0,0.0,,,,,,,
scale_0.4,65536,False,torch.float16,1234,0.1,16,4,1024,0.10221380740404129,0.14779341220855713,,,,,,,
scale_0.4,65536,False,torch.float16,1234,0.1,16,5,1024,0.09418840706348419,0.137370765209198,,,,,,,
scale_0.4,65536,False,torch.float16,1234,0.1,16,6,0,0.0,0.0,,,,,,,
scale_0.4,65536,False,torch.float16,1234,0.1,16,7,0,0.0,0.0,,,,,,,
scale_0.4,65536,False,torch.float16,1234,0.1,16,0,0,0.0,0.0,,,,,,,scale_0.4
scale_0.4,65536,False,torch.float16,1234,0.1,16,1,0,0.0,0.0,,,,,,,scale_0.4
scale_0.4,65536,False,torch.float16,1234,0.1,16,2,1024,0.10607004910707474,0.14985406398773193,,,,,,,scale_0.4
scale_0.4,65536,False,torch.float16,1234,0.1,16,3,0,0.0,0.0,,,,,,,scale_0.4
scale_0.4,65536,False,torch.float16,1234,0.1,16,4,1024,0.11547750234603882,0.16524291038513184,,,,,,,scale_0.4
scale_0.4,65536,False,torch.float16,1234,0.1,16,5,1024,0.09155173599720001,0.12554419040679932,,,,,,,scale_0.4
scale_0.4,65536,False,torch.float16,1234,0.1,16,6,0,0.0,0.0,,,,,,,scale_0.4
scale_0.4,65536,False,torch.float16,1234,0.1,16,7,0,0.0,0.0,,,,,,,scale_0.4
scale_0.4,65536,False,torch.float16,1234,0.1,16,0,0,0.0,0.0,,,,,,,scale_1.0
scale_0.4,65536,False,torch.float16,1234,0.1,16,1,0,0.0,0.0,,,,,,,scale_1.0
scale_0.4,65536,False,torch.float16,1234,0.1,16,2,1024,6.401389122009277,15.666996955871582,,,,,,,scale_1.0
scale_0.4,65536,False,torch.float16,1234,0.1,16,3,0,0.0,0.0,,,,,,,scale_1.0
scale_0.4,65536,False,torch.float16,1234,0.1,16,4,1024,6.439784526824951,14.61088752746582,,,,,,,scale_1.0
scale_0.4,65536,False,torch.float16,1234,0.1,16,5,1024,6.4865617752075195,20.6011962890625,,,,,,,scale_1.0
scale_0.4,65536,False,torch.float16,1234,0.1,16,6,0,0.0,0.0,,,,,,,scale_1.0
scale_0.4,65536,False,torch.float16,1234,0.1,16,7,0,0.0,0.0,,,,,,,scale_1.0
scale_0.4,65536,False,torch.float16,1234,0.1,16,0,0,0.0,0.0,,,,,,,rare_sharp_shift
scale_0.4,65536,False,torch.float16,1234,0.1,16,1,0,0.0,0.0,,,,,,,rare_sharp_shift
scale_0.4,65536,False,torch.float16,1234,0.1,16,2,1024,0.014878093264997005,0.016599737107753754,,,,,,,rare_sharp_shift
scale_0.4,65536,False,torch.float16,1234,0.1,16,3,0,0.0,0.0,,,,,,,rare_sharp_shift
scale_0.4,65536,False,torch.float16,1234,0.1,16,4,1024,0.016434280201792717,0.018564745783805847,,,,,,,rare_sharp_shift
scale_0.4,65536,False,torch.float16,1234,0.1,16,5,1024,0.013162000104784966,0.014673188328742981,,,,,,,rare_sharp_shift
scale_0.4,65536,False,torch.float16,1234,0.1,16,6,0,0.0,0.0,,,,,,,rare_sharp_shift
scale_0.4,65536,False,torch.float16,1234,0.1,16,7,0,0.0,0.0,,,,,,,rare_sharp_shift
scale_0.4,512,False,torch.float32,1234,0.1,16,0,0,0.0,0.0,,,,,,,
scale_0.4,512,False,torch.float32,1234,0.1,16,1,0,0.0,0.0,,,,,,,
scale_0.4,512,False,torch.float32,1234,0.1,16,2,1024,0.09585501253604889,0.13698720932006836,,,,,,,
scale_0.4,512,False,torch.float32,1234,0.1,16,3,0,0.0,0.0,,,,,,,
scale_0.4,512,False,torch.float32,1234,0.1,16,4,1024,0.09747741371393204,0.1426500678062439,,,,,,,
scale_0.4,512,False,torch.float32,1234,0.1,16,5,1024,0.09249258041381836,0.12418068200349808,,,,,,,
scale_0.4,512,False,torch.float32,1234,0.1,16,6,0,0.0,0.0,,,,,,,
scale_0.4,512,False,torch.float32,1234,0.1,16,7,0,0.0,0.0,,,,,,,
scale_0.4,512,False,torch.float32,1234,0.1,16,0,0,,,all_query_rows,0.0,0.0,0.0,0,0,
scale_0.4,512,False,torch.float32,1234,0.1,16,1,0,,,all_query_rows,0.0,0.0,0.0,0,0,
scale_0.4,512,False,torch.float32,1234,0.1,16,2,1024,,,all_query_rows,0.09629425406455994,0.1363619863986969,0.21559211611747742,172,0,
scale_0.4,512,False,torch.float32,1234,0.1,16,3,0,,,all_query_rows,0.0,0.0,0.0,0,0,
scale_0.4,512,False,torch.float32,1234,0.1,16,4,1024,,,all_query_rows,0.09550628066062927,0.14152245223522186,0.2439219057559967,163,0,
scale_0.4,512,False,torch.float32,1234,0.1,16,5,1024,,,all_query_rows,0.09353821724653244,0.12833674252033234,0.258637011051178,141,0,
scale_0.4,512,False,torch.float32,1234,0.1,16,6,0,,,all_query_rows,0.0,0.0,0.0,0,0,
scale_0.4,512,False,torch.float32,1234,0.1,16,7,0,,,all_query_rows,0.0,0.0,0.0,0,0,
scale_0.4,512,False,torch.float32,1234,0.1,16,0,0,0.0,0.0,,,,,,,scale_0.4
scale_0.4,512,False,torch.float32,1234,0.1,16,1,0,0.0,0.0,,,,,,,scale_0.4
scale_0.4,512,False,torch.float32,1234,0.1,16,2,1024,0.0980556309223175,0.1520654559135437,,,,,,,scale_0.4
scale_0.4,512,False,torch.float32,1234,0.1,16,3,0,0.0,0.0,,,,,,,scale_0.4
scale_0.4,512,False,torch.float32,1234,0.1,16,4,1024,0.09812609851360321,0.1345190405845642,,,,,,,scale_0.4
scale_0.4,512,False,torch.float32,1234,0.1,16,5,1024,0.08594906330108643,0.12173813581466675,,,,,,,scale_0.4
scale_0.4,512,False,torch.float32,1234,0.1,16,6,0,0.0,0.0,,,,,,,scale_0.4
scale_0.4,512,False,torch.float32,1234,0.1,16,7,0,0.0,0.0,,,,,,,scale_0.4
scale_0.4,512,False,torch.float32,1234,0.1,16,0,0,0.0,0.0,,,,,,,scale_1.0
scale_0.4,512,False,torch.float32,1234,0.1,16,1,0,0.0,0.0,,,,,,,scale_1.0
scale_0.4,512,False,torch.float32,1234,0.1,16,2,1024,2.443183422088623,6.360556125640869,,,,,,,scale_1.0
scale_0.4,512,False,torch.float32,1234,0.1,16,3,0,0.0,0.0,,,,,,,scale_1.0
scale_0.4,512,False,torch.float32,1234,0.1,16,4,1024,2.705146074295044,6.539642333984375,,,,,,,scale_1.0
scale_0.4,512,False,torch.float32,1234,0.1,16,5,1024,2.404829978942871,5.451776027679443,,,,,,,scale_1.0
scale_0.4,512,False,torch.float32,1234,0.1,16,6,0,0.0,0.0,,,,,,,scale_1.0
scale_0.4,512,False,torch.float32,1234,0.1,16,7,0,0.0,0.0,,,,,,,scale_1.0
scale_0.4,512,False,torch.float32,1234,0.1,16,0,0,0.0,0.0,,,,,,,rare_sharp_shift
scale_0.4,512,False,torch.float32,1234,0.1,16,1,0,0.0,0.0,,,,,,,rare_sharp_shift
scale_0.4,512,False,torch.float32,1234,0.1,16,2,1024,0.02955261431634426,0.016014982014894485,,,,,,,rare_sharp_shift
scale_0.4,512,False,torch.float32,1234,0.1,16,3,0,0.0,0.0,,,,,,,rare_sharp_shift
scale_0.4,512,False,torch.float32,1234,0.1,16,4,1024,0.030763082206249237,0.016949765384197235,,,,,,,rare_sharp_shift
scale_0.4,512,False,torch.float32,1234,0.1,16,5,1024,0.026984764263033867,0.013220144435763359,,,,,,,rare_sharp_shift
scale_0.4,512,False,torch.float32,1234,0.1,16,6,0,0.0,0.0,,,,,,,rare_sharp_shift
scale_0.4,512,False,torch.float32,1234,0.1,16,7,0,0.0,0.0,,,,,,,rare_sharp_shift
scale_0.4,1024,False,torch.float32,1234,0.1,16,0,1024,0.1009516566991806,0.1496586799621582,,,,,,,
scale_0.4,1024,False,torch.float32,1234,0.1,16,1,1024,0.09188590198755264,0.13218924403190613,,,,,,,
scale_0.4,1024,False,torch.float32,1234,0.1,16,2,0,0.0,0.0,,,,,,,
scale_0.4,1024,False,torch.float32,1234,0.1,16,3,0,0.0,0.0,,,,,,,
scale_0.4,1024,False,torch.float32,1234,0.1,16,4,1024,0.08974789083003998,0.12996870279312134,,,,,,,
scale_0.4,1024,False,torch.float32,1234,0.1,16,5,1024,0.10085306316614151,0.13373631238937378,,,,,,,
scale_0.4,1024,False,torch.float32,1234,0.1,16,6,1024,0.09175065904855728,0.12788920104503632,,,,,,,
scale_0.4,1024,False,torch.float32,1234,0.1,16,7,0,0.0,0.0,,,,,,,
scale_0.4,1024,False,torch.float32,1234,0.1,16,0,1024,,,all_query_rows,0.10087016969919205,0.1453264355659485,0.8777457475662231,400,0,
scale_0.4,1024,False,torch.float32,1234,0.1,16,1,1024,,,all_query_rows,0.08868952095508575,0.12526753544807434,0.3444938063621521,217,0,
scale_0.4,1024,False,torch.float32,1234,0.1,16,2,0,,,all_query_rows,0.0,0.0,0.0,0,0,
scale_0.4,1024,False,torch.float32,1234,0.1,16,3,0,,,all_query_rows,0.0,0.0,0.0,0,0,
scale_0.4,1024,False,torch.float32,1234,0.1,16,4,1024,,,all_query_rows,0.08958747982978821,0.12965527176856995,0.27341729402542114,233,0,
scale_0.4,1024,False,torch.float32,1234,0.1,16,5,1024,,,all_query_rows,0.1001124233007431,0.14431142807006836,0.36438387632369995,404,0,
scale_0.4,1024,False,torch.float32,1234,0.1,16,6,1024,,,all_query_rows,0.09054175019264221,0.12338744848966599,0.32996201515197754,237,0,
scale_0.4,1024,False,torch.float32,1234,0.1,16,7,0,,,all_query_rows,0.0,0.0,0.0,0,0,
scale_0.4,1024,False,torch.float32,1234,0.1,16,0,1024,0.10158823430538177,0.13730120658874512,,,,,,,scale_0.4
scale_0.4,1024,False,torch.float32,1234,0.1,16,1,1024,0.10652662813663483,0.14798860251903534,,,,,,,scale_0.4
scale_0.4,1024,False,torch.float32,1234,0.1,16,2,0,0.0,0.0,,,,,,,scale_0.4
scale_0.4,1024,False,torch.float32,1234,0.1,16,3,0,0.0,0.0,,,,,,,scale_0.4
scale_0.4,1024,False,torch.float32,1234,0.1,16,4,1024,0.10406891256570816,0.1537414789199829,,,,,,,scale_0.4
scale_0.4,1024,False,torch.float32,1234,0.1,16,5,1024,0.10399124771356583,0.14449487626552582,,,,,,,scale_0.4
scale_0.4,1024,False,torch.float32,1234,0.1,16,6,1024,0.10965709388256073,0.15181419253349304,,,,,,,scale_0.4
scale_0.4,1024,False,torch.float32,1234,0.1,16,7,0,0.0,0.0,,,,,,,scale_0.4
scale_0.4,1024,False,torch.float32,1234,0.1,16,0,1024,3.2645444869995117,7.983895778656006,,,,,,,scale_1.0
scale_0.4,1024,False,torch.float32,1234,0.1,16,1,1024,3.1180429458618164,7.659494400024414,,,,,,,scale_1.0
scale_0.4,1024,False,torch.float32,1234,0.1,16,2,0,0.0,0.0,,,,,,,scale_1.0
scale_0.4,1024,False,torch.float32,1234,0.1,16,3,0,0.0,0.0,,,,,,,scale_1.0
scale_0.4,1024,False,torch.float32,1234,0.1,16,4,1024,3.4416208267211914,9.245972633361816,,,,,,,scale_1.0
scale_0.4,1024,False,torch.float32,1234,0.1,16,5,1024,3.0931496620178223,7.621955871582031,,,,,,,scale_1.0
scale_0.4,1024,False,torch.float32,1234,0.1,16,6,1024,2.9987502098083496,7.22633171081543,,,,,,,scale_1.0
scale_0.4,1024,False,torch.float32,1234,0.1,16,7,0,0.0,0.0,,,,,,,scale_1.0
scale_0.4,1024,False,torch.float32,1234,0.1,16,0,1024,0.02770952694118023,0.01836283691227436,,,,,,,rare_sharp_shift
scale_0.4,1024,False,torch.float32,1234,0.1,16,1,1024,0.027671772986650467,0.01833406649529934,,,,,,,rare_sharp_shift
scale_0.4,1024,False,torch.float32,1234,0.1,16,2,0,0.0,0.0,,,,,,,rare_sharp_shift
scale_0.4,1024,False,torch.float32,1234,0.1,16,3,0,0.0,0.0,,,,,,,rare_sharp_shift
scale_0.4,1024,False,torch.float32,1234,0.1,16,4,1024,0.026214491575956345,0.016589686274528503,,,,,,,rare_sharp_shift
scale_0.4,1024,False,torch.float32,1234,0.1,16,5,1024,0.027211498469114304,0.017804548144340515,,,,,,,rare_sharp_shift
scale_0.4,1024,False,torch.float32,1234,0.1,16,6,1024,0.029107239097356796,0.019633036106824875,,,,,,,rare_sharp_shift
scale_0.4,1024,False,torch.float32,1234,0.1,16,7,0,0.0,0.0,,,,,,,rare_sharp_shift
scale_0.4,2048,False,torch.float32,1234,0.1,16,0,0,0.0,0.0,,,,,,,
scale_0.4,2048,False,torch.float32,1234,0.1,16,1,1024,0.1033240482211113,0.14700277149677277,,,,,,,
scale_0.4,2048,False,torch.float32,1234,0.1,16,2,0,0.0,0.0,,,,,,,
scale_0.4,2048,False,torch.float32,1234,0.1,16,3,1024,0.09405867755413055,0.12593814730644226,,,,,,,
scale_0.4,2048,False,torch.float32,1234,0.1,16,4,1024,0.09382042288780212,0.1347094029188156,,,,,,,
scale_0.4,2048,False,torch.float32,1234,0.1,16,5,0,0.0,0.0,,,,,,,
scale_0.4,2048,False,torch.float32,1234,0.1,16,6,1024,0.0882115364074707,0.13277913630008698,,,,,,,
scale_0.4,2048,False,torch.float32,1234,0.1,16,7,0,0.0,0.0,,,,,,,
scale_0.4,2048,False,torch.float32,1234,0.1,16,0,0,,,all_query_rows,0.0,0.0,0.0,0,0,
scale_0.4,2048,False,torch.float32,1234,0.1,16,1,1024,,,all_query_rows,0.09994198381900787,0.1417861133813858,0.6631352305412292,791,0,
scale_0.4,2048,False,torch.float32,1234,0.1,16,2,0,,,all_query_rows,0.0,0.0,0.0,0,0,
scale_0.4,2048,False,torch.float32,1234,0.1,16,3,1024,,,all_query_rows,0.09685695171356201,0.13523398339748383,0.5730814337730408,700,0,
scale_0.4,2048,False,torch.float32,1234,0.1,16,4,1024,,,all_query_rows,0.09279738366603851,0.1306808888912201,0.388820081949234,550,0,
scale_0.4,2048,False,torch.float32,1234,0.1,16,5,0,,,all_query_rows,0.0,0.0,0.0,0,0,
scale_0.4,2048,False,torch.float32,1234,0.1,16,6,1024,,,all_query_rows,0.08779832720756531,0.12575925886631012,0.35917210578918457,372,0,
scale_0.4,2048,False,torch.float32,1234,0.1,16,7,0,,,all_query_rows,0.0,0.0,0.0,0,0,
scale_0.4,2048,False,torch.float32,1234,0.1,16,0,0,0.0,0.0,,,,,,,scale_0.4
scale_0.4,2048,False,torch.float32,1234,0.1,16,1,1024,0.09867237508296967,0.13939547538757324,,,,,,,scale_0.4
scale_0.4,2048,False,torch.float32,1234,0.1,16,2,0,0.0,0.0,,,,,,,scale_0.4
scale_0.4,2048,False,torch.float32,1234,0.1,16,3,1024,0.11012215167284012,0.15155214071273804,,,,,,,scale_0.4
scale_0.4,2048,False,torch.float32,1234,0.1,16,4,1024,0.11205141246318817,0.14722025394439697,,,,,,,scale_0.4
scale_0.4,2048,False,torch.float32,1234,0.1,16,5,0,0.0,0.0,,,,,,,scale_0.4
scale_0.4,2048,False,torch.float32,1234,0.1,16,6,1024,0.10748479515314102,0.14409911632537842,,,,,,,scale_0.4
scale_0.4,2048,False,torch.float32,1234,0.1,16,7,0,0.0,0.0,,,,,,,scale_0.4
scale_0.4,2048,False,torch.float32,1234,0.1,16,0,0,0.0,0.0,,,,,,,scale_1.0
scale_0.4,2048,False,torch.float32,1234,0.1,16,1,1024,3.630181312561035,8.60828971862793,,,,,,,scale_1.0
scale_0.4,2048,False,torch.float32,1234,0.1,16,2,0,0.0,0.0,,,,,,,scale_1.0
scale_0.4,2048,False,torch.float32,1234,0.1,16,3,1024,3.8910250663757324,8.307984352111816,,,,,,,scale_1.0
scale_0.4,2048,False,torch.float32,1234,0.1,16,4,1024,3.0593957901000977,6.815029144287109,,,,,,,scale_1.0
scale_0.4,2048,False,torch.float32,1234,0.1,16,5,0,0.0,0.0,,,,,,,scale_1.0
scale_0.4,2048,False,torch.float32,1234,0.1,16,6,1024,3.702479362487793,9.672635078430176,,,,,,,scale_1.0
scale_0.4,2048,False,torch.float32,1234,0.1,16,7,0,0.0,0.0,,,,,,,scale_1.0
scale_0.4,2048,False,torch.float32,1234,0.1,16,0,0,0.0,0.0,,,,,,,rare_sharp_shift
scale_0.4,2048,False,torch.float32,1234,0.1,16,1,1024,0.018544066697359085,0.01648913137614727,,,,,,,rare_sharp_shift
scale_0.4,2048,False,torch.float32,1234,0.1,16,2,0,0.0,0.0,,,,,,,rare_sharp_shift
scale_0.4,2048,False,torch.float32,1234,0.1,16,3,1024,0.021281402558088303,0.019220884889364243,,,,,,,rare_sharp_shift
scale_0.4,2048,False,torch.float32,1234,0.1,16,4,1024,0.022846944630146027,0.021174827590584755,,,,,,,rare_sharp_shift
scale_0.4,2048,False,torch.float32,1234,0.1,16,5,0,0.0,0.0,,,,,,,rare_sharp_shift
scale_0.4,2048,False,torch.float32,1234,0.1,16,6,1024,0.02039683237671852,0.018672799691557884,,,,,,,rare_sharp_shift
scale_0.4,2048,False,torch.float32,1234,0.1,16,7,0,0.0,0.0,,,,,,,rare_sharp_shift
scale_0.4,4096,False,torch.float32,1234,0.1,16,0,0,0.0,0.0,,,,,,,
scale_0.4,4096,False,torch.float32,1234,0.1,16,1,0,0.0,0.0,,,,,,,
scale_0.4,4096,False,torch.float32,1234,0.1,16,2,1024,0.09684900939464569,0.12782929837703705,,,,,,,
scale_0.4,4096,False,torch.float32,1234,0.1,16,3,0,0.0,0.0,,,,,,,
scale_0.4,4096,False,torch.float32,1234,0.1,16,4,1024,0.10641029477119446,0.14650759100914001,,,,,,,
scale_0.4,4096,False,torch.float32,1234,0.1,16,5,1024,0.0916147381067276,0.13180434703826904,,,,,,,
scale_0.4,4096,False,torch.float32,1234,0.1,16,6,1024,0.10090211033821106,0.1482231616973877,,,,,,,
scale_0.4,4096,False,torch.float32,1234,0.1,16,7,0,0.0,0.0,,,,,,,
scale_0.4,4096,False,torch.float32,1234,0.1,16,0,0,,,all_query_rows,0.0,0.0,0.0,0,0,
scale_0.4,4096,False,torch.float32,1234,0.1,16,1,0,,,all_query_rows,0.0,0.0,0.0,0,0,
scale_0.4,4096,False,torch.float32,1234,0.1,16,2,1024,,,all_query_rows,0.0988016277551651,0.13553209602832794,0.45182251930236816,1561,0,
scale_0.4,4096,False,torch.float32,1234,0.1,16,3,0,,,all_query_rows,0.0,0.0,0.0,0,0,
scale_0.4,4096,False,torch.float32,1234,0.1,16,4,1024,,,all_query_rows,0.10700228065252304,0.15195629000663757,0.6268588900566101,2184,0,
scale_0.4,4096,False,torch.float32,1234,0.1,16,5,1024,,,all_query_rows,0.09037244319915771,0.1293479949235916,0.35211047530174255,948,0,
scale_0.4,4096,False,torch.float32,1234,0.1,16,6,1024,,,all_query_rows,0.10056321322917938,0.14193221926689148,0.4204910397529602,1646,0,
scale_0.4,4096,False,torch.float32,1234,0.1,16,7,0,,,all_query_rows,0.0,0.0,0.0,0,0,
scale_0.4,4096,False,torch.float32,1234,0.1,16,0,0,0.0,0.0,,,,,,,scale_0.4
scale_0.4,4096,False,torch.float32,1234,0.1,16,1,0,0.0,0.0,,,,,,,scale_0.4
scale_0.4,4096,False,torch.float32,1234,0.1,16,2,1024,0.10852701216936111,0.14814887940883636,,,,,,,scale_0.4
scale_0.4,4096,False,torch.float32,1234,0.1,16,3,0,0.0,0.0,,,,,,,scale_0.4
scale_0.4,4096,False,torch.float32,1234,0.1,16,4,1024,0.10041847825050354,0.1379740834236145,,,,,,,scale_0.4
scale_0.4,4096,False,torch.float32,1234,0.1,16,5,1024,0.08345001190900803,0.11587698757648468,,,,,,,scale_0.4
scale_0.4,4096,False,torch.float32,1234,0.1,16,6,1024,0.095731720328331,0.13297095894813538,,,,,,,scale_0.4
scale_0.4,4096,False,torch.float32,1234,0.1,16,7,0,0.0,0.0,,,,,,,scale_0.4
scale_0.4,4096,False,torch.float32,1234,0.1,16,0,0,0.0,0.0,,,,,,,scale_1.0
scale_0.4,4096,False,torch.float32,1234,0.1,16,1,0,0.0,0.0,,,,,,,scale_1.0
scale_0.4,4096,False,torch.float32,1234,0.1,16,2,1024,3.884737491607666,9.314401626586914,,,,,,,scale_1.0
scale_0.4,4096,False,torch.float32,1234,0.1,16,3,0,0.0,0.0,,,,,,,scale_1.0
scale_0.4,4096,False,torch.float32,1234,0.1,16,4,1024,3.4662346839904785,8.420801162719727,,,,,,,scale_1.0
scale_0.4,4096,False,torch.float32,1234,0.1,16,5,1024,3.8660659790039062,9.358735084533691,,,,,,,scale_1.0
scale_0.4,4096,False,torch.float32,1234,0.1,16,6,1024,4.155758857727051,9.678633689880371,,,,,,,scale_1.0
scale_0.4,4096,False,torch.float32,1234,0.1,16,7,0,0.0,0.0,,,,,,,scale_1.0
scale_0.4,4096,False,torch.float32,1234,0.1,16,0,0,0.0,0.0,,,,,,,rare_sharp_shift
scale_0.4,4096,False,torch.float32,1234,0.1,16,1,0,0.0,0.0,,,,,,,rare_sharp_shift
scale_0.4,4096,False,torch.float32,1234,0.1,16,2,1024,0.035780441015958786,0.018547357991337776,,,,,,,rare_sharp_shift
scale_0.4,4096,False,torch.float32,1234,0.1,16,3,0,0.0,0.0,,,,,,,rare_sharp_shift
scale_0.4,4096,False,torch.float32,1234,0.1,16,4,1024,0.033852070569992065,0.016679910942912102,,,,,,,rare_sharp_shift
scale_0.4,4096,False,torch.float32,1234,0.1,16,5,1024,0.03063935786485672,0.012947844341397285,,,,,,,rare_sharp_shift
scale_0.4,4096,False,torch.float32,1234,0.1,16,6,1024,0.03363776206970215,0.01611178368330002,,,,,,,rare_sharp_shift
scale_0.4,4096,False,torch.float32,1234,0.1,16,7,0,0.0,0.0,,,,,,,rare_sharp_shift
scale_0.4,8192,False,torch.float32,1234,0.1,16,0,0,0.0,0.0,,,,,,,
scale_0.4,8192,False,torch.float32,1234,0.1,16,1,0,0.0,0.0,,,,,,,
scale_0.4,8192,False,torch.float32,1234,0.1,16,2,1024,0.1013784259557724,0.1382422298192978,,,,,,,
scale_0.4,8192,False,torch.float32,1234,0.1,16,3,1024,0.09020422399044037,0.12127161771059036,,,,,,,
scale_0.4,8192,False,torch.float32,1234,0.1,16,4,0,0.0,0.0,,,,,,,
scale_0.4,8192,False,torch.float32,1234,0.1,16,5,0,0.0,0.0,,,,,,,
scale_0.4,8192,False,torch.float32,1234,0.1,16,6,0,0.0,0.0,,,,,,,
scale_0.4,8192,False,torch.float32,1234,0.1,16,7,0,0.0,0.0,,,,,,,
scale_0.4,8192,False,torch.float32,1234,0.1,16,0,0,0.0,0.0,,,,,,,scale_0.4
scale_0.4,8192,False,torch.float32,1234,0.1,16,1,0,0.0,0.0,,,,,,,scale_0.4
scale_0.4,8192,False,torch.float32,1234,0.1,16,2,1024,0.11429440975189209,0.16796565055847168,,,,,,,scale_0.4
scale_0.4,8192,False,torch.float32,1234,0.1,16,3,1024,0.10327734053134918,0.14295706152915955,,,,,,,scale_0.4
scale_0.4,8192,False,torch.float32,1234,0.1,16,4,0,0.0,0.0,,,,,,,scale_0.4
scale_0.4,8192,False,torch.float32,1234,0.1,16,5,0,0.0,0.0,,,,,,,scale_0.4
scale_0.4,8192,False,torch.float32,1234,0.1,16,6,0,0.0,0.0,,,,,,,scale_0.4
scale_0.4,8192,False,torch.float32,1234,0.1,16,7,0,0.0,0.0,,,,,,,scale_0.4
scale_0.4,8192,False,torch.float32,1234,0.1,16,0,0,0.0,0.0,,,,,,,scale_1.0
scale_0.4,8192,False,torch.float32,1234,0.1,16,1,0,0.0,0.0,,,,,,,scale_1.0
scale_0.4,8192,False,torch.float32,1234,0.1,16,2,1024,5.275515556335449,13.203685760498047,,,,,,,scale_1.0
scale_0.4,8192,False,torch.float32,1234,0.1,16,3,1024,5.087599754333496,10.866754531860352,,,,,,,scale_1.0
scale_0.4,8192,False,torch.float32,1234,0.1,16,4,0,0.0,0.0,,,,,,,scale_1.0
scale_0.4,8192,False,torch.float32,1234,0.1,16,5,0,0.0,0.0,,,,,,,scale_1.0
scale_0.4,8192,False,torch.float32,1234,0.1,16,6,0,0.0,0.0,,,,,,,scale_1.0
scale_0.4,8192,False,torch.float32,1234,0.1,16,7,0,0.0,0.0,,,,,,,scale_1.0
scale_0.4,8192,False,torch.float32,1234,0.1,16,0,0,0.0,0.0,,,,,,,rare_sharp_shift
scale_0.4,8192,False,torch.float32,1234,0.1,16,1,0,0.0,0.0,,,,,,,rare_sharp_shift
scale_0.4,8192,False,torch.float32,1234,0.1,16,2,1024,0.024622315540909767,0.019486412405967712,,,,,,,rare_sharp_shift
scale_0.4,8192,False,torch.float32,1234,0.1,16,3,1024,0.02233945205807686,0.01636200025677681,,,,,,,rare_sharp_shift
scale_0.4,8192,False,torch.float32,1234,0.1,16,4,0,0.0,0.0,,,,,,,rare_sharp_shift
scale_0.4,8192,False,torch.float32,1234,0.1,16,5,0,0.0,0.0,,,,,,,rare_sharp_shift
scale_0.4,8192,False,torch.float32,1234,0.1,16,6,0,0.0,0.0,,,,,,,rare_sharp_shift
scale_0.4,8192,False,torch.float32,1234,0.1,16,7,0,0.0,0.0,,,,,,,rare_sharp_shift
scale_0.4,16384,False,torch.float32,1234,0.1,16,0,0,0.0,0.0,,,,,,,
scale_0.4,16384,False,torch.float32,1234,0.1,16,1,0,0.0,0.0,,,,,,,
scale_0.4,16384,False,torch.float32,1234,0.1,16,2,1024,0.09538154304027557,0.13386166095733643,,,,,,,
scale_0.4,16384,False,torch.float32,1234,0.1,16,3,1024,0.10508609563112259,0.14939096570014954,,,,,,,
scale_0.4,16384,False,torch.float32,1234,0.1,16,4,0,0.0,0.0,,,,,,,
scale_0.4,16384,False,torch.float32,1234,0.1,16,5,0,0.0,0.0,,,,,,,
scale_0.4,16384,False,torch.float32,1234,0.1,16,6,1024,0.0979505181312561,0.13624590635299683,,,,,,,
scale_0.4,16384,False,torch.float32,1234,0.1,16,7,0,0.0,0.0,,,,,,,
scale_0.4,16384,False,torch.float32,1234,0.1,16,0,0,0.0,0.0,,,,,,,scale_0.4
scale_0.4,16384,False,torch.float32,1234,0.1,16,1,0,0.0,0.0,,,,,,,scale_0.4
scale_0.4,16384,False,torch.float32,1234,0.1,16,2,1024,0.10014500468969345,0.1340712308883667,,,,,,,scale_0.4
scale_0.4,16384,False,torch.float32,1234,0.1,16,3,1024,0.08437654376029968,0.12100875377655029,,,,,,,scale_0.4
scale_0.4,16384,False,torch.float32,1234,0.1,16,4,0,0.0,0.0,,,,,,,scale_0.4
scale_0.4,16384,False,torch.float32,1234,0.1,16,5,0,0.0,0.0,,,,,,,scale_0.4
scale_0.4,16384,False,torch.float32,1234,0.1,16,6,1024,0.10642533749341965,0.15175345540046692,,,,,,,scale_0.4
scale_0.4,16384,False,torch.float32,1234,0.1,16,7,0,0.0,0.0,,,,,,,scale_0.4
scale_0.4,16384,False,torch.float32,1234,0.1,16,0,0,0.0,0.0,,,,,,,scale_1.0
scale_0.4,16384,False,torch.float32,1234,0.1,16,1,0,0.0,0.0,,,,,,,scale_1.0
scale_0.4,16384,False,torch.float32,1234,0.1,16,2,1024,5.235355377197266,12.087223052978516,,,,,,,scale_1.0
scale_0.4,16384,False,torch.float32,1234,0.1,16,3,1024,4.995406150817871,12.200719833374023,,,,,,,scale_1.0
scale_0.4,16384,False,torch.float32,1234,0.1,16,4,0,0.0,0.0,,,,,,,scale_1.0
scale_0.4,16384,False,torch.float32,1234,0.1,16,5,0,0.0,0.0,,,,,,,scale_1.0
scale_0.4,16384,False,torch.float32,1234,0.1,16,6,1024,5.614663124084473,14.225796699523926,,,,,,,scale_1.0
scale_0.4,16384,False,torch.float32,1234,0.1,16,7,0,0.0,0.0,,,,,,,scale_1.0
scale_0.4,16384,False,torch.float32,1234,0.1,16,0,0,0.0,0.0,,,,,,,rare_sharp_shift
scale_0.4,16384,False,torch.float32,1234,0.1,16,1,0,0.0,0.0,,,,,,,rare_sharp_shift
scale_0.4,16384,False,torch.float32,1234,0.1,16,2,1024,0.025559455156326294,0.015460746362805367,,,,,,,rare_sharp_shift
scale_0.4,16384,False,torch.float32,1234,0.1,16,3,1024,0.023318232968449593,0.013113535940647125,,,,,,,rare_sharp_shift
scale_0.4,16384,False,torch.float32,1234,0.1,16,4,0,0.0,0.0,,,,,,,rare_sharp_shift
scale_0.4,16384,False,torch.float32,1234,0.1,16,5,0,0.0,0.0,,,,,,,rare_sharp_shift
scale_0.4,16384,False,torch.float32,1234,0.1,16,6,1024,0.027810290455818176,0.01823444291949272,,,,,,,rare_sharp_shift
scale_0.4,16384,False,torch.float32,1234,0.1,16,7,0,0.0,0.0,,,,,,,rare_sharp_shift
scale_0.4,32768,False,torch.float32,1234,0.1,16,0,1024,0.09999379515647888,0.13708730041980743,,,,,,,
scale_0.4,32768,False,torch.float32,1234,0.1,16,1,1024,0.09405061602592468,0.13222859799861908,,,,,,,
scale_0.4,32768,False,torch.float32,1234,0.1,16,2,0,0.0,0.0,,,,,,,
scale_0.4,32768,False,torch.float32,1234,0.1,16,3,0,0.0,0.0,,,,,,,
scale_0.4,32768,False,torch.float32,1234,0.1,16,4,0,0.0,0.0,,,,,,,
scale_0.4,32768,False,torch.float32,1234,0.1,16,5,0,0.0,0.0,,,,,,,
scale_0.4,32768,False,torch.float32,1234,0.1,16,6,1024,0.09672278165817261,0.1406463384628296,,,,,,,
scale_0.4,32768,False,torch.float32,1234,0.1,16,7,1024,0.10299411416053772,0.13861198723316193,,,,,,,
scale_0.4,32768,False,torch.float32,1234,0.1,16,0,1024,0.1176903024315834,0.160358265042305,,,,,,,scale_0.4
scale_0.4,32768,False,torch.float32,1234,0.1,16,1,1024,0.10127092897891998,0.15014755725860596,,,,,,,scale_0.4
scale_0.4,32768,False,torch.float32,1234,0.1,16,2,0,0.0,0.0,,,,,,,scale_0.4
scale_0.4,32768,False,torch.float32,1234,0.1,16,3,0,0.0,0.0,,,,,,,scale_0.4
scale_0.4,32768,False,torch.float32,1234,0.1,16,4,0,0.0,0.0,,,,,,,scale_0.4
scale_0.4,32768,False,torch.float32,1234,0.1,16,5,0,0.0,0.0,,,,,,,scale_0.4
scale_0.4,32768,False,torch.float32,1234,0.1,16,6,1024,0.10277507454156876,0.14568006992340088,,,,,,,scale_0.4
scale_0.4,32768,False,torch.float32,1234,0.1,16,7,1024,0.09607769548892975,0.12905903160572052,,,,,,,scale_0.4
scale_0.4,32768,False,torch.float32,1234,0.1,16,0,1024,6.001176834106445,14.133330345153809,,,,,,,scale_1.0
scale_0.4,32768,False,torch.float32,1234,0.1,16,1,1024,5.102805137634277,11.486311912536621,,,,,,,scale_1.0
scale_0.4,32768,False,torch.float32,1234,0.1,16,2,0,0.0,0.0,,,,,,,scale_1.0
scale_0.4,32768,False,torch.float32,1234,0.1,16,3,0,0.0,0.0,,,,,,,scale_1.0
scale_0.4,32768,False,torch.float32,1234,0.1,16,4,0,0.0,0.0,,,,,,,scale_1.0
scale_0.4,32768,False,torch.float32,1234,0.1,16,5,0,0.0,0.0,,,,,,,scale_1.0
scale_0.4,32768,False,torch.float32,1234,0.1,16,6,1024,6.087650299072266,14.132584571838379,,,,,,,scale_1.0
scale_0.4,32768,False,torch.float32,1234,0.1,16,7,1024,5.343928813934326,11.870877265930176,,,,,,,scale_1.0
scale_0.4,32768,False,torch.float32,1234,0.1,16,0,1024,0.02474125288426876,0.019226012751460075,,,,,,,rare_sharp_shift
scale_0.4,32768,False,torch.float32,1234,0.1,16,1,1024,0.02220124937593937,0.016335098072886467,,,,,,,rare_sharp_shift
scale_0.4,32768,False,torch.float32,1234,0.1,16,2,0,0.0,0.0,,,,,,,rare_sharp_shift
scale_0.4,32768,False,torch.float32,1234,0.1,16,3,0,0.0,0.0,,,,,,,rare_sharp_shift
scale_0.4,32768,False,torch.float32,1234,0.1,16,4,0,0.0,0.0,,,,,,,rare_sharp_shift
scale_0.4,32768,False,torch.float32,1234,0.1,16,5,0,0.0,0.0,,,,,,,rare_sharp_shift
scale_0.4,32768,False,torch.float32,1234,0.1,16,6,1024,0.022096998989582062,0.016759581863880157,,,,,,,rare_sharp_shift
scale_0.4,32768,False,torch.float32,1234,0.1,16,7,1024,0.021810710430145264,0.0157376267015934,,,,,,,rare_sharp_shift
scale_0.4,65536,False,torch.float32,1234,0.1,16,0,0,0.0,0.0,,,,,,,
scale_0.4,65536,False,torch.float32,1234,0.1,16,1,0,0.0,0.0,,,,,,,
scale_0.4,65536,False,torch.float32,1234,0.1,16,2,1024,0.09842169284820557,0.13178738951683044,,,,,,,
scale_0.4,65536,False,torch.float32,1234,0.1,16,3,0,0.0,0.0,,,,,,,
scale_0.4,65536,False,torch.float32,1234,0.1,16,4,1024,0.10221707820892334,0.14775092899799347,,,,,,,
scale_0.4,65536,False,torch.float32,1234,0.1,16,5,1024,0.09419160336256027,0.13738539814949036,,,,,,,
scale_0.4,65536,False,torch.float32,1234,0.1,16,6,0,0.0,0.0,,,,,,,
scale_0.4,65536,False,torch.float32,1234,0.1,16,7,0,0.0,0.0,,,,,,,
scale_0.4,65536,False,torch.float32,1234,0.1,16,0,0,0.0,0.0,,,,,,,scale_0.4
scale_0.4,65536,False,torch.float32,1234,0.1,16,1,0,0.0,0.0,,,,,,,scale_0.4
scale_0.4,65536,False,torch.float32,1234,0.1,16,2,1024,0.10606662929058075,0.14984197914600372,,,,,,,scale_0.4
scale_0.4,65536,False,torch.float32,1234,0.1,16,3,0,0.0,0.0,,,,,,,scale_0.4
scale_0.4,65536,False,torch.float32,1234,0.1,16,4,1024,0.11547855287790298,0.16522806882858276,,,,,,,scale_0.4
scale_0.4,65536,False,torch.float32,1234,0.1,16,5,1024,0.09155000746250153,0.12553343176841736,,,,,,,scale_0.4
scale_0.4,65536,False,torch.float32,1234,0.1,16,6,0,0.0,0.0,,,,,,,scale_0.4
scale_0.4,65536,False,torch.float32,1234,0.1,16,7,0,0.0,0.0,,,,,,,scale_0.4
scale_0.4,65536,False,torch.float32,1234,0.1,16,0,0,0.0,0.0,,,,,,,scale_1.0
scale_0.4,65536,False,torch.float32,1234,0.1,16,1,0,0.0,0.0,,,,,,,scale_1.0
scale_0.4,65536,False,torch.float32,1234,0.1,16,2,1024,6.400690078735352,15.663491249084473,,,,,,,scale_1.0
scale_0.4,65536,False,torch.float32,1234,0.1,16,3,0,0.0,0.0,,,,,,,scale_1.0
scale_0.4,65536,False,torch.float32,1234,0.1,16,4,1024,6.439563751220703,14.614006996154785,,,,,,,scale_1.0
scale_0.4,65536,False,torch.float32,1234,0.1,16,5,1024,6.485713005065918,20.5916748046875,,,,,,,scale_1.0
scale_0.4,65536,False,torch.float32,1234,0.1,16,6,0,0.0,0.0,,,,,,,scale_1.0
scale_0.4,65536,False,torch.float32,1234,0.1,16,7,0,0.0,0.0,,,,,,,scale_1.0
scale_0.4,65536,False,torch.float32,1234,0.1,16,0,0,0.0,0.0,,,,,,,rare_sharp_shift
scale_0.4,65536,False,torch.float32,1234,0.1,16,1,0,0.0,0.0,,,,,,,rare_sharp_shift
scale_0.4,65536,False,torch.float32,1234,0.1,16,2,1024,0.014877641573548317,0.01659855991601944,,,,,,,rare_sharp_shift
scale_0.4,65536,False,torch.float32,1234,0.1,16,3,0,0.0,0.0,,,,,,,rare_sharp_shift
scale_0.4,65536,False,torch.float32,1234,0.1,16,4,1024,0.016434039920568466,0.0185640137642622,,,,,,,rare_sharp_shift
scale_0.4,65536,False,torch.float32,1234,0.1,16,5,1024,0.013161752372980118,0.014674024656414986,,,,,,,rare_sharp_shift
scale_0.4,65536,False,torch.float32,1234,0.1,16,6,0,0.0,0.0,,,,,,,rare_sharp_shift
scale_0.4,65536,False,torch.float32,1234,0.1,16,7,0,0.0,0.0,,,,,,,rare_sharp_shift
scale_0.4,512,True,torch.float16,1234,0.1,16,0,1024,0.10473623871803284,0.16850608587265015,,,,,,,
scale_0.4,512,True,torch.float16,1234,0.1,16,1,0,0.0,0.0,,,,,,,
scale_0.4,512,True,torch.float16,1234,0.1,16,2,1024,0.10306477546691895,0.15748634934425354,,,,,,,
scale_0.4,512,True,torch.float16,1234,0.1,16,3,0,0.0,0.0,,,,,,,
scale_0.4,512,True,torch.float16,1234,0.1,16,4,1024,0.10506235063076019,0.1713801622390747,,,,,,,
scale_0.4,512,True,torch.float16,1234,0.1,16,5,1024,0.0917038545012474,0.12872625887393951,,,,,,,
scale_0.4,512,True,torch.float16,1234,0.1,16,6,1024,0.10108275711536407,0.14753244817256927,,,,,,,
scale_0.4,512,True,torch.float16,1234,0.1,16,7,0,0.0,0.0,,,,,,,
scale_0.4,512,True,torch.float16,1234,0.1,16,0,1024,,,all_query_rows,0.10275708138942719,0.1550382673740387,0.27844321727752686,240,0,
scale_0.4,512,True,torch.float16,1234,0.1,16,1,0,,,all_query_rows,0.0,0.0,0.0,0,0,
scale_0.4,512,True,torch.float16,1234,0.1,16,2,1024,,,all_query_rows,0.10330060124397278,0.15780511498451233,0.20466014742851257,238,0,
scale_0.4,512,True,torch.float16,1234,0.1,16,3,0,,,all_query_rows,0.0,0.0,0.0,0,0,
scale_0.4,512,True,torch.float16,1234,0.1,16,4,1024,,,all_query_rows,0.10119196772575378,0.15297019481658936,0.35789015889167786,218,0,
scale_0.4,512,True,torch.float16,1234,0.1,16,5,1024,,,all_query_rows,0.09224824607372284,0.1325133889913559,0.2220350056886673,131,0,
scale_0.4,512,True,torch.float16,1234,0.1,16,6,1024,,,all_query_rows,0.10122940689325333,0.1495092213153839,0.2498992681503296,228,0,
scale_0.4,512,True,torch.float16,1234,0.1,16,7,0,,,all_query_rows,0.0,0.0,0.0,0,0,
scale_0.4,512,True,torch.float16,1234,0.1,16,0,1024,0.10355886816978455,0.1498827338218689,,,,,,,scale_0.4
scale_0.4,512,True,torch.float16,1234,0.1,16,1,0,0.0,0.0,,,,,,,scale_0.4
scale_0.4,512,True,torch.float16,1234,0.1,16,2,1024,0.09418497234582901,0.14238888025283813,,,,,,,scale_0.4
scale_0.4,512,True,torch.float16,1234,0.1,16,3,0,0.0,0.0,,,,,,,scale_0.4
scale_0.4,512,True,torch.float16,1234,0.1,16,4,1024,0.09324168413877487,0.1442064493894577,,,,,,,scale_0.4
scale_0.4,512,True,torch.float16,1234,0.1,16,5,1024,0.09184560924768448,0.12592348456382751,,,,,,,scale_0.4
scale_0.4,512,True,torch.float16,1234,0.1,16,6,1024,0.09473711252212524,0.13387450575828552,,,,,,,scale_0.4
scale_0.4,512,True,torch.float16,1234,0.1,16,7,0,0.0,0.0,,,,,,,scale_0.4
scale_0.4,512,True,torch.float16,1234,0.1,16,0,1024,2.019019365310669,4.678058624267578,,,,,,,scale_1.0
scale_0.4,512,True,torch.float16,1234,0.1,16,1,0,0.0,0.0,,,,,,,scale_1.0
scale_0.4,512,True,torch.float16,1234,0.1,16,2,1024,1.9691321849822998,4.908126354217529,,,,,,,scale_1.0
scale_0.4,512,True,torch.float16,1234,0.1,16,3,0,0.0,0.0,,,,,,,scale_1.0
scale_0.4,512,True,torch.float16,1234,0.1,16,4,1024,2.143998622894287,5.45559024810791,,,,,,,scale_1.0
scale_0.4,512,True,torch.float16,1234,0.1,16,5,1024,1.8977351188659668,4.061781406402588,,,,,,,scale_1.0
scale_0.4,512,True,torch.float16,1234,0.1,16,6,1024,1.7364583015441895,3.7679080963134766,,,,,,,scale_1.0
scale_0.4,512,True,torch.float16,1234,0.1,16,7,0,0.0,0.0,,,,,,,scale_1.0
scale_0.4,512,True,torch.float16,1234,0.1,16,0,1024,0.03069223277270794,0.018994763493537903,,,,,,,rare_sharp_shift
scale_0.4,512,True,torch.float16,1234,0.1,16,1,0,0.0,0.0,,,,,,,rare_sharp_shift
scale_0.4,512,True,torch.float16,1234,0.1,16,2,1024,0.029873114079236984,0.019190335646271706,,,,,,,rare_sharp_shift
scale_0.4,512,True,torch.float16,1234,0.1,16,3,0,0.0,0.0,,,,,,,rare_sharp_shift
scale_0.4,512,True,torch.float16,1234,0.1,16,4,1024,0.028413724154233932,0.01669696718454361,,,,,,,rare_sharp_shift
scale_0.4,512,True,torch.float16,1234,0.1,16,5,1024,0.027850791811943054,0.01734839752316475,,,,,,,rare_sharp_shift
scale_0.4,512,True,torch.float16,1234,0.1,16,6,1024,0.029337763786315918,0.017967091873288155,,,,,,,rare_sharp_shift
scale_0.4,512,True,torch.float16,1234,0.1,16,7,0,0.0,0.0,,,,,,,rare_sharp_shift
scale_0.4,1024,True,torch.float16,1234,0.1,16,0,1024,0.10105252265930176,0.14751914143562317,,,,,,,
scale_0.4,1024,True,torch.float16,1234,0.1,16,1,1024,0.09560801833868027,0.1453821361064911,,,,,,,
scale_0.4,1024,True,torch.float16,1234,0.1,16,2,1024,0.08644862473011017,0.12124092876911163,,,,,,,
scale_0.4,1024,True,torch.float16,1234,0.1,16,3,0,0.0,0.0,,,,,,,
scale_0.4,1024,True,torch.float16,1234,0.1,16,4,0,0.0,0.0,,,,,,,
scale_0.4,1024,True,torch.float16,1234,0.1,16,5,1024,0.09721952676773071,0.14417950809001923,,,,,,,
scale_0.4,1024,True,torch.float16,1234,0.1,16,6,1024,0.09644095599651337,0.13652217388153076,,,,,,,
scale_0.4,1024,True,torch.float16,1234,0.1,16,7,0,0.0,0.0,,,,,,,
scale_0.4,1024,True,torch.float16,1234,0.1,16,0,1024,,,all_query_rows,0.10060004889965057,0.14524991810321808,0.7573613524436951,410,0,
scale_0.4,1024,True,torch.float16,1234,0.1,16,1,1024,,,all_query_rows,0.0936003252863884,0.13463285565376282,0.316489040851593,302,0,
scale_0.4,1024,True,torch.float16,1234,0.1,16,2,1024,,,all_query_rows,0.08603957295417786,0.1233697384595871,0.22297891974449158,175,0,
scale_0.4,1024,True,torch.float16,1234,0.1,16,3,0,,,all_query_rows,0.0,0.0,0.0,0,0,
scale_0.4,1024,True,torch.float16,1234,0.1,16,4,0,,,all_query_rows,0.0,0.0,0.0,0,0,
scale_0.4,1024,True,torch.float16,1234,0.1,16,5,1024,,,all_query_rows,0.09643231332302094,0.14046402275562286,0.4169585704803467,336,0,
scale_0.4,1024,True,torch.float16,1234,0.1,16,6,1024,,,all_query_rows,0.09593145549297333,0.1349962204694748,0.3339535593986511,344,0,
scale_0.4,1024,True,torch.float16,1234,0.1,16,7,0,,,all_query_rows,0.0,0.0,0.0,0,0,
scale_0.4,1024,True,torch.float16,1234,0.1,16,0,1024,0.09286117553710938,0.1357269585132599,,,,,,,scale_0.4
scale_0.4,1024,True,torch.float16,1234,0.1,16,1,1024,0.09629099071025848,0.1430949717760086,,,,,,,scale_0.4
scale_0.4,1024,True,torch.float16,1234,0.1,16,2,1024,0.09457046538591385,0.1320451945066452,,,,,,,scale_0.4
scale_0.4,1024,True,torch.float16,1234,0.1,16,3,0,0.0,0.0,,,,,,,scale_0.4
scale_0.4,1024,True,torch.float16,1234,0.1,16,4,0,0.0,0.0,,,,,,,scale_0.4
scale_0.4,1024,True,torch.float16,1234,0.1,16,5,1024,0.09997136145830154,0.13869169354438782,,,,,,,scale_0.4
scale_0.4,1024,True,torch.float16,1234,0.1,16,6,1024,0.10717128962278366,0.15047921240329742,,,,,,,scale_0.4
scale_0.4,1024,True,torch.float16,1234,0.1,16,7,0,0.0,0.0,,,,,,,scale_0.4
scale_0.4,1024,True,torch.float16,1234,0.1,16,0,1024,2.313664674758911,6.185854911804199,,,,,,,scale_1.0
scale_0.4,1024,True,torch.float16,1234,0.1,16,1,1024,2.299962282180786,5.586521625518799,,,,,,,scale_1.0
scale_0.4,1024,True,torch.float16,1234,0.1,16,2,1024,2.36362886428833,4.969925880432129,,,,,,,scale_1.0
scale_0.4,1024,True,torch.float16,1234,0.1,16,3,0,0.0,0.0,,,,,,,scale_1.0
scale_0.4,1024,True,torch.float16,1234,0.1,16,4,0,0.0,0.0,,,,,,,scale_1.0
scale_0.4,1024,True,torch.float16,1234,0.1,16,5,1024,2.554905652999878,6.170980930328369,,,,,,,scale_1.0
scale_0.4,1024,True,torch.float16,1234,0.1,16,6,1024,2.3788180351257324,5.504772186279297,,,,,,,scale_1.0
scale_0.4,1024,True,torch.float16,1234,0.1,16,7,0,0.0,0.0,,,,,,,scale_1.0
scale_0.4,1024,True,torch.float16,1234,0.1,16,0,1024,0.02669605053961277,0.01857781782746315,,,,,,,rare_sharp_shift
scale_0.4,1024,True,torch.float16,1234,0.1,16,1,1024,0.02585701271891594,0.017937297001481056,,,,,,,rare_sharp_shift
scale_0.4,1024,True,torch.float16,1234,0.1,16,2,1024,0.025004848837852478,0.017168965190649033,,,,,,,rare_sharp_shift
scale_0.4,1024,True,torch.float16,1234,0.1,16,3,0,0.0,0.0,,,,,,,rare_sharp_shift
scale_0.4,1024,True,torch.float16,1234,0.1,16,4,0,0.0,0.0,,,,,,,rare_sharp_shift
scale_0.4,1024,True,torch.float16,1234,0.1,16,5,1024,0.02621999755501747,0.01749904453754425,,,,,,,rare_sharp_shift
scale_0.4,1024,True,torch.float16,1234,0.1,16,6,1024,0.02765972726047039,0.018943114206194878,,,,,,,rare_sharp_shift
scale_0.4,1024,True,torch.float16,1234,0.1,16,7,0,0.0,0.0,,,,,,,rare_sharp_shift
scale_0.4,2048,True,torch.float16,1234,0.1,16,0,0,0.0,0.0,,,,,,,
scale_0.4,2048,True,torch.float16,1234,0.1,16,1,1024,0.10398775339126587,0.1760827600955963,,,,,,,
scale_0.4,2048,True,torch.float16,1234,0.1,16,2,0,0.0,0.0,,,,,,,
scale_0.4,2048,True,torch.float16,1234,0.1,16,3,1024,0.09355020523071289,0.13553132116794586,,,,,,,
scale_0.4,2048,True,torch.float16,1234,0.1,16,4,1024,0.09672486037015915,0.1370379477739334,,,,,,,
scale_0.4,2048,True,torch.float16,1234,0.1,16,5,0,0.0,0.0,,,,,,,
scale_0.4,2048,True,torch.float16,1234,0.1,16,6,0,0.0,0.0,,,,,,,
scale_0.4,2048,True,torch.float16,1234,0.1,16,7,0,0.0,0.0,,,,,,,
scale_0.4,2048,True,torch.float16,1234,0.1,16,0,0,,,all_query_rows,0.0,0.0,0.0,0,0,
scale_0.4,2048,True,torch.float16,1234,0.1,16,1,1024,,,all_query_rows,0.1003345400094986,0.15568222105503082,1.431080937385559,706,0,
scale_0.4,2048,True,torch.float16,1234,0.1,16,2,0,,,all_query_rows,0.0,0.0,0.0,0,0,
scale_0.4,2048,True,torch.float16,1234,0.1,16,3,1024,,,all_query_rows,0.0937516987323761,0.13615475594997406,0.712237536907196,592,0,
scale_0.4,2048,True,torch.float16,1234,0.1,16,4,1024,,,all_query_rows,0.09530515968799591,0.13554289937019348,0.35352185368537903,659,0,
scale_0.4,2048,True,torch.float16,1234,0.1,16,5,0,,,all_query_rows,0.0,0.0,0.0,0,0,
scale_0.4,2048,True,torch.float16,1234,0.1,16,6,0,,,all_query_rows,0.0,0.0,0.0,0,0,
scale_0.4,2048,True,torch.float16,1234,0.1,16,7,0,,,all_query_rows,0.0,0.0,0.0,0,0,
scale_0.4,2048,True,torch.float16,1234,0.1,16,0,0,0.0,0.0,,,,,,,scale_0.4
scale_0.4,2048,True,torch.float16,1234,0.1,16,1,1024,0.10396473109722137,0.15665513277053833,,,,,,,scale_0.4
scale_0.4,2048,True,torch.float16,1234,0.1,16,2,0,0.0,0.0,,,,,,,scale_0.4
scale_0.4,2048,True,torch.float16,1234,0.1,16,3,1024,0.10821118205785751,0.15243089199066162,,,,,,,scale_0.4
scale_0.4,2048,True,torch.float16,1234,0.1,16,4,1024,0.10169601440429688,0.13195598125457764,,,,,,,scale_0.4
scale_0.4,2048,True,torch.float16,1234,0.1,16,5,0,0.0,0.0,,,,,,,scale_0.4
scale_0.4,2048,True,torch.float16,1234,0.1,16,6,0,0.0,0.0,,,,,,,scale_0.4
scale_0.4,2048,True,torch.float16,1234,0.1,16,7,0,0.0,0.0,,,,,,,scale_0.4
scale_0.4,2048,True,torch.float16,1234,0.1,16,0,0,0.0,0.0,,,,,,,scale_1.0
scale_0.4,2048,True,torch.float16,1234,0.1,16,1,1024,2.9925999641418457,8.257613182067871,,,,,,,scale_1.0
scale_0.4,2048,True,torch.float16,1234,0.1,16,2,0,0.0,0.0,,,,,,,scale_1.0
scale_0.4,2048,True,torch.float16,1234,0.1,16,3,1024,3.032212495803833,6.967587471008301,,,,,,,scale_1.0
scale_0.4,2048,True,torch.float16,1234,0.1,16,4,1024,2.5334434509277344,6.372095108032227,,,,,,,scale_1.0
scale_0.4,2048,True,torch.float16,1234,0.1,16,5,0,0.0,0.0,,,,,,,scale_1.0
scale_0.4,2048,True,torch.float16,1234,0.1,16,6,0,0.0,0.0,,,,,,,scale_1.0
scale_0.4,2048,True,torch.float16,1234,0.1,16,7,0,0.0,0.0,,,,,,,scale_1.0
scale_0.4,2048,True,torch.float16,1234,0.1,16,0,0,0.0,0.0,,,,,,,rare_sharp_shift
scale_0.4,2048,True,torch.float16,1234,0.1,16,1,1024,0.018677836284041405,0.01728300377726555,,,,,,,rare_sharp_shift
scale_0.4,2048,True,torch.float16,1234,0.1,16,2,0,0.0,0.0,,,,,,,rare_sharp_shift
scale_0.4,2048,True,torch.float16,1234,0.1,16,3,1024,0.020385965704917908,0.01987273618578911,,,,,,,rare_sharp_shift
scale_0.4,2048,True,torch.float16,1234,0.1,16,4,1024,0.020434413105249405,0.019962461665272713,,,,,,,rare_sharp_shift
scale_0.4,2048,True,torch.float16,1234,0.1,16,5,0,0.0,0.0,,,,,,,rare_sharp_shift
scale_0.4,2048,True,torch.float16,1234,0.1,16,6,0,0.0,0.0,,,,,,,rare_sharp_shift
scale_0.4,2048,True,torch.float16,1234,0.1,16,7,0,0.0,0.0,,,,,,,rare_sharp_shift
scale_0.4,4096,True,torch.float16,1234,0.1,16,0,0,0.0,0.0,,,,,,,
scale_0.4,4096,True,torch.float16,1234,0.1,16,1,0,0.0,0.0,,,,,,,
scale_0.4,4096,True,torch.float16,1234,0.1,16,2,1024,0.09592665731906891,0.12472878396511078,,,,,,,
scale_0.4,4096,True,torch.float16,1234,0.1,16,3,1024,0.1037948876619339,0.14084233343601227,,,,,,,
scale_0.4,4096,True,torch.float16,1234,0.1,16,4,1024,0.10182768106460571,0.14208801090717316,,,,,,,
scale_0.4,4096,True,torch.float16,1234,0.1,16,5,1024,0.0932517796754837,0.13413837552070618,,,,,,,
scale_0.4,4096,True,torch.float16,1234,0.1,16,6,0,0.0,0.0,,,,,,,
scale_0.4,4096,True,torch.float16,1234,0.1,16,7,0,0.0,0.0,,,,,,,
scale_0.4,4096,True,torch.float16,1234,0.1,16,0,0,,,all_query_rows,0.0,0.0,0.0,0,0,
scale_0.4,4096,True,torch.float16,1234,0.1,16,1,0,,,all_query_rows,0.0,0.0,0.0,0,0,
scale_0.4,4096,True,torch.float16,1234,0.1,16,2,1024,,,all_query_rows,0.09717923402786255,0.1339813768863678,0.48056760430336,1440,0,
scale_0.4,4096,True,torch.float16,1234,0.1,16,3,1024,,,all_query_rows,0.104929119348526,0.14866280555725098,0.4267095625400543,2018,0,
scale_0.4,4096,True,torch.float16,1234,0.1,16,4,1024,,,all_query_rows,0.10171329975128174,0.14551293849945068,0.6573107242584229,1775,0,
scale_0.4,4096,True,torch.float16,1234,0.1,16,5,1024,,,all_query_rows,0.0931040495634079,0.13317719101905823,0.36696794629096985,1123,0,
scale_0.4,4096,True,torch.float16,1234,0.1,16,6,0,,,all_query_rows,0.0,0.0,0.0,0,0,
scale_0.4,4096,True,torch.float16,1234,0.1,16,7,0,,,all_query_rows,0.0,0.0,0.0,0,0,
scale_0.4,4096,True,torch.float16,1234,0.1,16,0,0,0.0,0.0,,,,,,,scale_0.4
scale_0.4,4096,True,torch.float16,1234,0.1,16,1,0,0.0,0.0,,,,,,,scale_0.4
scale_0.4,4096,True,torch.float16,1234,0.1,16,2,1024,0.10180515050888062,0.13973334431648254,,,,,,,scale_0.4
scale_0.4,4096,True,torch.float16,1234,0.1,16,3,1024,0.10819670557975769,0.1576511412858963,,,,,,,scale_0.4
scale_0.4,4096,True,torch.float16,1234,0.1,16,4,1024,0.10040216892957687,0.14000916481018066,,,,,,,scale_0.4
scale_0.4,4096,True,torch.float16,1234,0.1,16,5,1024,0.08402375876903534,0.11577142775058746,,,,,,,scale_0.4
scale_0.4,4096,True,torch.float16,1234,0.1,16,6,0,0.0,0.0,,,,,,,scale_0.4
scale_0.4,4096,True,torch.float16,1234,0.1,16,7,0,0.0,0.0,,,,,,,scale_0.4
scale_0.4,4096,True,torch.float16,1234,0.1,16,0,0,0.0,0.0,,,,,,,scale_1.0
scale_0.4,4096,True,torch.float16,1234,0.1,16,1,0,0.0,0.0,,,,,,,scale_1.0
scale_0.4,4096,True,torch.float16,1234,0.1,16,2,1024,3.0659983158111572,7.097060203552246,,,,,,,scale_1.0
scale_0.4,4096,True,torch.float16,1234,0.1,16,3,1024,3.7101235389709473,9.567736625671387,,,,,,,scale_1.0
scale_0.4,4096,True,torch.float16,1234,0.1,16,4,1024,2.8075809478759766,6.686122894287109,,,,,,,scale_1.0
scale_0.4,4096,True,torch.float16,1234,0.1,16,5,1024,3.3693227767944336,9.43494987487793,,,,,,,scale_1.0
scale_0.4,4096,True,torch.float16,1234,0.1,16,6,0,0.0,0.0,,,,,,,scale_1.0
scale_0.4,4096,True,torch.float16,1234,0.1,16,7,0,0.0,0.0,,,,,,,scale_1.0
scale_0.4,4096,True,torch.float16,1234,0.1,16,0,0,0.0,0.0,,,,,,,rare_sharp_shift
scale_0.4,4096,True,torch.float16,1234,0.1,16,1,0,0.0,0.0,,,,,,,rare_sharp_shift
scale_0.4,4096,True,torch.float16,1234,0.1,16,2,1024,0.03493015468120575,0.01845097541809082,,,,,,,rare_sharp_shift
scale_0.4,4096,True,torch.float16,1234,0.1,16,3,1024,0.034808654338121414,0.0193336121737957,,,,,,,rare_sharp_shift
scale_0.4,4096,True,torch.float16,1234,0.1,16,4,1024,0.034317485988140106,0.017994623631238937,,,,,,,rare_sharp_shift
scale_0.4,4096,True,torch.float16,1234,0.1,16,5,1024,0.0312742181122303,0.01477706991136074,,,,,,,rare_sharp_shift
scale_0.4,4096,True,torch.float16,1234,0.1,16,6,0,0.0,0.0,,,,,,,rare_sharp_shift
scale_0.4,4096,True,torch.float16,1234,0.1,16,7,0,0.0,0.0,,,,,,,rare_sharp_shift
scale_0.4,8192,True,torch.float16,1234,0.1,16,0,0,0.0,0.0,,,,,,,
scale_0.4,8192,True,torch.float16,1234,0.1,16,1,0,0.0,0.0,,,,,,,
scale_0.4,8192,True,torch.float16,1234,0.1,16,2,1024,0.10163886100053787,0.14331887662410736,,,,,,,
scale_0.4,8192,True,torch.float16,1234,0.1,16,3,1024,0.09668561071157455,0.13143454492092133,,,,,,,
scale_0.4,8192,True,torch.float16,1234,0.1,16,4,0,0.0,0.0,,,,,,,
scale_0.4,8192,True,torch.float16,1234,0.1,16,5,0,0.0,0.0,,,,,,,
scale_0.4,8192,True,torch.float16,1234,0.1,16,6,0,0.0,0.0,,,,,,,
scale_0.4,8192,True,torch.float16,1234,0.1,16,7,0,0.0,0.0,,,,,,,
scale_0.4,8192,True,torch.float16,1234,0.1,16,0,0,0.0,0.0,,,,,,,scale_0.4
scale_0.4,8192,True,torch.float16,1234,0.1,16,1,0,0.0,0.0,,,,,,,scale_0.4
scale_0.4,8192,True,torch.float16,1234,0.1,16,2,1024,0.11265573650598526,0.1641559898853302,,,,,,,scale_0.4
scale_0.4,8192,True,torch.float16,1234,0.1,16,3,1024,0.09781156480312347,0.13302844762802124,,,,,,,scale_0.4
scale_0.4,8192,True,torch.float16,1234,0.1,16,4,0,0.0,0.0,,,,,,,scale_0.4
scale_0.4,8192,True,torch.float16,1234,0.1,16,5,0,0.0,0.0,,,,,,,scale_0.4
scale_0.4,8192,True,torch.float16,1234,0.1,16,6,0,0.0,0.0,,,,,,,scale_0.4
scale_0.4,8192,True,torch.float16,1234,0.1,16,7,0,0.0,0.0,,,,,,,scale_0.4
scale_0.4,8192,True,torch.float16,1234,0.1,16,0,0,0.0,0.0,,,,,,,scale_1.0
scale_0.4,8192,True,torch.float16,1234,0.1,16,1,0,0.0,0.0,,,,,,,scale_1.0
scale_0.4,8192,True,torch.float16,1234,0.1,16,2,1024,4.259125709533691,10.360845565795898,,,,,,,scale_1.0
scale_0.4,8192,True,torch.float16,1234,0.1,16,3,1024,4.235204696655273,9.315244674682617,,,,,,,scale_1.0
scale_0.4,8192,True,torch.float16,1234,0.1,16,4,0,0.0,0.0,,,,,,,scale_1.0
scale_0.4,8192,True,torch.float16,1234,0.1,16,5,0,0.0,0.0,,,,,,,scale_1.0
scale_0.4,8192,True,torch.float16,1234,0.1,16,6,0,0.0,0.0,,,,,,,scale_1.0
scale_0.4,8192,True,torch.float16,1234,0.1,16,7,0,0.0,0.0,,,,,,,scale_1.0
scale_0.4,8192,True,torch.float16,1234,0.1,16,0,0,0.0,0.0,,,,,,,rare_sharp_shift
scale_0.4,8192,True,torch.float16,1234,0.1,16,1,0,0.0,0.0,,,,,,,rare_sharp_shift
scale_0.4,8192,True,torch.float16,1234,0.1,16,2,1024,0.02406686544418335,0.019621174782514572,,,,,,,rare_sharp_shift
scale_0.4,8192,True,torch.float16,1234,0.1,16,3,1024,0.021291792392730713,0.01571648195385933,,,,,,,rare_sharp_shift
scale_0.4,8192,True,torch.float16,1234,0.1,16,4,0,0.0,0.0,,,,,,,rare_sharp_shift
scale_0.4,8192,True,torch.float16,1234,0.1,16,5,0,0.0,0.0,,,,,,,rare_sharp_shift
scale_0.4,8192,True,torch.float16,1234,0.1,16,6,0,0.0,0.0,,,,,,,rare_sharp_shift
scale_0.4,8192,True,torch.float16,1234,0.1,16,7,0,0.0,0.0,,,,,,,rare_sharp_shift
scale_0.4,16384,True,torch.float16,1234,0.1,16,0,0,0.0,0.0,,,,,,,
scale_0.4,16384,True,torch.float16,1234,0.1,16,1,0,0.0,0.0,,,,,,,
scale_0.4,16384,True,torch.float16,1234,0.1,16,2,0,0.0,0.0,,,,,,,
scale_0.4,16384,True,torch.float16,1234,0.1,16,3,1024,0.09948678314685822,0.14797373116016388,,,,,,,
scale_0.4,16384,True,torch.float16,1234,0.1,16,4,0,0.0,0.0,,,,,,,
scale_0.4,16384,True,torch.float16,1234,0.1,16,5,0,0.0,0.0,,,,,,,
scale_0.4,16384,True,torch.float16,1234,0.1,16,6,1024,0.09950076043605804,0.13939443230628967,,,,,,,
scale_0.4,16384,True,torch.float16,1234,0.1,16,7,0,0.0,0.0,,,,,,,
scale_0.4,16384,True,torch.float16,1234,0.1,16,0,0,0.0,0.0,,,,,,,scale_0.4
scale_0.4,16384,True,torch.float16,1234,0.1,16,1,0,0.0,0.0,,,,,,,scale_0.4
scale_0.4,16384,True,torch.float16,1234,0.1,16,2,0,0.0,0.0,,,,,,,scale_0.4
scale_0.4,16384,True,torch.float16,1234,0.1,16,3,1024,0.09935745596885681,0.14542196691036224,,,,,,,scale_0.4
scale_0.4,16384,True,torch.float16,1234,0.1,16,4,0,0.0,0.0,,,,,,,scale_0.4
scale_0.4,16384,True,torch.float16,1234,0.1,16,5,0,0.0,0.0,,,,,,,scale_0.4
scale_0.4,16384,True,torch.float16,1234,0.1,16,6,1024,0.11857819557189941,0.16040927171707153,,,,,,,scale_0.4
scale_0.4,16384,True,torch.float16,1234,0.1,16,7,0,0.0,0.0,,,,,,,scale_0.4
scale_0.4,16384,True,torch.float16,1234,0.1,16,0,0,0.0,0.0,,,,,,,scale_1.0
scale_0.4,16384,True,torch.float16,1234,0.1,16,1,0,0.0,0.0,,,,,,,scale_1.0
scale_0.4,16384,True,torch.float16,1234,0.1,16,2,0,0.0,0.0,,,,,,,scale_1.0
scale_0.4,16384,True,torch.float16,1234,0.1,16,3,1024,4.579322814941406,10.994871139526367,,,,,,,scale_1.0
scale_0.4,16384,True,torch.float16,1234,0.1,16,4,0,0.0,0.0,,,,,,,scale_1.0
scale_0.4,16384,True,torch.float16,1234,0.1,16,5,0,0.0,0.0,,,,,,,scale_1.0
scale_0.4,16384,True,torch.float16,1234,0.1,16,6,1024,4.667657852172852,11.765899658203125,,,,,,,scale_1.0
scale_0.4,16384,True,torch.float16,1234,0.1,16,7,0,0.0,0.0,,,,,,,scale_1.0
scale_0.4,16384,True,torch.float16,1234,0.1,16,0,0,0.0,0.0,,,,,,,rare_sharp_shift
scale_0.4,16384,True,torch.float16,1234,0.1,16,1,0,0.0,0.0,,,,,,,rare_sharp_shift
scale_0.4,16384,True,torch.float16,1234,0.1,16,2,0,0.0,0.0,,,,,,,rare_sharp_shift
scale_0.4,16384,True,torch.float16,1234,0.1,16,3,1024,0.025319378823041916,0.016437837854027748,,,,,,,rare_sharp_shift
scale_0.4,16384,True,torch.float16,1234,0.1,16,4,0,0.0,0.0,,,,,,,rare_sharp_shift
scale_0.4,16384,True,torch.float16,1234,0.1,16,5,0,0.0,0.0,,,,,,,rare_sharp_shift
scale_0.4,16384,True,torch.float16,1234,0.1,16,6,1024,0.028746217489242554,0.02193872258067131,,,,,,,rare_sharp_shift
scale_0.4,16384,True,torch.float16,1234,0.1,16,7,0,0.0,0.0,,,,,,,rare_sharp_shift
scale_0.4,32768,True,torch.float16,1234,0.1,16,0,1024,0.10147601366043091,0.13816797733306885,,,,,,,
scale_0.4,32768,True,torch.float16,1234,0.1,16,1,1024,0.09767942130565643,0.14039161801338196,,,,,,,
scale_0.4,32768,True,torch.float16,1234,0.1,16,2,0,0.0,0.0,,,,,,,
scale_0.4,32768,True,torch.float16,1234,0.1,16,3,0,0.0,0.0,,,,,,,
scale_0.4,32768,True,torch.float16,1234,0.1,16,4,0,0.0,0.0,,,,,,,
scale_0.4,32768,True,torch.float16,1234,0.1,16,5,0,0.0,0.0,,,,,,,
scale_0.4,32768,True,torch.float16,1234,0.1,16,6,1024,0.101633720099926,0.15207447111606598,,,,,,,
scale_0.4,32768,True,torch.float16,1234,0.1,16,7,1024,0.11061383783817291,0.15277254581451416,,,,,,,
scale_0.4,32768,True,torch.float16,1234,0.1,16,0,1024,0.10203908383846283,0.13901855051517487,,,,,,,scale_0.4
scale_0.4,32768,True,torch.float16,1234,0.1,16,1,1024,0.10742449760437012,0.15785688161849976,,,,,,,scale_0.4
scale_0.4,32768,True,torch.float16,1234,0.1,16,2,0,0.0,0.0,,,,,,,scale_0.4
scale_0.4,32768,True,torch.float16,1234,0.1,16,3,0,0.0,0.0,,,,,,,scale_0.4
scale_0.4,32768,True,torch.float16,1234,0.1,16,4,0,0.0,0.0,,,,,,,scale_0.4
scale_0.4,32768,True,torch.float16,1234,0.1,16,5,0,0.0,0.0,,,,,,,scale_0.4
scale_0.4,32768,True,torch.float16,1234,0.1,16,6,1024,0.09892512112855911,0.14049145579338074,,,,,,,scale_0.4
scale_0.4,32768,True,torch.float16,1234,0.1,16,7,1024,0.09571582078933716,0.13106513023376465,,,,,,,scale_0.4
scale_0.4,32768,True,torch.float16,1234,0.1,16,0,1024,4.414185523986816,9.328729629516602,,,,,,,scale_1.0
scale_0.4,32768,True,torch.float16,1234,0.1,16,1,1024,4.560492515563965,11.688348770141602,,,,,,,scale_1.0
scale_0.4,32768,True,torch.float16,1234,0.1,16,2,0,0.0,0.0,,,,,,,scale_1.0
scale_0.4,32768,True,torch.float16,1234,0.1,16,3,0,0.0,0.0,,,,,,,scale_1.0
scale_0.4,32768,True,torch.float16,1234,0.1,16,4,0,0.0,0.0,,,,,,,scale_1.0
scale_0.4,32768,True,torch.float16,1234,0.1,16,5,0,0.0,0.0,,,,,,,scale_1.0
scale_0.4,32768,True,torch.float16,1234,0.1,16,6,1024,5.362793922424316,13.928483009338379,,,,,,,scale_1.0
scale_0.4,32768,True,torch.float16,1234,0.1,16,7,1024,4.464596271514893,10.200183868408203,,,,,,,scale_1.0
scale_0.4,32768,True,torch.float16,1234,0.1,16,0,1024,0.024115566164255142,0.018884940072894096,,,,,,,rare_sharp_shift
scale_0.4,32768,True,torch.float16,1234,0.1,16,1,1024,0.023563306778669357,0.01941460557281971,,,,,,,rare_sharp_shift
scale_0.4,32768,True,torch.float16,1234,0.1,16,2,0,0.0,0.0,,,,,,,rare_sharp_shift
scale_0.4,32768,True,torch.float16,1234,0.1,16,3,0,0.0,0.0,,,,,,,rare_sharp_shift
scale_0.4,32768,True,torch.float16,1234,0.1,16,4,0,0.0,0.0,,,,,,,rare_sharp_shift
scale_0.4,32768,True,torch.float16,1234,0.1,16,5,0,0.0,0.0,,,,,,,rare_sharp_shift
scale_0.4,32768,True,torch.float16,1234,0.1,16,6,1024,0.021330248564481735,0.016918323934078217,,,,,,,rare_sharp_shift
scale_0.4,32768,True,torch.float16,1234,0.1,16,7,1024,0.022847699001431465,0.018069414421916008,,,,,,,rare_sharp_shift
scale_0.4,65536,True,torch.float16,1234,0.1,16,0,0,0.0,0.0,,,,,,,
scale_0.4,65536,True,torch.float16,1234,0.1,16,1,0,0.0,0.0,,,,,,,
scale_0.4,65536,True,torch.float16,1234,0.1,16,2,1024,0.09784422814846039,0.1364963948726654,,,,,,,
scale_0.4,65536,True,torch.float16,1234,0.1,16,3,0,0.0,0.0,,,,,,,
scale_0.4,65536,True,torch.float16,1234,0.1,16,4,1024,0.1004549041390419,0.14017421007156372,,,,,,,
scale_0.4,65536,True,torch.float16,1234,0.1,16,5,0,0.0,0.0,,,,,,,
scale_0.4,65536,True,torch.float16,1234,0.1,16,6,1024,0.10478188842535019,0.1642192304134369,,,,,,,
scale_0.4,65536,True,torch.float16,1234,0.1,16,7,0,0.0,0.0,,,,,,,
scale_0.4,65536,True,torch.float16,1234,0.1,16,0,0,0.0,0.0,,,,,,,scale_0.4
scale_0.4,65536,True,torch.float16,1234,0.1,16,1,0,0.0,0.0,,,,,,,scale_0.4
scale_0.4,65536,True,torch.float16,1234,0.1,16,2,1024,0.10711663216352463,0.15933315455913544,,,,,,,scale_0.4
scale_0.4,65536,True,torch.float16,1234,0.1,16,3,0,0.0,0.0,,,,,,,scale_0.4
scale_0.4,65536,True,torch.float16,1234,0.1,16,4,1024,0.12045872956514359,0.16704010963439941,,,,,,,scale_0.4
scale_0.4,65536,True,torch.float16,1234,0.1,16,5,0,0.0,0.0,,,,,,,scale_0.4
scale_0.4,65536,True,torch.float16,1234,0.1,16,6,1024,0.0966552197933197,0.13584980368614197,,,,,,,scale_0.4
scale_0.4,65536,True,torch.float16,1234,0.1,16,7,0,0.0,0.0,,,,,,,scale_0.4
scale_0.4,65536,True,torch.float16,1234,0.1,16,0,0,0.0,0.0,,,,,,,scale_1.0
scale_0.4,65536,True,torch.float16,1234,0.1,16,1,0,0.0,0.0,,,,,,,scale_1.0
scale_0.4,65536,True,torch.float16,1234,0.1,16,2,1024,5.663074493408203,13.308653831481934,,,,,,,scale_1.0
scale_0.4,65536,True,torch.float16,1234,0.1,16,3,0,0.0,0.0,,,,,,,scale_1.0
scale_0.4,65536,True,torch.float16,1234,0.1,16,4,1024,6.004700660705566,15.166879653930664,,,,,,,scale_1.0
scale_0.4,65536,True,torch.float16,1234,0.1,16,5,0,0.0,0.0,,,,,,,scale_1.0
scale_0.4,65536,True,torch.float16,1234,0.1,16,6,1024,5.916912078857422,16.269916534423828,,,,,,,scale_1.0
scale_0.4,65536,True,torch.float16,1234,0.1,16,7,0,0.0,0.0,,,,,,,scale_1.0
scale_0.4,65536,True,torch.float16,1234,0.1,16,0,0,0.0,0.0,,,,,,,rare_sharp_shift
scale_0.4,65536,True,torch.float16,1234,0.1,16,1,0,0.0,0.0,,,,,,,rare_sharp_shift
scale_0.4,65536,True,torch.float16,1234,0.1,16,2,1024,0.015441578812897205,0.017637111246585846,,,,,,,rare_sharp_shift
scale_0.4,65536,True,torch.float16,1234,0.1,16,3,0,0.0,0.0,,,,,,,rare_sharp_shift
scale_0.4,65536,True,torch.float16,1234,0.1,16,4,1024,0.017809778451919556,0.020921064540743828,,,,,,,rare_sharp_shift
scale_0.4,65536,True,torch.float16,1234,0.1,16,5,0,0.0,0.0,,,,,,,rare_sharp_shift
scale_0.4,65536,True,torch.float16,1234,0.1,16,6,1024,0.014717639423906803,0.017772449180483818,,,,,,,rare_sharp_shift
scale_0.4,65536,True,torch.float16,1234,0.1,16,7,0,0.0,0.0,,,,,,,rare_sharp_shift
scale_0.4,512,True,torch.float32,1234,0.1,16,0,1024,0.10472887754440308,0.16849784553050995,,,,,,,
scale_0.4,512,True,torch.float32,1234,0.1,16,1,0,0.0,0.0,,,,,,,
scale_0.4,512,True,torch.float32,1234,0.1,16,2,1024,0.10306653380393982,0.15746073424816132,,,,,,,
scale_0.4,512,True,torch.float32,1234,0.1,16,3,0,0.0,0.0,,,,,,,
scale_0.4,512,True,torch.float32,1234,0.1,16,4,1024,0.10506022721529007,0.17136424779891968,,,,,,,
scale_0.4,512,True,torch.float32,1234,0.1,16,5,1024,0.09170263260602951,0.1287384182214737,,,,,,,
scale_0.4,512,True,torch.float32,1234,0.1,16,6,1024,0.10108587145805359,0.14755073189735413,,,,,,,
scale_0.4,512,True,torch.float32,1234,0.1,16,7,0,0.0,0.0,,,,,,,
scale_0.4,512,True,torch.float32,1234,0.1,16,0,1024,,,all_query_rows,0.10275132954120636,0.15505582094192505,0.2784274220466614,240,0,
scale_0.4,512,True,torch.float32,1234,0.1,16,1,0,,,all_query_rows,0.0,0.0,0.0,0,0,
scale_0.4,512,True,torch.float32,1234,0.1,16,2,1024,,,all_query_rows,0.10330252349376678,0.1577901691198349,0.20462888479232788,238,0,
scale_0.4,512,True,torch.float32,1234,0.1,16,3,0,,,all_query_rows,0.0,0.0,0.0,0,0,
scale_0.4,512,True,torch.float32,1234,0.1,16,4,1024,,,all_query_rows,0.1011892780661583,0.15299053490161896,0.3580230176448822,217,0,
scale_0.4,512,True,torch.float32,1234,0.1,16,5,1024,,,all_query_rows,0.09224644303321838,0.1325882375240326,0.22217796742916107,131,0,
scale_0.4,512,True,torch.float32,1234,0.1,16,6,1024,,,all_query_rows,0.10123176872730255,0.14949247241020203,0.24988918006420135,228,0,
scale_0.4,512,True,torch.float32,1234,0.1,16,7,0,,,all_query_rows,0.0,0.0,0.0,0,0,
scale_0.4,512,True,torch.float32,1234,0.1,16,0,1024,0.10355759412050247,0.1498742252588272,,,,,,,scale_0.4
scale_0.4,512,True,torch.float32,1234,0.1,16,1,0,0.0,0.0,,,,,,,scale_0.4
scale_0.4,512,True,torch.float32,1234,0.1,16,2,1024,0.09418687224388123,0.14237086474895477,,,,,,,scale_0.4
scale_0.4,512,True,torch.float32,1234,0.1,16,3,0,0.0,0.0,,,,,,,scale_0.4
scale_0.4,512,True,torch.float32,1234,0.1,16,4,1024,0.09323932230472565,0.14418411254882812,,,,,,,scale_0.4
scale_0.4,512,True,torch.float32,1234,0.1,16,5,1024,0.09184817224740982,0.12593336403369904,,,,,,,scale_0.4
scale_0.4,512,True,torch.float32,1234,0.1,16,6,1024,0.09473627805709839,0.13385619223117828,,,,,,,scale_0.4
scale_0.4,512,True,torch.float32,1234,0.1,16,7,0,0.0,0.0,,,,,,,scale_0.4
scale_0.4,512,True,torch.float32,1234,0.1,16,0,1024,2.0190515518188477,4.677875995635986,,,,,,,scale_1.0
scale_0.4,512,True,torch.float32,1234,0.1,16,1,0,0.0,0.0,,,,,,,scale_1.0
scale_0.4,512,True,torch.float32,1234,0.1,16,2,1024,1.9691619873046875,4.909206390380859,,,,,,,scale_1.0
scale_0.4,512,True,torch.float32,1234,0.1,16,3,0,0.0,0.0,,,,,,,scale_1.0
scale_0.4,512,True,torch.float32,1234,0.1,16,4,1024,2.1441237926483154,5.4567766189575195,,,,,,,scale_1.0
scale_0.4,512,True,torch.float32,1234,0.1,16,5,1024,1.8976950645446777,4.059613227844238,,,,,,,scale_1.0
scale_0.4,512,True,torch.float32,1234,0.1,16,6,1024,1.7365174293518066,3.768205404281616,,,,,,,scale_1.0
scale_0.4,512,True,torch.float32,1234,0.1,16,7,0,0.0,0.0,,,,,,,scale_1.0
scale_0.4,512,True,torch.float32,1234,0.1,16,0,1024,0.030691880732774734,0.018994979560375214,,,,,,,rare_sharp_shift
scale_0.4,512,True,torch.float32,1234,0.1,16,1,0,0.0,0.0,,,,,,,rare_sharp_shift
scale_0.4,512,True,torch.float32,1234,0.1,16,2,1024,0.02987297810614109,0.019190315157175064,,,,,,,rare_sharp_shift
scale_0.4,512,True,torch.float32,1234,0.1,16,3,0,0.0,0.0,,,,,,,rare_sharp_shift
scale_0.4,512,True,torch.float32,1234,0.1,16,4,1024,0.028413357213139534,0.01669495180249214,,,,,,,rare_sharp_shift
scale_0.4,512,True,torch.float32,1234,0.1,16,5,1024,0.027850881218910217,0.01734806038439274,,,,,,,rare_sharp_shift
scale_0.4,512,True,torch.float32,1234,0.1,16,6,1024,0.0293375626206398,0.017965544015169144,,,,,,,rare_sharp_shift
scale_0.4,512,True,torch.float32,1234,0.1,16,7,0,0.0,0.0,,,,,,,rare_sharp_shift
scale_0.4,1024,True,torch.float32,1234,0.1,16,0,1024,0.10104721039533615,0.1475725769996643,,,,,,,
scale_0.4,1024,True,torch.float32,1234,0.1,16,1,1024,0.09560731798410416,0.14537978172302246,,,,,,,
scale_0.4,1024,True,torch.float32,1234,0.1,16,2,1024,0.0864485576748848,0.12128239870071411,,,,,,,
scale_0.4,1024,True,torch.float32,1234,0.1,16,3,0,0.0,0.0,,,,,,,
scale_0.4,1024,True,torch.float32,1234,0.1,16,4,0,0.0,0.0,,,,,,,
scale_0.4,1024,True,torch.float32,1234,0.1,16,5,1024,0.09721608459949493,0.14421799778938293,,,,,,,
scale_0.4,1024,True,torch.float32,1234,0.1,16,6,1024,0.09644302725791931,0.13654246926307678,,,,,,,
scale_0.4,1024,True,torch.float32,1234,0.1,16,7,0,0.0,0.0,,,,,,,
scale_0.4,1024,True,torch.float32,1234,0.1,16,0,1024,,,all_query_rows,0.10059447586536407,0.14517560601234436,0.7569435834884644,410,0,
scale_0.4,1024,True,torch.float32,1234,0.1,16,1,1024,,,all_query_rows,0.09359604865312576,0.13465017080307007,0.3165232837200165,301,0,
scale_0.4,1024,True,torch.float32,1234,0.1,16,2,1024,,,all_query_rows,0.08603730797767639,0.12335590273141861,0.22285781800746918,174,0,
scale_0.4,1024,True,torch.float32,1234,0.1,16,3,0,,,all_query_rows,0.0,0.0,0.0,0,0,
scale_0.4,1024,True,torch.float32,1234,0.1,16,4,0,,,all_query_rows,0.0,0.0,0.0,0,0,
scale_0.4,1024,True,torch.float32,1234,0.1,16,5,1024,,,all_query_rows,0.09642456471920013,0.14048229157924652,0.4170191287994385,335,0,
scale_0.4,1024,True,torch.float32,1234,0.1,16,6,1024,,,all_query_rows,0.09593306481838226,0.13493746519088745,0.3338923156261444,344,0,
scale_0.4,1024,True,torch.float32,1234,0.1,16,7,0,,,all_query_rows,0.0,0.0,0.0,0,0,
scale_0.4,1024,True,torch.float32,1234,0.1,16,0,1024,0.09286167472600937,0.1357259601354599,,,,,,,scale_0.4
scale_0.4,1024,True,torch.float32,1234,0.1,16,1,1024,0.09629514813423157,0.14308106899261475,,,,,,,scale_0.4
scale_0.4,1024,True,torch.float32,1234,0.1,16,2,1024,0.09456785768270493,0.13205081224441528,,,,,,,scale_0.4
scale_0.4,1024,True,torch.float32,1234,0.1,16,3,0,0.0,0.0,,,,,,,scale_0.4
scale_0.4,1024,True,torch.float32,1234,0.1,16,4,0,0.0,0.0,,,,,,,scale_0.4
scale_0.4,1024,True,torch.float32,1234,0.1,16,5,1024,0.09997124969959259,0.1386869102716446,,,,,,,scale_0.4
scale_0.4,1024,True,torch.float32,1234,0.1,16,6,1024,0.10717393457889557,0.15051069855690002,,,,,,,scale_0.4
scale_0.4,1024,True,torch.float32,1234,0.1,16,7,0,0.0,0.0,,,,,,,scale_0.4
scale_0.4,1024,True,torch.float32,1234,0.1,16,0,1024,2.3134772777557373,6.182579517364502,,,,,,,scale_1.0
scale_0.4,1024,True,torch.float32,1234,0.1,16,1,1024,2.3000760078430176,5.589134216308594,,,,,,,scale_1.0
scale_0.4,1024,True,torch.float32,1234,0.1,16,2,1024,2.3634815216064453,4.973989963531494,,,,,,,scale_1.0
scale_0.4,1024,True,torch.float32,1234,0.1,16,3,0,0.0,0.0,,,,,,,scale_1.0
scale_0.4,1024,True,torch.float32,1234,0.1,16,4,0,0.0,0.0,,,,,,,scale_1.0
scale_0.4,1024,True,torch.float32,1234,0.1,16,5,1024,2.5547170639038086,6.17250919342041,,,,,,,scale_1.0
scale_0.4,1024,True,torch.float32,1234,0.1,16,6,1024,2.3787689208984375,5.500225067138672,,,,,,,scale_1.0
scale_0.4,1024,True,torch.float32,1234,0.1,16,7,0,0.0,0.0,,,,,,,scale_1.0
scale_0.4,1024,True,torch.float32,1234,0.1,16,0,1024,0.026695992797613144,0.018577657639980316,,,,,,,rare_sharp_shift
scale_0.4,1024,True,torch.float32,1234,0.1,16,1,1024,0.025857174769043922,0.017937546595931053,,,,,,,rare_sharp_shift
scale_0.4,1024,True,torch.float32,1234,0.1,16,2,1024,0.025004809722304344,0.017168276011943817,,,,,,,rare_sharp_shift
scale_0.4,1024,True,torch.float32,1234,0.1,16,3,0,0.0,0.0,,,,,,,rare_sharp_shift
scale_0.4,1024,True,torch.float32,1234,0.1,16,4,0,0.0,0.0,,,,,,,rare_sharp_shift
scale_0.4,1024,True,torch.float32,1234,0.1,16,5,1024,0.02621927484869957,0.017498312518000603,,,,,,,rare_sharp_shift
scale_0.4,1024,True,torch.float32,1234,0.1,16,6,1024,0.027660075575113297,0.01894349604845047,,,,,,,rare_sharp_shift
scale_0.4,1024,True,torch.float32,1234,0.1,16,7,0,0.0,0.0,,,,,,,rare_sharp_shift
scale_0.4,2048,True,torch.float32,1234,0.1,16,0,0,0.0,0.0,,,,,,,
scale_0.4,2048,True,torch.float32,1234,0.1,16,1,1024,0.10398779809474945,0.17607641220092773,,,,,,,
scale_0.4,2048,True,torch.float32,1234,0.1,16,2,0,0.0,0.0,,,,,,,
scale_0.4,2048,True,torch.float32,1234,0.1,16,3,1024,0.09355263411998749,0.1355341672897339,,,,,,,
scale_0.4,2048,True,torch.float32,1234,0.1,16,4,1024,0.09672433882951736,0.13702356815338135,,,,,,,
scale_0.4,2048,True,torch.float32,1234,0.1,16,5,0,0.0,0.0,,,,,,,
scale_0.4,2048,True,torch.float32,1234,0.1,16,6,0,0.0,0.0,,,,,,,
scale_0.4,2048,True,torch.float32,1234,0.1,16,7,0,0.0,0.0,,,,,,,
scale_0.4,2048,True,torch.float32,1234,0.1,16,0,0,,,all_query_rows,0.0,0.0,0.0,0,0,
scale_0.4,2048,True,torch.float32,1234,0.1,16,1,1024,,,all_query_rows,0.10033270716667175,0.15566539764404297,1.4310628175735474,707,0,
scale_0.4,2048,True,torch.float32,1234,0.1,16,2,0,,,all_query_rows,0.0,0.0,0.0,0,0,
scale_0.4,2048,True,torch.float32,1234,0.1,16,3,1024,,,all_query_rows,0.0937534049153328,0.13613687455654144,0.7125142812728882,591,0,
scale_0.4,2048,True,torch.float32,1234,0.1,16,4,1024,,,all_query_rows,0.0953044444322586,0.1355130523443222,0.3536010682582855,657,0,
scale_0.4,2048,True,torch.float32,1234,0.1,16,5,0,,,all_query_rows,0.0,0.0,0.0,0,0,
scale_0.4,2048,True,torch.float32,1234,0.1,16,6,0,,,all_query_rows,0.0,0.0,0.0,0,0,
scale_0.4,2048,True,torch.float32,1234,0.1,16,7,0,,,all_query_rows,0.0,0.0,0.0,0,0,
scale_0.4,2048,True,torch.float32,1234,0.1,16,0,0,0.0,0.0,,,,,,,scale_0.4
scale_0.4,2048,True,torch.float32,1234,0.1,16,1,1024,0.10396554321050644,0.1566668450832367,,,,,,,scale_0.4
scale_0.4,2048,True,torch.float32,1234,0.1,16,2,0,0.0,0.0,,,,,,,scale_0.4
scale_0.4,2048,True,torch.float32,1234,0.1,16,3,1024,0.1082063615322113,0.15243510901927948,,,,,,,scale_0.4
scale_0.4,2048,True,torch.float32,1234,0.1,16,4,1024,0.10169990360736847,0.13195782899856567,,,,,,,scale_0.4
scale_0.4,2048,True,torch.float32,1234,0.1,16,5,0,0.0,0.0,,,,,,,scale_0.4
scale_0.4,2048,True,torch.float32,1234,0.1,16,6,0,0.0,0.0,,,,,,,scale_0.4
scale_0.4,2048,True,torch.float32,1234,0.1,16,7,0,0.0,0.0,,,,,,,scale_0.4
scale_0.4,2048,True,torch.float32,1234,0.1,16,0,0,0.0,0.0,,,,,,,scale_1.0
scale_0.4,2048,True,torch.float32,1234,0.1,16,1,1024,2.9927401542663574,8.255500793457031,,,,,,,scale_1.0
scale_0.4,2048,True,torch.float32,1234,0.1,16,2,0,0.0,0.0,,,,,,,scale_1.0
scale_0.4,2048,True,torch.float32,1234,0.1,16,3,1024,3.0324342250823975,6.967569351196289,,,,,,,scale_1.0
scale_0.4,2048,True,torch.float32,1234,0.1,16,4,1024,2.533238410949707,6.3732452392578125,,,,,,,scale_1.0
scale_0.4,2048,True,torch.float32,1234,0.1,16,5,0,0.0,0.0,,,,,,,scale_1.0
scale_0.4,2048,True,torch.float32,1234,0.1,16,6,0,0.0,0.0,,,,,,,scale_1.0
scale_0.4,2048,True,torch.float32,1234,0.1,16,7,0,0.0,0.0,,,,,,,scale_1.0
scale_0.4,2048,True,torch.float32,1234,0.1,16,0,0,0.0,0.0,,,,,,,rare_sharp_shift
scale_0.4,2048,True,torch.float32,1234,0.1,16,1,1024,0.018677985295653343,0.017283501103520393,,,,,,,rare_sharp_shift
scale_0.4,2048,True,torch.float32,1234,0.1,16,2,0,0.0,0.0,,,,,,,rare_sharp_shift
scale_0.4,2048,True,torch.float32,1234,0.1,16,3,1024,0.020384952425956726,0.01987210288643837,,,,,,,rare_sharp_shift
scale_0.4,2048,True,torch.float32,1234,0.1,16,4,1024,0.020434420555830002,0.01996312290430069,,,,,,,rare_sharp_shift
scale_0.4,2048,True,torch.float32,1234,0.1,16,5,0,0.0,0.0,,,,,,,rare_sharp_shift
scale_0.4,2048,True,torch.float32,1234,0.1,16,6,0,0.0,0.0,,,,,,,rare_sharp_shift
scale_0.4,2048,True,torch.float32,1234,0.1,16,7,0,0.0,0.0,,,,,,,rare_sharp_shift
scale_0.4,4096,True,torch.float32,1234,0.1,16,0,0,0.0,0.0,,,,,,,
scale_0.4,4096,True,torch.float32,1234,0.1,16,1,0,0.0,0.0,,,,,,,
scale_0.4,4096,True,torch.float32,1234,0.1,16,2,1024,0.0959249883890152,0.12472075968980789,,,,,,,
scale_0.4,4096,True,torch.float32,1234,0.1,16,3,1024,0.10379663109779358,0.14083236455917358,,,,,,,
scale_0.4,4096,True,torch.float32,1234,0.1,16,4,1024,0.10182663798332214,0.14209523797035217,,,,,,,
scale_0.4,4096,True,torch.float32,1234,0.1,16,5,1024,0.09325215965509415,0.13412266969680786,,,,,,,
scale_0.4,4096,True,torch.float32,1234,0.1,16,6,0,0.0,0.0,,,,,,,
scale_0.4,4096,True,torch.float32,1234,0.1,16,7,0,0.0,0.0,,,,,,,
scale_0.4,4096,True,torch.float32,1234,0.1,16,0,0,,,all_query_rows,0.0,0.0,0.0,0,0,
scale_0.4,4096,True,torch.float32,1234,0.1,16,1,0,,,all_query_rows,0.0,0.0,0.0,0,0,
scale_0.4,4096,True,torch.float32,1234,0.1,16,2,1024,,,all_query_rows,0.09717634320259094,0.13397544622421265,0.48064377903938293,1442,0,
scale_0.4,4096,True,torch.float32,1234,0.1,16,3,1024,,,all_query_rows,0.10492880642414093,0.14865076541900635,0.4265713691711426,2016,0,
scale_0.4,4096,True,torch.float32,1234,0.1,16,4,1024,,,all_query_rows,0.1017126515507698,0.1454893797636032,0.6572036743164062,1773,0,
scale_0.4,4096,True,torch.float32,1234,0.1,16,5,1024,,,all_query_rows,0.09310103952884674,0.1332722306251526,0.36716780066490173,1121,0,
scale_0.4,4096,True,torch.float32,1234,0.1,16,6,0,,,all_query_rows,0.0,0.0,0.0,0,0,
scale_0.4,4096,True,torch.float32,1234,0.1,16,7,0,,,all_query_rows,0.0,0.0,0.0,0,0,
scale_0.4,4096,True,torch.float32,1234,0.1,16,0,0,0.0,0.0,,,,,,,scale_0.4
scale_0.4,4096,True,torch.float32,1234,0.1,16,1,0,0.0,0.0,,,,,,,scale_0.4
scale_0.4,4096,True,torch.float32,1234,0.1,16,2,1024,0.10180556029081345,0.1397545039653778,,,,,,,scale_0.4
scale_0.4,4096,True,torch.float32,1234,0.1,16,3,1024,0.10819663107395172,0.15764665603637695,,,,,,,scale_0.4
scale_0.4,4096,True,torch.float32,1234,0.1,16,4,1024,0.10039950907230377,0.1400081366300583,,,,,,,scale_0.4
scale_0.4,4096,True,torch.float32,1234,0.1,16,5,1024,0.08402413874864578,0.11577518284320831,,,,,,,scale_0.4
scale_0.4,4096,True,torch.float32,1234,0.1,16,6,0,0.0,0.0,,,,,,,scale_0.4
scale_0.4,4096,True,torch.float32,1234,0.1,16,7,0,0.0,0.0,,,,,,,scale_0.4
scale_0.4,4096,True,torch.float32,1234,0.1,16,0,0,0.0,0.0,,,,,,,scale_1.0
scale_0.4,4096,True,torch.float32,1234,0.1,16,1,0,0.0,0.0,,,,,,,scale_1.0
scale_0.4,4096,True,torch.float32,1234,0.1,16,2,1024,3.0659611225128174,7.101259708404541,,,,,,,scale_1.0
scale_0.4,4096,True,torch.float32,1234,0.1,16,3,1024,3.7104902267456055,9.56450366973877,,,,,,,scale_1.0
scale_0.4,4096,True,torch.float32,1234,0.1,16,4,1024,2.807574987411499,6.686800956726074,,,,,,,scale_1.0
scale_0.4,4096,True,torch.float32,1234,0.1,16,5,1024,3.369190216064453,9.4317626953125,,,,,,,scale_1.0
scale_0.4,4096,True,torch.float32,1234,0.1,16,6,0,0.0,0.0,,,,,,,scale_1.0
scale_0.4,4096,True,torch.float32,1234,0.1,16,7,0,0.0,0.0,,,,,,,scale_1.0
scale_0.4,4096,True,torch.float32,1234,0.1,16,0,0,0.0,0.0,,,,,,,rare_sharp_shift
scale_0.4,4096,True,torch.float32,1234,0.1,16,1,0,0.0,0.0,,,,,,,rare_sharp_shift
scale_0.4,4096,True,torch.float32,1234,0.1,16,2,1024,0.03493022173643112,0.01845209300518036,,,,,,,rare_sharp_shift
scale_0.4,4096,True,torch.float32,1234,0.1,16,3,1024,0.034808747470378876,0.019333943724632263,,,,,,,rare_sharp_shift
scale_0.4,4096,True,torch.float32,1234,0.1,16,4,1024,0.03431686758995056,0.01799391582608223,,,,,,,rare_sharp_shift
scale_0.4,4096,True,torch.float32,1234,0.1,16,5,1024,0.031274452805519104,0.014777535572648048,,,,,,,rare_sharp_shift
scale_0.4,4096,True,torch.float32,1234,0.1,16,6,0,0.0,0.0,,,,,,,rare_sharp_shift
scale_0.4,4096,True,torch.float32,1234,0.1,16,7,0,0.0,0.0,,,,,,,rare_sharp_shift
scale_0.4,8192,True,torch.float32,1234,0.1,16,0,0,0.0,0.0,,,,,,,
scale_0.4,8192,True,torch.float32,1234,0.1,16,1,0,0.0,0.0,,,,,,,
scale_0.4,8192,True,torch.float32,1234,0.1,16,2,1024,0.1016373485326767,0.14330437779426575,,,,,,,
scale_0.4,8192,True,torch.float32,1234,0.1,16,3,1024,0.09668586403131485,0.13147586584091187,,,,,,,
scale_0.4,8192,True,torch.float32,1234,0.1,16,4,0,0.0,0.0,,,,,,,
scale_0.4,8192,True,torch.float32,1234,0.1,16,5,0,0.0,0.0,,,,,,,
scale_0.4,8192,True,torch.float32,1234,0.1,16,6,0,0.0,0.0,,,,,,,
scale_0.4,8192,True,torch.float32,1234,0.1,16,7,0,0.0,0.0,,,,,,,
scale_0.4,8192,True,torch.float32,1234,0.1,16,0,0,0.0,0.0,,,,,,,scale_0.4
scale_0.4,8192,True,torch.float32,1234,0.1,16,1,0,0.0,0.0,,,,,,,scale_0.4
scale_0.4,8192,True,torch.float32,1234,0.1,16,2,1024,0.11264964938163757,0.1641438901424408,,,,,,,scale_0.4
scale_0.4,8192,True,torch.float32,1234,0.1,16,3,1024,0.09781277924776077,0.1330278068780899,,,,,,,scale_0.4
scale_0.4,8192,True,torch.float32,1234,0.1,16,4,0,0.0,0.0,,,,,,,scale_0.4
scale_0.4,8192,True,torch.float32,1234,0.1,16,5,0,0.0,0.0,,,,,,,scale_0.4
scale_0.4,8192,True,torch.float32,1234,0.1,16,6,0,0.0,0.0,,,,,,,scale_0.4
scale_0.4,8192,True,torch.float32,1234,0.1,16,7,0,0.0,0.0,,,,,,,scale_0.4
scale_0.4,8192,True,torch.float32,1234,0.1,16,0,0,0.0,0.0,,,,,,,scale_1.0
scale_0.4,8192,True,torch.float32,1234,0.1,16,1,0,0.0,0.0,,,,,,,scale_1.0
scale_0.4,8192,True,torch.float32,1234,0.1,16,2,1024,4.258896350860596,10.358968734741211,,,,,,,scale_1.0
scale_0.4,8192,True,torch.float32,1234,0.1,16,3,1024,4.235137462615967,9.313573837280273,,,,,,,scale_1.0
scale_0.4,8192,True,torch.float32,1234,0.1,16,4,0,0.0,0.0,,,,,,,scale_1.0
scale_0.4,8192,True,torch.float32,1234,0.1,16,5,0,0.0,0.0,,,,,,,scale_1.0
scale_0.4,8192,True,torch.float32,1234,0.1,16,6,0,0.0,0.0,,,,,,,scale_1.0
scale_0.4,8192,True,torch.float32,1234,0.1,16,7,0,0.0,0.0,,,,,,,scale_1.0
scale_0.4,8192,True,torch.float32,1234,0.1,16,0,0,0.0,0.0,,,,,,,rare_sharp_shift
scale_0.4,8192,True,torch.float32,1234,0.1,16,1,0,0.0,0.0,,,,,,,rare_sharp_shift
scale_0.4,8192,True,torch.float32,1234,0.1,16,2,1024,0.0240658950060606,0.01962050050497055,,,,,,,rare_sharp_shift
scale_0.4,8192,True,torch.float32,1234,0.1,16,3,1024,0.02129197120666504,0.015716303139925003,,,,,,,rare_sharp_shift
scale_0.4,8192,True,torch.float32,1234,0.1,16,4,0,0.0,0.0,,,,,,,rare_sharp_shift
scale_0.4,8192,True,torch.float32,1234,0.1,16,5,0,0.0,0.0,,,,,,,rare_sharp_shift
scale_0.4,8192,True,torch.float32,1234,0.1,16,6,0,0.0,0.0,,,,,,,rare_sharp_shift
scale_0.4,8192,True,torch.float32,1234,0.1,16,7,0,0.0,0.0,,,,,,,rare_sharp_shift
scale_0.4,16384,True,torch.float32,1234,0.1,16,0,0,0.0,0.0,,,,,,,
scale_0.4,16384,True,torch.float32,1234,0.1,16,1,0,0.0,0.0,,,,,,,
scale_0.4,16384,True,torch.float32,1234,0.1,16,2,0,0.0,0.0,,,,,,,
scale_0.4,16384,True,torch.float32,1234,0.1,16,3,1024,0.09948770701885223,0.14796704053878784,,,,,,,
scale_0.4,16384,True,torch.float32,1234,0.1,16,4,0,0.0,0.0,,,,,,,
scale_0.4,16384,True,torch.float32,1234,0.1,16,5,0,0.0,0.0,,,,,,,
scale_0.4,16384,True,torch.float32,1234,0.1,16,6,1024,0.09949926286935806,0.13937853276729584,,,,,,,
scale_0.4,16384,True,torch.float32,1234,0.1,16,7,0,0.0,0.0,,,,,,,
scale_0.4,16384,True,torch.float32,1234,0.1,16,0,0,0.0,0.0,,,,,,,scale_0.4
scale_0.4,16384,True,torch.float32,1234,0.1,16,1,0,0.0,0.0,,,,,,,scale_0.4
scale_0.4,16384,True,torch.float32,1234,0.1,16,2,0,0.0,0.0,,,,,,,scale_0.4
scale_0.4,16384,True,torch.float32,1234,0.1,16,3,1024,0.09935756027698517,0.1454373598098755,,,,,,,scale_0.4
scale_0.4,16384,True,torch.float32,1234,0.1,16,4,0,0.0,0.0,,,,,,,scale_0.4
scale_0.4,16384,True,torch.float32,1234,0.1,16,5,0,0.0,0.0,,,,,,,scale_0.4
scale_0.4,16384,True,torch.float32,1234,0.1,16,6,1024,0.11857923865318298,0.16040454804897308,,,,,,,scale_0.4
scale_0.4,16384,True,torch.float32,1234,0.1,16,7,0,0.0,0.0,,,,,,,scale_0.4
scale_0.4,16384,True,torch.float32,1234,0.1,16,0,0,0.0,0.0,,,,,,,scale_1.0
scale_0.4,16384,True,torch.float32,1234,0.1,16,1,0,0.0,0.0,,,,,,,scale_1.0
scale_0.4,16384,True,torch.float32,1234,0.1,16,2,0,0.0,0.0,,,,,,,scale_1.0
scale_0.4,16384,True,torch.float32,1234,0.1,16,3,1024,4.579552173614502,10.994462966918945,,,,,,,scale_1.0
scale_0.4,16384,True,torch.float32,1234,0.1,16,4,0,0.0,0.0,,,,,,,scale_1.0
scale_0.4,16384,True,torch.float32,1234,0.1,16,5,0,0.0,0.0,,,,,,,scale_1.0
scale_0.4,16384,True,torch.float32,1234,0.1,16,6,1024,4.667600631713867,11.757014274597168,,,,,,,scale_1.0
scale_0.4,16384,True,torch.float32,1234,0.1,16,7,0,0.0,0.0,,,,,,,scale_1.0
scale_0.4,16384,True,torch.float32,1234,0.1,16,0,0,0.0,0.0,,,,,,,rare_sharp_shift
scale_0.4,16384,True,torch.float32,1234,0.1,16,1,0,0.0,0.0,,,,,,,rare_sharp_shift
scale_0.4,16384,True,torch.float32,1234,0.1,16,2,0,0.0,0.0,,,,,,,rare_sharp_shift
scale_0.4,16384,True,torch.float32,1234,0.1,16,3,1024,0.025319110602140427,0.016438044607639313,,,,,,,rare_sharp_shift
scale_0.4,16384,True,torch.float32,1234,0.1,16,4,0,0.0,0.0,,,,,,,rare_sharp_shift
scale_0.4,16384,True,torch.float32,1234,0.1,16,5,0,0.0,0.0,,,,,,,rare_sharp_shift
scale_0.4,16384,True,torch.float32,1234,0.1,16,6,1024,0.028746549040079117,0.021938420832157135,,,,,,,rare_sharp_shift
scale_0.4,16384,True,torch.float32,1234,0.1,16,7,0,0.0,0.0,,,,,,,rare_sharp_shift
scale_0.4,32768,True,torch.float32,1234,0.1,16,0,1024,0.10147537291049957,0.13816572725772858,,,,,,,
scale_0.4,32768,True,torch.float32,1234,0.1,16,1,1024,0.09768317639827728,0.14040759205818176,,,,,,,
scale_0.4,32768,True,torch.float32,1234,0.1,16,2,0,0.0,0.0,,,,,,,
scale_0.4,32768,True,torch.float32,1234,0.1,16,3,0,0.0,0.0,,,,,,,
scale_0.4,32768,True,torch.float32,1234,0.1,16,4,0,0.0,0.0,,,,,,,
scale_0.4,32768,True,torch.float32,1234,0.1,16,5,0,0.0,0.0,,,,,,,
scale_0.4,32768,True,torch.float32,1234,0.1,16,6,1024,0.10163605958223343,0.15207862854003906,,,,,,,
scale_0.4,32768,True,torch.float32,1234,0.1,16,7,1024,0.11061295866966248,0.1527712643146515,,,,,,,
scale_0.4,32768,True,torch.float32,1234,0.1,16,0,1024,0.10203710198402405,0.1390337347984314,,,,,,,scale_0.4
scale_0.4,32768,True,torch.float32,1234,0.1,16,1,1024,0.10742390155792236,0.15785089135169983,,,,,,,scale_0.4
scale_0.4,32768,True,torch.float32,1234,0.1,16,2,0,0.0,0.0,,,,,,,scale_0.4
scale_0.4,32768,True,torch.float32,1234,0.1,16,3,0,0.0,0.0,,,,,,,scale_0.4
scale_0.4,32768,True,torch.float32,1234,0.1,16,4,0,0.0,0.0,,,,,,,scale_0.4
scale_0.4,32768,True,torch.float32,1234,0.1,16,5,0,0.0,0.0,,,,,,,scale_0.4
scale_0.4,32768,True,torch.float32,1234,0.1,16,6,1024,0.09892238676548004,0.1404912769794464,,,,,,,scale_0.4
scale_0.4,32768,True,torch.float32,1234,0.1,16,7,1024,0.09571535140275955,0.13107961416244507,,,,,,,scale_0.4
scale_0.4,32768,True,torch.float32,1234,0.1,16,0,1024,4.414402008056641,9.331535339355469,,,,,,,scale_1.0
scale_0.4,32768,True,torch.float32,1234,0.1,16,1,1024,4.560427188873291,11.685919761657715,,,,,,,scale_1.0
scale_0.4,32768,True,torch.float32,1234,0.1,16,2,0,0.0,0.0,,,,,,,scale_1.0
scale_0.4,32768,True,torch.float32,1234,0.1,16,3,0,0.0,0.0,,,,,,,scale_1.0
scale_0.4,32768,True,torch.float32,1234,0.1,16,4,0,0.0,0.0,,,,,,,scale_1.0
scale_0.4,32768,True,torch.float32,1234,0.1,16,5,0,0.0,0.0,,,,,,,scale_1.0
scale_0.4,32768,True,torch.float32,1234,0.1,16,6,1024,5.3626861572265625,13.928910255432129,,,,,,,scale_1.0
scale_0.4,32768,True,torch.float32,1234,0.1,16,7,1024,4.464432716369629,10.210759162902832,,,,,,,scale_1.0
scale_0.4,32768,True,torch.float32,1234,0.1,16,0,1024,0.024115366861224174,0.01888485625386238,,,,,,,rare_sharp_shift
scale_0.4,32768,True,torch.float32,1234,0.1,16,1,1024,0.023562893271446228,0.019413819536566734,,,,,,,rare_sharp_shift
scale_0.4,32768,True,torch.float32,1234,0.1,16,2,0,0.0,0.0,,,,,,,rare_sharp_shift
scale_0.4,32768,True,torch.float32,1234,0.1,16,3,0,0.0,0.0,,,,,,,rare_sharp_shift
scale_0.4,32768,True,torch.float32,1234,0.1,16,4,0,0.0,0.0,,,,,,,rare_sharp_shift
scale_0.4,32768,True,torch.float32,1234,0.1,16,5,0,0.0,0.0,,,,,,,rare_sharp_shift
scale_0.4,32768,True,torch.float32,1234,0.1,16,6,1024,0.021329401060938835,0.01691685989499092,,,,,,,rare_sharp_shift
scale_0.4,32768,True,torch.float32,1234,0.1,16,7,1024,0.022847548127174377,0.01806880719959736,,,,,,,rare_sharp_shift
scale_0.4,65536,True,torch.float32,1234,0.1,16,0,0,0.0,0.0,,,,,,,
scale_0.4,65536,True,torch.float32,1234,0.1,16,1,0,0.0,0.0,,,,,,,
scale_0.4,65536,True,torch.float32,1234,0.1,16,2,1024,0.09784949570894241,0.13651680946350098,,,,,,,
scale_0.4,65536,True,torch.float32,1234,0.1,16,3,0,0.0,0.0,,,,,,,
scale_0.4,65536,True,torch.float32,1234,0.1,16,4,1024,0.10045754164457321,0.14017316699028015,,,,,,,
scale_0.4,65536,True,torch.float32,1234,0.1,16,5,0,0.0,0.0,,,,,,,
scale_0.4,65536,True,torch.float32,1234,0.1,16,6,1024,0.10478086769580841,0.16421470046043396,,,,,,,
scale_0.4,65536,True,torch.float32,1234,0.1,16,7,0,0.0,0.0,,,,,,,
scale_0.4,65536,True,torch.float32,1234,0.1,16,0,0,0.0,0.0,,,,,,,scale_0.4
scale_0.4,65536,True,torch.float32,1234,0.1,16,1,0,0.0,0.0,,,,,,,scale_0.4
scale_0.4,65536,True,torch.float32,1234,0.1,16,2,1024,0.1071152538061142,0.15933839976787567,,,,,,,scale_0.4
scale_0.4,65536,True,torch.float32,1234,0.1,16,3,0,0.0,0.0,,,,,,,scale_0.4
scale_0.4,65536,True,torch.float32,1234,0.1,16,4,1024,0.12046021223068237,0.1670413613319397,,,,,,,scale_0.4
scale_0.4,65536,True,torch.float32,1234,0.1,16,5,0,0.0,0.0,,,,,,,scale_0.4
scale_0.4,65536,True,torch.float32,1234,0.1,16,6,1024,0.09665635973215103,0.13582731783390045,,,,,,,scale_0.4
scale_0.4,65536,True,torch.float32,1234,0.1,16,7,0,0.0,0.0,,,,,,,scale_0.4
scale_0.4,65536,True,torch.float32,1234,0.1,16,0,0,0.0,0.0,,,,,,,scale_1.0
scale_0.4,65536,True,torch.float32,1234,0.1,16,1,0,0.0,0.0,,,,,,,scale_1.0
scale_0.4,65536,True,torch.float32,1234,0.1,16,2,1024,5.662135124206543,13.291004180908203,,,,,,,scale_1.0
scale_0.4,65536,True,torch.float32,1234,0.1,16,3,0,0.0,0.0,,,,,,,scale_1.0
scale_0.4,65536,True,torch.float32,1234,0.1,16,4,1024,6.004284381866455,15.163135528564453,,,,,,,scale_1.0
scale_0.4,65536,True,torch.float32,1234,0.1,16,5,0,0.0,0.0,,,,,,,scale_1.0
scale_0.4,65536,True,torch.float32,1234,0.1,16,6,1024,5.917290687561035,16.2700252532959,,,,,,,scale_1.0
scale_0.4,65536,True,torch.float32,1234,0.1,16,7,0,0.0,0.0,,,,,,,scale_1.0
scale_0.4,65536,True,torch.float32,1234,0.1,16,0,0,0.0,0.0,,,,,,,rare_sharp_shift
scale_0.4,65536,True,torch.float32,1234,0.1,16,1,0,0.0,0.0,,,,,,,rare_sharp_shift
scale_0.4,65536,True,torch.float32,1234,0.1,16,2,1024,0.015441595576703548,0.01763702929019928,,,,,,,rare_sharp_shift
scale_0.4,65536,True,torch.float32,1234,0.1,16,3,0,0.0,0.0,,,,,,,rare_sharp_shift
scale_0.4,65536,True,torch.float32,1234,0.1,16,4,1024,0.017810162156820297,0.02092214673757553,,,,,,,rare_sharp_shift
scale_0.4,65536,True,torch.float32,1234,0.1,16,5,0,0.0,0.0,,,,,,,rare_sharp_shift
scale_0.4,65536,True,torch.float32,1234,0.1,16,6,1024,0.01471736654639244,0.017772769555449486,,,,,,,rare_sharp_shift
scale_0.4,65536,True,torch.float32,1234,0.1,16,7,0,0.0,0.0,,,,,,,rare_sharp_shift
mix_easy,512,False,torch.float16,1234,0.1,16,0,64,0.03529397398233414,0.03818792849779129,,,,,,,
mix_easy,512,False,torch.float16,1234,0.1,16,1,64,0.06243924796581268,0.06988987326622009,,,,,,,
mix_easy,512,False,torch.float16,1234,0.1,16,2,64,0.08353359997272491,0.0979054868221283,,,,,,,
mix_easy,512,False,torch.float16,1234,0.1,16,3,256,0.05971686542034149,0.07402769476175308,,,,,,,
mix_easy,512,False,torch.float16,1234,0.1,16,4,256,0.08675267547369003,0.10949987918138504,,,,,,,
mix_easy,512,False,torch.float16,1234,0.1,16,5,1024,0.0633719339966774,0.07969449460506439,,,,,,,
mix_easy,512,False,torch.float16,1234,0.1,16,6,0,0.0,0.0,,,,,,,
mix_easy,512,False,torch.float16,1234,0.1,16,7,0,0.0,0.0,,,,,,,
mix_easy,512,False,torch.float16,1234,0.1,16,0,64,,,all_query_rows,0.03534537926316261,0.03813381865620613,0.040510281920433044,0,0,
mix_easy,512,False,torch.float16,1234,0.1,16,1,64,,,all_query_rows,0.06261111795902252,0.06986856460571289,0.07489804178476334,0,0,
mix_easy,512,False,torch.float16,1234,0.1,16,2,64,,,all_query_rows,0.08360322564840317,0.0980377197265625,0.11493206024169922,18,0,
mix_easy,512,False,torch.float16,1234,0.1,16,3,256,,,all_query_rows,0.0590037927031517,0.07200544327497482,0.12180943042039871,2,0,
mix_easy,512,False,torch.float16,1234,0.1,16,4,256,,,all_query_rows,0.08680368959903717,0.11126545816659927,0.17426836490631104,69,0,
mix_easy,512,False,torch.float16,1234,0.1,16,5,1024,,,all_query_rows,0.06371816247701645,0.08171108365058899,0.13440074026584625,1,0,
mix_easy,512,False,torch.float16,1234,0.1,16,6,0,,,all_query_rows,0.0,0.0,0.0,0,0,
mix_easy,512,False,torch.float16,1234,0.1,16,7,0,,,all_query_rows,0.0,0.0,0.0,0,0,
mix_easy,512,False,torch.float16,1234,0.1,16,0,64,0.04352482780814171,0.046776339411735535,,,,,,,mix_easy
mix_easy,512,False,torch.float16,1234,0.1,16,1,64,0.06473741680383682,0.07197387516498566,,,,,,,mix_easy
mix_easy,512,False,torch.float16,1234,0.1,16,2,64,0.08258548378944397,0.09797975420951843,,,,,,,mix_easy
mix_easy,512,False,torch.float16,1234,0.1,16,3,256,0.07017295807600021,0.08438950777053833,,,,,,,mix_easy
mix_easy,512,False,torch.float16,1234,0.1,16,4,256,0.08403696119785309,0.10228942334651947,,,,,,,mix_easy
mix_easy,512,False,torch.float16,1234,0.1,16,5,1024,0.05696731060743332,0.07306493073701859,,,,,,,mix_easy
mix_easy,512,False,torch.float16,1234,0.1,16,6,0,0.0,0.0,,,,,,,mix_easy
mix_easy,512,False,torch.float16,1234,0.1,16,7,0,0.0,0.0,,,,,,,mix_easy
mix_easy,512,False,torch.float16,1234,0.1,16,0,64,3.5012824535369873,7.140491962432861,,,,,,,scale_1.0
mix_easy,512,False,torch.float16,1234,0.1,16,1,64,2.8344521522521973,5.221983909606934,,,,,,,scale_1.0
mix_easy,512,False,torch.float16,1234,0.1,16,2,64,3.3470773696899414,7.079372882843018,,,,,,,scale_1.0
mix_easy,512,False,torch.float16,1234,0.1,16,3,256,2.8536646366119385,6.593319892883301,,,,,,,scale_1.0
mix_easy,512,False,torch.float16,1234,0.1,16,4,256,3.1448428630828857,6.1787261962890625,,,,,,,scale_1.0
mix_easy,512,False,torch.float16,1234,0.1,16,5,1024,2.4049625396728516,5.4539794921875,,,,,,,scale_1.0
mix_easy,512,False,torch.float16,1234,0.1,16,6,0,0.0,0.0,,,,,,,scale_1.0
mix_easy,512,False,torch.float16,1234,0.1,16,7,0,0.0,0.0,,,,,,,scale_1.0
mix_easy,512,False,torch.float16,1234,0.1,16,0,64,0.08498401194810867,0.08025524020195007,,,,,,,rare_sharp_shift
mix_easy,512,False,torch.float16,1234,0.1,16,1,64,0.07937383651733398,0.07300495356321335,,,,,,,rare_sharp_shift
mix_easy,512,False,torch.float16,1234,0.1,16,2,64,0.0700770914554596,0.06464576721191406,,,,,,,rare_sharp_shift
mix_easy,512,False,torch.float16,1234,0.1,16,3,256,0.04666246473789215,0.035527512431144714,,,,,,,rare_sharp_shift
mix_easy,512,False,torch.float16,1234,0.1,16,4,256,0.04220826178789139,0.030821166932582855,,,,,,,rare_sharp_shift
mix_easy,512,False,torch.float16,1234,0.1,16,5,1024,0.02698460966348648,0.013220002874732018,,,,,,,rare_sharp_shift
mix_easy,512,False,torch.float16,1234,0.1,16,6,0,0.0,0.0,,,,,,,rare_sharp_shift
mix_easy,512,False,torch.float16,1234,0.1,16,7,0,0.0,0.0,,,,,,,rare_sharp_shift
mix_easy,1024,False,torch.float16,1234,0.1,16,0,64,0.036918021738529205,0.03942020609974861,,,,,,,
mix_easy,1024,False,torch.float16,1234,0.1,16,1,64,0.05801713466644287,0.06295325607061386,,,,,,,
mix_easy,1024,False,torch.float16,1234,0.1,16,2,64,0.08376410603523254,0.09759651124477386,,,,,,,
mix_easy,1024,False,torch.float16,1234,0.1,16,3,256,0.07853427529335022,0.09477952122688293,,,,,,,
mix_easy,1024,False,torch.float16,1234,0.1,16,4,256,0.07345675677061081,0.09120713174343109,,,,,,,
mix_easy,1024,False,torch.float16,1234,0.1,16,5,1024,0.06768278777599335,0.0860787183046341,,,,,,,
mix_easy,1024,False,torch.float16,1234,0.1,16,6,1024,0.09175136685371399,0.1278919279575348,,,,,,,
mix_easy,1024,False,torch.float16,1234,0.1,16,7,0,0.0,0.0,,,,,,,
mix_easy,1024,False,torch.float16,1234,0.1,16,0,64,,,all_query_rows,0.03698407858610153,0.039606835693120956,0.042956478893756866,0,0,
mix_easy,1024,False,torch.float16,1234,0.1,16,1,64,,,all_query_rows,0.05817276984453201,0.064014732837677,0.06955305486917496,0,0,
mix_easy,1024,False,torch.float16,1234,0.1,16,2,64,,,all_query_rows,0.0834052562713623,0.09781312942504883,0.12463770806789398,36,0,
mix_easy,1024,False,torch.float16,1234,0.1,16,3,256,,,all_query_rows,0.0790582075715065,0.09634733945131302,0.12582305073738098,27,0,
mix_easy,1024,False,torch.float16,1234,0.1,16,4,256,,,all_query_rows,0.07373052835464478,0.09347382932901382,0.13531848788261414,23,0,
mix_easy,1024,False,torch.float16,1234,0.1,16,5,1024,,,all_query_rows,0.0677102580666542,0.08869250118732452,0.18380677700042725,15,0,
mix_easy,1024,False,torch.float16,1234,0.1,16,6,1024,,,all_query_rows,0.09054296463727951,0.12332139909267426,0.32999053597450256,237,0,
mix_easy,1024,False,torch.float16,1234,0.1,16,7,0,,,all_query_rows,0.0,0.0,0.0,0,0,
mix_easy,1024,False,torch.float16,1234,0.1,16,0,64,0.03868051618337631,0.041260041296482086,,,,,,,mix_easy
mix_easy,1024,False,torch.float16,1234,0.1,16,1,64,0.06741219013929367,0.0765589103102684,,,,,,,mix_easy
mix_easy,1024,False,torch.float16,1234,0.1,16,2,64,0.08114126324653625,0.09533380717039108,,,,,,,mix_easy
mix_easy,1024,False,torch.float16,1234,0.1,16,3,256,0.06105571240186691,0.0730917900800705,,,,,,,mix_easy
mix_easy,1024,False,torch.float16,1234,0.1,16,4,256,0.09859378635883331,0.12986323237419128,,,,,,,mix_easy
mix_easy,1024,False,torch.float16,1234,0.1,16,5,1024,0.07004022598266602,0.09127844125032425,,,,,,,mix_easy
mix_easy,1024,False,torch.float16,1234,0.1,16,6,1024,0.10965725034475327,0.15178899466991425,,,,,,,mix_easy
mix_easy,1024,False,torch.float16,1234,0.1,16,7,0,0.0,0.0,,,,,,,mix_easy
mix_easy,1024,False,torch.float16,1234,0.1,16,0,64,2.90691876411438,5.0245208740234375,,,,,,,scale_1.0
mix_easy,1024,False,torch.float16,1234,0.1,16,1,64,3.2948403358459473,5.951273441314697,,,,,,,scale_1.0
mix_easy,1024,False,torch.float16,1234,0.1,16,2,64,3.502242088317871,8.070083618164062,,,,,,,scale_1.0
mix_easy,1024,False,torch.float16,1234,0.1,16,3,256,4.794064521789551,11.828341484069824,,,,,,,scale_1.0
mix_easy,1024,False,torch.float16,1234,0.1,16,4,256,4.1690568923950195,10.92040729522705,,,,,,,scale_1.0
mix_easy,1024,False,torch.float16,1234,0.1,16,5,1024,3.093400001525879,7.624009132385254,,,,,,,scale_1.0
mix_easy,1024,False,torch.float16,1234,0.1,16,6,1024,2.998671531677246,7.226566791534424,,,,,,,scale_1.0
mix_easy,1024,False,torch.float16,1234,0.1,16,7,0,0.0,0.0,,,,,,,scale_1.0
mix_easy,1024,False,torch.float16,1234,0.1,16,0,64,0.07301146537065506,0.06826623529195786,,,,,,,rare_sharp_shift
mix_easy,1024,False,torch.float16,1234,0.1,16,1,64,0.07835525274276733,0.07688573747873306,,,,,,,rare_sharp_shift
mix_easy,1024,False,torch.float16,1234,0.1,16,2,64,0.06582127511501312,0.062233563512563705,,,,,,,rare_sharp_shift
mix_easy,1024,False,torch.float16,1234,0.1,16,3,256,0.03887797147035599,0.030446376651525497,,,,,,,rare_sharp_shift
mix_easy,1024,False,torch.float16,1234,0.1,16,4,256,0.0423797145485878,0.035068999975919724,,,,,,,rare_sharp_shift
mix_easy,1024,False,torch.float16,1234,0.1,16,5,1024,0.027212608605623245,0.0178057998418808,,,,,,,rare_sharp_shift
mix_easy,1024,False,torch.float16,1234,0.1,16,6,1024,0.029106924310326576,0.019632548093795776,,,,,,,rare_sharp_shift
mix_easy,1024,False,torch.float16,1234,0.1,16,7,0,0.0,0.0,,,,,,,rare_sharp_shift
mix_easy,2048,False,torch.float16,1234,0.1,16,0,64,0.03576438128948212,0.03965935483574867,,,,,,,
mix_easy,2048,False,torch.float16,1234,0.1,16,1,64,0.0564919114112854,0.06461960822343826,,,,,,,
mix_easy,2048,False,torch.float16,1234,0.1,16,2,256,0.050755299627780914,0.05955277755856514,,,,,,,
mix_easy,2048,False,torch.float16,1234,0.1,16,3,256,0.05927472561597824,0.07032754272222519,,,,,,,
mix_easy,2048,False,torch.float16,1234,0.1,16,4,256,0.08722546696662903,0.10963336378335953,,,,,,,
mix_easy,2048,False,torch.float16,1234,0.1,16,5,1024,0.0723741427063942,0.09306420385837555,,,,,,,
mix_easy,2048,False,torch.float16,1234,0.1,16,6,1024,0.08821570873260498,0.1327962875366211,,,,,,,
mix_easy,2048,False,torch.float16,1234,0.1,16,7,0,0.0,0.0,,,,,,,
mix_easy,2048,False,torch.float16,1234,0.1,16,0,64,,,all_query_rows,0.035807691514492035,0.039816997945308685,0.04818102717399597,0,0,
mix_easy,2048,False,torch.float16,1234,0.1,16,1,64,,,all_query_rows,0.05622255057096481,0.06410680711269379,0.07385421544313431,0,0,
mix_easy,2048,False,torch.float16,1234,0.1,16,2,256,,,all_query_rows,0.05077742785215378,0.059813953936100006,0.07946736365556717,0,0,
mix_easy,2048,False,torch.float16,1234,0.1,16,3,256,,,all_query_rows,0.0591609850525856,0.0703144520521164,0.10159701108932495,1,0,
mix_easy,2048,False,torch.float16,1234,0.1,16,4,256,,,all_query_rows,0.08681997656822205,0.1088002547621727,0.22160786390304565,255,0,
mix_easy,2048,False,torch.float16,1234,0.1,16,5,1024,,,all_query_rows,0.0733085423707962,0.09340117871761322,0.15813109278678894,60,0,
mix_easy,2048,False,torch.float16,1234,0.1,16,6,1024,,,all_query_rows,0.08780449628829956,0.12574626505374908,0.3593108654022217,374,0,
mix_easy,2048,False,torch.float16,1234,0.1,16,7,0,,,all_query_rows,0.0,0.0,0.0,0,0,
mix_easy,2048,False,torch.float16,1234,0.1,16,0,64,0.04010359197854996,0.04314742982387543,,,,,,,mix_easy
mix_easy,2048,False,torch.float16,1234,0.1,16,1,64,0.0590270459651947,0.06639506667852402,,,,,,,mix_easy
mix_easy,2048,False,torch.float16,1234,0.1,16,2,256,0.04377823323011398,0.050592463463544846,,,,,,,mix_easy
mix_easy,2048,False,torch.float16,1234,0.1,16,3,256,0.06612148880958557,0.07770358771085739,,,,,,,mix_easy
mix_easy,2048,False,torch.float16,1234,0.1,16,4,256,0.10563776642084122,0.13314124941825867,,,,,,,mix_easy
mix_easy,2048,False,torch.float16,1234,0.1,16,5,1024,0.0718277096748352,0.09107151627540588,,,,,,,mix_easy
mix_easy,2048,False,torch.float16,1234,0.1,16,6,1024,0.10748474299907684,0.14410853385925293,,,,,,,mix_easy
mix_easy,2048,False,torch.float16,1234,0.1,16,7,0,0.0,0.0,,,,,,,mix_easy
mix_easy,2048,False,torch.float16,1234,0.1,16,0,64,3.6759033203125,6.857430458068848,,,,,,,scale_1.0
mix_easy,2048,False,torch.float16,1234,0.1,16,1,64,4.289902210235596,10.356403350830078,,,,,,,scale_1.0
mix_easy,2048,False,torch.float16,1234,0.1,16,2,256,3.94712495803833,9.867530822753906,,,,,,,scale_1.0
mix_easy,2048,False,torch.float16,1234,0.1,16,3,256,3.8270325660705566,9.076261520385742,,,,,,,scale_1.0
mix_easy,2048,False,torch.float16,1234,0.1,16,4,256,4.525320053100586,12.5912446975708,,,,,,,scale_1.0
mix_easy,2048,False,torch.float16,1234,0.1,16,5,1024,3.2447361946105957,7.423099517822266,,,,,,,scale_1.0
mix_easy,2048,False,torch.float16,1234,0.1,16,6,1024,3.702340841293335,9.67113208770752,,,,,,,scale_1.0
mix_easy,2048,False,torch.float16,1234,0.1,16,7,0,0.0,0.0,,,,,,,scale_1.0
mix_easy,2048,False,torch.float16,1234,0.1,16,0,64,0.0674947202205658,0.07209855318069458,,,,,,,rare_sharp_shift
mix_easy,2048,False,torch.float16,1234,0.1,16,1,64,0.0627240389585495,0.06670521199703217,,,,,,,rare_sharp_shift
mix_easy,2048,False,torch.float16,1234,0.1,16,2,256,0.03251137211918831,0.031951844692230225,,,,,,,rare_sharp_shift
mix_easy,2048,False,torch.float16,1234,0.1,16,3,256,0.0352867916226387,0.03508426994085312,,,,,,,rare_sharp_shift
mix_easy,2048,False,torch.float16,1234,0.1,16,4,256,0.03837154433131218,0.03839167580008507,,,,,,,rare_sharp_shift
mix_easy,2048,False,torch.float16,1234,0.1,16,5,1024,0.020078398287296295,0.018064888194203377,,,,,,,rare_sharp_shift
mix_easy,2048,False,torch.float16,1234,0.1,16,6,1024,0.020396359264850616,0.018672440201044083,,,,,,,rare_sharp_shift
mix_easy,2048,False,torch.float16,1234,0.1,16,7,0,0.0,0.0,,,,,,,rare_sharp_shift
mix_easy,4096,False,torch.float16,1234,0.1,16,0,64,0.0411299429833889,0.04412681981921196,,,,,,,
mix_easy,4096,False,torch.float16,1234,0.1,16,1,64,0.059073515236377716,0.06583239883184433,,,,,,,
mix_easy,4096,False,torch.float16,1234,0.1,16,2,64,0.0771445706486702,0.08934573084115982,,,,,,,
mix_easy,4096,False,torch.float16,1234,0.1,16,3,256,0.06406056880950928,0.07957112044095993,,,,,,,
mix_easy,4096,False,torch.float16,1234,0.1,16,4,256,0.0934828519821167,0.11484135687351227,,,,,,,
mix_easy,4096,False,torch.float16,1234,0.1,16,5,1024,0.059939708560705185,0.0802222192287445,,,,,,,
mix_easy,4096,False,torch.float16,1234,0.1,16,6,1024,0.10090143978595734,0.14820319414138794,,,,,,,
mix_easy,4096,False,torch.float16,1234,0.1,16,7,0,0.0,0.0,,,,,,,
mix_easy,4096,False,torch.float16,1234,0.1,16,0,64,,,all_query_rows,0.04127610847353935,0.04435638338327408,0.049241747707128525,0,0,
mix_easy,4096,False,torch.float16,1234,0.1,16,1,64,,,all_query_rows,0.05895581096410751,0.06612339615821838,0.08530257642269135,0,0,
mix_easy,4096,False,torch.float16,1234,0.1,16,2,64,,,all_query_rows,0.07697973400354385,0.08963979780673981,0.11536494642496109,26,0,
mix_easy,4096,False,torch.float16,1234,0.1,16,3,256,,,all_query_rows,0.06470756232738495,0.07951823621988297,0.1134476363658905,9,0,
mix_easy,4096,False,torch.float16,1234,0.1,16,4,256,,,all_query_rows,0.09501528739929199,0.11972875893115997,0.21572110056877136,1217,0,
mix_easy,4096,False,torch.float16,1234,0.1,16,5,1024,,,all_query_rows,0.05953267961740494,0.07813333719968796,0.15058979392051697,36,0,
mix_easy,4096,False,torch.float16,1234,0.1,16,6,1024,,,all_query_rows,0.10056325048208237,0.14186346530914307,0.4204033613204956,1643,0,
mix_easy,4096,False,torch.float16,1234,0.1,16,7,0,,,all_query_rows,0.0,0.0,0.0,0,0,
mix_easy,4096,False,torch.float16,1234,0.1,16,0,64,0.031443290412425995,0.03409885987639427,,,,,,,mix_easy
mix_easy,4096,False,torch.float16,1234,0.1,16,1,64,0.05750381946563721,0.06448297947645187,,,,,,,mix_easy
mix_easy,4096,False,torch.float16,1234,0.1,16,2,64,0.09088382124900818,0.10400641709566116,,,,,,,mix_easy
mix_easy,4096,False,torch.float16,1234,0.1,16,3,256,0.07428304851055145,0.08703309297561646,,,,,,,mix_easy
mix_easy,4096,False,torch.float16,1234,0.1,16,4,256,0.09411231428384781,0.12053278088569641,,,,,,,mix_easy
mix_easy,4096,False,torch.float16,1234,0.1,16,5,1024,0.05521087720990181,0.07280119508504868,,,,,,,mix_easy
mix_easy,4096,False,torch.float16,1234,0.1,16,6,1024,0.09573397040367126,0.13298140466213226,,,,,,,mix_easy
mix_easy,4096,False,torch.float16,1234,0.1,16,7,0,0.0,0.0,,,,,,,mix_easy
mix_easy,4096,False,torch.float16,1234,0.1,16,0,64,4.207096576690674,9.68105697631836,,,,,,,scale_1.0
mix_easy,4096,False,torch.float16,1234,0.1,16,1,64,4.776793956756592,9.726592063903809,,,,,,,scale_1.0
mix_easy,4096,False,torch.float16,1234,0.1,16,2,64,6.013060569763184,12.655529975891113,,,,,,,scale_1.0
mix_easy,4096,False,torch.float16,1234,0.1,16,3,256,5.546675205230713,13.431711196899414,,,,,,,scale_1.0
mix_easy,4096,False,torch.float16,1234,0.1,16,4,256,4.724516868591309,11.041417121887207,,,,,,,scale_1.0
mix_easy,4096,False,torch.float16,1234,0.1,16,5,1024,3.866126537322998,9.365401268005371,,,,,,,scale_1.0
mix_easy,4096,False,torch.float16,1234,0.1,16,6,1024,4.155274868011475,9.67910385131836,,,,,,,scale_1.0
mix_easy,4096,False,torch.float16,1234,0.1,16,7,0,0.0,0.0,,,,,,,scale_1.0
mix_easy,4096,False,torch.float16,1234,0.1,16,0,64,0.06952929496765137,0.058191146701574326,,,,,,,rare_sharp_shift
mix_easy,4096,False,torch.float16,1234,0.1,16,1,64,0.07589135318994522,0.06540697813034058,,,,,,,rare_sharp_shift
mix_easy,4096,False,torch.float16,1234,0.1,16,2,64,0.07853778451681137,0.06786280125379562,,,,,,,rare_sharp_shift
mix_easy,4096,False,torch.float16,1234,0.1,16,3,256,0.05321849137544632,0.038154345005750656,,,,,,,rare_sharp_shift
mix_easy,4096,False,torch.float16,1234,0.1,16,4,256,0.04792938381433487,0.03447914868593216,,,,,,,rare_sharp_shift
mix_easy,4096,False,torch.float16,1234,0.1,16,5,1024,0.030638597905635834,0.012947778217494488,,,,,,,rare_sharp_shift
mix_easy,4096,False,torch.float16,1234,0.1,16,6,1024,0.03363797068595886,0.016111575067043304,,,,,,,rare_sharp_shift
mix_easy,4096,False,torch.float16,1234,0.1,16,7,0,0.0,0.0,,,,,,,rare_sharp_shift
mix_easy,8192,False,torch.float16,1234,0.1,16,0,64,0.03766435757279396,0.040882937610149384,,,,,,,
mix_easy,8192,False,torch.float16,1234,0.1,16,1,64,0.057328447699546814,0.06495042145252228,,,,,,,
mix_easy,8192,False,torch.float16,1234,0.1,16,2,64,0.08928419649600983,0.10384400188922882,,,,,,,
mix_easy,8192,False,torch.float16,1234,0.1,16,3,256,0.05864095687866211,0.07045729458332062,,,,,,,
mix_easy,8192,False,torch.float16,1234,0.1,16,4,256,0.09054682403802872,0.11548370122909546,,,,,,,
mix_easy,8192,False,torch.float16,1234,0.1,16,5,1024,0.06935754418373108,0.0907226949930191,,,,,,,
mix_easy,8192,False,torch.float16,1234,0.1,16,6,0,0.0,0.0,,,,,,,
mix_easy,8192,False,torch.float16,1234,0.1,16,7,0,0.0,0.0,,,,,,,
mix_easy,8192,False,torch.float16,1234,0.1,16,0,64,0.038832150399684906,0.0424492210149765,,,,,,,mix_easy
mix_easy,8192,False,torch.float16,1234,0.1,16,1,64,0.06008026376366615,0.06792737543582916,,,,,,,mix_easy
mix_easy,8192,False,torch.float16,1234,0.1,16,2,64,0.09563707560300827,0.11018279194831848,,,,,,,mix_easy
mix_easy,8192,False,torch.float16,1234,0.1,16,3,256,0.06713428348302841,0.08113450556993484,,,,,,,mix_easy
mix_easy,8192,False,torch.float16,1234,0.1,16,4,256,0.10093146562576294,0.13346634805202484,,,,,,,mix_easy
mix_easy,8192,False,torch.float16,1234,0.1,16,5,1024,0.06235490366816521,0.07813004404306412,,,,,,,mix_easy
mix_easy,8192,False,torch.float16,1234,0.1,16,6,0,0.0,0.0,,,,,,,mix_easy
mix_easy,8192,False,torch.float16,1234,0.1,16,7,0,0.0,0.0,,,,,,,mix_easy
mix_easy,8192,False,torch.float16,1234,0.1,16,0,64,5.7534074783325195,11.01345157623291,,,,,,,scale_1.0
mix_easy,8192,False,torch.float16,1234,0.1,16,1,64,4.866812229156494,9.534729957580566,,,,,,,scale_1.0
mix_easy,8192,False,torch.float16,1234,0.1,16,2,64,6.497464179992676,16.387441635131836,,,,,,,scale_1.0
mix_easy,8192,False,torch.float16,1234,0.1,16,3,256,5.034217357635498,10.128734588623047,,,,,,,scale_1.0
mix_easy,8192,False,torch.float16,1234,0.1,16,4,256,5.373100757598877,11.817645072937012,,,,,,,scale_1.0
mix_easy,8192,False,torch.float16,1234,0.1,16,5,1024,5.64854097366333,16.26801300048828,,,,,,,scale_1.0
mix_easy,8192,False,torch.float16,1234,0.1,16,6,0,0.0,0.0,,,,,,,scale_1.0
mix_easy,8192,False,torch.float16,1234,0.1,16,7,0,0.0,0.0,,,,,,,scale_1.0
mix_easy,8192,False,torch.float16,1234,0.1,16,0,64,0.0702081024646759,0.07142031937837601,,,,,,,rare_sharp_shift
mix_easy,8192,False,torch.float16,1234,0.1,16,1,64,0.06742759048938751,0.06851073354482651,,,,,,,rare_sharp_shift
mix_easy,8192,False,torch.float16,1234,0.1,16,2,64,0.07186409085988998,0.0721629410982132,,,,,,,rare_sharp_shift
mix_easy,8192,False,torch.float16,1234,0.1,16,3,256,0.03805098682641983,0.034277260303497314,,,,,,,rare_sharp_shift
mix_easy,8192,False,torch.float16,1234,0.1,16,4,256,0.03600458428263664,0.032119255512952805,,,,,,,rare_sharp_shift
mix_easy,8192,False,torch.float16,1234,0.1,16,5,1024,0.020868461579084396,0.014850297942757607,,,,,,,rare_sharp_shift
mix_easy,8192,False,torch.float16,1234,0.1,16,6,0,0.0,0.0,,,,,,,rare_sharp_shift
mix_easy,8192,False,torch.float16,1234,0.1,16,7,0,0.0,0.0,,,,,,,rare_sharp_shift
mix_easy,16384,False,torch.float16,1234,0.1,16,0,64,0.040241602808237076,0.04372179135680199,,,,,,,
mix_easy,16384,False,torch.float16,1234,0.1,16,1,64,0.06231285631656647,0.06937362253665924,,,,,,,
mix_easy,16384,False,torch.float16,1234,0.1,16,2,64,0.08632716536521912,0.10152116417884827,,,,,,,
mix_easy,16384,False,torch.float16,1234,0.1,16,3,256,0.06369731575250626,0.07681344449520111,,,,,,,
mix_easy,16384,False,torch.float16,1234,0.1,16,4,1024,0.05028167739510536,0.06002070754766464,,,,,,,
mix_easy,16384,False,torch.float16,1234,0.1,16,5,1024,0.06923896074295044,0.09629004448652267,,,,,,,
mix_easy,16384,False,torch.float16,1234,0.1,16,6,1024,0.09795020520687103,0.1362738460302353,,,,,,,
mix_easy,16384,False,torch.float16,1234,0.1,16,7,0,0.0,0.0,,,,,,,
mix_easy,16384,False,torch.float16,1234,0.1,16,0,64,0.029022052884101868,0.031052425503730774,,,,,,,mix_easy
mix_easy,16384,False,torch.float16,1234,0.1,16,1,64,0.07192736864089966,0.08122938126325607,,,,,,,mix_easy
mix_easy,16384,False,torch.float16,1234,0.1,16,2,64,0.07590354979038239,0.08960656821727753,,,,,,,mix_easy
mix_easy,16384,False,torch.float16,1234,0.1,16,3,256,0.05205072462558746,0.06306316703557968,,,,,,,mix_easy
mix_easy,16384,False,torch.float16,1234,0.1,16,4,1024,0.04065284878015518,0.05074170231819153,,,,,,,mix_easy
mix_easy,16384,False,torch.float16,1234,0.1,16,5,1024,0.07289360463619232,0.09743612259626389,,,,,,,mix_easy
mix_easy,16384,False,torch.float16,1234,0.1,16,6,1024,0.10642282664775848,0.1517494022846222,,,,,,,mix_easy
mix_easy,16384,False,torch.float16,1234,0.1,16,7,0,0.0,0.0,,,,,,,mix_easy
mix_easy,16384,False,torch.float16,1234,0.1,16,0,64,5.759524345397949,11.016058921813965,,,,,,,scale_1.0
mix_easy,16384,False,torch.float16,1234,0.1,16,1,64,5.311763763427734,12.054252624511719,,,,,,,scale_1.0
mix_easy,16384,False,torch.float16,1234,0.1,16,2,64,4.917566299438477,9.2259521484375,,,,,,,scale_1.0
mix_easy,16384,False,torch.float16,1234,0.1,16,3,256,4.7934393882751465,9.554630279541016,,,,,,,scale_1.0
mix_easy,16384,False,torch.float16,1234,0.1,16,4,1024,5.689538478851318,14.387292861938477,,,,,,,scale_1.0
mix_easy,16384,False,torch.float16,1234,0.1,16,5,1024,5.822992324829102,14.182072639465332,,,,,,,scale_1.0
mix_easy,16384,False,torch.float16,1234,0.1,16,6,1024,5.614603519439697,14.218562126159668,,,,,,,scale_1.0
mix_easy,16384,False,torch.float16,1234,0.1,16,7,0,0.0,0.0,,,,,,,scale_1.0
mix_easy,16384,False,torch.float16,1234,0.1,16,0,64,0.05889217555522919,0.05296207591891289,,,,,,,rare_sharp_shift
mix_easy,16384,False,torch.float16,1234,0.1,16,1,64,0.08277817070484161,0.08174249529838562,,,,,,,rare_sharp_shift
mix_easy,16384,False,torch.float16,1234,0.1,16,2,64,0.061414506286382675,0.057178616523742676,,,,,,,rare_sharp_shift
mix_easy,16384,False,torch.float16,1234,0.1,16,3,256,0.03519358113408089,0.02700050175189972,,,,,,,rare_sharp_shift
mix_easy,16384,False,torch.float16,1234,0.1,16,4,1024,0.025167621672153473,0.015399648807942867,,,,,,,rare_sharp_shift
mix_easy,16384,False,torch.float16,1234,0.1,16,5,1024,0.026715630665421486,0.017040887847542763,,,,,,,rare_sharp_shift
mix_easy,16384,False,torch.float16,1234,0.1,16,6,1024,0.027810417115688324,0.018234632909297943,,,,,,,rare_sharp_shift
mix_easy,16384,False,torch.float16,1234,0.1,16,7,0,0.0,0.0,,,,,,,rare_sharp_shift
mix_easy,32768,False,torch.float16,1234,0.1,16,0,64,0.036743320524692535,0.04033519700169563,,,,,,,
mix_easy,32768,False,torch.float16,1234,0.1,16,1,64,0.052969589829444885,0.06011734902858734,,,,,,,
mix_easy,32768,False,torch.float16,1234,0.1,16,2,256,0.04644348844885826,0.053717806935310364,,,,,,,
mix_easy,32768,False,torch.float16,1234,0.1,16,3,256,0.07147565484046936,0.08431239426136017,,,,,,,
mix_easy,32768,False,torch.float16,1234,0.1,16,4,1024,0.052092500030994415,0.0640644058585167,,,,,,,
mix_easy,32768,False,torch.float16,1234,0.1,16,5,1024,0.07145940512418747,0.09131616353988647,,,,,,,
mix_easy,32768,False,torch.float16,1234,0.1,16,6,1024,0.09671902656555176,0.14064359664916992,,,,,,,
mix_easy,32768,False,torch.float16,1234,0.1,16,7,0,0.0,0.0,,,,,,,
mix_easy,32768,False,torch.float16,1234,0.1,16,0,64,0.03950914740562439,0.04309391230344772,,,,,,,mix_easy
mix_easy,32768,False,torch.float16,1234,0.1,16,1,64,0.05819186568260193,0.06372173875570297,,,,,,,mix_easy
mix_easy,32768,False,torch.float16,1234,0.1,16,2,256,0.04533759504556656,0.05215887352824211,,,,,,,mix_easy
mix_easy,32768,False,torch.float16,1234,0.1,16,3,256,0.06708797067403793,0.08157692849636078,,,,,,,mix_easy
mix_easy,32768,False,torch.float16,1234,0.1,16,4,1024,0.04796579107642174,0.0593850314617157,,,,,,,mix_easy
mix_easy,32768,False,torch.float16,1234,0.1,16,5,1024,0.06328198313713074,0.08063846826553345,,,,,,,mix_easy
mix_easy,32768,False,torch.float16,1234,0.1,16,6,1024,0.10277576744556427,0.14567510783672333,,,,,,,mix_easy
mix_easy,32768,False,torch.float16,1234,0.1,16,7,0,0.0,0.0,,,,,,,mix_easy
mix_easy,32768,False,torch.float16,1234,0.1,16,0,64,7.2989397048950195,15.899230003356934,,,,,,,scale_1.0
mix_easy,32768,False,torch.float16,1234,0.1,16,1,64,5.208995819091797,9.135669708251953,,,,,,,scale_1.0
mix_easy,32768,False,torch.float16,1234,0.1,16,2,256,6.283570289611816,13.696661949157715,,,,,,,scale_1.0
mix_easy,32768,False,torch.float16,1234,0.1,16,3,256,5.647522926330566,12.459028244018555,,,,,,,scale_1.0
mix_easy,32768,False,torch.float16,1234,0.1,16,4,1024,6.051347732543945,13.68702220916748,,,,,,,scale_1.0
mix_easy,32768,False,torch.float16,1234,0.1,16,5,1024,5.90748405456543,14.447542190551758,,,,,,,scale_1.0
mix_easy,32768,False,torch.float16,1234,0.1,16,6,1024,6.08757209777832,14.12697696685791,,,,,,,scale_1.0
mix_easy,32768,False,torch.float16,1234,0.1,16,7,0,0.0,0.0,,,,,,,scale_1.0
mix_easy,32768,False,torch.float16,1234,0.1,16,0,64,0.07206210494041443,0.07424818724393845,,,,,,,rare_sharp_shift
mix_easy,32768,False,torch.float16,1234,0.1,16,1,64,0.06551560014486313,0.06394597142934799,,,,,,,rare_sharp_shift
mix_easy,32768,False,torch.float16,1234,0.1,16,2,256,0.03846064954996109,0.03449982404708862,,,,,,,rare_sharp_shift
mix_easy,32768,False,torch.float16,1234,0.1,16,3,256,0.03692786023020744,0.03354490175843239,,,,,,,rare_sharp_shift
mix_easy,32768,False,torch.float16,1234,0.1,16,4,1024,0.023526497185230255,0.01809432916343212,,,,,,,rare_sharp_shift
mix_easy,32768,False,torch.float16,1234,0.1,16,5,1024,0.02237115427851677,0.01644238457083702,,,,,,,rare_sharp_shift
mix_easy,32768,False,torch.float16,1234,0.1,16,6,1024,0.02209674008190632,0.01675906404852867,,,,,,,rare_sharp_shift
mix_easy,32768,False,torch.float16,1234,0.1,16,7,0,0.0,0.0,,,,,,,rare_sharp_shift
mix_easy,65536,False,torch.float16,1234,0.1,16,0,64,0.03500634431838989,0.03819355368614197,,,,,,,
mix_easy,65536,False,torch.float16,1234,0.1,16,1,64,0.05891752243041992,0.06760326772928238,,,,,,,
mix_easy,65536,False,torch.float16,1234,0.1,16,2,64,0.08566838502883911,0.09842360764741898,,,,,,,
mix_easy,65536,False,torch.float16,1234,0.1,16,3,256,0.06580647081136703,0.08008262515068054,,,,,,,
mix_easy,65536,False,torch.float16,1234,0.1,16,4,256,0.081776924431324,0.10513870418071747,,,,,,,
mix_easy,65536,False,torch.float16,1234,0.1,16,5,1024,0.06355184316635132,0.0857984870672226,,,,,,,
mix_easy,65536,False,torch.float16,1234,0.1,16,6,0,0.0,0.0,,,,,,,
mix_easy,65536,False,torch.float16,1234,0.1,16,7,0,0.0,0.0,,,,,,,
mix_easy,65536,False,torch.float16,1234,0.1,16,0,64,0.03464648500084877,0.037515249103307724,,,,,,,mix_easy
mix_easy,65536,False,torch.float16,1234,0.1,16,1,64,0.052378617227077484,0.059159331023693085,,,,,,,mix_easy
mix_easy,65536,False,torch.float16,1234,0.1,16,2,64,0.09982548654079437,0.11567072570323944,,,,,,,mix_easy
mix_easy,65536,False,torch.float16,1234,0.1,16,3,256,0.0669579803943634,0.0791521817445755,,,,,,,mix_easy
mix_easy,65536,False,torch.float16,1234,0.1,16,4,256,0.11068679392337799,0.13712723553180695,,,,,,,mix_easy
mix_easy,65536,False,torch.float16,1234,0.1,16,5,1024,0.06085409224033356,0.080240897834301,,,,,,,mix_easy
mix_easy,65536,False,torch.float16,1234,0.1,16,6,0,0.0,0.0,,,,,,,mix_easy
mix_easy,65536,False,torch.float16,1234,0.1,16,7,0,0.0,0.0,,,,,,,mix_easy
mix_easy,65536,False,torch.float16,1234,0.1,16,0,64,6.760680198669434,14.258480072021484,,,,,,,scale_1.0
mix_easy,65536,False,torch.float16,1234,0.1,16,1,64,6.77199649810791,13.166172981262207,,,,,,,scale_1.0
mix_easy,65536,False,torch.float16,1234,0.1,16,2,64,6.6846137046813965,13.92890739440918,,,,,,,scale_1.0
mix_easy,65536,False,torch.float16,1234,0.1,16,3,256,7.991518974304199,18.422494888305664,,,,,,,scale_1.0
mix_easy,65536,False,torch.float16,1234,0.1,16,4,256,8.05576229095459,20.85730743408203,,,,,,,scale_1.0
mix_easy,65536,False,torch.float16,1234,0.1,16,5,1024,6.4865617752075195,20.6011962890625,,,,,,,scale_1.0
mix_easy,65536,False,torch.float16,1234,0.1,16,6,0,0.0,0.0,,,,,,,scale_1.0
mix_easy,65536,False,torch.float16,1234,0.1,16,7,0,0.0,0.0,,,,,,,scale_1.0
mix_easy,65536,False,torch.float16,1234,0.1,16,0,64,0.05549721419811249,0.06229685619473457,,,,,,,rare_sharp_shift
mix_easy,65536,False,torch.float16,1234,0.1,16,1,64,0.052378617227077484,0.059159331023693085,,,,,,,rare_sharp_shift
mix_easy,65536,False,torch.float16,1234,0.1,16,2,64,0.06858434528112411,0.07669752836227417,,,,,,,rare_sharp_shift
mix_easy,65536,False,torch.float16,1234,0.1,16,3,256,0.03149554878473282,0.035498328506946564,,,,,,,rare_sharp_shift
mix_easy,65536,False,torch.float16,1234,0.1,16,4,256,0.03617006540298462,0.040158599615097046,,,,,,,rare_sharp_shift
mix_easy,65536,False,torch.float16,1234,0.1,16,5,1024,0.013162000104784966,0.014673188328742981,,,,,,,rare_sharp_shift
mix_easy,65536,False,torch.float16,1234,0.1,16,6,0,0.0,0.0,,,,,,,rare_sharp_shift
mix_easy,65536,False,torch.float16,1234,0.1,16,7,0,0.0,0.0,,,,,,,rare_sharp_shift
mix_easy,512,False,torch.float32,1234,0.1,16,0,64,0.03529374301433563,0.03818759694695473,,,,,,,
mix_easy,512,False,torch.float32,1234,0.1,16,1,64,0.062435269355773926,0.0698847770690918,,,,,,,
mix_easy,512,False,torch.float32,1234,0.1,16,2,64,0.08353301137685776,0.09790138155221939,,,,,,,
mix_easy,512,False,torch.float32,1234,0.1,16,3,256,0.05971619486808777,0.0740237608551979,,,,,,,
mix_easy,512,False,torch.float32,1234,0.1,16,4,256,0.08674965798854828,0.1094822809100151,,,,,,,
mix_easy,512,False,torch.float32,1234,0.1,16,5,1024,0.06337256729602814,0.07969588041305542,,,,,,,
mix_easy,512,False,torch.float32,1234,0.1,16,6,0,0.0,0.0,,,,,,,
mix_easy,512,False,torch.float32,1234,0.1,16,7,0,0.0,0.0,,,,,,,
mix_easy,512,False,torch.float32,1234,0.1,16,0,64,,,all_query_rows,0.035343628376722336,0.03818194195628166,0.04051389545202255,0,0,
mix_easy,512,False,torch.float32,1234,0.1,16,1,64,,,all_query_rows,0.06260474771261215,0.06981953978538513,0.07483665645122528,0,0,
mix_easy,512,False,torch.float32,1234,0.1,16,2,64,,,all_query_rows,0.08360061049461365,0.09807170182466507,0.11493927985429764,18,0,
mix_easy,512,False,torch.float32,1234,0.1,16,3,256,,,all_query_rows,0.05900445580482483,0.07197103649377823,0.12182518094778061,2,0,
mix_easy,512,False,torch.float32,1234,0.1,16,4,256,,,all_query_rows,0.08679834753274918,0.11125946044921875,0.1742357313632965,69,0,
mix_easy,512,False,torch.float32,1234,0.1,16,5,1024,,,all_query_rows,0.06372011452913284,0.08170265704393387,0.13441404700279236,1,0,
mix_easy,512,False,torch.float32,1234,0.1,16,6,0,,,all_query_rows,0.0,0.0,0.0,0,0,
mix_easy,512,False,torch.float32,1234,0.1,16,7,0,,,all_query_rows,0.0,0.0,0.0,0,0,
mix_easy,512,False,torch.float32,1234,0.1,16,0,64,0.04352490231394768,0.04677703231573105,,,,,,,mix_easy
mix_easy,512,False,torch.float32,1234,0.1,16,1,64,0.0647348016500473,0.07197073847055435,,,,,,,mix_easy
mix_easy,512,False,torch.float32,1234,0.1,16,2,64,0.08258183300495148,0.09797663241624832,,,,,,,mix_easy
mix_easy,512,False,torch.float32,1234,0.1,16,3,256,0.07017143070697784,0.08438946306705475,,,,,,,mix_easy
mix_easy,512,False,torch.float32,1234,0.1,16,4,256,0.08403895050287247,0.10229672491550446,,,,,,,mix_easy
mix_easy,512,False,torch.float32,1234,0.1,16,5,1024,0.05696879327297211,0.07306237518787384,,,,,,,mix_easy
mix_easy,512,False,torch.float32,1234,0.1,16,6,0,0.0,0.0,,,,,,,mix_easy
mix_easy,512,False,torch.float32,1234,0.1,16,7,0,0.0,0.0,,,,,,,mix_easy
mix_easy,512,False,torch.float32,1234,0.1,16,0,64,3.501495361328125,7.143230438232422,,,,,,,scale_1.0
mix_easy,512,False,torch.float32,1234,0.1,16,1,64,2.8341712951660156,5.222884654998779,,,,,,,scale_1.0
mix_easy,512,False,torch.float32,1234,0.1,16,2,64,3.3468680381774902,7.079892158508301,,,,,,,scale_1.0
mix_easy,512,False,torch.float32,1234,0.1,16,3,256,2.853801965713501,6.595047950744629,,,,,,,scale_1.0
mix_easy,512,False,torch.float32,1234,0.1,16,4,256,3.1454272270202637,6.1830058097839355,,,,,,,scale_1.0
mix_easy,512,False,torch.float32,1234,0.1,16,5,1024,2.404829978942871,5.451776027679443,,,,,,,scale_1.0
mix_easy,512,False,torch.float32,1234,0.1,16,6,0,0.0,0.0,,,,,,,scale_1.0
mix_easy,512,False,torch.float32,1234,0.1,16,7,0,0.0,0.0,,,,,,,scale_1.0
mix_easy,512,False,torch.float32,1234,0.1,16,0,64,0.08498537540435791,0.08025634288787842,,,,,,,rare_sharp_shift
mix_easy,512,False,torch.float32,1234,0.1,16,1,64,0.07937128841876984,0.07300583273172379,,,,,,,rare_sharp_shift
mix_easy,512,False,torch.float32,1234,0.1,16,2,64,0.07007469236850739,0.06464545428752899,,,,,,,rare_sharp_shift
mix_easy,512,False,torch.float32,1234,0.1,16,3,256,0.04666189104318619,0.035526663064956665,,,,,,,rare_sharp_shift
mix_easy,512,False,torch.float32,1234,0.1,16,4,256,0.042208850383758545,0.03082190826535225,,,,,,,rare_sharp_shift
mix_easy,512,False,torch.float32,1234,0.1,16,5,1024,0.026984764263033867,0.013220144435763359,,,,,,,rare_sharp_shift
mix_easy,512,False,torch.float32,1234,0.1,16,6,0,0.0,0.0,,,,,,,rare_sharp_shift
mix_easy,512,False,torch.float32,1234,0.1,16,7,0,0.0,0.0,,,,,,,rare_sharp_shift
mix_easy,1024,False,torch.float32,1234,0.1,16,0,64,0.0369158610701561,0.03941808640956879,,,,,,,
mix_easy,1024,False,torch.float32,1234,0.1,16,1,64,0.058017272502183914,0.06295439600944519,,,,,,,
mix_easy,1024,False,torch.float32,1234,0.1,16,2,64,0.08376164734363556,0.09759486466646194,,,,,,,
mix_easy,1024,False,torch.float32,1234,0.1,16,3,256,0.07853394746780396,0.09479069709777832,,,,,,,
mix_easy,1024,False,torch.float32,1234,0.1,16,4,256,0.07345713675022125,0.091196708381176,,,,,,,
mix_easy,1024,False,torch.float32,1234,0.1,16,5,1024,0.0676804631948471,0.08608275651931763,,,,,,,
mix_easy,1024,False,torch.float32,1234,0.1,16,6,1024,0.09175065904855728,0.12788920104503632,,,,,,,
mix_easy,1024,False,torch.float32,1234,0.1,16,7,0,0.0,0.0,,,,,,,
mix_easy,1024,False,torch.float32,1234,0.1,16,0,64,,,all_query_rows,0.036979980766773224,0.039598286151885986,0.04296419396996498,0,0,
mix_easy,1024,False,torch.float32,1234,0.1,16,1,64,,,all_query_rows,0.05817195028066635,0.06404751539230347,0.06955023854970932,0,0,
mix_easy,1024,False,torch.float32,1234,0.1,16,2,64,,,all_query_rows,0.08340298384428024,0.09780100733041763,0.12467890977859497,37,0,
mix_easy,1024,False,torch.float32,1234,0.1,16,3,256,,,all_query_rows,0.07905811816453934,0.09632547199726105,0.12587514519691467,28,0,
mix_easy,1024,False,torch.float32,1234,0.1,16,4,256,,,all_query_rows,0.07373170554637909,0.09342201799154282,0.13529248535633087,23,0,
mix_easy,1024,False,torch.float32,1234,0.1,16,5,1024,,,all_query_rows,0.06770766526460648,0.08867569267749786,0.18370193243026733,16,0,
mix_easy,1024,False,torch.float32,1234,0.1,16,6,1024,,,all_query_rows,0.09054175019264221,0.12338744848966599,0.32996201515197754,237,0,
mix_easy,1024,False,torch.float32,1234,0.1,16,7,0,,,all_query_rows,0.0,0.0,0.0,0,0,
mix_easy,1024,False,torch.float32,1234,0.1,16,0,64,0.038681089878082275,0.041260622441768646,,,,,,,mix_easy
mix_easy,1024,False,torch.float32,1234,0.1,16,1,64,0.0674186646938324,0.07656612992286682,,,,,,,mix_easy
mix_easy,1024,False,torch.float32,1234,0.1,16,2,64,0.08113916218280792,0.09532611072063446,,,,,,,mix_easy
mix_easy,1024,False,torch.float32,1234,0.1,16,3,256,0.06105729937553406,0.07309260219335556,,,,,,,mix_easy
mix_easy,1024,False,torch.float32,1234,0.1,16,4,256,0.09859590232372284,0.12986429035663605,,,,,,,mix_easy
mix_easy,1024,False,torch.float32,1234,0.1,16,5,1024,0.07003707438707352,0.09129439294338226,,,,,,,mix_easy
mix_easy,1024,False,torch.float32,1234,0.1,16,6,1024,0.10965709388256073,0.15181419253349304,,,,,,,mix_easy
mix_easy,1024,False,torch.float32,1234,0.1,16,7,0,0.0,0.0,,,,,,,mix_easy
mix_easy,1024,False,torch.float32,1234,0.1,16,0,64,2.907078742980957,5.023999214172363,,,,,,,scale_1.0
mix_easy,1024,False,torch.float32,1234,0.1,16,1,64,3.294691562652588,5.9503984451293945,,,,,,,scale_1.0
mix_easy,1024,False,torch.float32,1234,0.1,16,2,64,3.501812696456909,8.071158409118652,,,,,,,scale_1.0
mix_easy,1024,False,torch.float32,1234,0.1,16,3,256,4.793819904327393,11.824856758117676,,,,,,,scale_1.0
mix_easy,1024,False,torch.float32,1234,0.1,16,4,256,4.1685590744018555,10.91927433013916,,,,,,,scale_1.0
mix_easy,1024,False,torch.float32,1234,0.1,16,5,1024,3.0931496620178223,7.621955871582031,,,,,,,scale_1.0
mix_easy,1024,False,torch.float32,1234,0.1,16,6,1024,2.9987502098083496,7.22633171081543,,,,,,,scale_1.0
mix_easy,1024,False,torch.float32,1234,0.1,16,7,0,0.0,0.0,,,,,,,scale_1.0
mix_easy,1024,False,torch.float32,1234,0.1,16,0,64,0.07301240414381027,0.06826860457658768,,,,,,,rare_sharp_shift
mix_easy,1024,False,torch.float32,1234,0.1,16,1,64,0.0783616453409195,0.07689335197210312,,,,,,,rare_sharp_shift
mix_easy,1024,False,torch.float32,1234,0.1,16,2,64,0.06581999361515045,0.062234070152044296,,,,,,,rare_sharp_shift
mix_easy,1024,False,torch.float32,1234,0.1,16,3,256,0.03887835517525673,0.030447330325841904,,,,,,,rare_sharp_shift
mix_easy,1024,False,torch.float32,1234,0.1,16,4,256,0.04238270968198776,0.03507169708609581,,,,,,,rare_sharp_shift
mix_easy,1024,False,torch.float32,1234,0.1,16,5,1024,0.027211498469114304,0.017804548144340515,,,,,,,rare_sharp_shift
mix_easy,1024,False,torch.float32,1234,0.1,16,6,1024,0.029107239097356796,0.019633036106824875,,,,,,,rare_sharp_shift
mix_easy,1024,False,torch.float32,1234,0.1,16,7,0,0.0,0.0,,,,,,,rare_sharp_shift
mix_easy,2048,False,torch.float32,1234,0.1,16,0,64,0.03576652705669403,0.039662085473537445,,,,,,,
mix_easy,2048,False,torch.float32,1234,0.1,16,1,64,0.05649396777153015,0.06462134420871735,,,,,,,
mix_easy,2048,False,torch.float32,1234,0.1,16,2,256,0.050757430493831635,0.05955589935183525,,,,,,,
mix_easy,2048,False,torch.float32,1234,0.1,16,3,256,0.05927383527159691,0.07032625377178192,,,,,,,
mix_easy,2048,False,torch.float32,1234,0.1,16,4,256,0.08722609281539917,0.10962501168251038,,,,,,,
mix_easy,2048,False,torch.float32,1234,0.1,16,5,1024,0.07237422466278076,0.09306351840496063,,,,,,,
mix_easy,2048,False,torch.float32,1234,0.1,16,6,1024,0.0882115364074707,0.13277913630008698,,,,,,,
mix_easy,2048,False,torch.float32,1234,0.1,16,7,0,0.0,0.0,,,,,,,
mix_easy,2048,False,torch.float32,1234,0.1,16,0,64,,,all_query_rows,0.03580750524997711,0.03982719033956528,0.04821241274476051,0,0,
mix_easy,2048,False,torch.float32,1234,0.1,16,1,64,,,all_query_rows,0.056225020438432693,0.06412176787853241,0.07384545356035233,0,0,
mix_easy,2048,False,torch.float32,1234,0.1,16,2,256,,,all_query_rows,0.05077727511525154,0.0598456896841526,0.07945626974105835,0,0,
mix_easy,2048,False,torch.float32,1234,0.1,16,3,256,,,all_query_rows,0.05915945768356323,0.07029738277196884,0.10167010128498077,1,0,
mix_easy,2048,False,torch.float32,1234,0.1,16,4,256,,,all_query_rows,0.0868203192949295,0.1088276207447052,0.22160716354846954,253,0,
mix_easy,2048,False,torch.float32,1234,0.1,16,5,1024,,,all_query_rows,0.07330699265003204,0.09339718520641327,0.1581224799156189,60,0,
mix_easy,2048,False,torch.float32,1234,0.1,16,6,1024,,,all_query_rows,0.08779832720756531,0.12575925886631012,0.35917210578918457,372,0,
mix_easy,2048,False,torch.float32,1234,0.1,16,7,0,,,all_query_rows,0.0,0.0,0.0,0,0,
mix_easy,2048,False,torch.float32,1234,0.1,16,0,64,0.04010021686553955,0.04314359650015831,,,,,,,mix_easy
mix_easy,2048,False,torch.float32,1234,0.1,16,1,64,0.05902697890996933,0.06639458239078522,,,,,,,mix_easy
mix_easy,2048,False,torch.float32,1234,0.1,16,2,256,0.0437801219522953,0.050594232976436615,,,,,,,mix_easy
mix_easy,2048,False,torch.float32,1234,0.1,16,3,256,0.06612053513526917,0.07769963145256042,,,,,,,mix_easy
mix_easy,2048,False,torch.float32,1234,0.1,16,4,256,0.10563341528177261,0.13313889503479004,,,,,,,mix_easy
mix_easy,2048,False,torch.float32,1234,0.1,16,5,1024,0.07182642817497253,0.09106704592704773,,,,,,,mix_easy
mix_easy,2048,False,torch.float32,1234,0.1,16,6,1024,0.10748479515314102,0.14409911632537842,,,,,,,mix_easy
mix_easy,2048,False,torch.float32,1234,0.1,16,7,0,0.0,0.0,,,,,,,mix_easy
mix_easy,2048,False,torch.float32,1234,0.1,16,0,64,3.675962448120117,6.857637405395508,,,,,,,scale_1.0
mix_easy,2048,False,torch.float32,1234,0.1,16,1,64,4.289866924285889,10.354272842407227,,,,,,,scale_1.0
mix_easy,2048,False,torch.float32,1234,0.1,16,2,256,3.9477553367614746,9.86506462097168,,,,,,,scale_1.0
mix_easy,2048,False,torch.float32,1234,0.1,16,3,256,3.8273043632507324,9.08005142211914,,,,,,,scale_1.0
mix_easy,2048,False,torch.float32,1234,0.1,16,4,256,4.525388240814209,12.591398239135742,,,,,,,scale_1.0
mix_easy,2048,False,torch.float32,1234,0.1,16,5,1024,3.2446653842926025,7.419862747192383,,,,,,,scale_1.0
mix_easy,2048,False,torch.float32,1234,0.1,16,6,1024,3.702479362487793,9.672635078430176,,,,,,,scale_1.0
mix_easy,2048,False,torch.float32,1234,0.1,16,7,0,0.0,0.0,,,,,,,scale_1.0
mix_easy,2048,False,torch.float32,1234,0.1,16,0,64,0.06749333441257477,0.07209815084934235,,,,,,,rare_sharp_shift
mix_easy,2048,False,torch.float32,1234,0.1,16,1,64,0.06272395700216293,0.06670625507831573,,,,,,,rare_sharp_shift
mix_easy,2048,False,torch.float32,1234,0.1,16,2,256,0.032511234283447266,0.031949371099472046,,,,,,,rare_sharp_shift
mix_easy,2048,False,torch.float32,1234,0.1,16,3,256,0.03528430312871933,0.0350816436111927,,,,,,,rare_sharp_shift
mix_easy,2048,False,torch.float32,1234,0.1,16,4,256,0.03836993873119354,0.038390107452869415,,,,,,,rare_sharp_shift
mix_easy,2048,False,torch.float32,1234,0.1,16,5,1024,0.020078197121620178,0.01806468702852726,,,,,,,rare_sharp_shift
mix_easy,2048,False,torch.float32,1234,0.1,16,6,1024,0.02039683237671852,0.018672799691557884,,,,,,,rare_sharp_shift
mix_easy,2048,False,torch.float32,1234,0.1,16,7,0,0.0,0.0,,,,,,,rare_sharp_shift
mix_easy,4096,False,torch.float32,1234,0.1,16,0,64,0.041128888726234436,0.04412682726979256,,,,,,,
mix_easy,4096,False,torch.float32,1234,0.1,16,1,64,0.059075161814689636,0.06583546102046967,,,,,,,
mix_easy,4096,False,torch.float32,1234,0.1,16,2,64,0.07714566588401794,0.08934973180294037,,,,,,,
mix_easy,4096,False,torch.float32,1234,0.1,16,3,256,0.064057856798172,0.07957036793231964,,,,,,,
mix_easy,4096,False,torch.float32,1234,0.1,16,4,256,0.09348132461309433,0.11483542621135712,,,,,,,
mix_easy,4096,False,torch.float32,1234,0.1,16,5,1024,0.05993906781077385,0.08021692931652069,,,,,,,
mix_easy,4096,False,torch.float32,1234,0.1,16,6,1024,0.10090211033821106,0.1482231616973877,,,,,,,
mix_easy,4096,False,torch.float32,1234,0.1,16,7,0,0.0,0.0,,,,,,,
mix_easy,4096,False,torch.float32,1234,0.1,16,0,64,,,all_query_rows,0.04127330705523491,0.0443558469414711,0.04931798577308655,0,0,
mix_easy,4096,False,torch.float32,1234,0.1,16,1,64,,,all_query_rows,0.05895628407597542,0.06612269580364227,0.085306815803051,0,0,
mix_easy,4096,False,torch.float32,1234,0.1,16,2,64,,,all_query_rows,0.0769779309630394,0.08964022994041443,0.11544612795114517,26,0,
mix_easy,4096,False,torch.float32,1234,0.1,16,3,256,,,all_query_rows,0.06470285356044769,0.0794772058725357,0.11349628120660782,9,0,
mix_easy,4096,False,torch.float32,1234,0.1,16,4,256,,,all_query_rows,0.09501160681247711,0.11977897584438324,0.21573035418987274,1214,0,
mix_easy,4096,False,torch.float32,1234,0.1,16,5,1024,,,all_query_rows,0.05953061953186989,0.07814157009124756,0.1505422741174698,37,0,
mix_easy,4096,False,torch.float32,1234,0.1,16,6,1024,,,all_query_rows,0.10056321322917938,0.14193221926689148,0.42049112915992737,1646,0,
mix_easy,4096,False,torch.float32,1234,0.1,16,7,0,,,all_query_rows,0.0,0.0,0.0,0,0,
mix_easy,4096,False,torch.float32,1234,0.1,16,0,64,0.031442612409591675,0.034097976982593536,,,,,,,mix_easy
mix_easy,4096,False,torch.float32,1234,0.1,16,1,64,0.05750378221273422,0.06448327749967575,,,,,,,mix_easy
mix_easy,4096,False,torch.float32,1234,0.1,16,2,64,0.09088266640901566,0.10400741547346115,,,,,,,mix_easy
mix_easy,4096,False,torch.float32,1234,0.1,16,3,256,0.07428381592035294,0.08702979236841202,,,,,,,mix_easy
mix_easy,4096,False,torch.float32,1234,0.1,16,4,256,0.09410300850868225,0.12051348388195038,,,,,,,mix_easy
mix_easy,4096,False,torch.float32,1234,0.1,16,5,1024,0.055213671177625656,0.07280699908733368,,,,,,,mix_easy
mix_easy,4096,False,torch.float32,1234,0.1,16,6,1024,0.095731720328331,0.13297095894813538,,,,,,,mix_easy
mix_easy,4096,False,torch.float32,1234,0.1,16,7,0,0.0,0.0,,,,,,,mix_easy
mix_easy,4096,False,torch.float32,1234,0.1,16,0,64,4.207415580749512,9.685356140136719,,,,,,,scale_1.0
mix_easy,4096,False,torch.float32,1234,0.1,16,1,64,4.77717924118042,9.73048210144043,,,,,,,scale_1.0
mix_easy,4096,False,torch.float32,1234,0.1,16,2,64,6.012953758239746,12.656219482421875,,,,,,,scale_1.0
mix_easy,4096,False,torch.float32,1234,0.1,16,3,256,5.547106742858887,13.435463905334473,,,,,,,scale_1.0
mix_easy,4096,False,torch.float32,1234,0.1,16,4,256,4.724186420440674,11.043914794921875,,,,,,,scale_1.0
mix_easy,4096,False,torch.float32,1234,0.1,16,5,1024,3.8660659790039062,9.358735084533691,,,,,,,scale_1.0
mix_easy,4096,False,torch.float32,1234,0.1,16,6,1024,4.155758857727051,9.678633689880371,,,,,,,scale_1.0
mix_easy,4096,False,torch.float32,1234,0.1,16,7,0,0.0,0.0,,,,,,,scale_1.0
mix_easy,4096,False,torch.float32,1234,0.1,16,0,64,0.06952715665102005,0.05818912759423256,,,,,,,rare_sharp_shift
mix_easy,4096,False,torch.float32,1234,0.1,16,1,64,0.07589130848646164,0.06540592014789581,,,,,,,rare_sharp_shift
mix_easy,4096,False,torch.float32,1234,0.1,16,2,64,0.0785391703248024,0.06786346435546875,,,,,,,rare_sharp_shift
mix_easy,4096,False,torch.float32,1234,0.1,16,3,256,0.053218524903059006,0.03815585374832153,,,,,,,rare_sharp_shift
mix_easy,4096,False,torch.float32,1234,0.1,16,4,256,0.04792589321732521,0.034475184977054596,,,,,,,rare_sharp_shift
mix_easy,4096,False,torch.float32,1234,0.1,16,5,1024,0.03063935786485672,0.012947844341397285,,,,,,,rare_sharp_shift
mix_easy,4096,False,torch.float32,1234,0.1,16,6,1024,0.03363776206970215,0.01611178368330002,,,,,,,rare_sharp_shift
mix_easy,4096,False,torch.float32,1234,0.1,16,7,0,0.0,0.0,,,,,,,rare_sharp_shift
mix_easy,8192,False,torch.float32,1234,0.1,16,0,64,0.03766747564077377,0.04088553041219711,,,,,,,
mix_easy,8192,False,torch.float32,1234,0.1,16,1,64,0.05733359605073929,0.06495693325996399,,,,,,,
mix_easy,8192,False,torch.float32,1234,0.1,16,2,64,0.08928202837705612,0.10384096950292587,,,,,,,
mix_easy,8192,False,torch.float32,1234,0.1,16,3,256,0.058641694486141205,0.07046052068471909,,,,,,,
mix_easy,8192,False,torch.float32,1234,0.1,16,4,256,0.09054827690124512,0.11548446118831635,,,,,,,
mix_easy,8192,False,torch.float32,1234,0.1,16,5,1024,0.06935980916023254,0.09072843194007874,,,,,,,
mix_easy,8192,False,torch.float32,1234,0.1,16,6,0,0.0,0.0,,,,,,,
mix_easy,8192,False,torch.float32,1234,0.1,16,7,0,0.0,0.0,,,,,,,
mix_easy,8192,False,torch.float32,1234,0.1,16,0,64,0.038830727338790894,0.042447153478860855,,,,,,,mix_easy
mix_easy,8192,False,torch.float32,1234,0.1,16,1,64,0.06008078157901764,0.06792568415403366,,,,,,,mix_easy
mix_easy,8192,False,torch.float32,1234,0.1,16,2,64,0.09562983363866806,0.11017405241727829,,,,,,,mix_easy
mix_easy,8192,False,torch.float32,1234,0.1,16,3,256,0.06713449209928513,0.08113380521535873,,,,,,,mix_easy
mix_easy,8192,False,torch.float32,1234,0.1,16,4,256,0.10092803090810776,0.1334531009197235,,,,,,,mix_easy
mix_easy,8192,False,torch.float32,1234,0.1,16,5,1024,0.062354639172554016,0.07812801003456116,,,,,,,mix_easy
mix_easy,8192,False,torch.float32,1234,0.1,16,6,0,0.0,0.0,,,,,,,mix_easy
mix_easy,8192,False,torch.float32,1234,0.1,16,7,0,0.0,0.0,,,,,,,mix_easy
mix_easy,8192,False,torch.float32,1234,0.1,16,0,64,5.7522478103637695,11.009963035583496,,,,,,,scale_1.0
mix_easy,8192,False,torch.float32,1234,0.1,16,1,64,4.867049217224121,9.536657333374023,,,,,,,scale_1.0
mix_easy,8192,False,torch.float32,1234,0.1,16,2,64,6.4960713386535645,16.387943267822266,,,,,,,scale_1.0
mix_easy,8192,False,torch.float32,1234,0.1,16,3,256,5.034089088439941,10.128366470336914,,,,,,,scale_1.0
mix_easy,8192,False,torch.float32,1234,0.1,16,4,256,5.373565673828125,11.815367698669434,,,,,,,scale_1.0
mix_easy,8192,False,torch.float32,1234,0.1,16,5,1024,5.648876190185547,16.26462745666504,,,,,,,scale_1.0
mix_easy,8192,False,torch.float32,1234,0.1,16,6,0,0.0,0.0,,,,,,,scale_1.0
mix_easy,8192,False,torch.float32,1234,0.1,16,7,0,0.0,0.0,,,,,,,scale_1.0
mix_easy,8192,False,torch.float32,1234,0.1,16,0,64,0.07020553946495056,0.07141748070716858,,,,,,,rare_sharp_shift
mix_easy,8192,False,torch.float32,1234,0.1,16,1,64,0.0674281120300293,0.06851306557655334,,,,,,,rare_sharp_shift
mix_easy,8192,False,torch.float32,1234,0.1,16,2,64,0.07186122238636017,0.07216326892375946,,,,,,,rare_sharp_shift
mix_easy,8192,False,torch.float32,1234,0.1,16,3,256,0.038050953298807144,0.03427606448531151,,,,,,,rare_sharp_shift
mix_easy,8192,False,torch.float32,1234,0.1,16,4,256,0.03600407764315605,0.032119520008563995,,,,,,,rare_sharp_shift
mix_easy,8192,False,torch.float32,1234,0.1,16,5,1024,0.020869102329015732,0.01485111191868782,,,,,,,rare_sharp_shift
mix_easy,8192,False,torch.float32,1234,0.1,16,6,0,0.0,0.0,,,,,,,rare_sharp_shift
mix_easy,8192,False,torch.float32,1234,0.1,16,7,0,0.0,0.0,,,,,,,rare_sharp_shift
mix_easy,16384,False,torch.float32,1234,0.1,16,0,64,0.04024050384759903,0.043722763657569885,,,,,,,
mix_easy,16384,False,torch.float32,1234,0.1,16,1,64,0.06231212988495827,0.06937219947576523,,,,,,,
mix_easy,16384,False,torch.float32,1234,0.1,16,2,64,0.08632900565862656,0.10152454674243927,,,,,,,
mix_easy,16384,False,torch.float32,1234,0.1,16,3,256,0.06370025128126144,0.07681021094322205,,,,,,,
mix_easy,16384,False,torch.float32,1234,0.1,16,4,1024,0.05027922987937927,0.060021813958883286,,,,,,,
mix_easy,16384,False,torch.float32,1234,0.1,16,5,1024,0.06923992931842804,0.09629284590482712,,,,,,,
mix_easy,16384,False,torch.float32,1234,0.1,16,6,1024,0.0979505181312561,0.13624590635299683,,,,,,,
mix_easy,16384,False,torch.float32,1234,0.1,16,7,0,0.0,0.0,,,,,,,
mix_easy,16384,False,torch.float32,1234,0.1,16,0,64,0.029022641479969025,0.031053384765982628,,,,,,,mix_easy
mix_easy,16384,False,torch.float32,1234,0.1,16,1,64,0.07192335277795792,0.08122436702251434,,,,,,,mix_easy
mix_easy,16384,False,torch.float32,1234,0.1,16,2,64,0.07590242475271225,0.08960190415382385,,,,,,,mix_easy
mix_easy,16384,False,torch.float32,1234,0.1,16,3,256,0.052051424980163574,0.06306519359350204,,,,,,,mix_easy
mix_easy,16384,False,torch.float32,1234,0.1,16,4,1024,0.040651366114616394,0.05073674023151398,,,,,,,mix_easy
mix_easy,16384,False,torch.float32,1234,0.1,16,5,1024,0.07289502024650574,0.09744308888912201,,,,,,,mix_easy
mix_easy,16384,False,torch.float32,1234,0.1,16,6,1024,0.10642533749341965,0.15175345540046692,,,,,,,mix_easy
mix_easy,16384,False,torch.float32,1234,0.1,16,7,0,0.0,0.0,,,,,,,mix_easy
mix_easy,16384,False,torch.float32,1234,0.1,16,0,64,5.759050369262695,11.011260986328125,,,,,,,scale_1.0
mix_easy,16384,False,torch.float32,1234,0.1,16,1,64,5.311779022216797,12.051050186157227,,,,,,,scale_1.0
mix_easy,16384,False,torch.float32,1234,0.1,16,2,64,4.917960166931152,9.22384262084961,,,,,,,scale_1.0
mix_easy,16384,False,torch.float32,1234,0.1,16,3,256,4.792928695678711,9.553357124328613,,,,,,,scale_1.0
mix_easy,16384,False,torch.float32,1234,0.1,16,4,1024,5.690278053283691,14.3816499710083,,,,,,,scale_1.0
mix_easy,16384,False,torch.float32,1234,0.1,16,5,1024,5.822790145874023,14.178516387939453,,,,,,,scale_1.0
mix_easy,16384,False,torch.float32,1234,0.1,16,6,1024,5.614663124084473,14.225796699523926,,,,,,,scale_1.0
mix_easy,16384,False,torch.float32,1234,0.1,16,7,0,0.0,0.0,,,,,,,scale_1.0
mix_easy,16384,False,torch.float32,1234,0.1,16,0,64,0.058895036578178406,0.05296707525849342,,,,,,,rare_sharp_shift
mix_easy,16384,False,torch.float32,1234,0.1,16,1,64,0.08277417719364166,0.08173919469118118,,,,,,,rare_sharp_shift
mix_easy,16384,False,torch.float32,1234,0.1,16,2,64,0.06141437590122223,0.05717657878994942,,,,,,,rare_sharp_shift
mix_easy,16384,False,torch.float32,1234,0.1,16,3,256,0.03519488871097565,0.027003038674592972,,,,,,,rare_sharp_shift
mix_easy,16384,False,torch.float32,1234,0.1,16,4,1024,0.025167357176542282,0.01539814006537199,,,,,,,rare_sharp_shift
mix_easy,16384,False,torch.float32,1234,0.1,16,5,1024,0.026715263724327087,0.017040032893419266,,,,,,,rare_sharp_shift
mix_easy,16384,False,torch.float32,1234,0.1,16,6,1024,0.027810290455818176,0.01823444291949272,,,,,,,rare_sharp_shift
mix_easy,16384,False,torch.float32,1234,0.1,16,7,0,0.0,0.0,,,,,,,rare_sharp_shift
mix_easy,32768,False,torch.float32,1234,0.1,16,0,64,0.0367438867688179,0.04033670946955681,,,,,,,
mix_easy,32768,False,torch.float32,1234,0.1,16,1,64,0.05297154188156128,0.06012022867798805,,,,,,,
mix_easy,32768,False,torch.float32,1234,0.1,16,2,256,0.04644189029932022,0.05371604487299919,,,,,,,
mix_easy,32768,False,torch.float32,1234,0.1,16,3,256,0.0714724138379097,0.08431526273488998,,,,,,,
mix_easy,32768,False,torch.float32,1234,0.1,16,4,1024,0.05209119990468025,0.06405673176050186,,,,,,,
mix_easy,32768,False,torch.float32,1234,0.1,16,5,1024,0.07145850360393524,0.09131347388029099,,,,,,,
mix_easy,32768,False,torch.float32,1234,0.1,16,6,1024,0.09672278165817261,0.1406463384628296,,,,,,,
mix_easy,32768,False,torch.float32,1234,0.1,16,7,0,0.0,0.0,,,,,,,
mix_easy,32768,False,torch.float32,1234,0.1,16,0,64,0.039503857493400574,0.04308784380555153,,,,,,,mix_easy
mix_easy,32768,False,torch.float32,1234,0.1,16,1,64,0.0581883043050766,0.06371945142745972,,,,,,,mix_easy
mix_easy,32768,False,torch.float32,1234,0.1,16,2,256,0.04533910006284714,0.05215749144554138,,,,,,,mix_easy
mix_easy,32768,False,torch.float32,1234,0.1,16,3,256,0.06708763539791107,0.08157563209533691,,,,,,,mix_easy
mix_easy,32768,False,torch.float32,1234,0.1,16,4,1024,0.04796592891216278,0.059386737644672394,,,,,,,mix_easy
mix_easy,32768,False,torch.float32,1234,0.1,16,5,1024,0.06328263133764267,0.08063597977161407,,,,,,,mix_easy
mix_easy,32768,False,torch.float32,1234,0.1,16,6,1024,0.10277507454156876,0.14568006992340088,,,,,,,mix_easy
mix_easy,32768,False,torch.float32,1234,0.1,16,7,0,0.0,0.0,,,,,,,mix_easy
mix_easy,32768,False,torch.float32,1234,0.1,16,0,64,7.298912048339844,15.896039962768555,,,,,,,scale_1.0
mix_easy,32768,False,torch.float32,1234,0.1,16,1,64,5.209393501281738,9.13725471496582,,,,,,,scale_1.0
mix_easy,32768,False,torch.float32,1234,0.1,16,2,256,6.283934593200684,13.705155372619629,,,,,,,scale_1.0
mix_easy,32768,False,torch.float32,1234,0.1,16,3,256,5.648349285125732,12.473166465759277,,,,,,,scale_1.0
mix_easy,32768,False,torch.float32,1234,0.1,16,4,1024,6.051443099975586,13.684259414672852,,,,,,,scale_1.0
mix_easy,32768,False,torch.float32,1234,0.1,16,5,1024,5.907304763793945,14.46015739440918,,,,,,,scale_1.0
mix_easy,32768,False,torch.float32,1234,0.1,16,6,1024,6.087650299072266,14.132584571838379,,,,,,,scale_1.0
mix_easy,32768,False,torch.float32,1234,0.1,16,7,0,0.0,0.0,,,,,,,scale_1.0
mix_easy,32768,False,torch.float32,1234,0.1,16,0,64,0.07205510139465332,0.07423850893974304,,,,,,,rare_sharp_shift
mix_easy,32768,False,torch.float32,1234,0.1,16,1,64,0.0655120387673378,0.0639432892203331,,,,,,,rare_sharp_shift
mix_easy,32768,False,torch.float32,1234,0.1,16,2,256,0.03846112638711929,0.03450024500489235,,,,,,,rare_sharp_shift
mix_easy,32768,False,torch.float32,1234,0.1,16,3,256,0.03692663460969925,0.03354380279779434,,,,,,,rare_sharp_shift
mix_easy,32768,False,torch.float32,1234,0.1,16,4,1024,0.023526545614004135,0.018093887716531754,,,,,,,rare_sharp_shift
mix_easy,32768,False,torch.float32,1234,0.1,16,5,1024,0.022372040897607803,0.016443010419607162,,,,,,,rare_sharp_shift
mix_easy,32768,False,torch.float32,1234,0.1,16,6,1024,0.022096998989582062,0.016759581863880157,,,,,,,rare_sharp_shift
mix_easy,32768,False,torch.float32,1234,0.1,16,7,0,0.0,0.0,,,,,,,rare_sharp_shift
mix_easy,65536,False,torch.float32,1234,0.1,16,0,64,0.03500451147556305,0.03819183260202408,,,,,,,
mix_easy,65536,False,torch.float32,1234,0.1,16,1,64,0.05891698971390724,0.06760339438915253,,,,,,,
mix_easy,65536,False,torch.float32,1234,0.1,16,2,64,0.08566697686910629,0.09842132031917572,,,,,,,
mix_easy,65536,False,torch.float32,1234,0.1,16,3,256,0.06580944359302521,0.08008478581905365,,,,,,,
mix_easy,65536,False,torch.float32,1234,0.1,16,4,256,0.08177992701530457,0.1051441952586174,,,,,,,
mix_easy,65536,False,torch.float32,1234,0.1,16,5,1024,0.06355252861976624,0.08579733967781067,,,,,,,
mix_easy,65536,False,torch.float32,1234,0.1,16,6,0,0.0,0.0,,,,,,,
mix_easy,65536,False,torch.float32,1234,0.1,16,7,0,0.0,0.0,,,,,,,
mix_easy,65536,False,torch.float32,1234,0.1,16,0,64,0.03464590758085251,0.037514787167310715,,,,,,,mix_easy
mix_easy,65536,False,torch.float32,1234,0.1,16,1,64,0.05237838625907898,0.05916139855980873,,,,,,,mix_easy
mix_easy,65536,False,torch.float32,1234,0.1,16,2,64,0.09982343018054962,0.11566774547100067,,,,,,,mix_easy
mix_easy,65536,False,torch.float32,1234,0.1,16,3,256,0.06695787608623505,0.07915709912776947,,,,,,,mix_easy
mix_easy,65536,False,torch.float32,1234,0.1,16,4,256,0.11069159209728241,0.13712745904922485,,,,,,,mix_easy
mix_easy,65536,False,torch.float32,1234,0.1,16,5,1024,0.06085298955440521,0.08024430274963379,,,,,,,mix_easy
mix_easy,65536,False,torch.float32,1234,0.1,16,6,0,0.0,0.0,,,,,,,mix_easy
mix_easy,65536,False,torch.float32,1234,0.1,16,7,0,0.0,0.0,,,,,,,mix_easy
mix_easy,65536,False,torch.float32,1234,0.1,16,0,64,6.760912895202637,14.262077331542969,,,,,,,scale_1.0
mix_easy,65536,False,torch.float32,1234,0.1,16,1,64,6.773290634155273,13.16995906829834,,,,,,,scale_1.0
mix_easy,65536,False,torch.float32,1234,0.1,16,2,64,6.68330192565918,13.91891098022461,,,,,,,scale_1.0
mix_easy,65536,False,torch.float32,1234,0.1,16,3,256,7.991551399230957,18.422861099243164,,,,,,,scale_1.0
mix_easy,65536,False,torch.float32,1234,0.1,16,4,256,8.055519104003906,20.84825897216797,,,,,,,scale_1.0
mix_easy,65536,False,torch.float32,1234,0.1,16,5,1024,6.485713005065918,20.5916748046875,,,,,,,scale_1.0
mix_easy,65536,False,torch.float32,1234,0.1,16,6,0,0.0,0.0,,,,,,,scale_1.0
mix_easy,65536,False,torch.float32,1234,0.1,16,7,0,0.0,0.0,,,,,,,scale_1.0
mix_easy,65536,False,torch.float32,1234,0.1,16,0,64,0.055493563413619995,0.06229212507605553,,,,,,,rare_sharp_shift
mix_easy,65536,False,torch.float32,1234,0.1,16,1,64,0.05237838625907898,0.05916139855980873,,,,,,,rare_sharp_shift
mix_easy,65536,False,torch.float32,1234,0.1,16,2,64,0.06858448684215546,0.07669715583324432,,,,,,,rare_sharp_shift
mix_easy,65536,False,torch.float32,1234,0.1,16,3,256,0.031497012823820114,0.03550007939338684,,,,,,,rare_sharp_shift
mix_easy,65536,False,torch.float32,1234,0.1,16,4,256,0.03617151826620102,0.040160730481147766,,,,,,,rare_sharp_shift
mix_easy,65536,False,torch.float32,1234,0.1,16,5,1024,0.013161752372980118,0.014674024656414986,,,,,,,rare_sharp_shift
mix_easy,65536,False,torch.float32,1234,0.1,16,6,0,0.0,0.0,,,,,,,rare_sharp_shift
mix_easy,65536,False,torch.float32,1234,0.1,16,7,0,0.0,0.0,,,,,,,rare_sharp_shift
mix_easy,512,True,torch.float16,1234,0.1,16,0,64,0.03280211240053177,0.03803790360689163,,,,,,,
mix_easy,512,True,torch.float16,1234,0.1,16,1,64,0.05684017390012741,0.06900057941675186,,,,,,,
mix_easy,512,True,torch.float16,1234,0.1,16,2,64,0.08555685728788376,0.11040464788675308,,,,,,,
mix_easy,512,True,torch.float16,1234,0.1,16,3,256,0.05325034633278847,0.06944704055786133,,,,,,,
mix_easy,512,True,torch.float16,1234,0.1,16,4,256,0.08707550168037415,0.11953429132699966,,,,,,,
mix_easy,512,True,torch.float16,1234,0.1,16,5,1024,0.06284971535205841,0.08423782885074615,,,,,,,
mix_easy,512,True,torch.float16,1234,0.1,16,6,1024,0.10108275711536407,0.14753244817256927,,,,,,,
mix_easy,512,True,torch.float16,1234,0.1,16,7,0,0.0,0.0,,,,,,,
mix_easy,512,True,torch.float16,1234,0.1,16,0,64,,,all_query_rows,0.033020246773958206,0.03831920027732849,0.04149395972490311,0,0,
mix_easy,512,True,torch.float16,1234,0.1,16,1,64,,,all_query_rows,0.056953370571136475,0.0689937174320221,0.08040691912174225,0,0,
mix_easy,512,True,torch.float16,1234,0.1,16,2,64,,,all_query_rows,0.08496803045272827,0.10961989313364029,0.1366596519947052,60,0,
mix_easy,512,True,torch.float16,1234,0.1,16,3,256,,,all_query_rows,0.052683889865875244,0.06596469134092331,0.10010208189487457,1,0,
mix_easy,512,True,torch.float16,1234,0.1,16,4,256,,,all_query_rows,0.08701104670763016,0.12106449902057648,0.22504210472106934,91,0,
mix_easy,512,True,torch.float16,1234,0.1,16,5,1024,,,all_query_rows,0.06304675340652466,0.08540435135364532,0.11803952604532242,10,0,
mix_easy,512,True,torch.float16,1234,0.1,16,6,1024,,,all_query_rows,0.10122940689325333,0.1495092213153839,0.2498992681503296,228,0,
mix_easy,512,True,torch.float16,1234,0.1,16,7,0,,,all_query_rows,0.0,0.0,0.0,0,0,
mix_easy,512,True,torch.float16,1234,0.1,16,0,64,0.043498411774635315,0.05033449828624725,,,,,,,mix_easy
mix_easy,512,True,torch.float16,1234,0.1,16,1,64,0.06415127217769623,0.08110018074512482,,,,,,,mix_easy
mix_easy,512,True,torch.float16,1234,0.1,16,2,64,0.08024847507476807,0.09794904291629791,,,,,,,mix_easy
mix_easy,512,True,torch.float16,1234,0.1,16,3,256,0.07029316574335098,0.08937757462263107,,,,,,,mix_easy
mix_easy,512,True,torch.float16,1234,0.1,16,4,256,0.08292539417743683,0.10607035458087921,,,,,,,mix_easy
mix_easy,512,True,torch.float16,1234,0.1,16,5,1024,0.06204942986369133,0.08484184741973877,,,,,,,mix_easy
mix_easy,512,True,torch.float16,1234,0.1,16,6,1024,0.09473711252212524,0.13387450575828552,,,,,,,mix_easy
mix_easy,512,True,torch.float16,1234,0.1,16,7,0,0.0,0.0,,,,,,,mix_easy
mix_easy,512,True,torch.float16,1234,0.1,16,0,64,2.815807819366455,5.859686374664307,,,,,,,scale_1.0
mix_easy,512,True,torch.float16,1234,0.1,16,1,64,2.2878012657165527,4.466945648193359,,,,,,,scale_1.0
mix_easy,512,True,torch.float16,1234,0.1,16,2,64,2.5335922241210938,5.476017951965332,,,,,,,scale_1.0
mix_easy,512,True,torch.float16,1234,0.1,16,3,256,2.3552145957946777,4.481048583984375,,,,,,,scale_1.0
mix_easy,512,True,torch.float16,1234,0.1,16,4,256,2.31545352935791,5.128859519958496,,,,,,,scale_1.0
mix_easy,512,True,torch.float16,1234,0.1,16,5,1024,1.8977351188659668,4.061781406402588,,,,,,,scale_1.0
mix_easy,512,True,torch.float16,1234,0.1,16,6,1024,1.7364583015441895,3.7679080963134766,,,,,,,scale_1.0
mix_easy,512,True,torch.float16,1234,0.1,16,7,0,0.0,0.0,,,,,,,scale_1.0
mix_easy,512,True,torch.float16,1234,0.1,16,0,64,0.08431513607501984,0.08473440259695053,,,,,,,rare_sharp_shift
mix_easy,512,True,torch.float16,1234,0.1,16,1,64,0.07864712923765182,0.08274480700492859,,,,,,,rare_sharp_shift
mix_easy,512,True,torch.float16,1234,0.1,16,2,64,0.06767913699150085,0.06426522135734558,,,,,,,rare_sharp_shift
mix_easy,512,True,torch.float16,1234,0.1,16,3,256,0.04697103425860405,0.04031158983707428,,,,,,,rare_sharp_shift
mix_easy,512,True,torch.float16,1234,0.1,16,4,256,0.040820613503456116,0.031564563512802124,,,,,,,rare_sharp_shift
mix_easy,512,True,torch.float16,1234,0.1,16,5,1024,0.027850791811943054,0.01734839752316475,,,,,,,rare_sharp_shift
mix_easy,512,True,torch.float16,1234,0.1,16,6,1024,0.029337763786315918,0.017967091873288155,,,,,,,rare_sharp_shift
mix_easy,512,True,torch.float16,1234,0.1,16,7,0,0.0,0.0,,,,,,,rare_sharp_shift
mix_easy,1024,True,torch.float16,1234,0.1,16,0,64,0.03845550864934921,0.04335672780871391,,,,,,,
mix_easy,1024,True,torch.float16,1234,0.1,16,1,64,0.06007329374551773,0.07301490008831024,,,,,,,
mix_easy,1024,True,torch.float16,1234,0.1,16,2,64,0.07753582298755646,0.09117627143859863,,,,,,,
mix_easy,1024,True,torch.float16,1234,0.1,16,3,256,0.07053349912166595,0.08943765610456467,,,,,,,
mix_easy,1024,True,torch.float16,1234,0.1,16,4,256,0.08273868262767792,0.11953271180391312,,,,,,,
mix_easy,1024,True,torch.float16,1234,0.1,16,5,1024,0.06500725448131561,0.08489999175071716,,,,,,,
mix_easy,1024,True,torch.float16,1234,0.1,16,6,1024,0.09644095599651337,0.13652217388153076,,,,,,,
mix_easy,1024,True,torch.float16,1234,0.1,16,7,0,0.0,0.0,,,,,,,
mix_easy,1024,True,torch.float16,1234,0.1,16,0,64,,,all_query_rows,0.03840058669447899,0.04349964112043381,0.049706630408763885,0,0,
mix_easy,1024,True,torch.float16,1234,0.1,16,1,64,,,all_query_rows,0.06011657044291496,0.07353238761425018,0.08610197901725769,0,0,
mix_easy,1024,True,torch.float16,1234,0.1,16,2,64,,,all_query_rows,0.07715150713920593,0.09423144161701202,0.11585236340761185,24,0,
mix_easy,1024,True,torch.float16,1234,0.1,16,3,256,,,all_query_rows,0.07090108096599579,0.08925556391477585,0.1207289844751358,11,0,
mix_easy,1024,True,torch.float16,1234,0.1,16,4,256,,,all_query_rows,0.0835583508014679,0.11618667095899582,0.18281522393226624,159,0,
mix_easy,1024,True,torch.float16,1234,0.1,16,5,1024,,,all_query_rows,0.0651492327451706,0.08677827566862106,0.1964469999074936,17,0,
mix_easy,1024,True,torch.float16,1234,0.1,16,6,1024,,,all_query_rows,0.09593145549297333,0.1349962204694748,0.3339535593986511,344,0,
mix_easy,1024,True,torch.float16,1234,0.1,16,7,0,,,all_query_rows,0.0,0.0,0.0,0,0,
mix_easy,1024,True,torch.float16,1234,0.1,16,0,64,0.033613983541727066,0.039723217487335205,,,,,,,mix_easy
mix_easy,1024,True,torch.float16,1234,0.1,16,1,64,0.05895256996154785,0.07174623757600784,,,,,,,mix_easy
mix_easy,1024,True,torch.float16,1234,0.1,16,2,64,0.07980366051197052,0.09387598186731339,,,,,,,mix_easy
mix_easy,1024,True,torch.float16,1234,0.1,16,3,256,0.060538001358509064,0.07318184524774551,,,,,,,mix_easy
mix_easy,1024,True,torch.float16,1234,0.1,16,4,256,0.09665404260158539,0.12860678136348724,,,,,,,mix_easy
mix_easy,1024,True,torch.float16,1234,0.1,16,5,1024,0.06739500164985657,0.08740664273500443,,,,,,,mix_easy
mix_easy,1024,True,torch.float16,1234,0.1,16,6,1024,0.10717128962278366,0.15047921240329742,,,,,,,mix_easy
mix_easy,1024,True,torch.float16,1234,0.1,16,7,0,0.0,0.0,,,,,,,mix_easy
mix_easy,1024,True,torch.float16,1234,0.1,16,0,64,2.4218480587005615,4.609091758728027,,,,,,,scale_1.0
mix_easy,1024,True,torch.float16,1234,0.1,16,1,64,2.785399913787842,5.484898567199707,,,,,,,scale_1.0
mix_easy,1024,True,torch.float16,1234,0.1,16,2,64,2.698166608810425,6.3320512771606445,,,,,,,scale_1.0
mix_easy,1024,True,torch.float16,1234,0.1,16,3,256,3.9785895347595215,10.428759574890137,,,,,,,scale_1.0
mix_easy,1024,True,torch.float16,1234,0.1,16,4,256,3.340282917022705,9.14625358581543,,,,,,,scale_1.0
mix_easy,1024,True,torch.float16,1234,0.1,16,5,1024,2.554905652999878,6.170980930328369,,,,,,,scale_1.0
mix_easy,1024,True,torch.float16,1234,0.1,16,6,1024,2.3788180351257324,5.504772186279297,,,,,,,scale_1.0
mix_easy,1024,True,torch.float16,1234,0.1,16,7,0,0.0,0.0,,,,,,,scale_1.0
mix_easy,1024,True,torch.float16,1234,0.1,16,0,64,0.06506721675395966,0.06604885309934616,,,,,,,rare_sharp_shift
mix_easy,1024,True,torch.float16,1234,0.1,16,1,64,0.06970416009426117,0.07334893941879272,,,,,,,rare_sharp_shift
mix_easy,1024,True,torch.float16,1234,0.1,16,2,64,0.06487846374511719,0.06280092895030975,,,,,,,rare_sharp_shift
mix_easy,1024,True,torch.float16,1234,0.1,16,3,256,0.03866695612668991,0.03134622424840927,,,,,,,rare_sharp_shift
mix_easy,1024,True,torch.float16,1234,0.1,16,4,256,0.041584886610507965,0.03595922142267227,,,,,,,rare_sharp_shift
mix_easy,1024,True,torch.float16,1234,0.1,16,5,1024,0.02621999755501747,0.01749904453754425,,,,,,,rare_sharp_shift
mix_easy,1024,True,torch.float16,1234,0.1,16,6,1024,0.02765972726047039,0.018943114206194878,,,,,,,rare_sharp_shift
mix_easy,1024,True,torch.float16,1234,0.1,16,7,0,0.0,0.0,,,,,,,rare_sharp_shift
mix_easy,2048,True,torch.float16,1234,0.1,16,0,64,0.0351000651717186,0.04180808737874031,,,,,,,
mix_easy,2048,True,torch.float16,1234,0.1,16,1,64,0.06015069782733917,0.07623045891523361,,,,,,,
mix_easy,2048,True,torch.float16,1234,0.1,16,2,64,0.0976717472076416,0.11912696063518524,,,,,,,
mix_easy,2048,True,torch.float16,1234,0.1,16,3,256,0.05787463113665581,0.07231651991605759,,,,,,,
mix_easy,2048,True,torch.float16,1234,0.1,16,4,1024,0.0441601388156414,0.055256154388189316,,,,,,,
mix_easy,2048,True,torch.float16,1234,0.1,16,5,1024,0.07972146570682526,0.106348417699337,,,,,,,
mix_easy,2048,True,torch.float16,1234,0.1,16,6,0,0.0,0.0,,,,,,,
mix_easy,2048,True,torch.float16,1234,0.1,16,7,0,0.0,0.0,,,,,,,
mix_easy,2048,True,torch.float16,1234,0.1,16,0,64,,,all_query_rows,0.03487352281808853,0.04158183932304382,0.05079975724220276,0,0,
mix_easy,2048,True,torch.float16,1234,0.1,16,1,64,,,all_query_rows,0.05959084630012512,0.07574038952589035,0.0914696604013443,0,0,
mix_easy,2048,True,torch.float16,1234,0.1,16,2,64,,,all_query_rows,0.09791885316371918,0.11905878782272339,0.16085168719291687,845,0,
mix_easy,2048,True,torch.float16,1234,0.1,16,3,256,,,all_query_rows,0.05736830458045006,0.07112787663936615,0.13546089828014374,4,0,
mix_easy,2048,True,torch.float16,1234,0.1,16,4,1024,,,all_query_rows,0.04362596198916435,0.05491082742810249,0.09378883987665176,0,0,
mix_easy,2048,True,torch.float16,1234,0.1,16,5,1024,,,all_query_rows,0.07974232733249664,0.10750564932823181,0.19413109123706818,184,0,
mix_easy,2048,True,torch.float16,1234,0.1,16,6,0,,,all_query_rows,0.0,0.0,0.0,0,0,
mix_easy,2048,True,torch.float16,1234,0.1,16,7,0,,,all_query_rows,0.0,0.0,0.0,0,0,
mix_easy,2048,True,torch.float16,1234,0.1,16,0,64,0.03853648155927658,0.04466043412685394,,,,,,,mix_easy
mix_easy,2048,True,torch.float16,1234,0.1,16,1,64,0.06026554852724075,0.07070077955722809,,,,,,,mix_easy
mix_easy,2048,True,torch.float16,1234,0.1,16,2,64,0.08286869525909424,0.09743191301822662,,,,,,,mix_easy
mix_easy,2048,True,torch.float16,1234,0.1,16,3,256,0.06985247135162354,0.08449049293994904,,,,,,,mix_easy
mix_easy,2048,True,torch.float16,1234,0.1,16,4,1024,0.04945876821875572,0.060433484613895416,,,,,,,mix_easy
mix_easy,2048,True,torch.float16,1234,0.1,16,5,1024,0.06421875953674316,0.08474770188331604,,,,,,,mix_easy
mix_easy,2048,True,torch.float16,1234,0.1,16,6,0,0.0,0.0,,,,,,,mix_easy
mix_easy,2048,True,torch.float16,1234,0.1,16,7,0,0.0,0.0,,,,,,,mix_easy
mix_easy,2048,True,torch.float16,1234,0.1,16,0,64,2.7782657146453857,5.226609230041504,,,,,,,scale_1.0
mix_easy,2048,True,torch.float16,1234,0.1,16,1,64,3.415027379989624,7.07324743270874,,,,,,,scale_1.0
mix_easy,2048,True,torch.float16,1234,0.1,16,2,64,2.850752592086792,5.942867755889893,,,,,,,scale_1.0
mix_easy,2048,True,torch.float16,1234,0.1,16,3,256,2.9447169303894043,6.0855712890625,,,,,,,scale_1.0
mix_easy,2048,True,torch.float16,1234,0.1,16,4,1024,2.5334434509277344,6.372095108032227,,,,,,,scale_1.0
mix_easy,2048,True,torch.float16,1234,0.1,16,5,1024,2.404165267944336,5.253878593444824,,,,,,,scale_1.0
mix_easy,2048,True,torch.float16,1234,0.1,16,6,0,0.0,0.0,,,,,,,scale_1.0
mix_easy,2048,True,torch.float16,1234,0.1,16,7,0,0.0,0.0,,,,,,,scale_1.0
mix_easy,2048,True,torch.float16,1234,0.1,16,0,64,0.06560830771923065,0.07432575523853302,,,,,,,rare_sharp_shift
mix_easy,2048,True,torch.float16,1234,0.1,16,1,64,0.06389845162630081,0.07085234671831131,,,,,,,rare_sharp_shift
mix_easy,2048,True,torch.float16,1234,0.1,16,2,64,0.060529641807079315,0.06491731107234955,,,,,,,rare_sharp_shift
mix_easy,2048,True,torch.float16,1234,0.1,16,3,256,0.036177124828100204,0.03780972585082054,,,,,,,rare_sharp_shift
mix_easy,2048,True,torch.float16,1234,0.1,16,4,1024,0.020434413105249405,0.019962461665272713,,,,,,,rare_sharp_shift
mix_easy,2048,True,torch.float16,1234,0.1,16,5,1024,0.01821954920887947,0.0166217852383852,,,,,,,rare_sharp_shift
mix_easy,2048,True,torch.float16,1234,0.1,16,6,0,0.0,0.0,,,,,,,rare_sharp_shift
mix_easy,2048,True,torch.float16,1234,0.1,16,7,0,0.0,0.0,,,,,,,rare_sharp_shift
mix_easy,4096,True,torch.float16,1234,0.1,16,0,64,0.03757423162460327,0.04208824038505554,,,,,,,
mix_easy,4096,True,torch.float16,1234,0.1,16,1,64,0.05586792901158333,0.06326347589492798,,,,,,,
mix_easy,4096,True,torch.float16,1234,0.1,16,2,64,0.0829046443104744,0.1019517034292221,,,,,,,
mix_easy,4096,True,torch.float16,1234,0.1,16,3,256,0.05847477540373802,0.07215595990419388,,,,,,,
mix_easy,4096,True,torch.float16,1234,0.1,16,4,256,0.09022022783756256,0.11517374217510223,,,,,,,
mix_easy,4096,True,torch.float16,1234,0.1,16,5,1024,0.06184855103492737,0.08276640623807907,,,,,,,
mix_easy,4096,True,torch.float16,1234,0.1,16,6,0,0.0,0.0,,,,,,,
mix_easy,4096,True,torch.float16,1234,0.1,16,7,0,0.0,0.0,,,,,,,
mix_easy,4096,True,torch.float16,1234,0.1,16,0,64,,,all_query_rows,0.03774750232696533,0.04248332977294922,0.05508600175380707,0,0,
mix_easy,4096,True,torch.float16,1234,0.1,16,1,64,,,all_query_rows,0.05635453388094902,0.06477580219507217,0.11550526320934296,2,0,
mix_easy,4096,True,torch.float16,1234,0.1,16,2,64,,,all_query_rows,0.08241226524114609,0.09998588263988495,0.13492931425571442,204,0,
mix_easy,4096,True,torch.float16,1234,0.1,16,3,256,,,all_query_rows,0.05874687433242798,0.07322148978710175,0.10782435536384583,5,0,
mix_easy,4096,True,torch.float16,1234,0.1,16,4,256,,,all_query_rows,0.0916343703866005,0.11906179785728455,0.19442154467105865,933,0,
mix_easy,4096,True,torch.float16,1234,0.1,16,5,1024,,,all_query_rows,0.06189526617527008,0.08263340592384338,0.17559805512428284,51,0,
mix_easy,4096,True,torch.float16,1234,0.1,16,6,0,,,all_query_rows,0.0,0.0,0.0,0,0,
mix_easy,4096,True,torch.float16,1234,0.1,16,7,0,,,all_query_rows,0.0,0.0,0.0,0,0,
mix_easy,4096,True,torch.float16,1234,0.1,16,0,64,0.0348660871386528,0.03926653042435646,,,,,,,mix_easy
mix_easy,4096,True,torch.float16,1234,0.1,16,1,64,0.05742274969816208,0.06901390850543976,,,,,,,mix_easy
mix_easy,4096,True,torch.float16,1234,0.1,16,2,64,0.0931546688079834,0.10966230183839798,,,,,,,mix_easy
mix_easy,4096,True,torch.float16,1234,0.1,16,3,256,0.06627136468887329,0.0826379731297493,,,,,,,mix_easy
mix_easy,4096,True,torch.float16,1234,0.1,16,4,256,0.08968724310398102,0.11775694787502289,,,,,,,mix_easy
mix_easy,4096,True,torch.float16,1234,0.1,16,5,1024,0.05591587722301483,0.07199154049158096,,,,,,,mix_easy
mix_easy,4096,True,torch.float16,1234,0.1,16,6,0,0.0,0.0,,,,,,,mix_easy
mix_easy,4096,True,torch.float16,1234,0.1,16,7,0,0.0,0.0,,,,,,,mix_easy
mix_easy,4096,True,torch.float16,1234,0.1,16,0,64,3.7704522609710693,8.769316673278809,,,,,,,scale_1.0
mix_easy,4096,True,torch.float16,1234,0.1,16,1,64,4.431513786315918,10.03706169128418,,,,,,,scale_1.0
mix_easy,4096,True,torch.float16,1234,0.1,16,2,64,5.140016555786133,12.302258491516113,,,,,,,scale_1.0
mix_easy,4096,True,torch.float16,1234,0.1,16,3,256,4.330677509307861,11.62458610534668,,,,,,,scale_1.0
mix_easy,4096,True,torch.float16,1234,0.1,16,4,256,3.262324810028076,6.987316131591797,,,,,,,scale_1.0
mix_easy,4096,True,torch.float16,1234,0.1,16,5,1024,3.3693227767944336,9.43494987487793,,,,,,,scale_1.0
mix_easy,4096,True,torch.float16,1234,0.1,16,6,0,0.0,0.0,,,,,,,scale_1.0
mix_easy,4096,True,torch.float16,1234,0.1,16,7,0,0.0,0.0,,,,,,,scale_1.0
mix_easy,4096,True,torch.float16,1234,0.1,16,0,64,0.07495687901973724,0.06758011877536774,,,,,,,rare_sharp_shift
mix_easy,4096,True,torch.float16,1234,0.1,16,1,64,0.07567083835601807,0.07067932188510895,,,,,,,rare_sharp_shift
mix_easy,4096,True,torch.float16,1234,0.1,16,2,64,0.08002577722072601,0.07127732038497925,,,,,,,rare_sharp_shift
mix_easy,4096,True,torch.float16,1234,0.1,16,3,256,0.049267351627349854,0.03811024874448776,,,,,,,rare_sharp_shift
mix_easy,4096,True,torch.float16,1234,0.1,16,4,256,0.04694502055644989,0.034236714243888855,,,,,,,rare_sharp_shift
mix_easy,4096,True,torch.float16,1234,0.1,16,5,1024,0.0312742181122303,0.01477706991136074,,,,,,,rare_sharp_shift
mix_easy,4096,True,torch.float16,1234,0.1,16,6,0,0.0,0.0,,,,,,,rare_sharp_shift
mix_easy,4096,True,torch.float16,1234,0.1,16,7,0,0.0,0.0,,,,,,,rare_sharp_shift
mix_easy,8192,True,torch.float16,1234,0.1,16,0,64,0.03601689264178276,0.04175620153546333,,,,,,,
mix_easy,8192,True,torch.float16,1234,0.1,16,1,64,0.05766747146844864,0.06521134078502655,,,,,,,
mix_easy,8192,True,torch.float16,1234,0.1,16,2,64,0.08752034604549408,0.10607872158288956,,,,,,,
mix_easy,8192,True,torch.float16,1234,0.1,16,3,256,0.062077149748802185,0.0763593316078186,,,,,,,
mix_easy,8192,True,torch.float16,1234,0.1,16,4,256,0.08838513493537903,0.1130778044462204,,,,,,,
mix_easy,8192,True,torch.float16,1234,0.1,16,5,1024,0.07227452099323273,0.09360502660274506,,,,,,,
mix_easy,8192,True,torch.float16,1234,0.1,16,6,0,0.0,0.0,,,,,,,
mix_easy,8192,True,torch.float16,1234,0.1,16,7,0,0.0,0.0,,,,,,,
mix_easy,8192,True,torch.float16,1234,0.1,16,0,64,0.03733876347541809,0.043283525854349136,,,,,,,mix_easy
mix_easy,8192,True,torch.float16,1234,0.1,16,1,64,0.05833584442734718,0.07272649556398392,,,,,,,mix_easy
mix_easy,8192,True,torch.float16,1234,0.1,16,2,64,0.09868638217449188,0.11416488885879517,,,,,,,mix_easy
mix_easy,8192,True,torch.float16,1234,0.1,16,3,256,0.06343954801559448,0.07776614278554916,,,,,,,mix_easy
mix_easy,8192,True,torch.float16,1234,0.1,16,4,256,0.09896804392337799,0.13531890511512756,,,,,,,mix_easy
mix_easy,8192,True,torch.float16,1234,0.1,16,5,1024,0.06659398972988129,0.09015493839979172,,,,,,,mix_easy
mix_easy,8192,True,torch.float16,1234,0.1,16,6,0,0.0,0.0,,,,,,,mix_easy
mix_easy,8192,True,torch.float16,1234,0.1,16,7,0,0.0,0.0,,,,,,,mix_easy
mix_easy,8192,True,torch.float16,1234,0.1,16,0,64,5.216397285461426,11.479942321777344,,,,,,,scale_1.0
mix_easy,8192,True,torch.float16,1234,0.1,16,1,64,4.010055065155029,8.259889602661133,,,,,,,scale_1.0
mix_easy,8192,True,torch.float16,1234,0.1,16,2,64,5.010016441345215,11.804830551147461,,,,,,,scale_1.0
mix_easy,8192,True,torch.float16,1234,0.1,16,3,256,4.197451591491699,9.076288223266602,,,,,,,scale_1.0
mix_easy,8192,True,torch.float16,1234,0.1,16,4,256,4.505263805389404,10.970861434936523,,,,,,,scale_1.0
mix_easy,8192,True,torch.float16,1234,0.1,16,5,1024,4.4428582191467285,11.85315227508545,,,,,,,scale_1.0
mix_easy,8192,True,torch.float16,1234,0.1,16,6,0,0.0,0.0,,,,,,,scale_1.0
mix_easy,8192,True,torch.float16,1234,0.1,16,7,0,0.0,0.0,,,,,,,scale_1.0
mix_easy,8192,True,torch.float16,1234,0.1,16,0,64,0.06783854216337204,0.072501540184021,,,,,,,rare_sharp_shift
mix_easy,8192,True,torch.float16,1234,0.1,16,1,64,0.06565040349960327,0.07412835210561752,,,,,,,rare_sharp_shift
mix_easy,8192,True,torch.float16,1234,0.1,16,2,64,0.07413917779922485,0.07657331228256226,,,,,,,rare_sharp_shift
mix_easy,8192,True,torch.float16,1234,0.1,16,3,256,0.03682585805654526,0.03494482859969139,,,,,,,rare_sharp_shift
mix_easy,8192,True,torch.float16,1234,0.1,16,4,256,0.036855582147836685,0.03522590920329094,,,,,,,rare_sharp_shift
mix_easy,8192,True,torch.float16,1234,0.1,16,5,1024,0.02161591127514839,0.017041748389601707,,,,,,,rare_sharp_shift
mix_easy,8192,True,torch.float16,1234,0.1,16,6,0,0.0,0.0,,,,,,,rare_sharp_shift
mix_easy,8192,True,torch.float16,1234,0.1,16,7,0,0.0,0.0,,,,,,,rare_sharp_shift
mix_easy,16384,True,torch.float16,1234,0.1,16,0,64,0.034998320043087006,0.040648359805345535,,,,,,,
mix_easy,16384,True,torch.float16,1234,0.1,16,1,64,0.06677131354808807,0.07460793107748032,,,,,,,
mix_easy,16384,True,torch.float16,1234,0.1,16,2,64,0.0946827083826065,0.11112275719642639,,,,,,,
mix_easy,16384,True,torch.float16,1234,0.1,16,3,256,0.06004270911216736,0.07367704063653946,,,,,,,
mix_easy,16384,True,torch.float16,1234,0.1,16,4,1024,0.04670129716396332,0.05947776883840561,,,,,,,
mix_easy,16384,True,torch.float16,1234,0.1,16,5,1024,0.07758113741874695,0.10811479389667511,,,,,,,
mix_easy,16384,True,torch.float16,1234,0.1,16,6,1024,0.09950076043605804,0.13939443230628967,,,,,,,
mix_easy,16384,True,torch.float16,1234,0.1,16,7,0,0.0,0.0,,,,,,,
mix_easy,16384,True,torch.float16,1234,0.1,16,0,64,0.03529937565326691,0.045481473207473755,,,,,,,mix_easy
mix_easy,16384,True,torch.float16,1234,0.1,16,1,64,0.06364860385656357,0.07640340179204941,,,,,,,mix_easy
mix_easy,16384,True,torch.float16,1234,0.1,16,2,64,0.07938222587108612,0.09852569550275803,,,,,,,mix_easy
mix_easy,16384,True,torch.float16,1234,0.1,16,3,256,0.0594986192882061,0.0733814686536789,,,,,,,mix_easy
mix_easy,16384,True,torch.float16,1234,0.1,16,4,1024,0.04098937287926674,0.05151371657848358,,,,,,,mix_easy
mix_easy,16384,True,torch.float16,1234,0.1,16,5,1024,0.06933809816837311,0.09090930223464966,,,,,,,mix_easy
mix_easy,16384,True,torch.float16,1234,0.1,16,6,1024,0.11857819557189941,0.16040927171707153,,,,,,,mix_easy
mix_easy,16384,True,torch.float16,1234,0.1,16,7,0,0.0,0.0,,,,,,,mix_easy
mix_easy,16384,True,torch.float16,1234,0.1,16,0,64,4.9782819747924805,10.168277740478516,,,,,,,scale_1.0
mix_easy,16384,True,torch.float16,1234,0.1,16,1,64,5.030318260192871,12.3776273727417,,,,,,,scale_1.0
mix_easy,16384,True,torch.float16,1234,0.1,16,2,64,4.420087814331055,9.025686264038086,,,,,,,scale_1.0
mix_easy,16384,True,torch.float16,1234,0.1,16,3,256,4.767597675323486,11.022106170654297,,,,,,,scale_1.0
mix_easy,16384,True,torch.float16,1234,0.1,16,4,1024,4.558964252471924,12.57554817199707,,,,,,,scale_1.0
mix_easy,16384,True,torch.float16,1234,0.1,16,5,1024,4.891022682189941,11.994695663452148,,,,,,,scale_1.0
mix_easy,16384,True,torch.float16,1234,0.1,16,6,1024,4.667657852172852,11.765899658203125,,,,,,,scale_1.0
mix_easy,16384,True,torch.float16,1234,0.1,16,7,0,0.0,0.0,,,,,,,scale_1.0
mix_easy,16384,True,torch.float16,1234,0.1,16,0,64,0.06835585832595825,0.07496105134487152,,,,,,,rare_sharp_shift
mix_easy,16384,True,torch.float16,1234,0.1,16,1,64,0.07458268851041794,0.07777531445026398,,,,,,,rare_sharp_shift
mix_easy,16384,True,torch.float16,1234,0.1,16,2,64,0.06387408077716827,0.06412921845912933,,,,,,,rare_sharp_shift
mix_easy,16384,True,torch.float16,1234,0.1,16,3,256,0.038483452051877975,0.031798843294382095,,,,,,,rare_sharp_shift
mix_easy,16384,True,torch.float16,1234,0.1,16,4,1024,0.02534673362970352,0.016780797392129898,,,,,,,rare_sharp_shift
mix_easy,16384,True,torch.float16,1234,0.1,16,5,1024,0.02621624805033207,0.017568334937095642,,,,,,,rare_sharp_shift
mix_easy,16384,True,torch.float16,1234,0.1,16,6,1024,0.028746217489242554,0.02193872258067131,,,,,,,rare_sharp_shift
mix_easy,16384,True,torch.float16,1234,0.1,16,7,0,0.0,0.0,,,,,,,rare_sharp_shift
mix_easy,32768,True,torch.float16,1234,0.1,16,0,64,0.03629246726632118,0.04074448347091675,,,,,,,
mix_easy,32768,True,torch.float16,1234,0.1,16,1,64,0.058154135942459106,0.06920386850833893,,,,,,,
mix_easy,32768,True,torch.float16,1234,0.1,16,2,64,0.09681129455566406,0.11497366428375244,,,,,,,
mix_easy,32768,True,torch.float16,1234,0.1,16,3,256,0.0633198693394661,0.07968384027481079,,,,,,,
mix_easy,32768,True,torch.float16,1234,0.1,16,4,1024,0.04953671619296074,0.06336945295333862,,,,,,,
mix_easy,32768,True,torch.float16,1234,0.1,16,5,1024,0.06906580924987793,0.08906739205121994,,,,,,,
mix_easy,32768,True,torch.float16,1234,0.1,16,6,1024,0.101633720099926,0.15207447111606598,,,,,,,
mix_easy,32768,True,torch.float16,1234,0.1,16,7,0,0.0,0.0,,,,,,,
mix_easy,32768,True,torch.float16,1234,0.1,16,0,64,0.035767603665590286,0.040962230414152145,,,,,,,mix_easy
mix_easy,32768,True,torch.float16,1234,0.1,16,1,64,0.05987357348203659,0.07298916578292847,,,,,,,mix_easy
mix_easy,32768,True,torch.float16,1234,0.1,16,2,64,0.08600805699825287,0.1043897420167923,,,,,,,mix_easy
mix_easy,32768,True,torch.float16,1234,0.1,16,3,256,0.06626527011394501,0.07937495410442352,,,,,,,mix_easy
mix_easy,32768,True,torch.float16,1234,0.1,16,4,1024,0.04934172332286835,0.06157855689525604,,,,,,,mix_easy
mix_easy,32768,True,torch.float16,1234,0.1,16,5,1024,0.06239893287420273,0.08065138012170792,,,,,,,mix_easy
mix_easy,32768,True,torch.float16,1234,0.1,16,6,1024,0.09892512112855911,0.14049145579338074,,,,,,,mix_easy
mix_easy,32768,True,torch.float16,1234,0.1,16,7,0,0.0,0.0,,,,,,,mix_easy
mix_easy,32768,True,torch.float16,1234,0.1,16,0,64,5.985568046569824,13.028456687927246,,,,,,,scale_1.0
mix_easy,32768,True,torch.float16,1234,0.1,16,1,64,4.945932865142822,10.14902400970459,,,,,,,scale_1.0
mix_easy,32768,True,torch.float16,1234,0.1,16,2,64,6.064888954162598,13.769698143005371,,,,,,,scale_1.0
mix_easy,32768,True,torch.float16,1234,0.1,16,3,256,4.581646919250488,10.137633323669434,,,,,,,scale_1.0
mix_easy,32768,True,torch.float16,1234,0.1,16,4,1024,5.304818630218506,13.527713775634766,,,,,,,scale_1.0
mix_easy,32768,True,torch.float16,1234,0.1,16,5,1024,5.135649681091309,13.590377807617188,,,,,,,scale_1.0
mix_easy,32768,True,torch.float16,1234,0.1,16,6,1024,5.362793922424316,13.928483009338379,,,,,,,scale_1.0
mix_easy,32768,True,torch.float16,1234,0.1,16,7,0,0.0,0.0,,,,,,,scale_1.0
mix_easy,32768,True,torch.float16,1234,0.1,16,0,64,0.06620749831199646,0.07039190828800201,,,,,,,rare_sharp_shift
mix_easy,32768,True,torch.float16,1234,0.1,16,1,64,0.06720896810293198,0.07343070209026337,,,,,,,rare_sharp_shift
mix_easy,32768,True,torch.float16,1234,0.1,16,2,64,0.06479766964912415,0.06963177025318146,,,,,,,rare_sharp_shift
mix_easy,32768,True,torch.float16,1234,0.1,16,3,256,0.036985594779253006,0.03396202623844147,,,,,,,rare_sharp_shift
mix_easy,32768,True,torch.float16,1234,0.1,16,4,1024,0.023838216438889503,0.019090360030531883,,,,,,,rare_sharp_shift
mix_easy,32768,True,torch.float16,1234,0.1,16,5,1024,0.022051984444260597,0.016666941344738007,,,,,,,rare_sharp_shift
mix_easy,32768,True,torch.float16,1234,0.1,16,6,1024,0.021330248564481735,0.016918323934078217,,,,,,,rare_sharp_shift
mix_easy,32768,True,torch.float16,1234,0.1,16,7,0,0.0,0.0,,,,,,,rare_sharp_shift
mix_easy,65536,True,torch.float16,1234,0.1,16,0,64,0.037510618567466736,0.04528331756591797,,,,,,,
mix_easy,65536,True,torch.float16,1234,0.1,16,1,64,0.05989746004343033,0.07237698137760162,,,,,,,
mix_easy,65536,True,torch.float16,1234,0.1,16,2,64,0.08423222601413727,0.09971815347671509,,,,,,,
mix_easy,65536,True,torch.float16,1234,0.1,16,3,256,0.06496643275022507,0.0813661441206932,,,,,,,
mix_easy,65536,True,torch.float16,1234,0.1,16,4,256,0.08323211967945099,0.11029812693595886,,,,,,,
mix_easy,65536,True,torch.float16,1234,0.1,16,5,1024,0.06855238229036331,0.09142867475748062,,,,,,,
mix_easy,65536,True,torch.float16,1234,0.1,16,6,1024,0.10478188842535019,0.1642192304134369,,,,,,,
mix_easy,65536,True,torch.float16,1234,0.1,16,7,0,0.0,0.0,,,,,,,
mix_easy,65536,True,torch.float16,1234,0.1,16,0,64,0.03658953681588173,0.042374253273010254,,,,,,,mix_easy
mix_easy,65536,True,torch.float16,1234,0.1,16,1,64,0.05480199307203293,0.06349046528339386,,,,,,,mix_easy
mix_easy,65536,True,torch.float16,1234,0.1,16,2,64,0.09971220791339874,0.11696592718362808,,,,,,,mix_easy
mix_easy,65536,True,torch.float16,1234,0.1,16,3,256,0.06465326249599457,0.07790593802928925,,,,,,,mix_easy
mix_easy,65536,True,torch.float16,1234,0.1,16,4,256,0.10759535431861877,0.14092004299163818,,,,,,,mix_easy
mix_easy,65536,True,torch.float16,1234,0.1,16,5,1024,0.06257006525993347,0.08258704841136932,,,,,,,mix_easy
mix_easy,65536,True,torch.float16,1234,0.1,16,6,1024,0.0966552197933197,0.13584980368614197,,,,,,,mix_easy
mix_easy,65536,True,torch.float16,1234,0.1,16,7,0,0.0,0.0,,,,,,,mix_easy
mix_easy,65536,True,torch.float16,1234,0.1,16,0,64,6.647858619689941,15.772541999816895,,,,,,,scale_1.0
mix_easy,65536,True,torch.float16,1234,0.1,16,1,64,5.857767581939697,12.311426162719727,,,,,,,scale_1.0
mix_easy,65536,True,torch.float16,1234,0.1,16,2,64,6.059009075164795,12.630873680114746,,,,,,,scale_1.0
mix_easy,65536,True,torch.float16,1234,0.1,16,3,256,6.1694159507751465,12.619512557983398,,,,,,,scale_1.0
mix_easy,65536,True,torch.float16,1234,0.1,16,4,256,7.463221549987793,18.70213508605957,,,,,,,scale_1.0
mix_easy,65536,True,torch.float16,1234,0.1,16,5,1024,5.283705234527588,13.597512245178223,,,,,,,scale_1.0
mix_easy,65536,True,torch.float16,1234,0.1,16,6,1024,5.916912078857422,16.269916534423828,,,,,,,scale_1.0
mix_easy,65536,True,torch.float16,1234,0.1,16,7,0,0.0,0.0,,,,,,,scale_1.0
mix_easy,65536,True,torch.float16,1234,0.1,16,0,64,0.05919237434864044,0.06934085488319397,,,,,,,rare_sharp_shift
mix_easy,65536,True,torch.float16,1234,0.1,16,1,64,0.05480199307203293,0.06349046528339386,,,,,,,rare_sharp_shift
mix_easy,65536,True,torch.float16,1234,0.1,16,2,64,0.06815208494663239,0.07749239355325699,,,,,,,rare_sharp_shift
mix_easy,65536,True,torch.float16,1234,0.1,16,3,256,0.029762599617242813,0.03479602187871933,,,,,,,rare_sharp_shift
mix_easy,65536,True,torch.float16,1234,0.1,16,4,256,0.03394457697868347,0.04021479934453964,,,,,,,rare_sharp_shift
mix_easy,65536,True,torch.float16,1234,0.1,16,5,1024,0.012943260371685028,0.01618412882089615,,,,,,,rare_sharp_shift
mix_easy,65536,True,torch.float16,1234,0.1,16,6,1024,0.014717639423906803,0.017772449180483818,,,,,,,rare_sharp_shift
mix_easy,65536,True,torch.float16,1234,0.1,16,7,0,0.0,0.0,,,,,,,rare_sharp_shift
mix_easy,512,True,torch.float32,1234,0.1,16,0,64,0.03280200809240341,0.03803732991218567,,,,,,,
mix_easy,512,True,torch.float32,1234,0.1,16,1,64,0.05683788284659386,0.06900255382061005,,,,,,,
mix_easy,512,True,torch.float32,1234,0.1,16,2,64,0.08555571734905243,0.11040246486663818,,,,,,,
mix_easy,512,True,torch.float32,1234,0.1,16,3,256,0.05324900150299072,0.06944389641284943,,,,,,,
mix_easy,512,True,torch.float32,1234,0.1,16,4,256,0.08707138150930405,0.11951129138469696,,,,,,,
mix_easy,512,True,torch.float32,1234,0.1,16,5,1024,0.0628485232591629,0.08424166589975357,,,,,,,
mix_easy,512,True,torch.float32,1234,0.1,16,6,1024,0.10108587145805359,0.14755073189735413,,,,,,,
mix_easy,512,True,torch.float32,1234,0.1,16,7,0,0.0,0.0,,,,,,,
mix_easy,512,True,torch.float32,1234,0.1,16,0,64,,,all_query_rows,0.033018626272678375,0.03831608220934868,0.04158027842640877,0,0,
mix_easy,512,True,torch.float32,1234,0.1,16,1,64,,,all_query_rows,0.05695140361785889,0.06898799538612366,0.08038850128650665,0,0,
mix_easy,512,True,torch.float32,1234,0.1,16,2,64,,,all_query_rows,0.08496420085430145,0.10955993086099625,0.1366598755121231,60,0,
mix_easy,512,True,torch.float32,1234,0.1,16,3,256,,,all_query_rows,0.052684709429740906,0.06596262007951736,0.10007993131875992,1,0,
mix_easy,512,True,torch.float32,1234,0.1,16,4,256,,,all_query_rows,0.08701014518737793,0.12110499292612076,0.2250552773475647,91,0,
mix_easy,512,True,torch.float32,1234,0.1,16,5,1024,,,all_query_rows,0.06304462999105453,0.08533940464258194,0.11803677678108215,10,0,
mix_easy,512,True,torch.float32,1234,0.1,16,6,1024,,,all_query_rows,0.10123176872730255,0.14949247241020203,0.24988918006420135,228,0,
mix_easy,512,True,torch.float32,1234,0.1,16,7,0,,,all_query_rows,0.0,0.0,0.0,0,0,
mix_easy,512,True,torch.float32,1234,0.1,16,0,64,0.04349897801876068,0.05033544823527336,,,,,,,mix_easy
mix_easy,512,True,torch.float32,1234,0.1,16,1,64,0.06415186077356339,0.08110307902097702,,,,,,,mix_easy
mix_easy,512,True,torch.float32,1234,0.1,16,2,64,0.0802457183599472,0.09794425964355469,,,,,,,mix_easy
mix_easy,512,True,torch.float32,1234,0.1,16,3,256,0.07029413431882858,0.0893789529800415,,,,,,,mix_easy
mix_easy,512,True,torch.float32,1234,0.1,16,4,256,0.08292467892169952,0.10605895519256592,,,,,,,mix_easy
mix_easy,512,True,torch.float32,1234,0.1,16,5,1024,0.06205052137374878,0.08484162390232086,,,,,,,mix_easy
mix_easy,512,True,torch.float32,1234,0.1,16,6,1024,0.09473627805709839,0.13385619223117828,,,,,,,mix_easy
mix_easy,512,True,torch.float32,1234,0.1,16,7,0,0.0,0.0,,,,,,,mix_easy
mix_easy,512,True,torch.float32,1234,0.1,16,0,64,2.8160252571105957,5.860184669494629,,,,,,,scale_1.0
mix_easy,512,True,torch.float32,1234,0.1,16,1,64,2.287654399871826,4.465319633483887,,,,,,,scale_1.0
mix_easy,512,True,torch.float32,1234,0.1,16,2,64,2.5335679054260254,5.475286960601807,,,,,,,scale_1.0
mix_easy,512,True,torch.float32,1234,0.1,16,3,256,2.3553833961486816,4.481810569763184,,,,,,,scale_1.0
mix_easy,512,True,torch.float32,1234,0.1,16,4,256,2.3158349990844727,5.130539417266846,,,,,,,scale_1.0
mix_easy,512,True,torch.float32,1234,0.1,16,5,1024,1.8976950645446777,4.059613227844238,,,,,,,scale_1.0
mix_easy,512,True,torch.float32,1234,0.1,16,6,1024,1.7365174293518066,3.768205404281616,,,,,,,scale_1.0
mix_easy,512,True,torch.float32,1234,0.1,16,7,0,0.0,0.0,,,,,,,scale_1.0
mix_easy,512,True,torch.float32,1234,0.1,16,0,64,0.08431412279605865,0.0847298875451088,,,,,,,rare_sharp_shift
mix_easy,512,True,torch.float32,1234,0.1,16,1,64,0.0786476880311966,0.0827445387840271,,,,,,,rare_sharp_shift
mix_easy,512,True,torch.float32,1234,0.1,16,2,64,0.06767676770687103,0.06426230818033218,,,,,,,rare_sharp_shift
mix_easy,512,True,torch.float32,1234,0.1,16,3,256,0.04697117581963539,0.04031062126159668,,,,,,,rare_sharp_shift
mix_easy,512,True,torch.float32,1234,0.1,16,4,256,0.04082170128822327,0.031564369797706604,,,,,,,rare_sharp_shift
mix_easy,512,True,torch.float32,1234,0.1,16,5,1024,0.027850881218910217,0.01734806038439274,,,,,,,rare_sharp_shift
mix_easy,512,True,torch.float32,1234,0.1,16,6,1024,0.0293375626206398,0.017965544015169144,,,,,,,rare_sharp_shift
mix_easy,512,True,torch.float32,1234,0.1,16,7,0,0.0,0.0,,,,,,,rare_sharp_shift
mix_easy,1024,True,torch.float32,1234,0.1,16,0,64,0.038454532623291016,0.043355848640203476,,,,,,,
mix_easy,1024,True,torch.float32,1234,0.1,16,1,64,0.060073092579841614,0.07301607728004456,,,,,,,
mix_easy,1024,True,torch.float32,1234,0.1,16,2,64,0.0775349885225296,0.09117955714464188,,,,,,,
mix_easy,1024,True,torch.float32,1234,0.1,16,3,256,0.07053518295288086,0.08944086730480194,,,,,,,
mix_easy,1024,True,torch.float32,1234,0.1,16,4,256,0.08273950219154358,0.11952349543571472,,,,,,,
mix_easy,1024,True,torch.float32,1234,0.1,16,5,1024,0.06500448286533356,0.08490655571222305,,,,,,,
mix_easy,1024,True,torch.float32,1234,0.1,16,6,1024,0.09644302725791931,0.13654246926307678,,,,,,,
mix_easy,1024,True,torch.float32,1234,0.1,16,7,0,0.0,0.0,,,,,,,
mix_easy,1024,True,torch.float32,1234,0.1,16,0,64,,,all_query_rows,0.038396913558244705,0.043522171676158905,0.04966522008180618,0,0,
mix_easy,1024,True,torch.float32,1234,0.1,16,1,64,,,all_query_rows,0.060114793479442596,0.07352407276630402,0.08606915920972824,0,0,
mix_easy,1024,True,torch.float32,1234,0.1,16,2,64,,,all_query_rows,0.07715246081352234,0.0942453071475029,0.11587223410606384,24,0,
mix_easy,1024,True,torch.float32,1234,0.1,16,3,256,,,all_query_rows,0.0709012895822525,0.08932264894247055,0.12081871181726456,11,0,
mix_easy,1024,True,torch.float32,1234,0.1,16,4,256,,,all_query_rows,0.08355692774057388,0.1161297932267189,0.1828138679265976,159,0,
mix_easy,1024,True,torch.float32,1234,0.1,16,5,1024,,,all_query_rows,0.06514368206262589,0.08685293048620224,0.19625388085842133,17,0,
mix_easy,1024,True,torch.float32,1234,0.1,16,6,1024,,,all_query_rows,0.09593306481838226,0.13493746519088745,0.3338923156261444,344,0,
mix_easy,1024,True,torch.float32,1234,0.1,16,7,0,,,all_query_rows,0.0,0.0,0.0,0,0,
mix_easy,1024,True,torch.float32,1234,0.1,16,0,64,0.03361321613192558,0.03972376510500908,,,,,,,mix_easy
mix_easy,1024,True,torch.float32,1234,0.1,16,1,64,0.058957573026418686,0.07175614684820175,,,,,,,mix_easy
mix_easy,1024,True,torch.float32,1234,0.1,16,2,64,0.07980312407016754,0.09387589991092682,,,,,,,mix_easy
mix_easy,1024,True,torch.float32,1234,0.1,16,3,256,0.06053788214921951,0.07317908108234406,,,,,,,mix_easy
mix_easy,1024,True,torch.float32,1234,0.1,16,4,256,0.09665358811616898,0.1286133974790573,,,,,,,mix_easy
mix_easy,1024,True,torch.float32,1234,0.1,16,5,1024,0.06739266961812973,0.08740194141864777,,,,,,,mix_easy
mix_easy,1024,True,torch.float32,1234,0.1,16,6,1024,0.10717393457889557,0.15051069855690002,,,,,,,mix_easy
mix_easy,1024,True,torch.float32,1234,0.1,16,7,0,0.0,0.0,,,,,,,mix_easy
mix_easy,1024,True,torch.float32,1234,0.1,16,0,64,2.421924591064453,4.608652114868164,,,,,,,scale_1.0
mix_easy,1024,True,torch.float32,1234,0.1,16,1,64,2.785341262817383,5.486193656921387,,,,,,,scale_1.0
mix_easy,1024,True,torch.float32,1234,0.1,16,2,64,2.6979966163635254,6.333834648132324,,,,,,,scale_1.0
mix_easy,1024,True,torch.float32,1234,0.1,16,3,256,3.9785993099212646,10.428104400634766,,,,,,,scale_1.0
mix_easy,1024,True,torch.float32,1234,0.1,16,4,256,3.3400044441223145,9.14421558380127,,,,,,,scale_1.0
mix_easy,1024,True,torch.float32,1234,0.1,16,5,1024,2.5547170639038086,6.17250919342041,,,,,,,scale_1.0
mix_easy,1024,True,torch.float32,1234,0.1,16,6,1024,2.3787689208984375,5.500225067138672,,,,,,,scale_1.0
mix_easy,1024,True,torch.float32,1234,0.1,16,7,0,0.0,0.0,,,,,,,scale_1.0
mix_easy,1024,True,torch.float32,1234,0.1,16,0,64,0.06506618857383728,0.06605065613985062,,,,,,,rare_sharp_shift
mix_easy,1024,True,torch.float32,1234,0.1,16,1,64,0.06970907747745514,0.073357954621315,,,,,,,rare_sharp_shift
mix_easy,1024,True,torch.float32,1234,0.1,16,2,64,0.06487773358821869,0.06280003488063812,,,,,,,rare_sharp_shift
mix_easy,1024,True,torch.float32,1234,0.1,16,3,256,0.0386674739420414,0.03134674206376076,,,,,,,rare_sharp_shift
mix_easy,1024,True,torch.float32,1234,0.1,16,4,256,0.04158588871359825,0.03596058487892151,,,,,,,rare_sharp_shift
mix_easy,1024,True,torch.float32,1234,0.1,16,5,1024,0.02621927484869957,0.017498312518000603,,,,,,,rare_sharp_shift
mix_easy,1024,True,torch.float32,1234,0.1,16,6,1024,0.027660075575113297,0.01894349604845047,,,,,,,rare_sharp_shift
mix_easy,1024,True,torch.float32,1234,0.1,16,7,0,0.0,0.0,,,,,,,rare_sharp_shift
mix_easy,2048,True,torch.float32,1234,0.1,16,0,64,0.03510134667158127,0.04180814325809479,,,,,,,
mix_easy,2048,True,torch.float32,1234,0.1,16,1,64,0.06014983728528023,0.07623119652271271,,,,,,,
mix_easy,2048,True,torch.float32,1234,0.1,16,2,64,0.09767220914363861,0.11911436915397644,,,,,,,
mix_easy,2048,True,torch.float32,1234,0.1,16,3,256,0.05787443742156029,0.07231640070676804,,,,,,,
mix_easy,2048,True,torch.float32,1234,0.1,16,4,1024,0.044158924371004105,0.055250681936740875,,,,,,,
mix_easy,2048,True,torch.float32,1234,0.1,16,5,1024,0.07971920073032379,0.10634465515613556,,,,,,,
mix_easy,2048,True,torch.float32,1234,0.1,16,6,0,0.0,0.0,,,,,,,
mix_easy,2048,True,torch.float32,1234,0.1,16,7,0,0.0,0.0,,,,,,,
mix_easy,2048,True,torch.float32,1234,0.1,16,0,64,,,all_query_rows,0.03487277776002884,0.041564684361219406,0.05069902911782265,0,0,
mix_easy,2048,True,torch.float32,1234,0.1,16,1,64,,,all_query_rows,0.059589728713035583,0.07573939114809036,0.09153759479522705,0,0,
mix_easy,2048,True,torch.float32,1234,0.1,16,2,64,,,all_query_rows,0.09791959822177887,0.11903580278158188,0.16089941561222076,845,0,
mix_easy,2048,True,torch.float32,1234,0.1,16,3,256,,,all_query_rows,0.057367004454135895,0.07113684713840485,0.13538691401481628,4,0,
mix_easy,2048,True,torch.float32,1234,0.1,16,4,1024,,,all_query_rows,0.043624602258205414,0.05488702282309532,0.09372277557849884,0,0,
mix_easy,2048,True,torch.float32,1234,0.1,16,5,1024,,,all_query_rows,0.07973606884479523,0.10748940706253052,0.19428671896457672,183,0,
mix_easy,2048,True,torch.float32,1234,0.1,16,6,0,,,all_query_rows,0.0,0.0,0.0,0,0,
mix_easy,2048,True,torch.float32,1234,0.1,16,7,0,,,all_query_rows,0.0,0.0,0.0,0,0,
mix_easy,2048,True,torch.float32,1234,0.1,16,0,64,0.03853585571050644,0.044657934457063675,,,,,,,mix_easy
mix_easy,2048,True,torch.float32,1234,0.1,16,1,64,0.06026552617549896,0.0706983208656311,,,,,,,mix_easy
mix_easy,2048,True,torch.float32,1234,0.1,16,2,64,0.08287187665700912,0.09743699431419373,,,,,,,mix_easy
mix_easy,2048,True,torch.float32,1234,0.1,16,3,256,0.06985006481409073,0.08448205143213272,,,,,,,mix_easy
mix_easy,2048,True,torch.float32,1234,0.1,16,4,1024,0.04945899546146393,0.0604279488325119,,,,,,,mix_easy
mix_easy,2048,True,torch.float32,1234,0.1,16,5,1024,0.06421718001365662,0.08474414795637131,,,,,,,mix_easy
mix_easy,2048,True,torch.float32,1234,0.1,16,6,0,0.0,0.0,,,,,,,mix_easy
mix_easy,2048,True,torch.float32,1234,0.1,16,7,0,0.0,0.0,,,,,,,mix_easy
mix_easy,2048,True,torch.float32,1234,0.1,16,0,64,2.77842378616333,5.22758674621582,,,,,,,scale_1.0
mix_easy,2048,True,torch.float32,1234,0.1,16,1,64,3.4150781631469727,7.06882905960083,,,,,,,scale_1.0
mix_easy,2048,True,torch.float32,1234,0.1,16,2,64,2.850956439971924,5.943078994750977,,,,,,,scale_1.0
mix_easy,2048,True,torch.float32,1234,0.1,16,3,256,2.9446213245391846,6.086934566497803,,,,,,,scale_1.0
mix_easy,2048,True,torch.float32,1234,0.1,16,4,1024,2.533238410949707,6.3732452392578125,,,,,,,scale_1.0
mix_easy,2048,True,torch.float32,1234,0.1,16,5,1024,2.404174327850342,5.256880760192871,,,,,,,scale_1.0
mix_easy,2048,True,torch.float32,1234,0.1,16,6,0,0.0,0.0,,,,,,,scale_1.0
mix_easy,2048,True,torch.float32,1234,0.1,16,7,0,0.0,0.0,,,,,,,scale_1.0
mix_easy,2048,True,torch.float32,1234,0.1,16,0,64,0.06560980528593063,0.07432572543621063,,,,,,,rare_sharp_shift
mix_easy,2048,True,torch.float32,1234,0.1,16,1,64,0.06389841437339783,0.07084587961435318,,,,,,,rare_sharp_shift
mix_easy,2048,True,torch.float32,1234,0.1,16,2,64,0.060532864183187485,0.06491656601428986,,,,,,,rare_sharp_shift
mix_easy,2048,True,torch.float32,1234,0.1,16,3,256,0.03617498278617859,0.03780677169561386,,,,,,,rare_sharp_shift
mix_easy,2048,True,torch.float32,1234,0.1,16,4,1024,0.020434420555830002,0.01996312290430069,,,,,,,rare_sharp_shift
mix_easy,2048,True,torch.float32,1234,0.1,16,5,1024,0.018219169229269028,0.016621580347418785,,,,,,,rare_sharp_shift
mix_easy,2048,True,torch.float32,1234,0.1,16,6,0,0.0,0.0,,,,,,,rare_sharp_shift
mix_easy,2048,True,torch.float32,1234,0.1,16,7,0,0.0,0.0,,,,,,,rare_sharp_shift
mix_easy,4096,True,torch.float32,1234,0.1,16,0,64,0.037572525441646576,0.04208681732416153,,,,,,,
mix_easy,4096,True,torch.float32,1234,0.1,16,1,64,0.05586940795183182,0.06326505541801453,,,,,,,
mix_easy,4096,True,torch.float32,1234,0.1,16,2,64,0.0829046219587326,0.10195492208003998,,,,,,,
mix_easy,4096,True,torch.float32,1234,0.1,16,3,256,0.05847392976284027,0.07216200232505798,,,,,,,
mix_easy,4096,True,torch.float32,1234,0.1,16,4,256,0.09022161364555359,0.11517854034900665,,,,,,,
mix_easy,4096,True,torch.float32,1234,0.1,16,5,1024,0.06184939667582512,0.08276683837175369,,,,,,,
mix_easy,4096,True,torch.float32,1234,0.1,16,6,0,0.0,0.0,,,,,,,
mix_easy,4096,True,torch.float32,1234,0.1,16,7,0,0.0,0.0,,,,,,,
mix_easy,4096,True,torch.float32,1234,0.1,16,0,64,,,all_query_rows,0.0377437062561512,0.04246854409575462,0.05504867061972618,0,0,
mix_easy,4096,True,torch.float32,1234,0.1,16,1,64,,,all_query_rows,0.056355223059654236,0.06475680321455002,0.11551830172538757,2,0,
mix_easy,4096,True,torch.float32,1234,0.1,16,2,64,,,all_query_rows,0.08241006731987,0.10002556443214417,0.1349940001964569,206,0,
mix_easy,4096,True,torch.float32,1234,0.1,16,3,256,,,all_query_rows,0.05874535068869591,0.07318715751171112,0.1078747883439064,5,0,
mix_easy,4096,True,torch.float32,1234,0.1,16,4,256,,,all_query_rows,0.09163426607847214,0.11904677748680115,0.1944376677274704,936,0,
mix_easy,4096,True,torch.float32,1234,0.1,16,5,1024,,,all_query_rows,0.061895377933979034,0.08262526988983154,0.1756121665239334,52,0,
mix_easy,4096,True,torch.float32,1234,0.1,16,6,0,,,all_query_rows,0.0,0.0,0.0,0,0,
mix_easy,4096,True,torch.float32,1234,0.1,16,7,0,,,all_query_rows,0.0,0.0,0.0,0,0,
mix_easy,4096,True,torch.float32,1234,0.1,16,0,64,0.03486543148756027,0.039266932755708694,,,,,,,mix_easy
mix_easy,4096,True,torch.float32,1234,0.1,16,1,64,0.05742166191339493,0.06901325285434723,,,,,,,mix_easy
mix_easy,4096,True,torch.float32,1234,0.1,16,2,64,0.09315244853496552,0.10965052992105484,,,,,,,mix_easy
mix_easy,4096,True,torch.float32,1234,0.1,16,3,256,0.0662720575928688,0.0826382264494896,,,,,,,mix_easy
mix_easy,4096,True,torch.float32,1234,0.1,16,4,256,0.089682936668396,0.11776834726333618,,,,,,,mix_easy
mix_easy,4096,True,torch.float32,1234,0.1,16,5,1024,0.05591600015759468,0.0719912052154541,,,,,,,mix_easy
mix_easy,4096,True,torch.float32,1234,0.1,16,6,0,0.0,0.0,,,,,,,mix_easy
mix_easy,4096,True,torch.float32,1234,0.1,16,7,0,0.0,0.0,,,,,,,mix_easy
mix_easy,4096,True,torch.float32,1234,0.1,16,0,64,3.770913600921631,8.772867202758789,,,,,,,scale_1.0
mix_easy,4096,True,torch.float32,1234,0.1,16,1,64,4.431834697723389,10.038562774658203,,,,,,,scale_1.0
mix_easy,4096,True,torch.float32,1234,0.1,16,2,64,5.139909744262695,12.302200317382812,,,,,,,scale_1.0
mix_easy,4096,True,torch.float32,1234,0.1,16,3,256,4.3309783935546875,11.625123023986816,,,,,,,scale_1.0
mix_easy,4096,True,torch.float32,1234,0.1,16,4,256,3.262213706970215,6.9849443435668945,,,,,,,scale_1.0
mix_easy,4096,True,torch.float32,1234,0.1,16,5,1024,3.369190216064453,9.4317626953125,,,,,,,scale_1.0
mix_easy,4096,True,torch.float32,1234,0.1,16,6,0,0.0,0.0,,,,,,,scale_1.0
mix_easy,4096,True,torch.float32,1234,0.1,16,7,0,0.0,0.0,,,,,,,scale_1.0
mix_easy,4096,True,torch.float32,1234,0.1,16,0,64,0.07495644688606262,0.06757988035678864,,,,,,,rare_sharp_shift
mix_easy,4096,True,torch.float32,1234,0.1,16,1,64,0.07566976547241211,0.07067548483610153,,,,,,,rare_sharp_shift
mix_easy,4096,True,torch.float32,1234,0.1,16,2,64,0.08002510666847229,0.07127663493156433,,,,,,,rare_sharp_shift
mix_easy,4096,True,torch.float32,1234,0.1,16,3,256,0.04926744103431702,0.038110584020614624,,,,,,,rare_sharp_shift
mix_easy,4096,True,torch.float32,1234,0.1,16,4,256,0.046943385154008865,0.03423396125435829,,,,,,,rare_sharp_shift
mix_easy,4096,True,torch.float32,1234,0.1,16,5,1024,0.031274452805519104,0.014777535572648048,,,,,,,rare_sharp_shift
mix_easy,4096,True,torch.float32,1234,0.1,16,6,0,0.0,0.0,,,,,,,rare_sharp_shift
mix_easy,4096,True,torch.float32,1234,0.1,16,7,0,0.0,0.0,,,,,,,rare_sharp_shift
mix_easy,8192,True,torch.float32,1234,0.1,16,0,64,0.03601778671145439,0.04175809398293495,,,,,,,
mix_easy,8192,True,torch.float32,1234,0.1,16,1,64,0.05767028406262398,0.06521513313055038,,,,,,,
mix_easy,8192,True,torch.float32,1234,0.1,16,2,64,0.08751916885375977,0.10608095675706863,,,,,,,
mix_easy,8192,True,torch.float32,1234,0.1,16,3,256,0.06207761913537979,0.07636281102895737,,,,,,,
mix_easy,8192,True,torch.float32,1234,0.1,16,4,256,0.08838508278131485,0.11307872831821442,,,,,,,
mix_easy,8192,True,torch.float32,1234,0.1,16,5,1024,0.07227438688278198,0.09360609203577042,,,,,,,
mix_easy,8192,True,torch.float32,1234,0.1,16,6,0,0.0,0.0,,,,,,,
mix_easy,8192,True,torch.float32,1234,0.1,16,7,0,0.0,0.0,,,,,,,
mix_easy,8192,True,torch.float32,1234,0.1,16,0,64,0.03733791410923004,0.04328077286481857,,,,,,,mix_easy
mix_easy,8192,True,torch.float32,1234,0.1,16,1,64,0.058334365487098694,0.07272452116012573,,,,,,,mix_easy
mix_easy,8192,True,torch.float32,1234,0.1,16,2,64,0.09868407249450684,0.11416172236204147,,,,,,,mix_easy
mix_easy,8192,True,torch.float32,1234,0.1,16,3,256,0.06343843042850494,0.07776562869548798,,,,,,,mix_easy
mix_easy,8192,True,torch.float32,1234,0.1,16,4,256,0.09896901249885559,0.13531285524368286,,,,,,,mix_easy
mix_easy,8192,True,torch.float32,1234,0.1,16,5,1024,0.0665942132472992,0.0901552066206932,,,,,,,mix_easy
mix_easy,8192,True,torch.float32,1234,0.1,16,6,0,0.0,0.0,,,,,,,mix_easy
mix_easy,8192,True,torch.float32,1234,0.1,16,7,0,0.0,0.0,,,,,,,mix_easy
mix_easy,8192,True,torch.float32,1234,0.1,16,0,64,5.215302467346191,11.472436904907227,,,,,,,scale_1.0
mix_easy,8192,True,torch.float32,1234,0.1,16,1,64,4.010178565979004,8.260078430175781,,,,,,,scale_1.0
mix_easy,8192,True,torch.float32,1234,0.1,16,2,64,5.0094146728515625,11.794198989868164,,,,,,,scale_1.0
mix_easy,8192,True,torch.float32,1234,0.1,16,3,256,4.197400093078613,9.06998062133789,,,,,,,scale_1.0
mix_easy,8192,True,torch.float32,1234,0.1,16,4,256,4.5056610107421875,10.973383903503418,,,,,,,scale_1.0
mix_easy,8192,True,torch.float32,1234,0.1,16,5,1024,4.443083763122559,11.85206127166748,,,,,,,scale_1.0
mix_easy,8192,True,torch.float32,1234,0.1,16,6,0,0.0,0.0,,,,,,,scale_1.0
mix_easy,8192,True,torch.float32,1234,0.1,16,7,0,0.0,0.0,,,,,,,scale_1.0
mix_easy,8192,True,torch.float32,1234,0.1,16,0,64,0.06783643364906311,0.07250230014324188,,,,,,,rare_sharp_shift
mix_easy,8192,True,torch.float32,1234,0.1,16,1,64,0.06564894318580627,0.0741235613822937,,,,,,,rare_sharp_shift
mix_easy,8192,True,torch.float32,1234,0.1,16,2,64,0.07413790374994278,0.0765693262219429,,,,,,,rare_sharp_shift
mix_easy,8192,True,torch.float32,1234,0.1,16,3,256,0.036825165152549744,0.034944936633110046,,,,,,,rare_sharp_shift
mix_easy,8192,True,torch.float32,1234,0.1,16,4,256,0.03685590997338295,0.03522714599967003,,,,,,,rare_sharp_shift
mix_easy,8192,True,torch.float32,1234,0.1,16,5,1024,0.02161656692624092,0.017042959108948708,,,,,,,rare_sharp_shift
mix_easy,8192,True,torch.float32,1234,0.1,16,6,0,0.0,0.0,,,,,,,rare_sharp_shift
mix_easy,8192,True,torch.float32,1234,0.1,16,7,0,0.0,0.0,,,,,,,rare_sharp_shift
mix_easy,16384,True,torch.float32,1234,0.1,16,0,64,0.03499755263328552,0.040646106004714966,,,,,,,
mix_easy,16384,True,torch.float32,1234,0.1,16,1,64,0.0667707622051239,0.07460648566484451,,,,,,,
mix_easy,16384,True,torch.float32,1234,0.1,16,2,64,0.09468209743499756,0.11111974716186523,,,,,,,
mix_easy,16384,True,torch.float32,1234,0.1,16,3,256,0.0600414052605629,0.07366909086704254,,,,,,,
mix_easy,16384,True,torch.float32,1234,0.1,16,4,1024,0.04670016095042229,0.05946982651948929,,,,,,,
mix_easy,16384,True,torch.float32,1234,0.1,16,5,1024,0.07758308947086334,0.10812053084373474,,,,,,,
mix_easy,16384,True,torch.float32,1234,0.1,16,6,1024,0.09949926286935806,0.13937853276729584,,,,,,,
mix_easy,16384,True,torch.float32,1234,0.1,16,7,0,0.0,0.0,,,,,,,
mix_easy,16384,True,torch.float32,1234,0.1,16,0,64,0.03530063480138779,0.04548085853457451,,,,,,,mix_easy
mix_easy,16384,True,torch.float32,1234,0.1,16,1,64,0.06364552676677704,0.07640314847230911,,,,,,,mix_easy
mix_easy,16384,True,torch.float32,1234,0.1,16,2,64,0.0793827474117279,0.09853040426969528,,,,,,,mix_easy
mix_easy,16384,True,torch.float32,1234,0.1,16,3,256,0.059499818831682205,0.07338415831327438,,,,,,,mix_easy
mix_easy,16384,True,torch.float32,1234,0.1,16,4,1024,0.04098835960030556,0.05150705203413963,,,,,,,mix_easy
mix_easy,16384,True,torch.float32,1234,0.1,16,5,1024,0.06933656334877014,0.090908482670784,,,,,,,mix_easy
mix_easy,16384,True,torch.float32,1234,0.1,16,6,1024,0.11857923865318298,0.16040454804897308,,,,,,,mix_easy
mix_easy,16384,True,torch.float32,1234,0.1,16,7,0,0.0,0.0,,,,,,,mix_easy
mix_easy,16384,True,torch.float32,1234,0.1,16,0,64,4.977888107299805,10.163337707519531,,,,,,,scale_1.0
mix_easy,16384,True,torch.float32,1234,0.1,16,1,64,5.03053092956543,12.379133224487305,,,,,,,scale_1.0
mix_easy,16384,True,torch.float32,1234,0.1,16,2,64,4.420282363891602,9.02465534210205,,,,,,,scale_1.0
mix_easy,16384,True,torch.float32,1234,0.1,16,3,256,4.766935348510742,11.01914119720459,,,,,,,scale_1.0
mix_easy,16384,True,torch.float32,1234,0.1,16,4,1024,4.5590715408325195,12.57180404663086,,,,,,,scale_1.0
mix_easy,16384,True,torch.float32,1234,0.1,16,5,1024,4.891019344329834,11.995912551879883,,,,,,,scale_1.0
mix_easy,16384,True,torch.float32,1234,0.1,16,6,1024,4.667600631713867,11.757014274597168,,,,,,,scale_1.0
mix_easy,16384,True,torch.float32,1234,0.1,16,7,0,0.0,0.0,,,,,,,scale_1.0
mix_easy,16384,True,torch.float32,1234,0.1,16,0,64,0.06835787743330002,0.07496233284473419,,,,,,,rare_sharp_shift
mix_easy,16384,True,torch.float32,1234,0.1,16,1,64,0.07457965612411499,0.07777248322963715,,,,,,,rare_sharp_shift
mix_easy,16384,True,torch.float32,1234,0.1,16,2,64,0.06387440115213394,0.06412944197654724,,,,,,,rare_sharp_shift
mix_easy,16384,True,torch.float32,1234,0.1,16,3,256,0.038484666496515274,0.03179752454161644,,,,,,,rare_sharp_shift
mix_easy,16384,True,torch.float32,1234,0.1,16,4,1024,0.025346357375383377,0.016780586913228035,,,,,,,rare_sharp_shift
mix_easy,16384,True,torch.float32,1234,0.1,16,5,1024,0.026215607300400734,0.01756664365530014,,,,,,,rare_sharp_shift
mix_easy,16384,True,torch.float32,1234,0.1,16,6,1024,0.028746549040079117,0.021938420832157135,,,,,,,rare_sharp_shift
mix_easy,16384,True,torch.float32,1234,0.1,16,7,0,0.0,0.0,,,,,,,rare_sharp_shift
mix_easy,32768,True,torch.float32,1234,0.1,16,0,64,0.03629321604967117,0.04074332118034363,,,,,,,
mix_easy,32768,True,torch.float32,1234,0.1,16,1,64,0.05815599113702774,0.06920485198497772,,,,,,,
mix_easy,32768,True,torch.float32,1234,0.1,16,2,64,0.09681249409914017,0.11497671902179718,,,,,,,
mix_easy,32768,True,torch.float32,1234,0.1,16,3,256,0.06332026422023773,0.07969081401824951,,,,,,,
mix_easy,32768,True,torch.float32,1234,0.1,16,4,1024,0.049535900354385376,0.06336885690689087,,,,,,,
mix_easy,32768,True,torch.float32,1234,0.1,16,5,1024,0.06906650960445404,0.08908019959926605,,,,,,,
mix_easy,32768,True,torch.float32,1234,0.1,16,6,1024,0.10163605958223343,0.15207862854003906,,,,,,,
mix_easy,32768,True,torch.float32,1234,0.1,16,7,0,0.0,0.0,,,,,,,
mix_easy,32768,True,torch.float32,1234,0.1,16,0,64,0.03576679527759552,0.040957652032375336,,,,,,,mix_easy
mix_easy,32768,True,torch.float32,1234,0.1,16,1,64,0.059871379286050797,0.07299266010522842,,,,,,,mix_easy
mix_easy,32768,True,torch.float32,1234,0.1,16,2,64,0.08600464463233948,0.10439144819974899,,,,,,,mix_easy
mix_easy,32768,True,torch.float32,1234,0.1,16,3,256,0.06626629829406738,0.07937131822109222,,,,,,,mix_easy
mix_easy,32768,True,torch.float32,1234,0.1,16,4,1024,0.049342505633831024,0.0615813322365284,,,,,,,mix_easy
mix_easy,32768,True,torch.float32,1234,0.1,16,5,1024,0.06239974871277809,0.08065029233694077,,,,,,,mix_easy
mix_easy,32768,True,torch.float32,1234,0.1,16,6,1024,0.09892238676548004,0.1404912769794464,,,,,,,mix_easy
mix_easy,32768,True,torch.float32,1234,0.1,16,7,0,0.0,0.0,,,,,,,mix_easy
mix_easy,32768,True,torch.float32,1234,0.1,16,0,64,5.9857587814331055,13.031041145324707,,,,,,,scale_1.0
mix_easy,32768,True,torch.float32,1234,0.1,16,1,64,4.946395397186279,10.15178108215332,,,,,,,scale_1.0
mix_easy,32768,True,torch.float32,1234,0.1,16,2,64,6.064971446990967,13.773637771606445,,,,,,,scale_1.0
mix_easy,32768,True,torch.float32,1234,0.1,16,3,256,4.581576347351074,10.137229919433594,,,,,,,scale_1.0
mix_easy,32768,True,torch.float32,1234,0.1,16,4,1024,5.3047027587890625,13.52890396118164,,,,,,,scale_1.0
mix_easy,32768,True,torch.float32,1234,0.1,16,5,1024,5.1356120109558105,13.592219352722168,,,,,,,scale_1.0
mix_easy,32768,True,torch.float32,1234,0.1,16,6,1024,5.3626861572265625,13.928910255432129,,,,,,,scale_1.0
mix_easy,32768,True,torch.float32,1234,0.1,16,7,0,0.0,0.0,,,,,,,scale_1.0
mix_easy,32768,True,torch.float32,1234,0.1,16,0,64,0.06620654463768005,0.07038450986146927,,,,,,,rare_sharp_shift
mix_easy,32768,True,torch.float32,1234,0.1,16,1,64,0.06720679253339767,0.07342752069234848,,,,,,,rare_sharp_shift
mix_easy,32768,True,torch.float32,1234,0.1,16,2,64,0.06479530781507492,0.06963098049163818,,,,,,,rare_sharp_shift
mix_easy,32768,True,torch.float32,1234,0.1,16,3,256,0.03698598966002464,0.03396259620785713,,,,,,,rare_sharp_shift
mix_easy,32768,True,torch.float32,1234,0.1,16,4,1024,0.023838575929403305,0.019090209156274796,,,,,,,rare_sharp_shift
mix_easy,32768,True,torch.float32,1234,0.1,16,5,1024,0.022052187472581863,0.016667576506733894,,,,,,,rare_sharp_shift
mix_easy,32768,True,torch.float32,1234,0.1,16,6,1024,0.021329401060938835,0.01691685989499092,,,,,,,rare_sharp_shift
mix_easy,32768,True,torch.float32,1234,0.1,16,7,0,0.0,0.0,,,,,,,rare_sharp_shift
mix_easy,65536,True,torch.float32,1234,0.1,16,0,64,0.037508897483348846,0.045281410217285156,,,,,,,
mix_easy,65536,True,torch.float32,1234,0.1,16,1,64,0.05989803373813629,0.07237845659255981,,,,,,,
mix_easy,65536,True,torch.float32,1234,0.1,16,2,64,0.08423253893852234,0.09971354156732559,,,,,,,
mix_easy,65536,True,torch.float32,1234,0.1,16,3,256,0.06496724486351013,0.08135855197906494,,,,,,,
mix_easy,65536,True,torch.float32,1234,0.1,16,4,256,0.08323242515325546,0.11029687523841858,,,,,,,
mix_easy,65536,True,torch.float32,1234,0.1,16,5,1024,0.0685533806681633,0.09142477065324783,,,,,,,
mix_easy,65536,True,torch.float32,1234,0.1,16,6,1024,0.10478086769580841,0.16421470046043396,,,,,,,
mix_easy,65536,True,torch.float32,1234,0.1,16,7,0,0.0,0.0,,,,,,,
mix_easy,65536,True,torch.float32,1234,0.1,16,0,64,0.03658869490027428,0.04237155243754387,,,,,,,mix_easy
mix_easy,65536,True,torch.float32,1234,0.1,16,1,64,0.054800912737846375,0.06348785758018494,,,,,,,mix_easy
mix_easy,65536,True,torch.float32,1234,0.1,16,2,64,0.09971150010824203,0.11695975065231323,,,,,,,mix_easy
mix_easy,65536,True,torch.float32,1234,0.1,16,3,256,0.06465239822864532,0.07790453732013702,,,,,,,mix_easy
mix_easy,65536,True,torch.float32,1234,0.1,16,4,256,0.10759870707988739,0.1409057080745697,,,,,,,mix_easy
mix_easy,65536,True,torch.float32,1234,0.1,16,5,1024,0.06257028877735138,0.08258193731307983,,,,,,,mix_easy
mix_easy,65536,True,torch.float32,1234,0.1,16,6,1024,0.09665635973215103,0.13582731783390045,,,,,,,mix_easy
mix_easy,65536,True,torch.float32,1234,0.1,16,7,0,0.0,0.0,,,,,,,mix_easy
mix_easy,65536,True,torch.float32,1234,0.1,16,0,64,6.64803409576416,15.77542495727539,,,,,,,scale_1.0
mix_easy,65536,True,torch.float32,1234,0.1,16,1,64,5.858538627624512,12.314567565917969,,,,,,,scale_1.0
mix_easy,65536,True,torch.float32,1234,0.1,16,2,64,6.058652400970459,12.62240219116211,,,,,,,scale_1.0
mix_easy,65536,True,torch.float32,1234,0.1,16,3,256,6.169654846191406,12.62055778503418,,,,,,,scale_1.0
mix_easy,65536,True,torch.float32,1234,0.1,16,4,256,7.463053226470947,18.704483032226562,,,,,,,scale_1.0
mix_easy,65536,True,torch.float32,1234,0.1,16,5,1024,5.2830491065979,13.604385375976562,,,,,,,scale_1.0
mix_easy,65536,True,torch.float32,1234,0.1,16,6,1024,5.917290687561035,16.2700252532959,,,,,,,scale_1.0
mix_easy,65536,True,torch.float32,1234,0.1,16,7,0,0.0,0.0,,,,,,,scale_1.0
mix_easy,65536,True,torch.float32,1234,0.1,16,0,64,0.05919019505381584,0.06934092938899994,,,,,,,rare_sharp_shift
mix_easy,65536,True,torch.float32,1234,0.1,16,1,64,0.054800912737846375,0.06348785758018494,,,,,,,rare_sharp_shift
mix_easy,65536,True,torch.float32,1234,0.1,16,2,64,0.06815265864133835,0.07749224454164505,,,,,,,rare_sharp_shift
mix_easy,65536,True,torch.float32,1234,0.1,16,3,256,0.02976282685995102,0.03479819744825363,,,,,,,rare_sharp_shift
mix_easy,65536,True,torch.float32,1234,0.1,16,4,256,0.03394503891468048,0.040213316679000854,,,,,,,rare_sharp_shift
mix_easy,65536,True,torch.float32,1234,0.1,16,5,1024,0.012943343259394169,0.016184920445084572,,,,,,,rare_sharp_shift
mix_easy,65536,True,torch.float32,1234,0.1,16,6,1024,0.01471736654639244,0.017772769555449486,,,,,,,rare_sharp_shift
mix_easy,65536,True,torch.float32,1234,0.1,16,7,0,0.0,0.0,,,,,,,rare_sharp_shift
lowrank_easy,512,False,torch.float16,1234,0.1,16,0,256,0.08007462322711945,0.1457708328962326,,,,,,,
lowrank_easy,512,False,torch.float16,1234,0.1,16,1,256,0.0774386078119278,0.179517462849617,,,,,,,
lowrank_easy,512,False,torch.float16,1234,0.1,16,2,64,0.09573499858379364,0.15087005496025085,,,,,,,
lowrank_easy,512,False,torch.float16,1234,0.1,16,3,256,0.0586208738386631,0.12216084450483322,,,,,,,
lowrank_easy,512,False,torch.float16,1234,0.1,16,4,256,0.061583004891872406,0.10850793123245239,,,,,,,
lowrank_easy,512,False,torch.float16,1234,0.1,16,5,256,0.07892593741416931,0.16566802561283112,,,,,,,
lowrank_easy,512,False,torch.float16,1234,0.1,16,6,1024,0.04820822924375534,0.08862797170877457,,,,,,,
lowrank_easy,512,False,torch.float16,1234,0.1,16,7,256,0.09977757930755615,0.15846088528633118,,,,,,,
lowrank_easy,512,False,torch.float16,1234,0.1,16,0,256,,,all_query_rows,0.08201532065868378,0.1452181190252304,0.2518349289894104,89,0,
lowrank_easy,512,False,torch.float16,1234,0.1,16,1,256,,,all_query_rows,0.07268191128969193,0.1643102616071701,0.7218689322471619,82,0,
lowrank_easy,512,False,torch.float16,1234,0.1,16,2,64,,,all_query_rows,0.0946153849363327,0.15646982192993164,0.28092440962791443,176,0,
lowrank_easy,512,False,torch.float16,1234,0.1,16,3,256,,,all_query_rows,0.058067724108695984,0.11557262390851974,0.22106097638607025,39,0,
lowrank_easy,512,False,torch.float16,1234,0.1,16,4,256,,,all_query_rows,0.06155771017074585,0.10805033892393112,0.1668626368045807,40,0,
lowrank_easy,512,False,torch.float16,1234,0.1,16,5,256,,,all_query_rows,0.07959078252315521,0.16441009938716888,0.302651047706604,109,0,
lowrank_easy,512,False,torch.float16,1234,0.1,16,6,1024,,,all_query_rows,0.04741352051496506,0.08829575031995773,0.18260696530342102,22,0,
lowrank_easy,512,False,torch.float16,1234,0.1,16,7,256,,,all_query_rows,0.0990028828382492,0.1532420516014099,0.2981380820274353,205,0,
lowrank_easy,512,False,torch.float16,1234,0.1,16,0,256,0.05883835256099701,0.11064624786376953,,,,,,,lowrank_easy
lowrank_easy,512,False,torch.float16,1234,0.1,16,1,256,0.0884387269616127,0.1502009928226471,,,,,,,lowrank_easy
lowrank_easy,512,False,torch.float16,1234,0.1,16,2,64,0.14135850965976715,0.21283714473247528,,,,,,,lowrank_easy
lowrank_easy,512,False,torch.float16,1234,0.1,16,3,256,0.06760639697313309,0.11133480072021484,,,,,,,lowrank_easy
lowrank_easy,512,False,torch.float16,1234,0.1,16,4,256,0.08279755711555481,0.17241275310516357,,,,,,,lowrank_easy
lowrank_easy,512,False,torch.float16,1234,0.1,16,5,256,0.07045355439186096,0.12988364696502686,,,,,,,lowrank_easy
lowrank_easy,512,False,torch.float16,1234,0.1,16,6,1024,0.03567936271429062,0.06559950113296509,,,,,,,lowrank_easy
lowrank_easy,512,False,torch.float16,1234,0.1,16,7,256,0.1098131537437439,0.19792643189430237,,,,,,,lowrank_easy
lowrank_easy,512,False,torch.float16,1234,0.1,16,0,256,2.9054207801818848,6.441545009613037,,,,,,,scale_1.0
lowrank_easy,512,False,torch.float16,1234,0.1,16,1,256,3.350860118865967,7.540531158447266,,,,,,,scale_1.0
lowrank_easy,512,False,torch.float16,1234,0.1,16,2,64,3.3470773696899414,7.079372882843018,,,,,,,scale_1.0
lowrank_easy,512,False,torch.float16,1234,0.1,16,3,256,2.8536646366119385,6.593319892883301,,,,,,,scale_1.0
lowrank_easy,512,False,torch.float16,1234,0.1,16,4,256,3.1448428630828857,6.1787261962890625,,,,,,,scale_1.0
lowrank_easy,512,False,torch.float16,1234,0.1,16,5,256,2.911031484603882,5.795337677001953,,,,,,,scale_1.0
lowrank_easy,512,False,torch.float16,1234,0.1,16,6,1024,2.1587905883789062,4.2694478034973145,,,,,,,scale_1.0
lowrank_easy,512,False,torch.float16,1234,0.1,16,7,256,2.612758159637451,5.421639442443848,,,,,,,scale_1.0
lowrank_easy,512,False,torch.float16,1234,0.1,16,0,256,0.046138666570186615,0.03521605208516121,,,,,,,rare_sharp_shift
lowrank_easy,512,False,torch.float16,1234,0.1,16,1,256,0.049674488604068756,0.03902577981352806,,,,,,,rare_sharp_shift
lowrank_easy,512,False,torch.float16,1234,0.1,16,2,64,0.0700770914554596,0.06464576721191406,,,,,,,rare_sharp_shift
lowrank_easy,512,False,torch.float16,1234,0.1,16,3,256,0.04666246473789215,0.035527512431144714,,,,,,,rare_sharp_shift
lowrank_easy,512,False,torch.float16,1234,0.1,16,4,256,0.04220826178789139,0.030821166932582855,,,,,,,rare_sharp_shift
lowrank_easy,512,False,torch.float16,1234,0.1,16,5,256,0.03996443375945091,0.028323937207460403,,,,,,,rare_sharp_shift
lowrank_easy,512,False,torch.float16,1234,0.1,16,6,1024,0.03174850344657898,0.01870114728808403,,,,,,,rare_sharp_shift
lowrank_easy,512,False,torch.float16,1234,0.1,16,7,256,0.04669283330440521,0.03658030182123184,,,,,,,rare_sharp_shift
lowrank_easy,1024,False,torch.float16,1234,0.1,16,0,1024,0.03484319895505905,0.06121063977479935,,,,,,,
lowrank_easy,1024,False,torch.float16,1234,0.1,16,1,256,0.06609424203634262,0.12503421306610107,,,,,,,
lowrank_easy,1024,False,torch.float16,1234,0.1,16,2,1024,0.056510038673877716,0.14023438096046448,,,,,,,
lowrank_easy,1024,False,torch.float16,1234,0.1,16,3,1024,0.06195073947310448,0.11058689653873444,,,,,,,
lowrank_easy,1024,False,torch.float16,1234,0.1,16,4,256,0.05528482422232628,0.11623430252075195,,,,,,,
lowrank_easy,1024,False,torch.float16,1234,0.1,16,5,256,0.06765854358673096,0.11512071639299393,,,,,,,
lowrank_easy,1024,False,torch.float16,1234,0.1,16,6,256,0.07696670293807983,0.16480907797813416,,,,,,,
lowrank_easy,1024,False,torch.float16,1234,0.1,16,7,256,0.05913297086954117,0.10469552874565125,,,,,,,
lowrank_easy,1024,False,torch.float16,1234,0.1,16,0,1024,,,all_query_rows,0.03433685749769211,0.06108507141470909,0.17831361293792725,5,0,
lowrank_easy,1024,False,torch.float16,1234,0.1,16,1,256,,,all_query_rows,0.06244295835494995,0.11565428972244263,0.46284958720207214,92,0,
lowrank_easy,1024,False,torch.float16,1234,0.1,16,2,1024,,,all_query_rows,0.0540504977107048,0.11237825453281403,0.25941208004951477,63,0,
lowrank_easy,1024,False,torch.float16,1234,0.1,16,3,1024,,,all_query_rows,0.058683909475803375,0.10723722726106644,0.45776572823524475,68,0,
lowrank_easy,1024,False,torch.float16,1234,0.1,16,4,256,,,all_query_rows,0.05403319373726845,0.11969371885061264,0.4245952069759369,80,0,
lowrank_easy,1024,False,torch.float16,1234,0.1,16,5,256,,,all_query_rows,0.06875704228878021,0.11582821607589722,0.30712223052978516,104,0,
lowrank_easy,1024,False,torch.float16,1234,0.1,16,6,256,,,all_query_rows,0.07938560098409653,0.17650242149829865,0.47549715638160706,230,0,
lowrank_easy,1024,False,torch.float16,1234,0.1,16,7,256,,,all_query_rows,0.058540284633636475,0.10991645604372025,0.2078149914741516,73,0,
lowrank_easy,1024,False,torch.float16,1234,0.1,16,0,1024,0.05780252069234848,0.1175738126039505,,,,,,,lowrank_easy
lowrank_easy,1024,False,torch.float16,1234,0.1,16,1,256,0.07595765590667725,0.1460452675819397,,,,,,,lowrank_easy
lowrank_easy,1024,False,torch.float16,1234,0.1,16,2,1024,0.0458938293159008,0.0882730633020401,,,,,,,lowrank_easy
lowrank_easy,1024,False,torch.float16,1234,0.1,16,3,1024,0.04049094021320343,0.06845040619373322,,,,,,,lowrank_easy
lowrank_easy,1024,False,torch.float16,1234,0.1,16,4,256,0.10324780642986298,0.2710145115852356,,,,,,,lowrank_easy
lowrank_easy,1024,False,torch.float16,1234,0.1,16,5,256,0.07461506128311157,0.13813498616218567,,,,,,,lowrank_easy
lowrank_easy,1024,False,torch.float16,1234,0.1,16,6,256,0.06943611800670624,0.1361548751592636,,,,,,,lowrank_easy
lowrank_easy,1024,False,torch.float16,1234,0.1,16,7,256,0.14237520098686218,0.3489939570426941,,,,,,,lowrank_easy
lowrank_easy,1024,False,torch.float16,1234,0.1,16,0,1024,3.2647409439086914,7.988933563232422,,,,,,,scale_1.0
lowrank_easy,1024,False,torch.float16,1234,0.1,16,1,256,3.4479806423187256,7.111897945404053,,,,,,,scale_1.0
lowrank_easy,1024,False,torch.float16,1234,0.1,16,2,1024,2.8717026710510254,6.019651889801025,,,,,,,scale_1.0
lowrank_easy,1024,False,torch.float16,1234,0.1,16,3,1024,2.820646286010742,6.104706764221191,,,,,,,scale_1.0
lowrank_easy,1024,False,torch.float16,1234,0.1,16,4,256,4.1690568923950195,10.92040729522705,,,,,,,scale_1.0
lowrank_easy,1024,False,torch.float16,1234,0.1,16,5,256,3.4860918521881104,9.097567558288574,,,,,,,scale_1.0
lowrank_easy,1024,False,torch.float16,1234,0.1,16,6,256,3.5009467601776123,7.029168605804443,,,,,,,scale_1.0
lowrank_easy,1024,False,torch.float16,1234,0.1,16,7,256,3.446296215057373,7.726194381713867,,,,,,,scale_1.0
lowrank_easy,1024,False,torch.float16,1234,0.1,16,0,1024,0.027709446847438812,0.018362481147050858,,,,,,,rare_sharp_shift
lowrank_easy,1024,False,torch.float16,1234,0.1,16,1,256,0.040170833468437195,0.03284259885549545,,,,,,,rare_sharp_shift
lowrank_easy,1024,False,torch.float16,1234,0.1,16,2,1024,0.02639055997133255,0.016908148303627968,,,,,,,rare_sharp_shift
lowrank_easy,1024,False,torch.float16,1234,0.1,16,3,1024,0.026432352140545845,0.01671888306736946,,,,,,,rare_sharp_shift
lowrank_easy,1024,False,torch.float16,1234,0.1,16,4,256,0.0423797145485878,0.035068999975919724,,,,,,,rare_sharp_shift
lowrank_easy,1024,False,torch.float16,1234,0.1,16,5,256,0.041729800403118134,0.03455955907702446,,,,,,,rare_sharp_shift
lowrank_easy,1024,False,torch.float16,1234,0.1,16,6,256,0.04001060128211975,0.032405830919742584,,,,,,,rare_sharp_shift
lowrank_easy,1024,False,torch.float16,1234,0.1,16,7,256,0.0482780858874321,0.040969450026750565,,,,,,,rare_sharp_shift
lowrank_easy,2048,False,torch.float16,1234,0.1,16,0,256,0.07150555402040482,0.12212635576725006,,,,,,,
lowrank_easy,2048,False,torch.float16,1234,0.1,16,1,256,0.10032813251018524,0.20425112545490265,,,,,,,
lowrank_easy,2048,False,torch.float16,1234,0.1,16,2,256,0.08060436695814133,0.1697559356689453,,,,,,,
lowrank_easy,2048,False,torch.float16,1234,0.1,16,3,256,0.07790004462003708,0.1368502676486969,,,,,,,
lowrank_easy,2048,False,torch.float16,1234,0.1,16,4,256,0.08472723513841629,0.1638590395450592,,,,,,,
lowrank_easy,2048,False,torch.float16,1234,0.1,16,5,1024,0.045800305902957916,0.07757384330034256,,,,,,,
lowrank_easy,2048,False,torch.float16,1234,0.1,16,6,64,0.0744650736451149,0.12707717716693878,,,,,,,
lowrank_easy,2048,False,torch.float16,1234,0.1,16,7,256,0.08342702686786652,0.1443750411272049,,,,,,,
lowrank_easy,2048,False,torch.float16,1234,0.1,16,0,256,,,all_query_rows,0.07224089652299881,0.1223251074552536,0.2606896758079529,296,0,
lowrank_easy,2048,False,torch.float16,1234,0.1,16,1,256,,,all_query_rows,0.10026261955499649,0.18676303327083588,0.7280701994895935,676,0,
lowrank_easy,2048,False,torch.float16,1234,0.1,16,2,256,,,all_query_rows,0.08309906721115112,0.19231493771076202,0.8319218754768372,410,0,
lowrank_easy,2048,False,torch.float16,1234,0.1,16,3,256,,,all_query_rows,0.07785171270370483,0.13577823340892792,0.3858422636985779,365,0,
lowrank_easy,2048,False,torch.float16,1234,0.1,16,4,256,,,all_query_rows,0.08200228959321976,0.15204694867134094,0.3120713233947754,499,0,
lowrank_easy,2048,False,torch.float16,1234,0.1,16,5,1024,,,all_query_rows,0.0474635511636734,0.0879490002989769,0.2469230443239212,54,0,
lowrank_easy,2048,False,torch.float16,1234,0.1,16,6,64,,,all_query_rows,0.07401599735021591,0.12710396945476532,0.24298346042633057,291,0,
lowrank_easy,2048,False,torch.float16,1234,0.1,16,7,256,,,all_query_rows,0.08312414586544037,0.14946980774402618,0.4397848844528198,445,0,
lowrank_easy,2048,False,torch.float16,1234,0.1,16,0,256,0.08828196674585342,0.1911948323249817,,,,,,,lowrank_easy
lowrank_easy,2048,False,torch.float16,1234,0.1,16,1,256,0.10874006152153015,0.22058221697807312,,,,,,,lowrank_easy
lowrank_easy,2048,False,torch.float16,1234,0.1,16,2,256,0.07989122718572617,0.15636245906352997,,,,,,,lowrank_easy
lowrank_easy,2048,False,torch.float16,1234,0.1,16,3,256,0.07442393898963928,0.12314753979444504,,,,,,,lowrank_easy
lowrank_easy,2048,False,torch.float16,1234,0.1,16,4,256,0.09696507453918457,0.1547664850950241,,,,,,,lowrank_easy
lowrank_easy,2048,False,torch.float16,1234,0.1,16,5,1024,0.035465072840452194,0.059980545192956924,,,,,,,lowrank_easy
lowrank_easy,2048,False,torch.float16,1234,0.1,16,6,64,0.1328819841146469,0.2102183848619461,,,,,,,lowrank_easy
lowrank_easy,2048,False,torch.float16,1234,0.1,16,7,256,0.08387892693281174,0.22022806107997894,,,,,,,lowrank_easy
lowrank_easy,2048,False,torch.float16,1234,0.1,16,0,256,4.633084297180176,12.15469741821289,,,,,,,scale_1.0
lowrank_easy,2048,False,torch.float16,1234,0.1,16,1,256,3.513967990875244,8.227317810058594,,,,,,,scale_1.0
lowrank_easy,2048,False,torch.float16,1234,0.1,16,2,256,3.94712495803833,9.867530822753906,,,,,,,scale_1.0
lowrank_easy,2048,False,torch.float16,1234,0.1,16,3,256,3.8270325660705566,9.076261520385742,,,,,,,scale_1.0
lowrank_easy,2048,False,torch.float16,1234,0.1,16,4,256,4.525320053100586,12.5912446975708,,,,,,,scale_1.0
lowrank_easy,2048,False,torch.float16,1234,0.1,16,5,1024,3.2447361946105957,7.423099517822266,,,,,,,scale_1.0
lowrank_easy,2048,False,torch.float16,1234,0.1,16,6,64,7.276372909545898,19.113231658935547,,,,,,,scale_1.0
lowrank_easy,2048,False,torch.float16,1234,0.1,16,7,256,4.363481521606445,10.019648551940918,,,,,,,scale_1.0
lowrank_easy,2048,False,torch.float16,1234,0.1,16,0,256,0.03453735262155533,0.03443969413638115,,,,,,,rare_sharp_shift
lowrank_easy,2048,False,torch.float16,1234,0.1,16,1,256,0.027789263054728508,0.027045393362641335,,,,,,,rare_sharp_shift
lowrank_easy,2048,False,torch.float16,1234,0.1,16,2,256,0.03251137211918831,0.031951844692230225,,,,,,,rare_sharp_shift
lowrank_easy,2048,False,torch.float16,1234,0.1,16,3,256,0.0352867916226387,0.03508426994085312,,,,,,,rare_sharp_shift
lowrank_easy,2048,False,torch.float16,1234,0.1,16,4,256,0.03837154433131218,0.03839167580008507,,,,,,,rare_sharp_shift
lowrank_easy,2048,False,torch.float16,1234,0.1,16,5,1024,0.020078398287296295,0.018064888194203377,,,,,,,rare_sharp_shift
lowrank_easy,2048,False,torch.float16,1234,0.1,16,6,64,0.07296104729175568,0.07776384800672531,,,,,,,rare_sharp_shift
lowrank_easy,2048,False,torch.float16,1234,0.1,16,7,256,0.035855334252119064,0.03608151152729988,,,,,,,rare_sharp_shift
lowrank_easy,4096,False,torch.float16,1234,0.1,16,0,256,0.05068434774875641,0.08639311045408249,,,,,,,
lowrank_easy,4096,False,torch.float16,1234,0.1,16,1,1024,0.03584163263440132,0.06189659237861633,,,,,,,
lowrank_easy,4096,False,torch.float16,1234,0.1,16,2,256,0.07849808037281036,0.14407877624034882,,,,,,,
lowrank_easy,4096,False,torch.float16,1234,0.1,16,3,256,0.07512474060058594,0.13884887099266052,,,,,,,
lowrank_easy,4096,False,torch.float16,1234,0.1,16,4,256,0.09148538112640381,0.18957321345806122,,,,,,,
lowrank_easy,4096,False,torch.float16,1234,0.1,16,5,256,0.08542744070291519,0.14401569962501526,,,,,,,
lowrank_easy,4096,False,torch.float16,1234,0.1,16,6,1024,0.030756652355194092,0.05141317844390869,,,,,,,
lowrank_easy,4096,False,torch.float16,1234,0.1,16,7,256,0.115789495408535,0.2006327360868454,,,,,,,
lowrank_easy,4096,False,torch.float16,1234,0.1,16,0,256,,,all_query_rows,0.053152285516262054,0.08963219821453094,0.3380880057811737,113,0,
lowrank_easy,4096,False,torch.float16,1234,0.1,16,1,1024,,,all_query_rows,0.03692532330751419,0.07092177122831345,0.214768186211586,48,0,
lowrank_easy,4096,False,torch.float16,1234,0.1,16,2,256,,,all_query_rows,0.07483974099159241,0.13577958941459656,0.3150733709335327,688,0,
lowrank_easy,4096,False,torch.float16,1234,0.1,16,3,256,,,all_query_rows,0.07412578165531158,0.1301877200603485,0.26997455954551697,570,0,
lowrank_easy,4096,False,torch.float16,1234,0.1,16,4,256,,,all_query_rows,0.08934317529201508,0.17696289718151093,0.4435628056526184,1197,0,
lowrank_easy,4096,False,torch.float16,1234,0.1,16,5,256,,,all_query_rows,0.08555233478546143,0.14673417806625366,0.45004427433013916,975,0,
lowrank_easy,4096,False,torch.float16,1234,0.1,16,6,1024,,,all_query_rows,0.030894573777914047,0.05481835454702377,0.19016389548778534,16,0,
lowrank_easy,4096,False,torch.float16,1234,0.1,16,7,256,,,all_query_rows,0.11226627230644226,0.1957755982875824,0.47760647535324097,1962,0,
lowrank_easy,4096,False,torch.float16,1234,0.1,16,0,256,0.046620577573776245,0.08737718313932419,,,,,,,lowrank_easy
lowrank_easy,4096,False,torch.float16,1234,0.1,16,1,1024,0.0355265811085701,0.05462566763162613,,,,,,,lowrank_easy
lowrank_easy,4096,False,torch.float16,1234,0.1,16,2,256,0.09343016147613525,0.15853585302829742,,,,,,,lowrank_easy
lowrank_easy,4096,False,torch.float16,1234,0.1,16,3,256,0.07177755236625671,0.11615385860204697,,,,,,,lowrank_easy
lowrank_easy,4096,False,torch.float16,1234,0.1,16,4,256,0.11033494770526886,0.21565374732017517,,,,,,,lowrank_easy
lowrank_easy,4096,False,torch.float16,1234,0.1,16,5,256,0.0633329227566719,0.1024424284696579,,,,,,,lowrank_easy
lowrank_easy,4096,False,torch.float16,1234,0.1,16,6,1024,0.03465108573436737,0.05991518124938011,,,,,,,lowrank_easy
lowrank_easy,4096,False,torch.float16,1234,0.1,16,7,256,0.0611712709069252,0.11112330108880997,,,,,,,lowrank_easy
lowrank_easy,4096,False,torch.float16,1234,0.1,16,0,256,4.368143081665039,10.756349563598633,,,,,,,scale_1.0
lowrank_easy,4096,False,torch.float16,1234,0.1,16,1,1024,4.20913553237915,11.003355026245117,,,,,,,scale_1.0
lowrank_easy,4096,False,torch.float16,1234,0.1,16,2,256,4.804073333740234,10.765437126159668,,,,,,,scale_1.0
lowrank_easy,4096,False,torch.float16,1234,0.1,16,3,256,5.546675205230713,13.431711196899414,,,,,,,scale_1.0
lowrank_easy,4096,False,torch.float16,1234,0.1,16,4,256,4.724516868591309,11.041417121887207,,,,,,,scale_1.0
lowrank_easy,4096,False,torch.float16,1234,0.1,16,5,256,4.712040424346924,11.864852905273438,,,,,,,scale_1.0
lowrank_easy,4096,False,torch.float16,1234,0.1,16,6,1024,4.155274868011475,9.67910385131836,,,,,,,scale_1.0
lowrank_easy,4096,False,torch.float16,1234,0.1,16,7,256,5.083477973937988,11.80043888092041,,,,,,,scale_1.0
lowrank_easy,4096,False,torch.float16,1234,0.1,16,0,256,0.04200537130236626,0.02620457299053669,,,,,,,rare_sharp_shift
lowrank_easy,4096,False,torch.float16,1234,0.1,16,1,1024,0.03345808386802673,0.015757665038108826,,,,,,,rare_sharp_shift
lowrank_easy,4096,False,torch.float16,1234,0.1,16,2,256,0.05069154500961304,0.03578745573759079,,,,,,,rare_sharp_shift
lowrank_easy,4096,False,torch.float16,1234,0.1,16,3,256,0.05321849137544632,0.038154345005750656,,,,,,,rare_sharp_shift
lowrank_easy,4096,False,torch.float16,1234,0.1,16,4,256,0.04792938381433487,0.03447914868593216,,,,,,,rare_sharp_shift
lowrank_easy,4096,False,torch.float16,1234,0.1,16,5,256,0.040562789887189865,0.02498273178935051,,,,,,,rare_sharp_shift
lowrank_easy,4096,False,torch.float16,1234,0.1,16,6,1024,0.03363797068595886,0.016111575067043304,,,,,,,rare_sharp_shift
lowrank_easy,4096,False,torch.float16,1234,0.1,16,7,256,0.0505092591047287,0.03569798171520233,,,,,,,rare_sharp_shift
lowrank_easy,8192,False,torch.float16,1234,0.1,16,0,256,0.06522394716739655,0.12410108745098114,,,,,,,
lowrank_easy,8192,False,torch.float16,1234,0.1,16,1,256,0.06966722011566162,0.13660061359405518,,,,,,,
lowrank_easy,8192,False,torch.float16,1234,0.1,16,2,256,0.07217161357402802,0.12778903543949127,,,,,,,
lowrank_easy,8192,False,torch.float16,1234,0.1,16,3,256,0.07977812737226486,0.1441262662410736,,,,,,,
lowrank_easy,8192,False,torch.float16,1234,0.1,16,4,1024,0.03981828689575195,0.07064700126647949,,,,,,,
lowrank_easy,8192,False,torch.float16,1234,0.1,16,5,256,0.08271551132202148,0.16482996940612793,,,,,,,
lowrank_easy,8192,False,torch.float16,1234,0.1,16,6,256,0.07773953676223755,0.13618531823158264,,,,,,,
lowrank_easy,8192,False,torch.float16,1234,0.1,16,7,1024,0.06694652140140533,0.17214801907539368,,,,,,,
lowrank_easy,8192,False,torch.float16,1234,0.1,16,0,256,0.10812316834926605,0.17524723708629608,,,,,,,lowrank_easy
lowrank_easy,8192,False,torch.float16,1234,0.1,16,1,256,0.05184805765748024,0.10071247071027756,,,,,,,lowrank_easy
lowrank_easy,8192,False,torch.float16,1234,0.1,16,2,256,0.10827336460351944,0.1769588440656662,,,,,,,lowrank_easy
lowrank_easy,8192,False,torch.float16,1234,0.1,16,3,256,0.08762464672327042,0.15264330804347992,,,,,,,lowrank_easy
lowrank_easy,8192,False,torch.float16,1234,0.1,16,4,1024,0.06283080577850342,0.10047532618045807,,,,,,,lowrank_easy
lowrank_easy,8192,False,torch.float16,1234,0.1,16,5,256,0.08630892634391785,0.1472320258617401,,,,,,,lowrank_easy
lowrank_easy,8192,False,torch.float16,1234,0.1,16,6,256,0.05460342392325401,0.1058652251958847,,,,,,,lowrank_easy
lowrank_easy,8192,False,torch.float16,1234,0.1,16,7,1024,0.039923712611198425,0.07668562233448029,,,,,,,lowrank_easy
lowrank_easy,8192,False,torch.float16,1234,0.1,16,0,256,6.086106300354004,15.57612419128418,,,,,,,scale_1.0
lowrank_easy,8192,False,torch.float16,1234,0.1,16,1,256,5.24577522277832,11.096186637878418,,,,,,,scale_1.0
lowrank_easy,8192,False,torch.float16,1234,0.1,16,2,256,4.516338348388672,10.271040916442871,,,,,,,scale_1.0
lowrank_easy,8192,False,torch.float16,1234,0.1,16,3,256,5.034217357635498,10.128734588623047,,,,,,,scale_1.0
lowrank_easy,8192,False,torch.float16,1234,0.1,16,4,1024,4.875150680541992,11.362342834472656,,,,,,,scale_1.0
lowrank_easy,8192,False,torch.float16,1234,0.1,16,5,256,4.725667953491211,10.950811386108398,,,,,,,scale_1.0
lowrank_easy,8192,False,torch.float16,1234,0.1,16,6,256,4.977523326873779,11.290796279907227,,,,,,,scale_1.0
lowrank_easy,8192,False,torch.float16,1234,0.1,16,7,1024,5.408878803253174,16.24319076538086,,,,,,,scale_1.0
lowrank_easy,8192,False,torch.float16,1234,0.1,16,0,256,0.03788633644580841,0.03435602784156799,,,,,,,rare_sharp_shift
lowrank_easy,8192,False,torch.float16,1234,0.1,16,1,256,0.0327078253030777,0.028732137754559517,,,,,,,rare_sharp_shift
lowrank_easy,8192,False,torch.float16,1234,0.1,16,2,256,0.03968983143568039,0.03584408387541771,,,,,,,rare_sharp_shift
lowrank_easy,8192,False,torch.float16,1234,0.1,16,3,256,0.03805098682641983,0.034277260303497314,,,,,,,rare_sharp_shift
lowrank_easy,8192,False,torch.float16,1234,0.1,16,4,1024,0.02525697834789753,0.019923407584428787,,,,,,,rare_sharp_shift
lowrank_easy,8192,False,torch.float16,1234,0.1,16,5,256,0.03464015573263168,0.03083888813853264,,,,,,,rare_sharp_shift
lowrank_easy,8192,False,torch.float16,1234,0.1,16,6,256,0.03333711996674538,0.029006488621234894,,,,,,,rare_sharp_shift
lowrank_easy,8192,False,torch.float16,1234,0.1,16,7,1024,0.020719431340694427,0.014815585687756538,,,,,,,rare_sharp_shift
lowrank_easy,16384,False,torch.float16,1234,0.1,16,0,256,0.07248660922050476,0.12619362771511078,,,,,,,
lowrank_easy,16384,False,torch.float16,1234,0.1,16,1,256,0.07941615581512451,0.13197080790996552,,,,,,,
lowrank_easy,16384,False,torch.float16,1234,0.1,16,2,256,0.07303036749362946,0.14075489342212677,,,,,,,
lowrank_easy,16384,False,torch.float16,1234,0.1,16,3,1024,0.05807628855109215,0.10653965175151825,,,,,,,
lowrank_easy,16384,False,torch.float16,1234,0.1,16,4,0,0.0,0.0,,,,,,,
lowrank_easy,16384,False,torch.float16,1234,0.1,16,5,256,0.07530809938907623,0.14003099501132965,,,,,,,
lowrank_easy,16384,False,torch.float16,1234,0.1,16,6,256,0.06989401578903198,0.11247197538614273,,,,,,,
lowrank_easy,16384,False,torch.float16,1234,0.1,16,7,256,0.06167515367269516,0.09815121442079544,,,,,,,
lowrank_easy,16384,False,torch.float16,1234,0.1,16,0,256,0.07545694708824158,0.13521207869052887,,,,,,,lowrank_easy
lowrank_easy,16384,False,torch.float16,1234,0.1,16,1,256,0.06503160297870636,0.12502709031105042,,,,,,,lowrank_easy
lowrank_easy,16384,False,torch.float16,1234,0.1,16,2,256,0.0951736569404602,0.2620602548122406,,,,,,,lowrank_easy
lowrank_easy,16384,False,torch.float16,1234,0.1,16,3,1024,0.04530797153711319,0.08299050480127335,,,,,,,lowrank_easy
lowrank_easy,16384,False,torch.float16,1234,0.1,16,4,0,0.0,0.0,,,,,,,lowrank_easy
lowrank_easy,16384,False,torch.float16,1234,0.1,16,5,256,0.10638177394866943,0.2495335042476654,,,,,,,lowrank_easy
lowrank_easy,16384,False,torch.float16,1234,0.1,16,6,256,0.05942710489034653,0.11069784313440323,,,,,,,lowrank_easy
lowrank_easy,16384,False,torch.float16,1234,0.1,16,7,256,0.07471299171447754,0.14036665856838226,,,,,,,lowrank_easy
lowrank_easy,16384,False,torch.float16,1234,0.1,16,0,256,6.118219375610352,13.989774703979492,,,,,,,scale_1.0
lowrank_easy,16384,False,torch.float16,1234,0.1,16,1,256,5.486328125,11.695926666259766,,,,,,,scale_1.0
lowrank_easy,16384,False,torch.float16,1234,0.1,16,2,256,5.710017681121826,13.890153884887695,,,,,,,scale_1.0
lowrank_easy,16384,False,torch.float16,1234,0.1,16,3,1024,4.995013236999512,12.198945045471191,,,,,,,scale_1.0
lowrank_easy,16384,False,torch.float16,1234,0.1,16,4,0,0.0,0.0,,,,,,,scale_1.0
lowrank_easy,16384,False,torch.float16,1234,0.1,16,5,256,6.258563041687012,15.141317367553711,,,,,,,scale_1.0
lowrank_easy,16384,False,torch.float16,1234,0.1,16,6,256,6.918708801269531,17.13084602355957,,,,,,,scale_1.0
lowrank_easy,16384,False,torch.float16,1234,0.1,16,7,256,6.855433940887451,17.468669891357422,,,,,,,scale_1.0
lowrank_easy,16384,False,torch.float16,1234,0.1,16,0,256,0.03664654493331909,0.029098639264702797,,,,,,,rare_sharp_shift
lowrank_easy,16384,False,torch.float16,1234,0.1,16,1,256,0.04552309960126877,0.03905673697590828,,,,,,,rare_sharp_shift
lowrank_easy,16384,False,torch.float16,1234,0.1,16,2,256,0.038543447852134705,0.031002938747406006,,,,,,,rare_sharp_shift
lowrank_easy,16384,False,torch.float16,1234,0.1,16,3,1024,0.02331872470676899,0.013113033957779408,,,,,,,rare_sharp_shift
lowrank_easy,16384,False,torch.float16,1234,0.1,16,4,0,0.0,0.0,,,,,,,rare_sharp_shift
lowrank_easy,16384,False,torch.float16,1234,0.1,16,5,256,0.04141835868358612,0.033979181200265884,,,,,,,rare_sharp_shift
lowrank_easy,16384,False,torch.float16,1234,0.1,16,6,256,0.03760500252246857,0.029966341331601143,,,,,,,rare_sharp_shift
lowrank_easy,16384,False,torch.float16,1234,0.1,16,7,256,0.03766873851418495,0.029812337830662727,,,,,,,rare_sharp_shift
lowrank_easy,32768,False,torch.float16,1234,0.1,16,0,256,0.09352730214595795,0.18992061913013458,,,,,,,
lowrank_easy,32768,False,torch.float16,1234,0.1,16,1,64,0.09691304713487625,0.14409340918064117,,,,,,,
lowrank_easy,32768,False,torch.float16,1234,0.1,16,2,1024,0.03632988780736923,0.07690524309873581,,,,,,,
lowrank_easy,32768,False,torch.float16,1234,0.1,16,3,256,0.06760899722576141,0.12424836307764053,,,,,,,
lowrank_easy,32768,False,torch.float16,1234,0.1,16,4,256,0.07112617045640945,0.12391861528158188,,,,,,,
lowrank_easy,32768,False,torch.float16,1234,0.1,16,5,1024,0.05054466426372528,0.09458937495946884,,,,,,,
lowrank_easy,32768,False,torch.float16,1234,0.1,16,6,256,0.08700113743543625,0.16410395503044128,,,,,,,
lowrank_easy,32768,False,torch.float16,1234,0.1,16,7,256,0.09348495304584503,0.15861499309539795,,,,,,,
lowrank_easy,32768,False,torch.float16,1234,0.1,16,0,256,0.08062195032835007,0.15468458831310272,,,,,,,lowrank_easy
lowrank_easy,32768,False,torch.float16,1234,0.1,16,1,64,0.0940203070640564,0.14312222599983215,,,,,,,lowrank_easy
lowrank_easy,32768,False,torch.float16,1234,0.1,16,2,1024,0.054793402552604675,0.10185182094573975,,,,,,,lowrank_easy
lowrank_easy,32768,False,torch.float16,1234,0.1,16,3,256,0.12022753059864044,0.24933162331581116,,,,,,,lowrank_easy
lowrank_easy,32768,False,torch.float16,1234,0.1,16,4,256,0.057551026344299316,0.08500000089406967,,,,,,,lowrank_easy
lowrank_easy,32768,False,torch.float16,1234,0.1,16,5,1024,0.037666089832782745,0.07647314667701721,,,,,,,lowrank_easy
lowrank_easy,32768,False,torch.float16,1234,0.1,16,6,256,0.052701547741889954,0.09195666760206223,,,,,,,lowrank_easy
lowrank_easy,32768,False,torch.float16,1234,0.1,16,7,256,0.10757732391357422,0.21637074649333954,,,,,,,lowrank_easy
lowrank_easy,32768,False,torch.float16,1234,0.1,16,0,256,6.9882097244262695,15.153237342834473,,,,,,,scale_1.0
lowrank_easy,32768,False,torch.float16,1234,0.1,16,1,64,5.208995819091797,9.135669708251953,,,,,,,scale_1.0
lowrank_easy,32768,False,torch.float16,1234,0.1,16,2,1024,5.495192527770996,12.751642227172852,,,,,,,scale_1.0
lowrank_easy,32768,False,torch.float16,1234,0.1,16,3,256,5.647522926330566,12.459028244018555,,,,,,,scale_1.0
lowrank_easy,32768,False,torch.float16,1234,0.1,16,4,256,6.462041854858398,14.181554794311523,,,,,,,scale_1.0
lowrank_easy,32768,False,torch.float16,1234,0.1,16,5,1024,5.90748405456543,14.447542190551758,,,,,,,scale_1.0
lowrank_easy,32768,False,torch.float16,1234,0.1,16,6,256,6.235719680786133,14.461714744567871,,,,,,,scale_1.0
lowrank_easy,32768,False,torch.float16,1234,0.1,16,7,256,8.014348030090332,22.09185028076172,,,,,,,scale_1.0
lowrank_easy,32768,False,torch.float16,1234,0.1,16,0,256,0.04011315107345581,0.03746213763952255,,,,,,,rare_sharp_shift
lowrank_easy,32768,False,torch.float16,1234,0.1,16,1,64,0.06551560014486313,0.06394597142934799,,,,,,,rare_sharp_shift
lowrank_easy,32768,False,torch.float16,1234,0.1,16,2,1024,0.02206559106707573,0.016170524060726166,,,,,,,rare_sharp_shift
lowrank_easy,32768,False,torch.float16,1234,0.1,16,3,256,0.03692786023020744,0.03354490175843239,,,,,,,rare_sharp_shift
lowrank_easy,32768,False,torch.float16,1234,0.1,16,4,256,0.03490440547466278,0.030616700649261475,,,,,,,rare_sharp_shift
lowrank_easy,32768,False,torch.float16,1234,0.1,16,5,1024,0.02237115427851677,0.01644238457083702,,,,,,,rare_sharp_shift
lowrank_easy,32768,False,torch.float16,1234,0.1,16,6,256,0.033058397471904755,0.029392991214990616,,,,,,,rare_sharp_shift
lowrank_easy,32768,False,torch.float16,1234,0.1,16,7,256,0.03760908544063568,0.03475197032094002,,,,,,,rare_sharp_shift
lowrank_easy,65536,False,torch.float16,1234,0.1,16,0,1024,0.0355163998901844,0.07263345271348953,,,,,,,
lowrank_easy,65536,False,torch.float16,1234,0.1,16,1,256,0.10906048119068146,0.22360971570014954,,,,,,,
lowrank_easy,65536,False,torch.float16,1234,0.1,16,2,256,0.05097060650587082,0.08877167105674744,,,,,,,
lowrank_easy,65536,False,torch.float16,1234,0.1,16,3,256,0.08881184458732605,0.14141085743904114,,,,,,,
lowrank_easy,65536,False,torch.float16,1234,0.1,16,4,256,0.05630115792155266,0.11561521142721176,,,,,,,
lowrank_easy,65536,False,torch.float16,1234,0.1,16,5,256,0.07049642503261566,0.12396924197673798,,,,,,,
lowrank_easy,65536,False,torch.float16,1234,0.1,16,6,256,0.08963286131620407,0.18970715999603271,,,,,,,
lowrank_easy,65536,False,torch.float16,1234,0.1,16,7,256,0.09193365275859833,0.14418236911296844,,,,,,,
lowrank_easy,65536,False,torch.float16,1234,0.1,16,0,1024,0.05873805284500122,0.14866890013217926,,,,,,,lowrank_easy
lowrank_easy,65536,False,torch.float16,1234,0.1,16,1,256,0.08818813413381577,0.18563242256641388,,,,,,,lowrank_easy
lowrank_easy,65536,False,torch.float16,1234,0.1,16,2,256,0.07448440790176392,0.12812615931034088,,,,,,,lowrank_easy
lowrank_easy,65536,False,torch.float16,1234,0.1,16,3,256,0.11431443691253662,0.29957345128059387,,,,,,,lowrank_easy
lowrank_easy,65536,False,torch.float16,1234,0.1,16,4,256,0.09463537484407425,0.16842105984687805,,,,,,,lowrank_easy
lowrank_easy,65536,False,torch.float16,1234,0.1,16,5,256,0.06659582257270813,0.10728921741247177,,,,,,,lowrank_easy
lowrank_easy,65536,False,torch.float16,1234,0.1,16,6,256,0.09673817455768585,0.19381925463676453,,,,,,,lowrank_easy
lowrank_easy,65536,False,torch.float16,1234,0.1,16,7,256,0.08664409816265106,0.1249748021364212,,,,,,,lowrank_easy
lowrank_easy,65536,False,torch.float16,1234,0.1,16,0,1024,6.303382873535156,15.374489784240723,,,,,,,scale_1.0
lowrank_easy,65536,False,torch.float16,1234,0.1,16,1,256,6.537321090698242,15.266231536865234,,,,,,,scale_1.0
lowrank_easy,65536,False,torch.float16,1234,0.1,16,2,256,6.681934356689453,15.183426856994629,,,,,,,scale_1.0
lowrank_easy,65536,False,torch.float16,1234,0.1,16,3,256,7.991518974304199,18.422494888305664,,,,,,,scale_1.0
lowrank_easy,65536,False,torch.float16,1234,0.1,16,4,256,8.05576229095459,20.85730743408203,,,,,,,scale_1.0
lowrank_easy,65536,False,torch.float16,1234,0.1,16,5,256,6.7667951583862305,14.018265724182129,,,,,,,scale_1.0
lowrank_easy,65536,False,torch.float16,1234,0.1,16,6,256,5.6872711181640625,11.364619255065918,,,,,,,scale_1.0
lowrank_easy,65536,False,torch.float16,1234,0.1,16,7,256,6.4702558517456055,14.324254989624023,,,,,,,scale_1.0
lowrank_easy,65536,False,torch.float16,1234,0.1,16,0,1024,0.012041596695780754,0.013663739897310734,,,,,,,rare_sharp_shift
lowrank_easy,65536,False,torch.float16,1234,0.1,16,1,256,0.02450580522418022,0.02740287408232689,,,,,,,rare_sharp_shift
lowrank_easy,65536,False,torch.float16,1234,0.1,16,2,256,0.0289844311773777,0.032735470682382584,,,,,,,rare_sharp_shift
lowrank_easy,65536,False,torch.float16,1234,0.1,16,3,256,0.03149554878473282,0.035498328506946564,,,,,,,rare_sharp_shift
lowrank_easy,65536,False,torch.float16,1234,0.1,16,4,256,0.03617006540298462,0.040158599615097046,,,,,,,rare_sharp_shift
lowrank_easy,65536,False,torch.float16,1234,0.1,16,5,256,0.023362647742033005,0.02647045999765396,,,,,,,rare_sharp_shift
lowrank_easy,65536,False,torch.float16,1234,0.1,16,6,256,0.025257356464862823,0.028987405821681023,,,,,,,rare_sharp_shift
lowrank_easy,65536,False,torch.float16,1234,0.1,16,7,256,0.030010497197508812,0.034152738749980927,,,,,,,rare_sharp_shift
lowrank_easy,512,False,torch.float32,1234,0.1,16,0,256,0.08007077872753143,0.14573553204536438,,,,,,,
lowrank_easy,512,False,torch.float32,1234,0.1,16,1,256,0.07745013386011124,0.1795331835746765,,,,,,,
lowrank_easy,512,False,torch.float32,1234,0.1,16,2,64,0.095733642578125,0.15089218318462372,,,,,,,
lowrank_easy,512,False,torch.float32,1234,0.1,16,3,256,0.05861954018473625,0.12214681506156921,,,,,,,
lowrank_easy,512,False,torch.float32,1234,0.1,16,4,256,0.06158239021897316,0.10851746797561646,,,,,,,
lowrank_easy,512,False,torch.float32,1234,0.1,16,5,256,0.07892709970474243,0.16567634046077728,,,,,,,
lowrank_easy,512,False,torch.float32,1234,0.1,16,6,1024,0.0482085645198822,0.08860387653112411,,,,,,,
lowrank_easy,512,False,torch.float32,1234,0.1,16,7,256,0.09978150576353073,0.158461794257164,,,,,,,
lowrank_easy,512,False,torch.float32,1234,0.1,16,0,256,,,all_query_rows,0.08201319724321365,0.14521245658397675,0.2518761456012726,89,0,
lowrank_easy,512,False,torch.float32,1234,0.1,16,1,256,,,all_query_rows,0.07269071042537689,0.16436593234539032,0.7222764492034912,83,0,
lowrank_easy,512,False,torch.float32,1234,0.1,16,2,64,,,all_query_rows,0.09461203217506409,0.1565021425485611,0.2809866666793823,176,0,
lowrank_easy,512,False,torch.float32,1234,0.1,16,3,256,,,all_query_rows,0.05806379020214081,0.11557317525148392,0.22095614671707153,39,0,
lowrank_easy,512,False,torch.float32,1234,0.1,16,4,256,,,all_query_rows,0.06155706197023392,0.10804936289787292,0.16684791445732117,40,0,
lowrank_easy,512,False,torch.float32,1234,0.1,16,5,256,,,all_query_rows,0.07959465682506561,0.16441525518894196,0.3026418387889862,109,0,
lowrank_easy,512,False,torch.float32,1234,0.1,16,6,1024,,,all_query_rows,0.047412969172000885,0.08825387805700302,0.18263597786426544,22,0,
lowrank_easy,512,False,torch.float32,1234,0.1,16,7,256,,,all_query_rows,0.09900619834661484,0.15325167775154114,0.29818159341812134,206,0,
lowrank_easy,512,False,torch.float32,1234,0.1,16,0,256,0.05883501470088959,0.11063315719366074,,,,,,,lowrank_easy
lowrank_easy,512,False,torch.float32,1234,0.1,16,1,256,0.08844123035669327,0.15021273493766785,,,,,,,lowrank_easy
lowrank_easy,512,False,torch.float32,1234,0.1,16,2,64,0.1413595974445343,0.21279336512088776,,,,,,,lowrank_easy
lowrank_easy,512,False,torch.float32,1234,0.1,16,3,256,0.06760477274656296,0.11129377782344818,,,,,,,lowrank_easy
lowrank_easy,512,False,torch.float32,1234,0.1,16,4,256,0.08280046284198761,0.1724245846271515,,,,,,,lowrank_easy
lowrank_easy,512,False,torch.float32,1234,0.1,16,5,256,0.07045714557170868,0.12989559769630432,,,,,,,lowrank_easy
lowrank_easy,512,False,torch.float32,1234,0.1,16,6,1024,0.03567758575081825,0.06559576839208603,,,,,,,lowrank_easy
lowrank_easy,512,False,torch.float32,1234,0.1,16,7,256,0.10980872809886932,0.197923481464386,,,,,,,lowrank_easy
lowrank_easy,512,False,torch.float32,1234,0.1,16,0,256,2.9054102897644043,6.442202091217041,,,,,,,scale_1.0
lowrank_easy,512,False,torch.float32,1234,0.1,16,1,256,3.351318120956421,7.541804790496826,,,,,,,scale_1.0
lowrank_easy,512,False,torch.float32,1234,0.1,16,2,64,3.3468680381774902,7.079892158508301,,,,,,,scale_1.0
lowrank_easy,512,False,torch.float32,1234,0.1,16,3,256,2.853801965713501,6.595047950744629,,,,,,,scale_1.0
lowrank_easy,512,False,torch.float32,1234,0.1,16,4,256,3.1454272270202637,6.1830058097839355,,,,,,,scale_1.0
lowrank_easy,512,False,torch.float32,1234,0.1,16,5,256,2.9111204147338867,5.795572280883789,,,,,,,scale_1.0
lowrank_easy,512,False,torch.float32,1234,0.1,16,6,1024,2.1587841510772705,4.269427299499512,,,,,,,scale_1.0
lowrank_easy,512,False,torch.float32,1234,0.1,16,7,256,2.6126320362091064,5.419401168823242,,,,,,,scale_1.0
lowrank_easy,512,False,torch.float32,1234,0.1,16,0,256,0.04613993689417839,0.03521771728992462,,,,,,,rare_sharp_shift
lowrank_easy,512,False,torch.float32,1234,0.1,16,1,256,0.04967242479324341,0.03902314975857735,,,,,,,rare_sharp_shift
lowrank_easy,512,False,torch.float32,1234,0.1,16,2,64,0.07007469236850739,0.06464545428752899,,,,,,,rare_sharp_shift
lowrank_easy,512,False,torch.float32,1234,0.1,16,3,256,0.04666189104318619,0.035526663064956665,,,,,,,rare_sharp_shift
lowrank_easy,512,False,torch.float32,1234,0.1,16,4,256,0.042208850383758545,0.03082190826535225,,,,,,,rare_sharp_shift
lowrank_easy,512,False,torch.float32,1234,0.1,16,5,256,0.03996524214744568,0.028323547914624214,,,,,,,rare_sharp_shift
lowrank_easy,512,False,torch.float32,1234,0.1,16,6,1024,0.0317484512925148,0.018701892346143723,,,,,,,rare_sharp_shift
lowrank_easy,512,False,torch.float32,1234,0.1,16,7,256,0.04669100418686867,0.036579035222530365,,,,,,,rare_sharp_shift
lowrank_easy,1024,False,torch.float32,1234,0.1,16,0,1024,0.034841008484363556,0.06122037023305893,,,,,,,
lowrank_easy,1024,False,torch.float32,1234,0.1,16,1,256,0.06609691679477692,0.12504172325134277,,,,,,,
lowrank_easy,1024,False,torch.float32,1234,0.1,16,2,1024,0.05651416629552841,0.1402403712272644,,,,,,,
lowrank_easy,1024,False,torch.float32,1234,0.1,16,3,1024,0.06195119023323059,0.11059270054101944,,,,,,,
lowrank_easy,1024,False,torch.float32,1234,0.1,16,4,256,0.055286724120378494,0.11625519394874573,,,,,,,
lowrank_easy,1024,False,torch.float32,1234,0.1,16,5,256,0.06765657663345337,0.11512511968612671,,,,,,,
lowrank_easy,1024,False,torch.float32,1234,0.1,16,6,256,0.07697171717882156,0.16480915248394012,,,,,,,
lowrank_easy,1024,False,torch.float32,1234,0.1,16,7,256,0.05913088098168373,0.1046953946352005,,,,,,,
lowrank_easy,1024,False,torch.float32,1234,0.1,16,0,1024,,,all_query_rows,0.03433218598365784,0.060978204011917114,0.17837683856487274,5,0,
lowrank_easy,1024,False,torch.float32,1234,0.1,16,1,256,,,all_query_rows,0.06244480609893799,0.11564721167087555,0.4629530906677246,92,0,
lowrank_easy,1024,False,torch.float32,1234,0.1,16,2,1024,,,all_query_rows,0.05405130982398987,0.11235948652029037,0.25957727432250977,63,0,
lowrank_easy,1024,False,torch.float32,1234,0.1,16,3,1024,,,all_query_rows,0.058679983019828796,0.1071409359574318,0.4576148986816406,68,0,
lowrank_easy,1024,False,torch.float32,1234,0.1,16,4,256,,,all_query_rows,0.05403263866901398,0.1196875348687172,0.4246622323989868,80,0,
lowrank_easy,1024,False,torch.float32,1234,0.1,16,5,256,,,all_query_rows,0.06875348836183548,0.11592099815607071,0.30726754665374756,104,0,
lowrank_easy,1024,False,torch.float32,1234,0.1,16,6,256,,,all_query_rows,0.0793880969285965,0.17647601664066315,0.47546181082725525,230,0,
lowrank_easy,1024,False,torch.float32,1234,0.1,16,7,256,,,all_query_rows,0.05853457748889923,0.10990037024021149,0.20787225663661957,73,0,
lowrank_easy,1024,False,torch.float32,1234,0.1,16,0,1024,0.05780211091041565,0.1175747960805893,,,,,,,lowrank_easy
lowrank_easy,1024,False,torch.float32,1234,0.1,16,1,256,0.07596257328987122,0.1460237056016922,,,,,,,lowrank_easy
lowrank_easy,1024,False,torch.float32,1234,0.1,16,2,1024,0.04589410498738289,0.08827748894691467,,,,,,,lowrank_easy
lowrank_easy,1024,False,torch.float32,1234,0.1,16,3,1024,0.04049032926559448,0.0684598907828331,,,,,,,lowrank_easy
lowrank_easy,1024,False,torch.float32,1234,0.1,16,4,256,0.10325123369693756,0.27103716135025024,,,,,,,lowrank_easy
lowrank_easy,1024,False,torch.float32,1234,0.1,16,5,256,0.07461407035589218,0.13813982903957367,,,,,,,lowrank_easy
lowrank_easy,1024,False,torch.float32,1234,0.1,16,6,256,0.06943778693675995,0.1361534297466278,,,,,,,lowrank_easy
lowrank_easy,1024,False,torch.float32,1234,0.1,16,7,256,0.14235685765743256,0.34888824820518494,,,,,,,lowrank_easy
lowrank_easy,1024,False,torch.float32,1234,0.1,16,0,1024,3.2645444869995117,7.983895778656006,,,,,,,scale_1.0
lowrank_easy,1024,False,torch.float32,1234,0.1,16,1,256,3.4480929374694824,7.113266944885254,,,,,,,scale_1.0
lowrank_easy,1024,False,torch.float32,1234,0.1,16,2,1024,2.8714442253112793,6.014589309692383,,,,,,,scale_1.0
lowrank_easy,1024,False,torch.float32,1234,0.1,16,3,1024,2.8206722736358643,6.10325813293457,,,,,,,scale_1.0
lowrank_easy,1024,False,torch.float32,1234,0.1,16,4,256,4.1685590744018555,10.91927433013916,,,,,,,scale_1.0
lowrank_easy,1024,False,torch.float32,1234,0.1,16,5,256,3.4859628677368164,9.095602989196777,,,,,,,scale_1.0
lowrank_easy,1024,False,torch.float32,1234,0.1,16,6,256,3.500936508178711,7.028336048126221,,,,,,,scale_1.0
lowrank_easy,1024,False,torch.float32,1234,0.1,16,7,256,3.4466135501861572,7.728006362915039,,,,,,,scale_1.0
lowrank_easy,1024,False,torch.float32,1234,0.1,16,0,1024,0.02770952694118023,0.01836283691227436,,,,,,,rare_sharp_shift
lowrank_easy,1024,False,torch.float32,1234,0.1,16,1,256,0.04017148166894913,0.03284282609820366,,,,,,,rare_sharp_shift
lowrank_easy,1024,False,torch.float32,1234,0.1,16,2,1024,0.026389896869659424,0.0169071052223444,,,,,,,rare_sharp_shift
lowrank_easy,1024,False,torch.float32,1234,0.1,16,3,1024,0.026432834565639496,0.016719460487365723,,,,,,,rare_sharp_shift
lowrank_easy,1024,False,torch.float32,1234,0.1,16,4,256,0.04238270968198776,0.03507169708609581,,,,,,,rare_sharp_shift
lowrank_easy,1024,False,torch.float32,1234,0.1,16,5,256,0.04172855243086815,0.03455803543329239,,,,,,,rare_sharp_shift
lowrank_easy,1024,False,torch.float32,1234,0.1,16,6,256,0.040013186633586884,0.03241070732474327,,,,,,,rare_sharp_shift
lowrank_easy,1024,False,torch.float32,1234,0.1,16,7,256,0.04827973619103432,0.04097000136971474,,,,,,,rare_sharp_shift
lowrank_easy,2048,False,torch.float32,1234,0.1,16,0,256,0.07150693237781525,0.12212786078453064,,,,,,,
lowrank_easy,2048,False,torch.float32,1234,0.1,16,1,256,0.10032930970191956,0.2042752206325531,,,,,,,
lowrank_easy,2048,False,torch.float32,1234,0.1,16,2,256,0.08061110973358154,0.1697741448879242,,,,,,,
lowrank_easy,2048,False,torch.float32,1234,0.1,16,3,256,0.07790244370698929,0.13685837388038635,,,,,,,
lowrank_easy,2048,False,torch.float32,1234,0.1,16,4,256,0.08473044633865356,0.16387048363685608,,,,,,,
lowrank_easy,2048,False,torch.float32,1234,0.1,16,5,1024,0.04579750820994377,0.07756529003381729,,,,,,,
lowrank_easy,2048,False,torch.float32,1234,0.1,16,6,64,0.0744611918926239,0.12706126272678375,,,,,,,
lowrank_easy,2048,False,torch.float32,1234,0.1,16,7,256,0.08342522382736206,0.1443735659122467,,,,,,,
lowrank_easy,2048,False,torch.float32,1234,0.1,16,0,256,,,all_query_rows,0.07224196940660477,0.12234654277563095,0.2607495188713074,297,0,
lowrank_easy,2048,False,torch.float32,1234,0.1,16,1,256,,,all_query_rows,0.10026200115680695,0.18674054741859436,0.7280937433242798,676,0,
lowrank_easy,2048,False,torch.float32,1234,0.1,16,2,256,,,all_query_rows,0.08310315757989883,0.19227445125579834,0.8320454359054565,410,0,
lowrank_easy,2048,False,torch.float32,1234,0.1,16,3,256,,,all_query_rows,0.07785408198833466,0.1357797384262085,0.38583165407180786,366,0,
lowrank_easy,2048,False,torch.float32,1234,0.1,16,4,256,,,all_query_rows,0.08200474828481674,0.15200424194335938,0.31211137771606445,499,0,
lowrank_easy,2048,False,torch.float32,1234,0.1,16,5,1024,,,all_query_rows,0.04745939373970032,0.08792900294065475,0.246739462018013,54,0,
lowrank_easy,2048,False,torch.float32,1234,0.1,16,6,64,,,all_query_rows,0.07401049137115479,0.12711766362190247,0.2428871989250183,290,0,
lowrank_easy,2048,False,torch.float32,1234,0.1,16,7,256,,,all_query_rows,0.08312072604894638,0.1494745910167694,0.43974441289901733,445,0,
lowrank_easy,2048,False,torch.float32,1234,0.1,16,0,256,0.08828017115592957,0.19118157029151917,,,,,,,lowrank_easy
lowrank_easy,2048,False,torch.float32,1234,0.1,16,1,256,0.10873554646968842,0.22052788734436035,,,,,,,lowrank_easy
lowrank_easy,2048,False,torch.float32,1234,0.1,16,2,256,0.07989390194416046,0.1563381850719452,,,,,,,lowrank_easy
lowrank_easy,2048,False,torch.float32,1234,0.1,16,3,256,0.0744202584028244,0.12314634025096893,,,,,,,lowrank_easy
lowrank_easy,2048,False,torch.float32,1234,0.1,16,4,256,0.09696449339389801,0.1547711342573166,,,,,,,lowrank_easy
lowrank_easy,2048,False,torch.float32,1234,0.1,16,5,1024,0.03546464070677757,0.059975408017635345,,,,,,,lowrank_easy
lowrank_easy,2048,False,torch.float32,1234,0.1,16,6,64,0.13288182020187378,0.21020013093948364,,,,,,,lowrank_easy
lowrank_easy,2048,False,torch.float32,1234,0.1,16,7,256,0.08388134837150574,0.22028431296348572,,,,,,,lowrank_easy
lowrank_easy,2048,False,torch.float32,1234,0.1,16,0,256,4.633148670196533,12.1535005569458,,,,,,,scale_1.0
lowrank_easy,2048,False,torch.float32,1234,0.1,16,1,256,3.514464855194092,8.231560707092285,,,,,,,scale_1.0
lowrank_easy,2048,False,torch.float32,1234,0.1,16,2,256,3.9477553367614746,9.86506462097168,,,,,,,scale_1.0
lowrank_easy,2048,False,torch.float32,1234,0.1,16,3,256,3.8273043632507324,9.08005142211914,,,,,,,scale_1.0
lowrank_easy,2048,False,torch.float32,1234,0.1,16,4,256,4.525388240814209,12.591398239135742,,,,,,,scale_1.0
lowrank_easy,2048,False,torch.float32,1234,0.1,16,5,1024,3.2446653842926025,7.419862747192383,,,,,,,scale_1.0
lowrank_easy,2048,False,torch.float32,1234,0.1,16,6,64,7.276675224304199,19.10881996154785,,,,,,,scale_1.0
lowrank_easy,2048,False,torch.float32,1234,0.1,16,7,256,4.363500595092773,10.016192436218262,,,,,,,scale_1.0
lowrank_easy,2048,False,torch.float32,1234,0.1,16,0,256,0.034538011997938156,0.034439973533153534,,,,,,,rare_sharp_shift
lowrank_easy,2048,False,torch.float32,1234,0.1,16,1,256,0.027789704501628876,0.02704625576734543,,,,,,,rare_sharp_shift
lowrank_easy,2048,False,torch.float32,1234,0.1,16,2,256,0.032511234283447266,0.031949371099472046,,,,,,,rare_sharp_shift
lowrank_easy,2048,False,torch.float32,1234,0.1,16,3,256,0.03528430312871933,0.0350816436111927,,,,,,,rare_sharp_shift
lowrank_easy,2048,False,torch.float32,1234,0.1,16,4,256,0.03836993873119354,0.038390107452869415,,,,,,,rare_sharp_shift
lowrank_easy,2048,False,torch.float32,1234,0.1,16,5,1024,0.020078197121620178,0.01806468702852726,,,,,,,rare_sharp_shift
lowrank_easy,2048,False,torch.float32,1234,0.1,16,6,64,0.07296223938465118,0.07776591181755066,,,,,,,rare_sharp_shift
lowrank_easy,2048,False,torch.float32,1234,0.1,16,7,256,0.035855017602443695,0.03608135133981705,,,,,,,rare_sharp_shift
lowrank_easy,4096,False,torch.float32,1234,0.1,16,0,256,0.05068308115005493,0.0863867774605751,,,,,,,
lowrank_easy,4096,False,torch.float32,1234,0.1,16,1,1024,0.035844407975673676,0.06189779192209244,,,,,,,
lowrank_easy,4096,False,torch.float32,1234,0.1,16,2,256,0.07850129902362823,0.14408795535564423,,,,,,,
lowrank_easy,4096,False,torch.float32,1234,0.1,16,3,256,0.07512569427490234,0.1388407051563263,,,,,,,
lowrank_easy,4096,False,torch.float32,1234,0.1,16,4,256,0.09148459136486053,0.1895347535610199,,,,,,,
lowrank_easy,4096,False,torch.float32,1234,0.1,16,5,256,0.08542616665363312,0.14401225745677948,,,,,,,
lowrank_easy,4096,False,torch.float32,1234,0.1,16,6,1024,0.030755385756492615,0.051417265087366104,,,,,,,
lowrank_easy,4096,False,torch.float32,1234,0.1,16,7,256,0.11577987670898438,0.20060433447360992,,,,,,,
lowrank_easy,4096,False,torch.float32,1234,0.1,16,0,256,,,all_query_rows,0.05315021425485611,0.08961749076843262,0.33801862597465515,113,0,
lowrank_easy,4096,False,torch.float32,1234,0.1,16,1,1024,,,all_query_rows,0.03692610561847687,0.0709766075015068,0.21475845575332642,48,0,
lowrank_easy,4096,False,torch.float32,1234,0.1,16,2,256,,,all_query_rows,0.07484282553195953,0.13576120138168335,0.31520622968673706,689,0,
lowrank_easy,4096,False,torch.float32,1234,0.1,16,3,256,,,all_query_rows,0.07412753999233246,0.1302323043346405,0.26995357871055603,571,0,
lowrank_easy,4096,False,torch.float32,1234,0.1,16,4,256,,,all_query_rows,0.08934114873409271,0.17699216306209564,0.4434204697608948,1196,0,
lowrank_easy,4096,False,torch.float32,1234,0.1,16,5,256,,,all_query_rows,0.08554992079734802,0.14676561951637268,0.4499918520450592,975,0,
lowrank_easy,4096,False,torch.float32,1234,0.1,16,6,1024,,,all_query_rows,0.030889760702848434,0.054841648787260056,0.1901828795671463,16,0,
lowrank_easy,4096,False,torch.float32,1234,0.1,16,7,256,,,all_query_rows,0.11225324869155884,0.19580551981925964,0.47751742601394653,1963,0,
lowrank_easy,4096,False,torch.float32,1234,0.1,16,0,256,0.0466182716190815,0.08737330138683319,,,,,,,lowrank_easy
lowrank_easy,4096,False,torch.float32,1234,0.1,16,1,1024,0.035527363419532776,0.05462750419974327,,,,,,,lowrank_easy
lowrank_easy,4096,False,torch.float32,1234,0.1,16,2,256,0.09343384206295013,0.158541738986969,,,,,,,lowrank_easy
lowrank_easy,4096,False,torch.float32,1234,0.1,16,3,256,0.07177825272083282,0.11615841835737228,,,,,,,lowrank_easy
lowrank_easy,4096,False,torch.float32,1234,0.1,16,4,256,0.11032559722661972,0.215629443526268,,,,,,,lowrank_easy
lowrank_easy,4096,False,torch.float32,1234,0.1,16,5,256,0.06332936137914658,0.10244159400463104,,,,,,,lowrank_easy
lowrank_easy,4096,False,torch.float32,1234,0.1,16,6,1024,0.03464984521269798,0.0599108524620533,,,,,,,lowrank_easy
lowrank_easy,4096,False,torch.float32,1234,0.1,16,7,256,0.06116601824760437,0.11112138628959656,,,,,,,lowrank_easy
lowrank_easy,4096,False,torch.float32,1234,0.1,16,0,256,4.368217468261719,10.755966186523438,,,,,,,scale_1.0
lowrank_easy,4096,False,torch.float32,1234,0.1,16,1,1024,4.208672523498535,11.002918243408203,,,,,,,scale_1.0
lowrank_easy,4096,False,torch.float32,1234,0.1,16,2,256,4.804196357727051,10.758966445922852,,,,,,,scale_1.0
lowrank_easy,4096,False,torch.float32,1234,0.1,16,3,256,5.547106742858887,13.435463905334473,,,,,,,scale_1.0
lowrank_easy,4096,False,torch.float32,1234,0.1,16,4,256,4.724186420440674,11.043914794921875,,,,,,,scale_1.0
lowrank_easy,4096,False,torch.float32,1234,0.1,16,5,256,4.712355613708496,11.870624542236328,,,,,,,scale_1.0
lowrank_easy,4096,False,torch.float32,1234,0.1,16,6,1024,4.155758857727051,9.678633689880371,,,,,,,scale_1.0
lowrank_easy,4096,False,torch.float32,1234,0.1,16,7,256,5.083898067474365,11.804239273071289,,,,,,,scale_1.0
lowrank_easy,4096,False,torch.float32,1234,0.1,16,0,256,0.042005330324172974,0.026204664260149002,,,,,,,rare_sharp_shift
lowrank_easy,4096,False,torch.float32,1234,0.1,16,1,1024,0.033457525074481964,0.015757139772176743,,,,,,,rare_sharp_shift
lowrank_easy,4096,False,torch.float32,1234,0.1,16,2,256,0.050692640244960785,0.035788394510746,,,,,,,rare_sharp_shift
lowrank_easy,4096,False,torch.float32,1234,0.1,16,3,256,0.053218524903059006,0.03815585374832153,,,,,,,rare_sharp_shift
lowrank_easy,4096,False,torch.float32,1234,0.1,16,4,256,0.04792589321732521,0.034475184977054596,,,,,,,rare_sharp_shift
lowrank_easy,4096,False,torch.float32,1234,0.1,16,5,256,0.04056163877248764,0.02498142048716545,,,,,,,rare_sharp_shift
lowrank_easy,4096,False,torch.float32,1234,0.1,16,6,1024,0.03363776206970215,0.01611178368330002,,,,,,,rare_sharp_shift
lowrank_easy,4096,False,torch.float32,1234,0.1,16,7,256,0.05050906166434288,0.03569807484745979,,,,,,,rare_sharp_shift
lowrank_easy,8192,False,torch.float32,1234,0.1,16,0,256,0.06522638350725174,0.12409273535013199,,,,,,,
lowrank_easy,8192,False,torch.float32,1234,0.1,16,1,256,0.06967476010322571,0.13661497831344604,,,,,,,
lowrank_easy,8192,False,torch.float32,1234,0.1,16,2,256,0.07216542214155197,0.12778012454509735,,,,,,,
lowrank_easy,8192,False,torch.float32,1234,0.1,16,3,256,0.07978096604347229,0.14412783086299896,,,,,,,
lowrank_easy,8192,False,torch.float32,1234,0.1,16,4,1024,0.039817020297050476,0.0706510990858078,,,,,,,
lowrank_easy,8192,False,torch.float32,1234,0.1,16,5,256,0.08271658420562744,0.16479697823524475,,,,,,,
lowrank_easy,8192,False,torch.float32,1234,0.1,16,6,256,0.07773745059967041,0.1361924111843109,,,,,,,
lowrank_easy,8192,False,torch.float32,1234,0.1,16,7,1024,0.06694012880325317,0.17215420305728912,,,,,,,
lowrank_easy,8192,False,torch.float32,1234,0.1,16,0,256,0.10812120139598846,0.1752583086490631,,,,,,,lowrank_easy
lowrank_easy,8192,False,torch.float32,1234,0.1,16,1,256,0.05184771120548248,0.10071457922458649,,,,,,,lowrank_easy
lowrank_easy,8192,False,torch.float32,1234,0.1,16,2,256,0.10827036947011948,0.17695847153663635,,,,,,,lowrank_easy
lowrank_easy,8192,False,torch.float32,1234,0.1,16,3,256,0.08762307465076447,0.15267528593540192,,,,,,,lowrank_easy
lowrank_easy,8192,False,torch.float32,1234,0.1,16,4,1024,0.0628264844417572,0.1004665344953537,,,,,,,lowrank_easy
lowrank_easy,8192,False,torch.float32,1234,0.1,16,5,256,0.08630385249853134,0.14723798632621765,,,,,,,lowrank_easy
lowrank_easy,8192,False,torch.float32,1234,0.1,16,6,256,0.05460602790117264,0.10587424039840698,,,,,,,lowrank_easy
lowrank_easy,8192,False,torch.float32,1234,0.1,16,7,1024,0.03992327302694321,0.07668007910251617,,,,,,,lowrank_easy
lowrank_easy,8192,False,torch.float32,1234,0.1,16,0,256,6.085233688354492,15.57518196105957,,,,,,,scale_1.0
lowrank_easy,8192,False,torch.float32,1234,0.1,16,1,256,5.245479583740234,11.093531608581543,,,,,,,scale_1.0
lowrank_easy,8192,False,torch.float32,1234,0.1,16,2,256,4.516575336456299,10.274909019470215,,,,,,,scale_1.0
lowrank_easy,8192,False,torch.float32,1234,0.1,16,3,256,5.034089088439941,10.128366470336914,,,,,,,scale_1.0
lowrank_easy,8192,False,torch.float32,1234,0.1,16,4,1024,4.875227928161621,11.362848281860352,,,,,,,scale_1.0
lowrank_easy,8192,False,torch.float32,1234,0.1,16,5,256,4.726062774658203,10.95158576965332,,,,,,,scale_1.0
lowrank_easy,8192,False,torch.float32,1234,0.1,16,6,256,4.978310585021973,11.284775733947754,,,,,,,scale_1.0
lowrank_easy,8192,False,torch.float32,1234,0.1,16,7,1024,5.409529209136963,16.241928100585938,,,,,,,scale_1.0
lowrank_easy,8192,False,torch.float32,1234,0.1,16,0,256,0.037884071469306946,0.034354034811258316,,,,,,,rare_sharp_shift
lowrank_easy,8192,False,torch.float32,1234,0.1,16,1,256,0.03270645812153816,0.028731632977724075,,,,,,,rare_sharp_shift
lowrank_easy,8192,False,torch.float32,1234,0.1,16,2,256,0.039687272161245346,0.035841360688209534,,,,,,,rare_sharp_shift
lowrank_easy,8192,False,torch.float32,1234,0.1,16,3,256,0.038050953298807144,0.03427606448531151,,,,,,,rare_sharp_shift
lowrank_easy,8192,False,torch.float32,1234,0.1,16,4,1024,0.02525617554783821,0.019922755658626556,,,,,,,rare_sharp_shift
lowrank_easy,8192,False,torch.float32,1234,0.1,16,5,256,0.0346401110291481,0.030839160084724426,,,,,,,rare_sharp_shift
lowrank_easy,8192,False,torch.float32,1234,0.1,16,6,256,0.033340275287628174,0.029009521007537842,,,,,,,rare_sharp_shift
lowrank_easy,8192,False,torch.float32,1234,0.1,16,7,1024,0.020719777792692184,0.014815744943916798,,,,,,,rare_sharp_shift
lowrank_easy,16384,False,torch.float32,1234,0.1,16,0,256,0.07248426973819733,0.12620340287685394,,,,,,,
lowrank_easy,16384,False,torch.float32,1234,0.1,16,1,256,0.07941919565200806,0.1319785863161087,,,,,,,
lowrank_easy,16384,False,torch.float32,1234,0.1,16,2,256,0.0730304941534996,0.14076143503189087,,,,,,,
lowrank_easy,16384,False,torch.float32,1234,0.1,16,3,1024,0.05807660520076752,0.10653919726610184,,,,,,,
lowrank_easy,16384,False,torch.float32,1234,0.1,16,4,0,0.0,0.0,,,,,,,
lowrank_easy,16384,False,torch.float32,1234,0.1,16,5,256,0.07530622184276581,0.14002725481987,,,,,,,
lowrank_easy,16384,False,torch.float32,1234,0.1,16,6,256,0.0698951855301857,0.11246836185455322,,,,,,,
lowrank_easy,16384,False,torch.float32,1234,0.1,16,7,256,0.06167995184659958,0.09815948456525803,,,,,,,
lowrank_easy,16384,False,torch.float32,1234,0.1,16,0,256,0.07545758783817291,0.13520987331867218,,,,,,,lowrank_easy
lowrank_easy,16384,False,torch.float32,1234,0.1,16,1,256,0.06503086537122726,0.12501738965511322,,,,,,,lowrank_easy
lowrank_easy,16384,False,torch.float32,1234,0.1,16,2,256,0.09517955780029297,0.2620832920074463,,,,,,,lowrank_easy
lowrank_easy,16384,False,torch.float32,1234,0.1,16,3,1024,0.045307599008083344,0.0830017551779747,,,,,,,lowrank_easy
lowrank_easy,16384,False,torch.float32,1234,0.1,16,4,0,0.0,0.0,,,,,,,lowrank_easy
lowrank_easy,16384,False,torch.float32,1234,0.1,16,5,256,0.10638369619846344,0.24953725934028625,,,,,,,lowrank_easy
lowrank_easy,16384,False,torch.float32,1234,0.1,16,6,256,0.059427179396152496,0.11068595200777054,,,,,,,lowrank_easy
lowrank_easy,16384,False,torch.float32,1234,0.1,16,7,256,0.07471612095832825,0.14037564396858215,,,,,,,lowrank_easy
lowrank_easy,16384,False,torch.float32,1234,0.1,16,0,256,6.1175336837768555,13.9859037399292,,,,,,,scale_1.0
lowrank_easy,16384,False,torch.float32,1234,0.1,16,1,256,5.486466407775879,11.697412490844727,,,,,,,scale_1.0
lowrank_easy,16384,False,torch.float32,1234,0.1,16,2,256,5.710518836975098,13.893863677978516,,,,,,,scale_1.0
lowrank_easy,16384,False,torch.float32,1234,0.1,16,3,1024,4.995406150817871,12.200719833374023,,,,,,,scale_1.0
lowrank_easy,16384,False,torch.float32,1234,0.1,16,4,0,0.0,0.0,,,,,,,scale_1.0
lowrank_easy,16384,False,torch.float32,1234,0.1,16,5,256,6.258734703063965,15.137162208557129,,,,,,,scale_1.0
lowrank_easy,16384,False,torch.float32,1234,0.1,16,6,256,6.918814659118652,17.137393951416016,,,,,,,scale_1.0
lowrank_easy,16384,False,torch.float32,1234,0.1,16,7,256,6.855888366699219,17.4752254486084,,,,,,,scale_1.0
lowrank_easy,16384,False,torch.float32,1234,0.1,16,0,256,0.03664793074131012,0.029100067913532257,,,,,,,rare_sharp_shift
lowrank_easy,16384,False,torch.float32,1234,0.1,16,1,256,0.045522283762693405,0.03905636444687843,,,,,,,rare_sharp_shift
lowrank_easy,16384,False,torch.float32,1234,0.1,16,2,256,0.03854331001639366,0.031003577634692192,,,,,,,rare_sharp_shift
lowrank_easy,16384,False,torch.float32,1234,0.1,16,3,1024,0.023318232968449593,0.013113535940647125,,,,,,,rare_sharp_shift
lowrank_easy,16384,False,torch.float32,1234,0.1,16,4,0,0.0,0.0,,,,,,,rare_sharp_shift
lowrank_easy,16384,False,torch.float32,1234,0.1,16,5,256,0.04141794145107269,0.03398066759109497,,,,,,,rare_sharp_shift
lowrank_easy,16384,False,torch.float32,1234,0.1,16,6,256,0.037604741752147675,0.029964979737997055,,,,,,,rare_sharp_shift
lowrank_easy,16384,False,torch.float32,1234,0.1,16,7,256,0.037668585777282715,0.029811279848217964,,,,,,,rare_sharp_shift
lowrank_easy,32768,False,torch.float32,1234,0.1,16,0,256,0.09352533519268036,0.18992199003696442,,,,,,,
lowrank_easy,32768,False,torch.float32,1234,0.1,16,1,64,0.09691416472196579,0.1440950185060501,,,,,,,
lowrank_easy,32768,False,torch.float32,1234,0.1,16,2,1024,0.03632846474647522,0.07689772546291351,,,,,,,
lowrank_easy,32768,False,torch.float32,1234,0.1,16,3,256,0.0676087886095047,0.12425319850444794,,,,,,,
lowrank_easy,32768,False,torch.float32,1234,0.1,16,4,256,0.07111768424510956,0.12388642877340317,,,,,,,
lowrank_easy,32768,False,torch.float32,1234,0.1,16,5,1024,0.05053950846195221,0.0945473164319992,,,,,,,
lowrank_easy,32768,False,torch.float32,1234,0.1,16,6,256,0.08700420707464218,0.1641167849302292,,,,,,,
lowrank_easy,32768,False,torch.float32,1234,0.1,16,7,256,0.0934809148311615,0.15859496593475342,,,,,,,
lowrank_easy,32768,False,torch.float32,1234,0.1,16,0,256,0.08061111718416214,0.15468589961528778,,,,,,,lowrank_easy
lowrank_easy,32768,False,torch.float32,1234,0.1,16,1,64,0.09402327239513397,0.1431421935558319,,,,,,,lowrank_easy
lowrank_easy,32768,False,torch.float32,1234,0.1,16,2,1024,0.05479467287659645,0.10184517502784729,,,,,,,lowrank_easy
lowrank_easy,32768,False,torch.float32,1234,0.1,16,3,256,0.12022817879915237,0.2492808997631073,,,,,,,lowrank_easy
lowrank_easy,32768,False,torch.float32,1234,0.1,16,4,256,0.057546552270650864,0.08499860018491745,,,,,,,lowrank_easy
lowrank_easy,32768,False,torch.float32,1234,0.1,16,5,1024,0.03766683489084244,0.07648468017578125,,,,,,,lowrank_easy
lowrank_easy,32768,False,torch.float32,1234,0.1,16,6,256,0.05270051956176758,0.09194784611463547,,,,,,,lowrank_easy
lowrank_easy,32768,False,torch.float32,1234,0.1,16,7,256,0.10757814347743988,0.21633733808994293,,,,,,,lowrank_easy
lowrank_easy,32768,False,torch.float32,1234,0.1,16,0,256,6.988046646118164,15.143876075744629,,,,,,,scale_1.0
lowrank_easy,32768,False,torch.float32,1234,0.1,16,1,64,5.209393501281738,9.13725471496582,,,,,,,scale_1.0
lowrank_easy,32768,False,torch.float32,1234,0.1,16,2,1024,5.495505332946777,12.748485565185547,,,,,,,scale_1.0
lowrank_easy,32768,False,torch.float32,1234,0.1,16,3,256,5.648349285125732,12.473166465759277,,,,,,,scale_1.0
lowrank_easy,32768,False,torch.float32,1234,0.1,16,4,256,6.462324142456055,14.182384490966797,,,,,,,scale_1.0
lowrank_easy,32768,False,torch.float32,1234,0.1,16,5,1024,5.907304763793945,14.46015739440918,,,,,,,scale_1.0
lowrank_easy,32768,False,torch.float32,1234,0.1,16,6,256,6.236199378967285,14.46230697631836,,,,,,,scale_1.0
lowrank_easy,32768,False,torch.float32,1234,0.1,16,7,256,8.014730453491211,22.108549118041992,,,,,,,scale_1.0
lowrank_easy,32768,False,torch.float32,1234,0.1,16,0,256,0.04011029750108719,0.037459418177604675,,,,,,,rare_sharp_shift
lowrank_easy,32768,False,torch.float32,1234,0.1,16,1,64,0.0655120387673378,0.0639432892203331,,,,,,,rare_sharp_shift
lowrank_easy,32768,False,torch.float32,1234,0.1,16,2,1024,0.022064853459596634,0.01616913452744484,,,,,,,rare_sharp_shift
lowrank_easy,32768,False,torch.float32,1234,0.1,16,3,256,0.03692663460969925,0.03354380279779434,,,,,,,rare_sharp_shift
lowrank_easy,32768,False,torch.float32,1234,0.1,16,4,256,0.03490561619400978,0.03061719797551632,,,,,,,rare_sharp_shift
lowrank_easy,32768,False,torch.float32,1234,0.1,16,5,1024,0.022372040897607803,0.016443010419607162,,,,,,,rare_sharp_shift
lowrank_easy,32768,False,torch.float32,1234,0.1,16,6,256,0.03305797278881073,0.029391691088676453,,,,,,,rare_sharp_shift
lowrank_easy,32768,False,torch.float32,1234,0.1,16,7,256,0.03760932385921478,0.03475320711731911,,,,,,,rare_sharp_shift
lowrank_easy,65536,False,torch.float32,1234,0.1,16,0,1024,0.035514652729034424,0.07263453304767609,,,,,,,
lowrank_easy,65536,False,torch.float32,1234,0.1,16,1,256,0.10905428975820541,0.22355026006698608,,,,,,,
lowrank_easy,65536,False,torch.float32,1234,0.1,16,2,256,0.050971053540706635,0.08877773582935333,,,,,,,
lowrank_easy,65536,False,torch.float32,1234,0.1,16,3,256,0.08880862593650818,0.14140237867832184,,,,,,,
lowrank_easy,65536,False,torch.float32,1234,0.1,16,4,256,0.05630527064204216,0.11564142256975174,,,,,,,
lowrank_easy,65536,False,torch.float32,1234,0.1,16,5,256,0.07049711048603058,0.12399540841579437,,,,,,,
lowrank_easy,65536,False,torch.float32,1234,0.1,16,6,256,0.08962665498256683,0.1897287368774414,,,,,,,
lowrank_easy,65536,False,torch.float32,1234,0.1,16,7,256,0.09192883968353271,0.1441698968410492,,,,,,,
lowrank_easy,65536,False,torch.float32,1234,0.1,16,0,1024,0.058740608394145966,0.14869412779808044,,,,,,,lowrank_easy
lowrank_easy,65536,False,torch.float32,1234,0.1,16,1,256,0.08818639814853668,0.18566779792308807,,,,,,,lowrank_easy
lowrank_easy,65536,False,torch.float32,1234,0.1,16,2,256,0.07448276877403259,0.12811964750289917,,,,,,,lowrank_easy
lowrank_easy,65536,False,torch.float32,1234,0.1,16,3,256,0.1143149882555008,0.299504816532135,,,,,,,lowrank_easy
lowrank_easy,65536,False,torch.float32,1234,0.1,16,4,256,0.0946381464600563,0.1684342920780182,,,,,,,lowrank_easy
lowrank_easy,65536,False,torch.float32,1234,0.1,16,5,256,0.06659401953220367,0.107285276055336,,,,,,,lowrank_easy
lowrank_easy,65536,False,torch.float32,1234,0.1,16,6,256,0.09673275798559189,0.19382034242153168,,,,,,,lowrank_easy
lowrank_easy,65536,False,torch.float32,1234,0.1,16,7,256,0.08664314448833466,0.12498287111520767,,,,,,,lowrank_easy
lowrank_easy,65536,False,torch.float32,1234,0.1,16,0,1024,6.30335807800293,15.373763084411621,,,,,,,scale_1.0
lowrank_easy,65536,False,torch.float32,1234,0.1,16,1,256,6.536771297454834,15.259954452514648,,,,,,,scale_1.0
lowrank_easy,65536,False,torch.float32,1234,0.1,16,2,256,6.682078838348389,15.181217193603516,,,,,,,scale_1.0
lowrank_easy,65536,False,torch.float32,1234,0.1,16,3,256,7.991551399230957,18.422861099243164,,,,,,,scale_1.0
lowrank_easy,65536,False,torch.float32,1234,0.1,16,4,256,8.055519104003906,20.84825897216797,,,,,,,scale_1.0
lowrank_easy,65536,False,torch.float32,1234,0.1,16,5,256,6.766820907592773,14.018831253051758,,,,,,,scale_1.0
lowrank_easy,65536,False,torch.float32,1234,0.1,16,6,256,5.686628341674805,11.36294174194336,,,,,,,scale_1.0
lowrank_easy,65536,False,torch.float32,1234,0.1,16,7,256,6.470043182373047,14.321349143981934,,,,,,,scale_1.0
lowrank_easy,65536,False,torch.float32,1234,0.1,16,0,1024,0.01204117015004158,0.013662970624864101,,,,,,,rare_sharp_shift
lowrank_easy,65536,False,torch.float32,1234,0.1,16,1,256,0.02450508624315262,0.027401139959692955,,,,,,,rare_sharp_shift
lowrank_easy,65536,False,torch.float32,1234,0.1,16,2,256,0.02898336574435234,0.03273293748497963,,,,,,,rare_sharp_shift
lowrank_easy,65536,False,torch.float32,1234,0.1,16,3,256,0.031497012823820114,0.03550007939338684,,,,,,,rare_sharp_shift
lowrank_easy,65536,False,torch.float32,1234,0.1,16,4,256,0.03617151826620102,0.040160730481147766,,,,,,,rare_sharp_shift
lowrank_easy,65536,False,torch.float32,1234,0.1,16,5,256,0.02336076833307743,0.026468615978956223,,,,,,,rare_sharp_shift
lowrank_easy,65536,False,torch.float32,1234,0.1,16,6,256,0.025256354361772537,0.0289828609675169,,,,,,,rare_sharp_shift
lowrank_easy,65536,False,torch.float32,1234,0.1,16,7,256,0.030009150505065918,0.03414969891309738,,,,,,,rare_sharp_shift
lowrank_easy,512,True,torch.float16,1234,0.1,16,0,256,0.08424641937017441,0.14883701503276825,,,,,,,
lowrank_easy,512,True,torch.float16,1234,0.1,16,1,256,0.07869911193847656,0.2035432904958725,,,,,,,
lowrank_easy,512,True,torch.float16,1234,0.1,16,2,256,0.04947903752326965,0.07983795553445816,,,,,,,
lowrank_easy,512,True,torch.float16,1234,0.1,16,3,256,0.05063721537590027,0.09955155849456787,,,,,,,
lowrank_easy,512,True,torch.float16,1234,0.1,16,4,256,0.0719505250453949,0.1441304087638855,,,,,,,
lowrank_easy,512,True,torch.float16,1234,0.1,16,5,64,0.10461156070232391,0.19224785268306732,,,,,,,
lowrank_easy,512,True,torch.float16,1234,0.1,16,6,256,0.09287237375974655,0.1815006136894226,,,,,,,
lowrank_easy,512,True,torch.float16,1234,0.1,16,7,256,0.08828757703304291,0.14361260831356049,,,,,,,
lowrank_easy,512,True,torch.float16,1234,0.1,16,0,256,,,all_query_rows,0.0860382542014122,0.1500273197889328,0.27737703919410706,117,0,
lowrank_easy,512,True,torch.float16,1234,0.1,16,1,256,,,all_query_rows,0.07363279163837433,0.18145450949668884,0.5542072057723999,90,0,
lowrank_easy,512,True,torch.float16,1234,0.1,16,2,256,,,all_query_rows,0.04926953464746475,0.07987144589424133,0.17686507105827332,10,0,
lowrank_easy,512,True,torch.float16,1234,0.1,16,3,256,,,all_query_rows,0.05111996456980705,0.0992075577378273,0.20596997439861298,26,0,
lowrank_easy,512,True,torch.float16,1234,0.1,16,4,256,,,all_query_rows,0.06979695707559586,0.13416381180286407,0.34730103611946106,78,0,
lowrank_easy,512,True,torch.float16,1234,0.1,16,5,64,,,all_query_rows,0.1017366349697113,0.18389694392681122,0.43956586718559265,215,0,
lowrank_easy,512,True,torch.float16,1234,0.1,16,6,256,,,all_query_rows,0.09348763525485992,0.18636274337768555,0.29725614190101624,148,0,
lowrank_easy,512,True,torch.float16,1234,0.1,16,7,256,,,all_query_rows,0.08690548688173294,0.14024055004119873,0.41192954778671265,125,0,
lowrank_easy,512,True,torch.float16,1234,0.1,16,0,256,0.0554967001080513,0.11389181017875671,,,,,,,lowrank_easy
lowrank_easy,512,True,torch.float16,1234,0.1,16,1,256,0.0822163000702858,0.14281946420669556,,,,,,,lowrank_easy
lowrank_easy,512,True,torch.float16,1234,0.1,16,2,256,0.08555211871862411,0.149490088224411,,,,,,,lowrank_easy
lowrank_easy,512,True,torch.float16,1234,0.1,16,3,256,0.06425492465496063,0.10493024438619614,,,,,,,lowrank_easy
lowrank_easy,512,True,torch.float16,1234,0.1,16,4,256,0.07600031793117523,0.15522609651088715,,,,,,,lowrank_easy
lowrank_easy,512,True,torch.float16,1234,0.1,16,5,64,0.14017194509506226,0.2704455256462097,,,,,,,lowrank_easy
lowrank_easy,512,True,torch.float16,1234,0.1,16,6,256,0.06266851723194122,0.15287990868091583,,,,,,,lowrank_easy
lowrank_easy,512,True,torch.float16,1234,0.1,16,7,256,0.0993744283914566,0.1760898381471634,,,,,,,lowrank_easy
lowrank_easy,512,True,torch.float16,1234,0.1,16,0,256,2.2737367153167725,4.92522668838501,,,,,,,scale_1.0
lowrank_easy,512,True,torch.float16,1234,0.1,16,1,256,2.5024161338806152,6.205775260925293,,,,,,,scale_1.0
lowrank_easy,512,True,torch.float16,1234,0.1,16,2,256,2.8453190326690674,7.774017333984375,,,,,,,scale_1.0
lowrank_easy,512,True,torch.float16,1234,0.1,16,3,256,2.3552145957946777,4.481048583984375,,,,,,,scale_1.0
lowrank_easy,512,True,torch.float16,1234,0.1,16,4,256,2.31545352935791,5.128859519958496,,,,,,,scale_1.0
lowrank_easy,512,True,torch.float16,1234,0.1,16,5,64,2.5263724327087402,5.293292045593262,,,,,,,scale_1.0
lowrank_easy,512,True,torch.float16,1234,0.1,16,6,256,2.3643879890441895,5.125461578369141,,,,,,,scale_1.0
lowrank_easy,512,True,torch.float16,1234,0.1,16,7,256,2.2825348377227783,4.877115249633789,,,,,,,scale_1.0
lowrank_easy,512,True,torch.float16,1234,0.1,16,0,256,0.04601016640663147,0.03788360208272934,,,,,,,rare_sharp_shift
lowrank_easy,512,True,torch.float16,1234,0.1,16,1,256,0.04650146886706352,0.04103625565767288,,,,,,,rare_sharp_shift
lowrank_easy,512,True,torch.float16,1234,0.1,16,2,256,0.0408785417675972,0.03243167698383331,,,,,,,rare_sharp_shift
lowrank_easy,512,True,torch.float16,1234,0.1,16,3,256,0.04697103425860405,0.04031158983707428,,,,,,,rare_sharp_shift
lowrank_easy,512,True,torch.float16,1234,0.1,16,4,256,0.040820613503456116,0.031564563512802124,,,,,,,rare_sharp_shift
lowrank_easy,512,True,torch.float16,1234,0.1,16,5,64,0.06757962703704834,0.06659023463726044,,,,,,,rare_sharp_shift
lowrank_easy,512,True,torch.float16,1234,0.1,16,6,256,0.04024706780910492,0.03125540539622307,,,,,,,rare_sharp_shift
lowrank_easy,512,True,torch.float16,1234,0.1,16,7,256,0.04777191951870918,0.04240317642688751,,,,,,,rare_sharp_shift
lowrank_easy,1024,True,torch.float16,1234,0.1,16,0,1024,0.03506821021437645,0.06329134851694107,,,,,,,
lowrank_easy,1024,True,torch.float16,1234,0.1,16,1,256,0.06807903200387955,0.13517537713050842,,,,,,,
lowrank_easy,1024,True,torch.float16,1234,0.1,16,2,1024,0.05306248739361763,0.10321250557899475,,,,,,,
lowrank_easy,1024,True,torch.float16,1234,0.1,16,3,256,0.09130385518074036,0.15881586074829102,,,,,,,
lowrank_easy,1024,True,torch.float16,1234,0.1,16,4,256,0.056564465165138245,0.10524314641952515,,,,,,,
lowrank_easy,1024,True,torch.float16,1234,0.1,16,5,256,0.06299129873514175,0.10368712991476059,,,,,,,
lowrank_easy,1024,True,torch.float16,1234,0.1,16,6,256,0.08870139718055725,0.2029077708721161,,,,,,,
lowrank_easy,1024,True,torch.float16,1234,0.1,16,7,256,0.0543878972530365,0.10832612216472626,,,,,,,
lowrank_easy,1024,True,torch.float16,1234,0.1,16,0,1024,,,all_query_rows,0.03452049195766449,0.06283826380968094,0.19519224762916565,12,0,
lowrank_easy,1024,True,torch.float16,1234,0.1,16,1,256,,,all_query_rows,0.06550543010234833,0.1284024566411972,0.3000258207321167,113,0,
lowrank_easy,1024,True,torch.float16,1234,0.1,16,2,1024,,,all_query_rows,0.051060616970062256,0.09717246145009995,0.1947813630104065,46,0,
lowrank_easy,1024,True,torch.float16,1234,0.1,16,3,256,,,all_query_rows,0.08900531381368637,0.1566617488861084,0.28729191422462463,256,0,
lowrank_easy,1024,True,torch.float16,1234,0.1,16,4,256,,,all_query_rows,0.05550239607691765,0.11839023232460022,0.42917943000793457,79,0,
lowrank_easy,1024,True,torch.float16,1234,0.1,16,5,256,,,all_query_rows,0.06448942422866821,0.11216868460178375,0.2130681574344635,80,0,
lowrank_easy,1024,True,torch.float16,1234,0.1,16,6,256,,,all_query_rows,0.0914435088634491,0.20705251395702362,0.6006743311882019,296,0,
lowrank_easy,1024,True,torch.float16,1234,0.1,16,7,256,,,all_query_rows,0.053526364266872406,0.10457075387239456,0.2350655347108841,63,0,
lowrank_easy,1024,True,torch.float16,1234,0.1,16,0,1024,0.05648989602923393,0.11456465721130371,,,,,,,lowrank_easy
lowrank_easy,1024,True,torch.float16,1234,0.1,16,1,256,0.06427665799856186,0.12956473231315613,,,,,,,lowrank_easy
lowrank_easy,1024,True,torch.float16,1234,0.1,16,2,1024,0.04228592664003372,0.07658334821462631,,,,,,,lowrank_easy
lowrank_easy,1024,True,torch.float16,1234,0.1,16,3,256,0.07694307714700699,0.13079345226287842,,,,,,,lowrank_easy
lowrank_easy,1024,True,torch.float16,1234,0.1,16,4,256,0.10279417037963867,0.23939907550811768,,,,,,,lowrank_easy
lowrank_easy,1024,True,torch.float16,1234,0.1,16,5,256,0.07418376207351685,0.13562306761741638,,,,,,,lowrank_easy
lowrank_easy,1024,True,torch.float16,1234,0.1,16,6,256,0.06713198870420456,0.12469891458749771,,,,,,,lowrank_easy
lowrank_easy,1024,True,torch.float16,1234,0.1,16,7,256,0.12066586315631866,0.32035696506500244,,,,,,,lowrank_easy
lowrank_easy,1024,True,torch.float16,1234,0.1,16,0,1024,2.313664674758911,6.185854911804199,,,,,,,scale_1.0
lowrank_easy,1024,True,torch.float16,1234,0.1,16,1,256,2.7981228828430176,6.464132308959961,,,,,,,scale_1.0
lowrank_easy,1024,True,torch.float16,1234,0.1,16,2,1024,2.36362886428833,4.969925880432129,,,,,,,scale_1.0
lowrank_easy,1024,True,torch.float16,1234,0.1,16,3,256,3.9785895347595215,10.428759574890137,,,,,,,scale_1.0
lowrank_easy,1024,True,torch.float16,1234,0.1,16,4,256,3.340282917022705,9.14625358581543,,,,,,,scale_1.0
lowrank_easy,1024,True,torch.float16,1234,0.1,16,5,256,2.506061553955078,4.616031646728516,,,,,,,scale_1.0
lowrank_easy,1024,True,torch.float16,1234,0.1,16,6,256,2.881096124649048,6.11857271194458,,,,,,,scale_1.0
lowrank_easy,1024,True,torch.float16,1234,0.1,16,7,256,2.6323981285095215,5.496919631958008,,,,,,,scale_1.0
lowrank_easy,1024,True,torch.float16,1234,0.1,16,0,1024,0.02669605053961277,0.01857781782746315,,,,,,,rare_sharp_shift
lowrank_easy,1024,True,torch.float16,1234,0.1,16,1,256,0.03780330717563629,0.03144926577806473,,,,,,,rare_sharp_shift
lowrank_easy,1024,True,torch.float16,1234,0.1,16,2,1024,0.025004848837852478,0.017168965190649033,,,,,,,rare_sharp_shift
lowrank_easy,1024,True,torch.float16,1234,0.1,16,3,256,0.03866695612668991,0.03134622424840927,,,,,,,rare_sharp_shift
lowrank_easy,1024,True,torch.float16,1234,0.1,16,4,256,0.041584886610507965,0.03595922142267227,,,,,,,rare_sharp_shift
lowrank_easy,1024,True,torch.float16,1234,0.1,16,5,256,0.03996990621089935,0.03437330946326256,,,,,,,rare_sharp_shift
lowrank_easy,1024,True,torch.float16,1234,0.1,16,6,256,0.03798946738243103,0.03209342062473297,,,,,,,rare_sharp_shift
lowrank_easy,1024,True,torch.float16,1234,0.1,16,7,256,0.04217477887868881,0.03737899661064148,,,,,,,rare_sharp_shift
lowrank_easy,2048,True,torch.float16,1234,0.1,16,0,256,0.0669587105512619,0.1182534471154213,,,,,,,
lowrank_easy,2048,True,torch.float16,1234,0.1,16,1,256,0.08987589180469513,0.18002961575984955,,,,,,,
lowrank_easy,2048,True,torch.float16,1234,0.1,16,2,256,0.07862824946641922,0.16597770154476166,,,,,,,
lowrank_easy,2048,True,torch.float16,1234,0.1,16,3,256,0.07475093007087708,0.13975685834884644,,,,,,,
lowrank_easy,2048,True,torch.float16,1234,0.1,16,4,256,0.09147997945547104,0.18504340946674347,,,,,,,
lowrank_easy,2048,True,torch.float16,1234,0.1,16,5,1024,0.04920881986618042,0.08885626494884491,,,,,,,
lowrank_easy,2048,True,torch.float16,1234,0.1,16,6,64,0.08651208877563477,0.1508987843990326,,,,,,,
lowrank_easy,2048,True,torch.float16,1234,0.1,16,7,256,0.07708008587360382,0.133915975689888,,,,,,,
lowrank_easy,2048,True,torch.float16,1234,0.1,16,0,256,,,all_query_rows,0.06761553883552551,0.11610071361064911,0.22057200968265533,214,0,
lowrank_easy,2048,True,torch.float16,1234,0.1,16,1,256,,,all_query_rows,0.08878064155578613,0.1628982275724411,0.6957493424415588,479,0,
lowrank_easy,2048,True,torch.float16,1234,0.1,16,2,256,,,all_query_rows,0.08141181617975235,0.1943175196647644,0.7235081195831299,392,0,
lowrank_easy,2048,True,torch.float16,1234,0.1,16,3,256,,,all_query_rows,0.07486142218112946,0.1416899561882019,0.4125470817089081,327,0,
lowrank_easy,2048,True,torch.float16,1234,0.1,16,4,256,,,all_query_rows,0.08736522495746613,0.1655634194612503,0.3682502806186676,612,0,
lowrank_easy,2048,True,torch.float16,1234,0.1,16,5,1024,,,all_query_rows,0.05081310495734215,0.09418889135122299,0.2499043494462967,79,0,
lowrank_easy,2048,True,torch.float16,1234,0.1,16,6,64,,,all_query_rows,0.0850449800491333,0.14761263132095337,0.38757607340812683,485,0,
lowrank_easy,2048,True,torch.float16,1234,0.1,16,7,256,,,all_query_rows,0.07652726024389267,0.13908398151397705,0.3782903254032135,330,0,
lowrank_easy,2048,True,torch.float16,1234,0.1,16,0,256,0.08989948034286499,0.18974635004997253,,,,,,,lowrank_easy
lowrank_easy,2048,True,torch.float16,1234,0.1,16,1,256,0.11257444322109222,0.20312857627868652,,,,,,,lowrank_easy
lowrank_easy,2048,True,torch.float16,1234,0.1,16,2,256,0.07895837724208832,0.14679573476314545,,,,,,,lowrank_easy
lowrank_easy,2048,True,torch.float16,1234,0.1,16,3,256,0.07595788687467575,0.1232929527759552,,,,,,,lowrank_easy
lowrank_easy,2048,True,torch.float16,1234,0.1,16,4,256,0.09028223156929016,0.14423683285713196,,,,,,,lowrank_easy
lowrank_easy,2048,True,torch.float16,1234,0.1,16,5,1024,0.03215307742357254,0.05348926782608032,,,,,,,lowrank_easy
lowrank_easy,2048,True,torch.float16,1234,0.1,16,6,64,0.1427241861820221,0.22212854027748108,,,,,,,lowrank_easy
lowrank_easy,2048,True,torch.float16,1234,0.1,16,7,256,0.07310180366039276,0.17469748854637146,,,,,,,lowrank_easy
lowrank_easy,2048,True,torch.float16,1234,0.1,16,0,256,3.3091585636138916,7.879739761352539,,,,,,,scale_1.0
lowrank_easy,2048,True,torch.float16,1234,0.1,16,1,256,3.2574381828308105,7.530445098876953,,,,,,,scale_1.0
lowrank_easy,2048,True,torch.float16,1234,0.1,16,2,256,3.2551801204681396,7.52897834777832,,,,,,,scale_1.0
lowrank_easy,2048,True,torch.float16,1234,0.1,16,3,256,2.9447169303894043,6.0855712890625,,,,,,,scale_1.0
lowrank_easy,2048,True,torch.float16,1234,0.1,16,4,256,3.475565195083618,8.226072311401367,,,,,,,scale_1.0
lowrank_easy,2048,True,torch.float16,1234,0.1,16,5,1024,2.404165267944336,5.253878593444824,,,,,,,scale_1.0
lowrank_easy,2048,True,torch.float16,1234,0.1,16,6,64,5.25199556350708,14.62202262878418,,,,,,,scale_1.0
lowrank_easy,2048,True,torch.float16,1234,0.1,16,7,256,3.3954739570617676,6.996962547302246,,,,,,,scale_1.0
lowrank_easy,2048,True,torch.float16,1234,0.1,16,0,256,0.03111913800239563,0.033052317798137665,,,,,,,rare_sharp_shift
lowrank_easy,2048,True,torch.float16,1234,0.1,16,1,256,0.03315281495451927,0.0379120409488678,,,,,,,rare_sharp_shift
lowrank_easy,2048,True,torch.float16,1234,0.1,16,2,256,0.030675888061523438,0.031117407605051994,,,,,,,rare_sharp_shift
lowrank_easy,2048,True,torch.float16,1234,0.1,16,3,256,0.036177124828100204,0.03780972585082054,,,,,,,rare_sharp_shift
lowrank_easy,2048,True,torch.float16,1234,0.1,16,4,256,0.034579917788505554,0.03650548309087753,,,,,,,rare_sharp_shift
lowrank_easy,2048,True,torch.float16,1234,0.1,16,5,1024,0.01821954920887947,0.0166217852383852,,,,,,,rare_sharp_shift
lowrank_easy,2048,True,torch.float16,1234,0.1,16,6,64,0.06776262819766998,0.07408256828784943,,,,,,,rare_sharp_shift
lowrank_easy,2048,True,torch.float16,1234,0.1,16,7,256,0.03487192466855049,0.03632056713104248,,,,,,,rare_sharp_shift
lowrank_easy,4096,True,torch.float16,1234,0.1,16,0,256,0.05157555639743805,0.08520641922950745,,,,,,,
lowrank_easy,4096,True,torch.float16,1234,0.1,16,1,1024,0.0346594899892807,0.0624861866235733,,,,,,,
lowrank_easy,4096,True,torch.float16,1234,0.1,16,2,256,0.0827939435839653,0.14759795367717743,,,,,,,
lowrank_easy,4096,True,torch.float16,1234,0.1,16,3,256,0.0680142343044281,0.13607269525527954,,,,,,,
lowrank_easy,4096,True,torch.float16,1234,0.1,16,4,256,0.0972442775964737,0.19165600836277008,,,,,,,
lowrank_easy,4096,True,torch.float16,1234,0.1,16,5,256,0.08988489955663681,0.1526021659374237,,,,,,,
lowrank_easy,4096,True,torch.float16,1234,0.1,16,6,1024,0.03417796641588211,0.06076442822813988,,,,,,,
lowrank_easy,4096,True,torch.float16,1234,0.1,16,7,256,0.10634453594684601,0.20915111899375916,,,,,,,
lowrank_easy,4096,True,torch.float16,1234,0.1,16,0,256,,,all_query_rows,0.053988464176654816,0.09213611483573914,0.3378522992134094,134,0,
lowrank_easy,4096,True,torch.float16,1234,0.1,16,1,1024,,,all_query_rows,0.03527802601456642,0.06916971504688263,0.2196185439825058,34,0,
lowrank_easy,4096,True,torch.float16,1234,0.1,16,2,256,,,all_query_rows,0.079105444252491,0.14675089716911316,0.2993903160095215,851,0,
lowrank_easy,4096,True,torch.float16,1234,0.1,16,3,256,,,all_query_rows,0.06687428802251816,0.12092011421918869,0.28583911061286926,421,0,
lowrank_easy,4096,True,torch.float16,1234,0.1,16,4,256,,,all_query_rows,0.09344444423913956,0.18458616733551025,0.4936548173427582,1321,0,
lowrank_easy,4096,True,torch.float16,1234,0.1,16,5,256,,,all_query_rows,0.08990246057510376,0.1570344865322113,0.5252912044525146,1214,0,
lowrank_easy,4096,True,torch.float16,1234,0.1,16,6,1024,,,all_query_rows,0.03439316898584366,0.06005960330367088,0.2767618000507355,29,0,
lowrank_easy,4096,True,torch.float16,1234,0.1,16,7,256,,,all_query_rows,0.10377603024244308,0.19285894930362701,0.46518296003341675,1610,0,
lowrank_easy,4096,True,torch.float16,1234,0.1,16,0,256,0.04923150688409805,0.09468773007392883,,,,,,,lowrank_easy
lowrank_easy,4096,True,torch.float16,1234,0.1,16,1,1024,0.037470899522304535,0.05973514914512634,,,,,,,lowrank_easy
lowrank_easy,4096,True,torch.float16,1234,0.1,16,2,256,0.09526154398918152,0.15923961997032166,,,,,,,lowrank_easy
lowrank_easy,4096,True,torch.float16,1234,0.1,16,3,256,0.06256920099258423,0.10241565853357315,,,,,,,lowrank_easy
lowrank_easy,4096,True,torch.float16,1234,0.1,16,4,256,0.10653680562973022,0.20352381467819214,,,,,,,lowrank_easy
lowrank_easy,4096,True,torch.float16,1234,0.1,16,5,256,0.0681108832359314,0.11242937296628952,,,,,,,lowrank_easy
lowrank_easy,4096,True,torch.float16,1234,0.1,16,6,1024,0.03677045926451683,0.06038312986493111,,,,,,,lowrank_easy
lowrank_easy,4096,True,torch.float16,1234,0.1,16,7,256,0.05591408163309097,0.10537901520729065,,,,,,,lowrank_easy
lowrank_easy,4096,True,torch.float16,1234,0.1,16,0,256,3.9140920639038086,9.898577690124512,,,,,,,scale_1.0
lowrank_easy,4096,True,torch.float16,1234,0.1,16,1,1024,3.719123363494873,9.947534561157227,,,,,,,scale_1.0
lowrank_easy,4096,True,torch.float16,1234,0.1,16,2,256,3.826798439025879,9.172967910766602,,,,,,,scale_1.0
lowrank_easy,4096,True,torch.float16,1234,0.1,16,3,256,4.330677509307861,11.62458610534668,,,,,,,scale_1.0
lowrank_easy,4096,True,torch.float16,1234,0.1,16,4,256,3.262324810028076,6.987316131591797,,,,,,,scale_1.0
lowrank_easy,4096,True,torch.float16,1234,0.1,16,5,256,3.801070213317871,9.185707092285156,,,,,,,scale_1.0
lowrank_easy,4096,True,torch.float16,1234,0.1,16,6,1024,3.2478482723236084,7.356675148010254,,,,,,,scale_1.0
lowrank_easy,4096,True,torch.float16,1234,0.1,16,7,256,4.387707233428955,11.10910415649414,,,,,,,scale_1.0
lowrank_easy,4096,True,torch.float16,1234,0.1,16,0,256,0.04504361003637314,0.031443946063518524,,,,,,,rare_sharp_shift
lowrank_easy,4096,True,torch.float16,1234,0.1,16,1,1024,0.03315870463848114,0.017068933695554733,,,,,,,rare_sharp_shift
lowrank_easy,4096,True,torch.float16,1234,0.1,16,2,256,0.047280892729759216,0.034628238528966904,,,,,,,rare_sharp_shift
lowrank_easy,4096,True,torch.float16,1234,0.1,16,3,256,0.049267351627349854,0.03811024874448776,,,,,,,rare_sharp_shift
lowrank_easy,4096,True,torch.float16,1234,0.1,16,4,256,0.04694502055644989,0.034236714243888855,,,,,,,rare_sharp_shift
lowrank_easy,4096,True,torch.float16,1234,0.1,16,5,256,0.04178836941719055,0.0294178519397974,,,,,,,rare_sharp_shift
lowrank_easy,4096,True,torch.float16,1234,0.1,16,6,1024,0.03407755121588707,0.017796695232391357,,,,,,,rare_sharp_shift
lowrank_easy,4096,True,torch.float16,1234,0.1,16,7,256,0.047976937144994736,0.03533049672842026,,,,,,,rare_sharp_shift
lowrank_easy,8192,True,torch.float16,1234,0.1,16,0,256,0.06571687757968903,0.12513898313045502,,,,,,,
lowrank_easy,8192,True,torch.float16,1234,0.1,16,1,256,0.0659274011850357,0.12618140876293182,,,,,,,
lowrank_easy,8192,True,torch.float16,1234,0.1,16,2,256,0.07180938124656677,0.12079350650310516,,,,,,,
lowrank_easy,8192,True,torch.float16,1234,0.1,16,3,256,0.08945332467556,0.1702529340982437,,,,,,,
lowrank_easy,8192,True,torch.float16,1234,0.1,16,4,1024,0.04203086718916893,0.07516484707593918,,,,,,,
lowrank_easy,8192,True,torch.float16,1234,0.1,16,5,256,0.08519530296325684,0.1615937203168869,,,,,,,
lowrank_easy,8192,True,torch.float16,1234,0.1,16,6,256,0.07718165218830109,0.1386302262544632,,,,,,,
lowrank_easy,8192,True,torch.float16,1234,0.1,16,7,1024,0.06841188669204712,0.1804603636264801,,,,,,,
lowrank_easy,8192,True,torch.float16,1234,0.1,16,0,256,0.09774789214134216,0.16154485940933228,,,,,,,lowrank_easy
lowrank_easy,8192,True,torch.float16,1234,0.1,16,1,256,0.049884259700775146,0.09051045775413513,,,,,,,lowrank_easy
lowrank_easy,8192,True,torch.float16,1234,0.1,16,2,256,0.10850758850574493,0.17833900451660156,,,,,,,lowrank_easy
lowrank_easy,8192,True,torch.float16,1234,0.1,16,3,256,0.08452581614255905,0.14762219786643982,,,,,,,lowrank_easy
lowrank_easy,8192,True,torch.float16,1234,0.1,16,4,1024,0.06534437090158463,0.10388275980949402,,,,,,,lowrank_easy
lowrank_easy,8192,True,torch.float16,1234,0.1,16,5,256,0.09439674019813538,0.16835813224315643,,,,,,,lowrank_easy
lowrank_easy,8192,True,torch.float16,1234,0.1,16,6,256,0.054486580193042755,0.10576386749744415,,,,,,,lowrank_easy
lowrank_easy,8192,True,torch.float16,1234,0.1,16,7,1024,0.042872827500104904,0.08641164004802704,,,,,,,lowrank_easy
lowrank_easy,8192,True,torch.float16,1234,0.1,16,0,256,4.959011077880859,11.281415939331055,,,,,,,scale_1.0
lowrank_easy,8192,True,torch.float16,1234,0.1,16,1,256,4.559549808502197,11.34411907196045,,,,,,,scale_1.0
lowrank_easy,8192,True,torch.float16,1234,0.1,16,2,256,4.06794548034668,10.135566711425781,,,,,,,scale_1.0
lowrank_easy,8192,True,torch.float16,1234,0.1,16,3,256,4.197451591491699,9.076288223266602,,,,,,,scale_1.0
lowrank_easy,8192,True,torch.float16,1234,0.1,16,4,1024,4.378119945526123,11.641413688659668,,,,,,,scale_1.0
lowrank_easy,8192,True,torch.float16,1234,0.1,16,5,256,4.413266181945801,11.39256477355957,,,,,,,scale_1.0
lowrank_easy,8192,True,torch.float16,1234,0.1,16,6,256,4.018613815307617,8.084555625915527,,,,,,,scale_1.0
lowrank_easy,8192,True,torch.float16,1234,0.1,16,7,1024,4.238375663757324,11.105106353759766,,,,,,,scale_1.0
lowrank_easy,8192,True,torch.float16,1234,0.1,16,0,256,0.036494508385658264,0.034912772476673126,,,,,,,rare_sharp_shift
lowrank_easy,8192,True,torch.float16,1234,0.1,16,1,256,0.03347817435860634,0.030984017997980118,,,,,,,rare_sharp_shift
lowrank_easy,8192,True,torch.float16,1234,0.1,16,2,256,0.03904997557401657,0.03688165545463562,,,,,,,rare_sharp_shift
lowrank_easy,8192,True,torch.float16,1234,0.1,16,3,256,0.03682585805654526,0.03494482859969139,,,,,,,rare_sharp_shift
lowrank_easy,8192,True,torch.float16,1234,0.1,16,4,1024,0.024590961635112762,0.019918201491236687,,,,,,,rare_sharp_shift
lowrank_easy,8192,True,torch.float16,1234,0.1,16,5,256,0.03708740696310997,0.03513708710670471,,,,,,,rare_sharp_shift
lowrank_easy,8192,True,torch.float16,1234,0.1,16,6,256,0.03435255587100983,0.03089350461959839,,,,,,,rare_sharp_shift
lowrank_easy,8192,True,torch.float16,1234,0.1,16,7,1024,0.021323680877685547,0.016133911907672882,,,,,,,rare_sharp_shift
lowrank_easy,16384,True,torch.float16,1234,0.1,16,0,256,0.06213188171386719,0.11290600895881653,,,,,,,
lowrank_easy,16384,True,torch.float16,1234,0.1,16,1,256,0.08137235045433044,0.12905651330947876,,,,,,,
lowrank_easy,16384,True,torch.float16,1234,0.1,16,2,256,0.07733671367168427,0.14830581843852997,,,,,,,
lowrank_easy,16384,True,torch.float16,1234,0.1,16,3,1024,0.05559360235929489,0.10057926177978516,,,,,,,
lowrank_easy,16384,True,torch.float16,1234,0.1,16,4,1024,0.07563614100217819,0.1203385591506958,,,,,,,
lowrank_easy,16384,True,torch.float16,1234,0.1,16,5,256,0.08196435868740082,0.14265061914920807,,,,,,,
lowrank_easy,16384,True,torch.float16,1234,0.1,16,6,256,0.07170578837394714,0.11750734597444534,,,,,,,
lowrank_easy,16384,True,torch.float16,1234,0.1,16,7,256,0.06310446560382843,0.11108806729316711,,,,,,,
lowrank_easy,16384,True,torch.float16,1234,0.1,16,0,256,0.08663484454154968,0.14902378618717194,,,,,,,lowrank_easy
lowrank_easy,16384,True,torch.float16,1234,0.1,16,1,256,0.059643372893333435,0.12206096947193146,,,,,,,lowrank_easy
lowrank_easy,16384,True,torch.float16,1234,0.1,16,2,256,0.09388852119445801,0.26700514554977417,,,,,,,lowrank_easy
lowrank_easy,16384,True,torch.float16,1234,0.1,16,3,1024,0.05047905072569847,0.09716857224702835,,,,,,,lowrank_easy
lowrank_easy,16384,True,torch.float16,1234,0.1,16,4,1024,0.04023028910160065,0.08378634601831436,,,,,,,lowrank_easy
lowrank_easy,16384,True,torch.float16,1234,0.1,16,5,256,0.1001378521323204,0.23088529706001282,,,,,,,lowrank_easy
lowrank_easy,16384,True,torch.float16,1234,0.1,16,6,256,0.0692291259765625,0.12044058740139008,,,,,,,lowrank_easy
lowrank_easy,16384,True,torch.float16,1234,0.1,16,7,256,0.07348489761352539,0.12961287796497345,,,,,,,lowrank_easy
lowrank_easy,16384,True,torch.float16,1234,0.1,16,0,256,5.457311153411865,12.952512741088867,,,,,,,scale_1.0
lowrank_easy,16384,True,torch.float16,1234,0.1,16,1,256,4.0484724044799805,8.236109733581543,,,,,,,scale_1.0
lowrank_easy,16384,True,torch.float16,1234,0.1,16,2,256,4.708808422088623,11.076064109802246,,,,,,,scale_1.0
lowrank_easy,16384,True,torch.float16,1234,0.1,16,3,1024,4.579322814941406,10.994871139526367,,,,,,,scale_1.0
lowrank_easy,16384,True,torch.float16,1234,0.1,16,4,1024,4.558964252471924,12.57554817199707,,,,,,,scale_1.0
lowrank_easy,16384,True,torch.float16,1234,0.1,16,5,256,5.422715187072754,14.431485176086426,,,,,,,scale_1.0
lowrank_easy,16384,True,torch.float16,1234,0.1,16,6,256,4.793454170227051,10.897066116333008,,,,,,,scale_1.0
lowrank_easy,16384,True,torch.float16,1234,0.1,16,7,256,5.9200544357299805,15.720966339111328,,,,,,,scale_1.0
lowrank_easy,16384,True,torch.float16,1234,0.1,16,0,256,0.041104212403297424,0.03600316494703293,,,,,,,rare_sharp_shift
lowrank_easy,16384,True,torch.float16,1234,0.1,16,1,256,0.0416288897395134,0.036891236901283264,,,,,,,rare_sharp_shift
lowrank_easy,16384,True,torch.float16,1234,0.1,16,2,256,0.03744492307305336,0.03156767413020134,,,,,,,rare_sharp_shift
lowrank_easy,16384,True,torch.float16,1234,0.1,16,3,1024,0.025319378823041916,0.016437837854027748,,,,,,,rare_sharp_shift
lowrank_easy,16384,True,torch.float16,1234,0.1,16,4,1024,0.02534673362970352,0.016780797392129898,,,,,,,rare_sharp_shift
lowrank_easy,16384,True,torch.float16,1234,0.1,16,5,256,0.03772560879588127,0.03061484917998314,,,,,,,rare_sharp_shift
lowrank_easy,16384,True,torch.float16,1234,0.1,16,6,256,0.04489797353744507,0.04238973930478096,,,,,,,rare_sharp_shift
lowrank_easy,16384,True,torch.float16,1234,0.1,16,7,256,0.040749743580818176,0.03548536077141762,,,,,,,rare_sharp_shift
lowrank_easy,32768,True,torch.float16,1234,0.1,16,0,256,0.09401407837867737,0.1924223005771637,,,,,,,
lowrank_easy,32768,True,torch.float16,1234,0.1,16,1,64,0.10366439819335938,0.16127893328666687,,,,,,,
lowrank_easy,32768,True,torch.float16,1234,0.1,16,2,1024,0.03384143114089966,0.07043825834989548,,,,,,,
lowrank_easy,32768,True,torch.float16,1234,0.1,16,3,256,0.06499934196472168,0.1215505599975586,,,,,,,
lowrank_easy,32768,True,torch.float16,1234,0.1,16,4,256,0.07042830437421799,0.12824180722236633,,,,,,,
lowrank_easy,32768,True,torch.float16,1234,0.1,16,5,1024,0.05118774622678757,0.09850458800792694,,,,,,,
lowrank_easy,32768,True,torch.float16,1234,0.1,16,6,256,0.09095649421215057,0.17147065699100494,,,,,,,
lowrank_easy,32768,True,torch.float16,1234,0.1,16,7,256,0.0974254310131073,0.17364612221717834,,,,,,,
lowrank_easy,32768,True,torch.float16,1234,0.1,16,0,256,0.07074546813964844,0.13507598638534546,,,,,,,lowrank_easy
lowrank_easy,32768,True,torch.float16,1234,0.1,16,1,64,0.10436494648456573,0.15192729234695435,,,,,,,lowrank_easy
lowrank_easy,32768,True,torch.float16,1234,0.1,16,2,1024,0.05375547707080841,0.10197035223245621,,,,,,,lowrank_easy
lowrank_easy,32768,True,torch.float16,1234,0.1,16,3,256,0.11726820468902588,0.24545279145240784,,,,,,,lowrank_easy
lowrank_easy,32768,True,torch.float16,1234,0.1,16,4,256,0.06170109286904335,0.08958905935287476,,,,,,,lowrank_easy
lowrank_easy,32768,True,torch.float16,1234,0.1,16,5,1024,0.036159127950668335,0.07205124199390411,,,,,,,lowrank_easy
lowrank_easy,32768,True,torch.float16,1234,0.1,16,6,256,0.048921797424554825,0.08245860040187836,,,,,,,lowrank_easy
lowrank_easy,32768,True,torch.float16,1234,0.1,16,7,256,0.11027942597866058,0.23555652797222137,,,,,,,lowrank_easy
lowrank_easy,32768,True,torch.float16,1234,0.1,16,0,256,5.808941841125488,13.055919647216797,,,,,,,scale_1.0
lowrank_easy,32768,True,torch.float16,1234,0.1,16,1,64,4.945932865142822,10.14902400970459,,,,,,,scale_1.0
lowrank_easy,32768,True,torch.float16,1234,0.1,16,2,1024,4.6048688888549805,9.872798919677734,,,,,,,scale_1.0
lowrank_easy,32768,True,torch.float16,1234,0.1,16,3,256,4.581646919250488,10.137633323669434,,,,,,,scale_1.0
lowrank_easy,32768,True,torch.float16,1234,0.1,16,4,256,5.629083633422852,12.171899795532227,,,,,,,scale_1.0
lowrank_easy,32768,True,torch.float16,1234,0.1,16,5,1024,5.135649681091309,13.590377807617188,,,,,,,scale_1.0
lowrank_easy,32768,True,torch.float16,1234,0.1,16,6,256,5.381633758544922,13.611715316772461,,,,,,,scale_1.0
lowrank_easy,32768,True,torch.float16,1234,0.1,16,7,256,7.177674293518066,22.581323623657227,,,,,,,scale_1.0
lowrank_easy,32768,True,torch.float16,1234,0.1,16,0,256,0.035380683839321136,0.035015951842069626,,,,,,,rare_sharp_shift
lowrank_easy,32768,True,torch.float16,1234,0.1,16,1,64,0.06720896810293198,0.07343070209026337,,,,,,,rare_sharp_shift
lowrank_easy,32768,True,torch.float16,1234,0.1,16,2,1024,0.022056160494685173,0.016534635797142982,,,,,,,rare_sharp_shift
lowrank_easy,32768,True,torch.float16,1234,0.1,16,3,256,0.036985594779253006,0.03396202623844147,,,,,,,rare_sharp_shift
lowrank_easy,32768,True,torch.float16,1234,0.1,16,4,256,0.03703298419713974,0.03526735678315163,,,,,,,rare_sharp_shift
lowrank_easy,32768,True,torch.float16,1234,0.1,16,5,1024,0.022051984444260597,0.016666941344738007,,,,,,,rare_sharp_shift
lowrank_easy,32768,True,torch.float16,1234,0.1,16,6,256,0.03527982532978058,0.03371719270944595,,,,,,,rare_sharp_shift
lowrank_easy,32768,True,torch.float16,1234,0.1,16,7,256,0.03474051505327225,0.031163495033979416,,,,,,,rare_sharp_shift
lowrank_easy,65536,True,torch.float16,1234,0.1,16,0,256,0.1040334403514862,0.25018641352653503,,,,,,,
lowrank_easy,65536,True,torch.float16,1234,0.1,16,1,256,0.10691919922828674,0.2167917937040329,,,,,,,
lowrank_easy,65536,True,torch.float16,1234,0.1,16,2,256,0.05015988275408745,0.09209473431110382,,,,,,,
lowrank_easy,65536,True,torch.float16,1234,0.1,16,3,256,0.08749435842037201,0.13929185271263123,,,,,,,
lowrank_easy,65536,True,torch.float16,1234,0.1,16,4,256,0.05504562705755234,0.11191029101610184,,,,,,,
lowrank_easy,65536,True,torch.float16,1234,0.1,16,5,256,0.0766611099243164,0.13755640387535095,,,,,,,
lowrank_easy,65536,True,torch.float16,1234,0.1,16,6,256,0.08418674021959305,0.18310974538326263,,,,,,,
lowrank_easy,65536,True,torch.float16,1234,0.1,16,7,64,0.11302797496318817,0.19130061566829681,,,,,,,
lowrank_easy,65536,True,torch.float16,1234,0.1,16,0,256,0.0775994062423706,0.15029500424861908,,,,,,,lowrank_easy
lowrank_easy,65536,True,torch.float16,1234,0.1,16,1,256,0.09070655703544617,0.19717571139335632,,,,,,,lowrank_easy
lowrank_easy,65536,True,torch.float16,1234,0.1,16,2,256,0.07357390969991684,0.1331208050251007,,,,,,,lowrank_easy
lowrank_easy,65536,True,torch.float16,1234,0.1,16,3,256,0.11293086409568787,0.30609822273254395,,,,,,,lowrank_easy
lowrank_easy,65536,True,torch.float16,1234,0.1,16,4,256,0.09107658267021179,0.15466777980327606,,,,,,,lowrank_easy
lowrank_easy,65536,True,torch.float16,1234,0.1,16,5,256,0.06466278433799744,0.1125073954463005,,,,,,,lowrank_easy
lowrank_easy,65536,True,torch.float16,1234,0.1,16,6,256,0.09657704830169678,0.1887277513742447,,,,,,,lowrank_easy
lowrank_easy,65536,True,torch.float16,1234,0.1,16,7,64,0.09979648143053055,0.20286925137043,,,,,,,lowrank_easy
lowrank_easy,65536,True,torch.float16,1234,0.1,16,0,256,5.597781658172607,12.559741020202637,,,,,,,scale_1.0
lowrank_easy,65536,True,torch.float16,1234,0.1,16,1,256,6.191859245300293,15.523576736450195,,,,,,,scale_1.0
lowrank_easy,65536,True,torch.float16,1234,0.1,16,2,256,6.65846061706543,16.408653259277344,,,,,,,scale_1.0
lowrank_easy,65536,True,torch.float16,1234,0.1,16,3,256,6.1694159507751465,12.619512557983398,,,,,,,scale_1.0
lowrank_easy,65536,True,torch.float16,1234,0.1,16,4,256,7.463221549987793,18.70213508605957,,,,,,,scale_1.0
lowrank_easy,65536,True,torch.float16,1234,0.1,16,5,256,5.500514030456543,12.625629425048828,,,,,,,scale_1.0
lowrank_easy,65536,True,torch.float16,1234,0.1,16,6,256,5.116507053375244,11.240644454956055,,,,,,,scale_1.0
lowrank_easy,65536,True,torch.float16,1234,0.1,16,7,64,6.473032474517822,14.555370330810547,,,,,,,scale_1.0
lowrank_easy,65536,True,torch.float16,1234,0.1,16,0,256,0.022412635385990143,0.0289347805082798,,,,,,,rare_sharp_shift
lowrank_easy,65536,True,torch.float16,1234,0.1,16,1,256,0.02521391212940216,0.029975175857543945,,,,,,,rare_sharp_shift
lowrank_easy,65536,True,torch.float16,1234,0.1,16,2,256,0.02898731827735901,0.03417162597179413,,,,,,,rare_sharp_shift
lowrank_easy,65536,True,torch.float16,1234,0.1,16,3,256,0.029762599617242813,0.03479602187871933,,,,,,,rare_sharp_shift
lowrank_easy,65536,True,torch.float16,1234,0.1,16,4,256,0.03394457697868347,0.04021479934453964,,,,,,,rare_sharp_shift
lowrank_easy,65536,True,torch.float16,1234,0.1,16,5,256,0.02418510615825653,0.02987782098352909,,,,,,,rare_sharp_shift
lowrank_easy,65536,True,torch.float16,1234,0.1,16,6,256,0.02441905066370964,0.0297545213252306,,,,,,,rare_sharp_shift
lowrank_easy,65536,True,torch.float16,1234,0.1,16,7,64,0.05798834189772606,0.06747296452522278,,,,,,,rare_sharp_shift
lowrank_easy,512,True,torch.float32,1234,0.1,16,0,256,0.08424456417560577,0.14883801341056824,,,,,,,
lowrank_easy,512,True,torch.float32,1234,0.1,16,1,256,0.07871028780937195,0.2036305069923401,,,,,,,
lowrank_easy,512,True,torch.float32,1234,0.1,16,2,256,0.049480825662612915,0.07984813302755356,,,,,,,
lowrank_easy,512,True,torch.float32,1234,0.1,16,3,256,0.05063481256365776,0.09954572468996048,,,,,,,
lowrank_easy,512,True,torch.float32,1234,0.1,16,4,256,0.07194819301366806,0.1441272646188736,,,,,,,
lowrank_easy,512,True,torch.float32,1234,0.1,16,5,64,0.10460585355758667,0.1922464221715927,,,,,,,
lowrank_easy,512,True,torch.float32,1234,0.1,16,6,256,0.09287469834089279,0.18151424825191498,,,,,,,
lowrank_easy,512,True,torch.float32,1234,0.1,16,7,256,0.08828717470169067,0.14363618195056915,,,,,,,
lowrank_easy,512,True,torch.float32,1234,0.1,16,0,256,,,all_query_rows,0.08603745698928833,0.15003454685211182,0.2773095667362213,117,0,
lowrank_easy,512,True,torch.float32,1234,0.1,16,1,256,,,all_query_rows,0.07363837212324142,0.18148541450500488,0.5544477105140686,90,0,
lowrank_easy,512,True,torch.float32,1234,0.1,16,2,256,,,all_query_rows,0.0492682158946991,0.07989037036895752,0.1768614798784256,11,0,
lowrank_easy,512,True,torch.float32,1234,0.1,16,3,256,,,all_query_rows,0.051116857677698135,0.09921275079250336,0.20605336129665375,26,0,
lowrank_easy,512,True,torch.float32,1234,0.1,16,4,256,,,all_query_rows,0.0697937160730362,0.13420812785625458,0.3472980558872223,78,0,
lowrank_easy,512,True,torch.float32,1234,0.1,16,5,64,,,all_query_rows,0.10172966867685318,0.18387527763843536,0.43959900736808777,215,0,
lowrank_easy,512,True,torch.float32,1234,0.1,16,6,256,,,all_query_rows,0.09348736703395844,0.18637272715568542,0.2971934974193573,148,0,
lowrank_easy,512,True,torch.float32,1234,0.1,16,7,256,,,all_query_rows,0.08690549433231354,0.14019009470939636,0.41191890835762024,125,0,
lowrank_easy,512,True,torch.float32,1234,0.1,16,0,256,0.055493466556072235,0.11387458443641663,,,,,,,lowrank_easy
lowrank_easy,512,True,torch.float32,1234,0.1,16,1,256,0.08221852034330368,0.14282424747943878,,,,,,,lowrank_easy
lowrank_easy,512,True,torch.float32,1234,0.1,16,2,256,0.08555318415164948,0.14948008954524994,,,,,,,lowrank_easy
lowrank_easy,512,True,torch.float32,1234,0.1,16,3,256,0.06425580382347107,0.10494551062583923,,,,,,,lowrank_easy
lowrank_easy,512,True,torch.float32,1234,0.1,16,4,256,0.07599940896034241,0.15520715713500977,,,,,,,lowrank_easy
lowrank_easy,512,True,torch.float32,1234,0.1,16,5,64,0.14016671478748322,0.27035069465637207,,,,,,,lowrank_easy
lowrank_easy,512,True,torch.float32,1234,0.1,16,6,256,0.0626656636595726,0.15288406610488892,,,,,,,lowrank_easy
lowrank_easy,512,True,torch.float32,1234,0.1,16,7,256,0.09936927258968353,0.1760641634464264,,,,,,,lowrank_easy
lowrank_easy,512,True,torch.float32,1234,0.1,16,0,256,2.2736332416534424,4.9225311279296875,,,,,,,scale_1.0
lowrank_easy,512,True,torch.float32,1234,0.1,16,1,256,2.5026235580444336,6.205689430236816,,,,,,,scale_1.0
lowrank_easy,512,True,torch.float32,1234,0.1,16,2,256,2.8455069065093994,7.773405075073242,,,,,,,scale_1.0
lowrank_easy,512,True,torch.float32,1234,0.1,16,3,256,2.3553833961486816,4.481810569763184,,,,,,,scale_1.0
lowrank_easy,512,True,torch.float32,1234,0.1,16,4,256,2.3158349990844727,5.130539417266846,,,,,,,scale_1.0
lowrank_easy,512,True,torch.float32,1234,0.1,16,5,64,2.5264620780944824,5.293417453765869,,,,,,,scale_1.0
lowrank_easy,512,True,torch.float32,1234,0.1,16,6,256,2.364314079284668,5.124713897705078,,,,,,,scale_1.0
lowrank_easy,512,True,torch.float32,1234,0.1,16,7,256,2.2824695110321045,4.877745151519775,,,,,,,scale_1.0
lowrank_easy,512,True,torch.float32,1234,0.1,16,0,256,0.04600946605205536,0.03788008168339729,,,,,,,rare_sharp_shift
lowrank_easy,512,True,torch.float32,1234,0.1,16,1,256,0.04650120064616203,0.04103659465909004,,,,,,,rare_sharp_shift
lowrank_easy,512,True,torch.float32,1234,0.1,16,2,256,0.04087938368320465,0.032435089349746704,,,,,,,rare_sharp_shift
lowrank_easy,512,True,torch.float32,1234,0.1,16,3,256,0.04697117581963539,0.04031062126159668,,,,,,,rare_sharp_shift
lowrank_easy,512,True,torch.float32,1234,0.1,16,4,256,0.04082170128822327,0.031564369797706604,,,,,,,rare_sharp_shift
lowrank_easy,512,True,torch.float32,1234,0.1,16,5,64,0.06757944822311401,0.0665874034166336,,,,,,,rare_sharp_shift
lowrank_easy,512,True,torch.float32,1234,0.1,16,6,256,0.04024650901556015,0.03125650808215141,,,,,,,rare_sharp_shift
lowrank_easy,512,True,torch.float32,1234,0.1,16,7,256,0.0477716363966465,0.04240229353308678,,,,,,,rare_sharp_shift
lowrank_easy,1024,True,torch.float32,1234,0.1,16,0,1024,0.03506747633218765,0.06328931450843811,,,,,,,
lowrank_easy,1024,True,torch.float32,1234,0.1,16,1,256,0.06807883083820343,0.13520589470863342,,,,,,,
lowrank_easy,1024,True,torch.float32,1234,0.1,16,2,1024,0.053064338862895966,0.10322700440883636,,,,,,,
lowrank_easy,1024,True,torch.float32,1234,0.1,16,3,256,0.09130336344242096,0.15881317853927612,,,,,,,
lowrank_easy,1024,True,torch.float32,1234,0.1,16,4,256,0.05656488612294197,0.10523425042629242,,,,,,,
lowrank_easy,1024,True,torch.float32,1234,0.1,16,5,256,0.0629878044128418,0.10367120802402496,,,,,,,
lowrank_easy,1024,True,torch.float32,1234,0.1,16,6,256,0.08870335668325424,0.20288249850273132,,,,,,,
lowrank_easy,1024,True,torch.float32,1234,0.1,16,7,256,0.0543874055147171,0.10831929743289948,,,,,,,
lowrank_easy,1024,True,torch.float32,1234,0.1,16,0,1024,,,all_query_rows,0.03451872989535332,0.06276582926511765,0.19513694941997528,12,0,
lowrank_easy,1024,True,torch.float32,1234,0.1,16,1,256,,,all_query_rows,0.0655023455619812,0.12837374210357666,0.3000425696372986,113,0,
lowrank_easy,1024,True,torch.float32,1234,0.1,16,2,1024,,,all_query_rows,0.05105850473046303,0.09717221558094025,0.1947062909603119,46,0,
lowrank_easy,1024,True,torch.float32,1234,0.1,16,3,256,,,all_query_rows,0.08900479227304459,0.15664470195770264,0.28732866048812866,257,0,
lowrank_easy,1024,True,torch.float32,1234,0.1,16,4,256,,,all_query_rows,0.055501580238342285,0.1184382513165474,0.42915254831314087,79,0,
lowrank_easy,1024,True,torch.float32,1234,0.1,16,5,256,,,all_query_rows,0.06448263674974442,0.11215332895517349,0.21319733560085297,80,0,
lowrank_easy,1024,True,torch.float32,1234,0.1,16,6,256,,,all_query_rows,0.0914473831653595,0.20714880526065826,0.6006224155426025,296,0,
lowrank_easy,1024,True,torch.float32,1234,0.1,16,7,256,,,all_query_rows,0.05352278798818588,0.10457807779312134,0.2350168377161026,63,0,
lowrank_easy,1024,True,torch.float32,1234,0.1,16,0,1024,0.05648919194936752,0.11456254869699478,,,,,,,lowrank_easy
lowrank_easy,1024,True,torch.float32,1234,0.1,16,1,256,0.06427860260009766,0.12956677377223969,,,,,,,lowrank_easy
lowrank_easy,1024,True,torch.float32,1234,0.1,16,2,1024,0.0422855019569397,0.07658141851425171,,,,,,,lowrank_easy
lowrank_easy,1024,True,torch.float32,1234,0.1,16,3,256,0.07694394141435623,0.13080020248889923,,,,,,,lowrank_easy
lowrank_easy,1024,True,torch.float32,1234,0.1,16,4,256,0.1028003841638565,0.23945870995521545,,,,,,,lowrank_easy
lowrank_easy,1024,True,torch.float32,1234,0.1,16,5,256,0.07418548315763474,0.1356162130832672,,,,,,,lowrank_easy
lowrank_easy,1024,True,torch.float32,1234,0.1,16,6,256,0.06713490188121796,0.12468478083610535,,,,,,,lowrank_easy
lowrank_easy,1024,True,torch.float32,1234,0.1,16,7,256,0.12066265940666199,0.3203630745410919,,,,,,,lowrank_easy
lowrank_easy,1024,True,torch.float32,1234,0.1,16,0,1024,2.3134772777557373,6.182579517364502,,,,,,,scale_1.0
lowrank_easy,1024,True,torch.float32,1234,0.1,16,1,256,2.798191785812378,6.465613842010498,,,,,,,scale_1.0
lowrank_easy,1024,True,torch.float32,1234,0.1,16,2,1024,2.3634815216064453,4.973989963531494,,,,,,,scale_1.0
lowrank_easy,1024,True,torch.float32,1234,0.1,16,3,256,3.9785993099212646,10.428104400634766,,,,,,,scale_1.0
lowrank_easy,1024,True,torch.float32,1234,0.1,16,4,256,3.3400044441223145,9.14421558380127,,,,,,,scale_1.0
lowrank_easy,1024,True,torch.float32,1234,0.1,16,5,256,2.5060243606567383,4.6142120361328125,,,,,,,scale_1.0
lowrank_easy,1024,True,torch.float32,1234,0.1,16,6,256,2.8811721801757812,6.117436408996582,,,,,,,scale_1.0
lowrank_easy,1024,True,torch.float32,1234,0.1,16,7,256,2.63250732421875,5.497716903686523,,,,,,,scale_1.0
lowrank_easy,1024,True,torch.float32,1234,0.1,16,0,1024,0.026695992797613144,0.018577657639980316,,,,,,,rare_sharp_shift
lowrank_easy,1024,True,torch.float32,1234,0.1,16,1,256,0.03780391067266464,0.03144867345690727,,,,,,,rare_sharp_shift
lowrank_easy,1024,True,torch.float32,1234,0.1,16,2,1024,0.025004809722304344,0.017168276011943817,,,,,,,rare_sharp_shift
lowrank_easy,1024,True,torch.float32,1234,0.1,16,3,256,0.0386674739420414,0.03134674206376076,,,,,,,rare_sharp_shift
lowrank_easy,1024,True,torch.float32,1234,0.1,16,4,256,0.04158588871359825,0.03596058487892151,,,,,,,rare_sharp_shift
lowrank_easy,1024,True,torch.float32,1234,0.1,16,5,256,0.03996957093477249,0.03437228873372078,,,,,,,rare_sharp_shift
lowrank_easy,1024,True,torch.float32,1234,0.1,16,6,256,0.037991080433130264,0.03209644556045532,,,,,,,rare_sharp_shift
lowrank_easy,1024,True,torch.float32,1234,0.1,16,7,256,0.042175114154815674,0.037379082292318344,,,,,,,rare_sharp_shift
lowrank_easy,2048,True,torch.float32,1234,0.1,16,0,256,0.06696011126041412,0.11825226247310638,,,,,,,
lowrank_easy,2048,True,torch.float32,1234,0.1,16,1,256,0.08987385779619217,0.18003346025943756,,,,,,,
lowrank_easy,2048,True,torch.float32,1234,0.1,16,2,256,0.07863061130046844,0.16598501801490784,,,,,,,
lowrank_easy,2048,True,torch.float32,1234,0.1,16,3,256,0.07475194334983826,0.13970983028411865,,,,,,,
lowrank_easy,2048,True,torch.float32,1234,0.1,16,4,256,0.09148183465003967,0.18503040075302124,,,,,,,
lowrank_easy,2048,True,torch.float32,1234,0.1,16,5,1024,0.049206025898456573,0.08886025100946426,,,,,,,
lowrank_easy,2048,True,torch.float32,1234,0.1,16,6,64,0.08651089668273926,0.15089675784111023,,,,,,,
lowrank_easy,2048,True,torch.float32,1234,0.1,16,7,256,0.07707817107439041,0.13392601907253265,,,,,,,
lowrank_easy,2048,True,torch.float32,1234,0.1,16,0,256,,,all_query_rows,0.0676148533821106,0.11610671877861023,0.22071240842342377,214,0,
lowrank_easy,2048,True,torch.float32,1234,0.1,16,1,256,,,all_query_rows,0.0887761265039444,0.16289356350898743,0.6957307457923889,478,0,
lowrank_easy,2048,True,torch.float32,1234,0.1,16,2,256,,,all_query_rows,0.081413134932518,0.1943204551935196,0.7236080765724182,392,0,
lowrank_easy,2048,True,torch.float32,1234,0.1,16,3,256,,,all_query_rows,0.07486239075660706,0.1416708528995514,0.41243481636047363,327,0,
lowrank_easy,2048,True,torch.float32,1234,0.1,16,4,256,,,all_query_rows,0.08736675977706909,0.16557180881500244,0.36833417415618896,612,0,
lowrank_easy,2048,True,torch.float32,1234,0.1,16,5,1024,,,all_query_rows,0.050809599459171295,0.09417233616113663,0.2497224062681198,79,0,
lowrank_easy,2048,True,torch.float32,1234,0.1,16,6,64,,,all_query_rows,0.08504142612218857,0.14760297536849976,0.3875426948070526,485,0,
lowrank_easy,2048,True,torch.float32,1234,0.1,16,7,256,,,all_query_rows,0.0765259712934494,0.13911172747612,0.3782925009727478,330,0,
lowrank_easy,2048,True,torch.float32,1234,0.1,16,0,256,0.08989696204662323,0.1897142082452774,,,,,,,lowrank_easy
lowrank_easy,2048,True,torch.float32,1234,0.1,16,1,256,0.11257177591323853,0.20311187207698822,,,,,,,lowrank_easy
lowrank_easy,2048,True,torch.float32,1234,0.1,16,2,256,0.07896094024181366,0.14678466320037842,,,,,,,lowrank_easy
lowrank_easy,2048,True,torch.float32,1234,0.1,16,3,256,0.0759560614824295,0.1232803463935852,,,,,,,lowrank_easy
lowrank_easy,2048,True,torch.float32,1234,0.1,16,4,256,0.09028062224388123,0.1442362666130066,,,,,,,lowrank_easy
lowrank_easy,2048,True,torch.float32,1234,0.1,16,5,1024,0.03215213119983673,0.053490784019231796,,,,,,,lowrank_easy
lowrank_easy,2048,True,torch.float32,1234,0.1,16,6,64,0.14272113144397736,0.22209787368774414,,,,,,,lowrank_easy
lowrank_easy,2048,True,torch.float32,1234,0.1,16,7,256,0.0731087327003479,0.17473164200782776,,,,,,,lowrank_easy
lowrank_easy,2048,True,torch.float32,1234,0.1,16,0,256,3.3094565868377686,7.881891250610352,,,,,,,scale_1.0
lowrank_easy,2048,True,torch.float32,1234,0.1,16,1,256,3.2578344345092773,7.530684471130371,,,,,,,scale_1.0
lowrank_easy,2048,True,torch.float32,1234,0.1,16,2,256,3.2555506229400635,7.529688835144043,,,,,,,scale_1.0
lowrank_easy,2048,True,torch.float32,1234,0.1,16,3,256,2.9446213245391846,6.086934566497803,,,,,,,scale_1.0
lowrank_easy,2048,True,torch.float32,1234,0.1,16,4,256,3.475658893585205,8.230031967163086,,,,,,,scale_1.0
lowrank_easy,2048,True,torch.float32,1234,0.1,16,5,1024,2.404174327850342,5.256880760192871,,,,,,,scale_1.0
lowrank_easy,2048,True,torch.float32,1234,0.1,16,6,64,5.252241134643555,14.62331771850586,,,,,,,scale_1.0
lowrank_easy,2048,True,torch.float32,1234,0.1,16,7,256,3.395355701446533,6.997262954711914,,,,,,,scale_1.0
lowrank_easy,2048,True,torch.float32,1234,0.1,16,0,256,0.031119704246520996,0.03305374085903168,,,,,,,rare_sharp_shift
lowrank_easy,2048,True,torch.float32,1234,0.1,16,1,256,0.03315203636884689,0.037910331040620804,,,,,,,rare_sharp_shift
lowrank_easy,2048,True,torch.float32,1234,0.1,16,2,256,0.030676662921905518,0.03111916594207287,,,,,,,rare_sharp_shift
lowrank_easy,2048,True,torch.float32,1234,0.1,16,3,256,0.03617498278617859,0.03780677169561386,,,,,,,rare_sharp_shift
lowrank_easy,2048,True,torch.float32,1234,0.1,16,4,256,0.03457866981625557,0.036503344774246216,,,,,,,rare_sharp_shift
lowrank_easy,2048,True,torch.float32,1234,0.1,16,5,1024,0.018219169229269028,0.016621580347418785,,,,,,,rare_sharp_shift
lowrank_easy,2048,True,torch.float32,1234,0.1,16,6,64,0.0677623450756073,0.07408423721790314,,,,,,,rare_sharp_shift
lowrank_easy,2048,True,torch.float32,1234,0.1,16,7,256,0.034872740507125854,0.03632253780961037,,,,,,,rare_sharp_shift
lowrank_easy,4096,True,torch.float32,1234,0.1,16,0,256,0.05157540738582611,0.08523435890674591,,,,,,,
lowrank_easy,4096,True,torch.float32,1234,0.1,16,1,1024,0.034661665558815,0.062489163130521774,,,,,,,
lowrank_easy,4096,True,torch.float32,1234,0.1,16,2,256,0.08279772847890854,0.1475975513458252,,,,,,,
lowrank_easy,4096,True,torch.float32,1234,0.1,16,3,256,0.06801511347293854,0.13604818284511566,,,,,,,
lowrank_easy,4096,True,torch.float32,1234,0.1,16,4,256,0.0972411185503006,0.19159138202667236,,,,,,,
lowrank_easy,4096,True,torch.float32,1234,0.1,16,5,256,0.0898834764957428,0.15262435376644135,,,,,,,
lowrank_easy,4096,True,torch.float32,1234,0.1,16,6,1024,0.034177422523498535,0.06076056510210037,,,,,,,
lowrank_easy,4096,True,torch.float32,1234,0.1,16,7,256,0.1063421294093132,0.2091265469789505,,,,,,,
lowrank_easy,4096,True,torch.float32,1234,0.1,16,0,256,,,all_query_rows,0.053986962884664536,0.09213384985923767,0.3378114402294159,134,0,
lowrank_easy,4096,True,torch.float32,1234,0.1,16,1,1024,,,all_query_rows,0.03527788817882538,0.06917580962181091,0.2196609526872635,34,0,
lowrank_easy,4096,True,torch.float32,1234,0.1,16,2,256,,,all_query_rows,0.07910840213298798,0.14674076437950134,0.2995627820491791,851,0,
lowrank_easy,4096,True,torch.float32,1234,0.1,16,3,256,,,all_query_rows,0.06687618046998978,0.12093471735715866,0.28583845496177673,421,0,
lowrank_easy,4096,True,torch.float32,1234,0.1,16,4,256,,,all_query_rows,0.0934411957859993,0.18452122807502747,0.49374791979789734,1320,0,
lowrank_easy,4096,True,torch.float32,1234,0.1,16,5,256,,,all_query_rows,0.08990003913640976,0.1569976508617401,0.5252971053123474,1214,0,
lowrank_easy,4096,True,torch.float32,1234,0.1,16,6,1024,,,all_query_rows,0.034389711916446686,0.060029033571481705,0.2768065929412842,29,0,
lowrank_easy,4096,True,torch.float32,1234,0.1,16,7,256,,,all_query_rows,0.10377106070518494,0.19290059804916382,0.4650545120239258,1610,0,
lowrank_easy,4096,True,torch.float32,1234,0.1,16,0,256,0.04923015832901001,0.09469107538461685,,,,,,,lowrank_easy
lowrank_easy,4096,True,torch.float32,1234,0.1,16,1,1024,0.037472497671842575,0.05973557010293007,,,,,,,lowrank_easy
lowrank_easy,4096,True,torch.float32,1234,0.1,16,2,256,0.09526418149471283,0.1592278629541397,,,,,,,lowrank_easy
lowrank_easy,4096,True,torch.float32,1234,0.1,16,3,256,0.0625690221786499,0.1024196520447731,,,,,,,lowrank_easy
lowrank_easy,4096,True,torch.float32,1234,0.1,16,4,256,0.10653053969144821,0.20350131392478943,,,,,,,lowrank_easy
lowrank_easy,4096,True,torch.float32,1234,0.1,16,5,256,0.06810814887285233,0.11243566125631332,,,,,,,lowrank_easy
lowrank_easy,4096,True,torch.float32,1234,0.1,16,6,1024,0.03676994889974594,0.06039609760046005,,,,,,,lowrank_easy
lowrank_easy,4096,True,torch.float32,1234,0.1,16,7,256,0.05591053515672684,0.10535844415426254,,,,,,,lowrank_easy
lowrank_easy,4096,True,torch.float32,1234,0.1,16,0,256,3.9142167568206787,9.90086841583252,,,,,,,scale_1.0
lowrank_easy,4096,True,torch.float32,1234,0.1,16,1,1024,3.71903133392334,9.946050643920898,,,,,,,scale_1.0
lowrank_easy,4096,True,torch.float32,1234,0.1,16,2,256,3.8268771171569824,9.177227020263672,,,,,,,scale_1.0
lowrank_easy,4096,True,torch.float32,1234,0.1,16,3,256,4.3309783935546875,11.625123023986816,,,,,,,scale_1.0
lowrank_easy,4096,True,torch.float32,1234,0.1,16,4,256,3.262213706970215,6.9849443435668945,,,,,,,scale_1.0
lowrank_easy,4096,True,torch.float32,1234,0.1,16,5,256,3.8013041019439697,9.187888145446777,,,,,,,scale_1.0
lowrank_easy,4096,True,torch.float32,1234,0.1,16,6,1024,3.248241424560547,7.361176490783691,,,,,,,scale_1.0
lowrank_easy,4096,True,torch.float32,1234,0.1,16,7,256,4.388028144836426,11.10736083984375,,,,,,,scale_1.0
lowrank_easy,4096,True,torch.float32,1234,0.1,16,0,256,0.045043881982564926,0.031444184482097626,,,,,,,rare_sharp_shift
lowrank_easy,4096,True,torch.float32,1234,0.1,16,1,1024,0.03315862640738487,0.017069311812520027,,,,,,,rare_sharp_shift
lowrank_easy,4096,True,torch.float32,1234,0.1,16,2,256,0.04728119447827339,0.034629352390766144,,,,,,,rare_sharp_shift
lowrank_easy,4096,True,torch.float32,1234,0.1,16,3,256,0.04926744103431702,0.038110584020614624,,,,,,,rare_sharp_shift
lowrank_easy,4096,True,torch.float32,1234,0.1,16,4,256,0.046943385154008865,0.03423396125435829,,,,,,,rare_sharp_shift
lowrank_easy,4096,True,torch.float32,1234,0.1,16,5,256,0.04178787022829056,0.029416996985673904,,,,,,,rare_sharp_shift
lowrank_easy,4096,True,torch.float32,1234,0.1,16,6,1024,0.03407761827111244,0.017796242609620094,,,,,,,rare_sharp_shift
lowrank_easy,4096,True,torch.float32,1234,0.1,16,7,256,0.0479774996638298,0.03533259406685829,,,,,,,rare_sharp_shift
lowrank_easy,8192,True,torch.float32,1234,0.1,16,0,256,0.06571605801582336,0.12510257959365845,,,,,,,
lowrank_easy,8192,True,torch.float32,1234,0.1,16,1,256,0.06593451648950577,0.1262168139219284,,,,,,,
lowrank_easy,8192,True,torch.float32,1234,0.1,16,2,256,0.07180729508399963,0.12079203873872757,,,,,,,
lowrank_easy,8192,True,torch.float32,1234,0.1,16,3,256,0.08945315331220627,0.17027392983436584,,,,,,,
lowrank_easy,8192,True,torch.float32,1234,0.1,16,4,1024,0.04202868789434433,0.07515199482440948,,,,,,,
lowrank_easy,8192,True,torch.float32,1234,0.1,16,5,256,0.08519461750984192,0.16159021854400635,,,,,,,
lowrank_easy,8192,True,torch.float32,1234,0.1,16,6,256,0.07718260586261749,0.13866537809371948,,,,,,,
lowrank_easy,8192,True,torch.float32,1234,0.1,16,7,1024,0.06840980052947998,0.18045827746391296,,,,,,,
lowrank_easy,8192,True,torch.float32,1234,0.1,16,0,256,0.09774351865053177,0.16154594719409943,,,,,,,lowrank_easy
lowrank_easy,8192,True,torch.float32,1234,0.1,16,1,256,0.04988209903240204,0.09050146490335464,,,,,,,lowrank_easy
lowrank_easy,8192,True,torch.float32,1234,0.1,16,2,256,0.10850472748279572,0.17832639813423157,,,,,,,lowrank_easy
lowrank_easy,8192,True,torch.float32,1234,0.1,16,3,256,0.08452367037534714,0.14760956168174744,,,,,,,lowrank_easy
lowrank_easy,8192,True,torch.float32,1234,0.1,16,4,1024,0.06534305214881897,0.10387671738862991,,,,,,,lowrank_easy
lowrank_easy,8192,True,torch.float32,1234,0.1,16,5,256,0.09439597278833389,0.16836212575435638,,,,,,,lowrank_easy
lowrank_easy,8192,True,torch.float32,1234,0.1,16,6,256,0.054487984627485275,0.10577113181352615,,,,,,,lowrank_easy
lowrank_easy,8192,True,torch.float32,1234,0.1,16,7,1024,0.04287365823984146,0.08641684055328369,,,,,,,lowrank_easy
lowrank_easy,8192,True,torch.float32,1234,0.1,16,0,256,4.958382606506348,11.281028747558594,,,,,,,scale_1.0
lowrank_easy,8192,True,torch.float32,1234,0.1,16,1,256,4.559337615966797,11.344579696655273,,,,,,,scale_1.0
lowrank_easy,8192,True,torch.float32,1234,0.1,16,2,256,4.0681843757629395,10.137157440185547,,,,,,,scale_1.0
lowrank_easy,8192,True,torch.float32,1234,0.1,16,3,256,4.197400093078613,9.06998062133789,,,,,,,scale_1.0
lowrank_easy,8192,True,torch.float32,1234,0.1,16,4,1024,4.377950191497803,11.64010238647461,,,,,,,scale_1.0
lowrank_easy,8192,True,torch.float32,1234,0.1,16,5,256,4.413577079772949,11.390682220458984,,,,,,,scale_1.0
lowrank_easy,8192,True,torch.float32,1234,0.1,16,6,256,4.018917083740234,8.08566665649414,,,,,,,scale_1.0
lowrank_easy,8192,True,torch.float32,1234,0.1,16,7,1024,4.238770484924316,11.105417251586914,,,,,,,scale_1.0
lowrank_easy,8192,True,torch.float32,1234,0.1,16,0,256,0.036493491381406784,0.03491000831127167,,,,,,,rare_sharp_shift
lowrank_easy,8192,True,torch.float32,1234,0.1,16,1,256,0.033476799726486206,0.03098083846271038,,,,,,,rare_sharp_shift
lowrank_easy,8192,True,torch.float32,1234,0.1,16,2,256,0.039047591388225555,0.03687901794910431,,,,,,,rare_sharp_shift
lowrank_easy,8192,True,torch.float32,1234,0.1,16,3,256,0.036825165152549744,0.034944936633110046,,,,,,,rare_sharp_shift
lowrank_easy,8192,True,torch.float32,1234,0.1,16,4,1024,0.024590760469436646,0.019918762147426605,,,,,,,rare_sharp_shift
lowrank_easy,8192,True,torch.float32,1234,0.1,16,5,256,0.03708785027265549,0.035137392580509186,,,,,,,rare_sharp_shift
lowrank_easy,8192,True,torch.float32,1234,0.1,16,6,256,0.034353241324424744,0.03089331090450287,,,,,,,rare_sharp_shift
lowrank_easy,8192,True,torch.float32,1234,0.1,16,7,1024,0.02132389321923256,0.016133928671479225,,,,,,,rare_sharp_shift
lowrank_easy,16384,True,torch.float32,1234,0.1,16,0,256,0.062130190432071686,0.11291027069091797,,,,,,,
lowrank_easy,16384,True,torch.float32,1234,0.1,16,1,256,0.08137673884630203,0.12905851006507874,,,,,,,
lowrank_easy,16384,True,torch.float32,1234,0.1,16,2,256,0.07733528316020966,0.1483018845319748,,,,,,,
lowrank_easy,16384,True,torch.float32,1234,0.1,16,3,1024,0.055592529475688934,0.1005854457616806,,,,,,,
lowrank_easy,16384,True,torch.float32,1234,0.1,16,4,1024,0.07563595473766327,0.12034094333648682,,,,,,,
lowrank_easy,16384,True,torch.float32,1234,0.1,16,5,256,0.08196497708559036,0.1426532119512558,,,,,,,
lowrank_easy,16384,True,torch.float32,1234,0.1,16,6,256,0.0717059075832367,0.11750458180904388,,,,,,,
lowrank_easy,16384,True,torch.float32,1234,0.1,16,7,256,0.0631074458360672,0.11109919846057892,,,,,,,
lowrank_easy,16384,True,torch.float32,1234,0.1,16,0,256,0.08663588762283325,0.14900986850261688,,,,,,,lowrank_easy
lowrank_easy,16384,True,torch.float32,1234,0.1,16,1,256,0.05964221432805061,0.12204459309577942,,,,,,,lowrank_easy
lowrank_easy,16384,True,torch.float32,1234,0.1,16,2,256,0.09389291703701019,0.26697131991386414,,,,,,,lowrank_easy
lowrank_easy,16384,True,torch.float32,1234,0.1,16,3,1024,0.050479259341955185,0.09716566652059555,,,,,,,lowrank_easy
lowrank_easy,16384,True,torch.float32,1234,0.1,16,4,1024,0.040230415761470795,0.08378766477108002,,,,,,,lowrank_easy
lowrank_easy,16384,True,torch.float32,1234,0.1,16,5,256,0.10013429075479507,0.23092231154441833,,,,,,,lowrank_easy
lowrank_easy,16384,True,torch.float32,1234,0.1,16,6,256,0.06922975927591324,0.12044748663902283,,,,,,,lowrank_easy
lowrank_easy,16384,True,torch.float32,1234,0.1,16,7,256,0.07348679006099701,0.12960457801818848,,,,,,,lowrank_easy
lowrank_easy,16384,True,torch.float32,1234,0.1,16,0,256,5.457080364227295,12.94615364074707,,,,,,,scale_1.0
lowrank_easy,16384,True,torch.float32,1234,0.1,16,1,256,4.048578262329102,8.238044738769531,,,,,,,scale_1.0
lowrank_easy,16384,True,torch.float32,1234,0.1,16,2,256,4.7093048095703125,11.072973251342773,,,,,,,scale_1.0
lowrank_easy,16384,True,torch.float32,1234,0.1,16,3,1024,4.579552173614502,10.994462966918945,,,,,,,scale_1.0
lowrank_easy,16384,True,torch.float32,1234,0.1,16,4,1024,4.5590715408325195,12.57180404663086,,,,,,,scale_1.0
lowrank_easy,16384,True,torch.float32,1234,0.1,16,5,256,5.422946453094482,14.430652618408203,,,,,,,scale_1.0
lowrank_easy,16384,True,torch.float32,1234,0.1,16,6,256,4.793371200561523,10.898858070373535,,,,,,,scale_1.0
lowrank_easy,16384,True,torch.float32,1234,0.1,16,7,256,5.920356750488281,15.725400924682617,,,,,,,scale_1.0
lowrank_easy,16384,True,torch.float32,1234,0.1,16,0,256,0.04110445827245712,0.03600442409515381,,,,,,,rare_sharp_shift
lowrank_easy,16384,True,torch.float32,1234,0.1,16,1,256,0.04162834957242012,0.03688988834619522,,,,,,,rare_sharp_shift
lowrank_easy,16384,True,torch.float32,1234,0.1,16,2,256,0.037444569170475006,0.03156580775976181,,,,,,,rare_sharp_shift
lowrank_easy,16384,True,torch.float32,1234,0.1,16,3,1024,0.025319110602140427,0.016438044607639313,,,,,,,rare_sharp_shift
lowrank_easy,16384,True,torch.float32,1234,0.1,16,4,1024,0.025346357375383377,0.016780586913228035,,,,,,,rare_sharp_shift
lowrank_easy,16384,True,torch.float32,1234,0.1,16,5,256,0.03772516921162605,0.030613716691732407,,,,,,,rare_sharp_shift
lowrank_easy,16384,True,torch.float32,1234,0.1,16,6,256,0.04489944502711296,0.04239194840192795,,,,,,,rare_sharp_shift
lowrank_easy,16384,True,torch.float32,1234,0.1,16,7,256,0.040748417377471924,0.03548351675271988,,,,,,,rare_sharp_shift
lowrank_easy,32768,True,torch.float32,1234,0.1,16,0,256,0.09401401877403259,0.1924208402633667,,,,,,,
lowrank_easy,32768,True,torch.float32,1234,0.1,16,1,64,0.1036662608385086,0.161298930644989,,,,,,,
lowrank_easy,32768,True,torch.float32,1234,0.1,16,2,1024,0.033841174095869064,0.07043499499559402,,,,,,,
lowrank_easy,32768,True,torch.float32,1234,0.1,16,3,256,0.0650017037987709,0.12154819071292877,,,,,,,
lowrank_easy,32768,True,torch.float32,1234,0.1,16,4,256,0.07042322307825089,0.12825196981430054,,,,,,,
lowrank_easy,32768,True,torch.float32,1234,0.1,16,5,1024,0.05118536204099655,0.09849180281162262,,,,,,,
lowrank_easy,32768,True,torch.float32,1234,0.1,16,6,256,0.09096035361289978,0.17149043083190918,,,,,,,
lowrank_easy,32768,True,torch.float32,1234,0.1,16,7,256,0.097425177693367,0.17363324761390686,,,,,,,
lowrank_easy,32768,True,torch.float32,1234,0.1,16,0,256,0.0707419291138649,0.13505205512046814,,,,,,,lowrank_easy
lowrank_easy,32768,True,torch.float32,1234,0.1,16,1,64,0.10436689853668213,0.15192875266075134,,,,,,,lowrank_easy
lowrank_easy,32768,True,torch.float32,1234,0.1,16,2,1024,0.05375497788190842,0.10197757184505463,,,,,,,lowrank_easy
lowrank_easy,32768,True,torch.float32,1234,0.1,16,3,256,0.11727000772953033,0.24544256925582886,,,,,,,lowrank_easy
lowrank_easy,32768,True,torch.float32,1234,0.1,16,4,256,0.06169969588518143,0.08958462625741959,,,,,,,lowrank_easy
lowrank_easy,32768,True,torch.float32,1234,0.1,16,5,1024,0.03615950420498848,0.0720634013414383,,,,,,,lowrank_easy
lowrank_easy,32768,True,torch.float32,1234,0.1,16,6,256,0.04891987144947052,0.08245042711496353,,,,,,,lowrank_easy
lowrank_easy,32768,True,torch.float32,1234,0.1,16,7,256,0.1102796196937561,0.23556765913963318,,,,,,,lowrank_easy
lowrank_easy,32768,True,torch.float32,1234,0.1,16,0,256,5.809093475341797,13.046809196472168,,,,,,,scale_1.0
lowrank_easy,32768,True,torch.float32,1234,0.1,16,1,64,4.946395397186279,10.15178108215332,,,,,,,scale_1.0
lowrank_easy,32768,True,torch.float32,1234,0.1,16,2,1024,4.605151176452637,9.875205039978027,,,,,,,scale_1.0
lowrank_easy,32768,True,torch.float32,1234,0.1,16,3,256,4.581576347351074,10.137229919433594,,,,,,,scale_1.0
lowrank_easy,32768,True,torch.float32,1234,0.1,16,4,256,5.629151344299316,12.169898986816406,,,,,,,scale_1.0
lowrank_easy,32768,True,torch.float32,1234,0.1,16,5,1024,5.1356120109558105,13.592219352722168,,,,,,,scale_1.0
lowrank_easy,32768,True,torch.float32,1234,0.1,16,6,256,5.38209867477417,13.613232612609863,,,,,,,scale_1.0
lowrank_easy,32768,True,torch.float32,1234,0.1,16,7,256,7.177986145019531,22.592567443847656,,,,,,,scale_1.0
lowrank_easy,32768,True,torch.float32,1234,0.1,16,0,256,0.03537992388010025,0.0350123830139637,,,,,,,rare_sharp_shift
lowrank_easy,32768,True,torch.float32,1234,0.1,16,1,64,0.06720679253339767,0.07342752069234848,,,,,,,rare_sharp_shift
lowrank_easy,32768,True,torch.float32,1234,0.1,16,2,1024,0.022055387496948242,0.01653379015624523,,,,,,,rare_sharp_shift
lowrank_easy,32768,True,torch.float32,1234,0.1,16,3,256,0.03698598966002464,0.03396259620785713,,,,,,,rare_sharp_shift
lowrank_easy,32768,True,torch.float32,1234,0.1,16,4,256,0.037034280598163605,0.03526910021901131,,,,,,,rare_sharp_shift
lowrank_easy,32768,True,torch.float32,1234,0.1,16,5,1024,0.022052187472581863,0.016667576506733894,,,,,,,rare_sharp_shift
lowrank_easy,32768,True,torch.float32,1234,0.1,16,6,256,0.03527918457984924,0.03371540457010269,,,,,,,rare_sharp_shift
lowrank_easy,32768,True,torch.float32,1234,0.1,16,7,256,0.03474017605185509,0.03116254322230816,,,,,,,rare_sharp_shift
lowrank_easy,65536,True,torch.float32,1234,0.1,16,0,256,0.10403354465961456,0.25014278292655945,,,,,,,
lowrank_easy,65536,True,torch.float32,1234,0.1,16,1,256,0.10691311955451965,0.21675266325473785,,,,,,,
lowrank_easy,65536,True,torch.float32,1234,0.1,16,2,256,0.05016094073653221,0.09208998084068298,,,,,,,
lowrank_easy,65536,True,torch.float32,1234,0.1,16,3,256,0.08749118447303772,0.13927245140075684,,,,,,,
lowrank_easy,65536,True,torch.float32,1234,0.1,16,4,256,0.05504809692502022,0.11192596703767776,,,,,,,
lowrank_easy,65536,True,torch.float32,1234,0.1,16,5,256,0.07666373252868652,0.13756099343299866,,,,,,,
lowrank_easy,65536,True,torch.float32,1234,0.1,16,6,256,0.08418486267328262,0.1830941140651703,,,,,,,
lowrank_easy,65536,True,torch.float32,1234,0.1,16,7,64,0.11302489787340164,0.19128303229808807,,,,,,,
lowrank_easy,65536,True,torch.float32,1234,0.1,16,0,256,0.07759678363800049,0.15029054880142212,,,,,,,lowrank_easy
lowrank_easy,65536,True,torch.float32,1234,0.1,16,1,256,0.09070368111133575,0.19712968170642853,,,,,,,lowrank_easy
lowrank_easy,65536,True,torch.float32,1234,0.1,16,2,256,0.07357326149940491,0.1331263780593872,,,,,,,lowrank_easy
lowrank_easy,65536,True,torch.float32,1234,0.1,16,3,256,0.1129302829504013,0.3061046600341797,,,,,,,lowrank_easy
lowrank_easy,65536,True,torch.float32,1234,0.1,16,4,256,0.09108055382966995,0.15467622876167297,,,,,,,lowrank_easy
lowrank_easy,65536,True,torch.float32,1234,0.1,16,5,256,0.0646611899137497,0.1125163733959198,,,,,,,lowrank_easy
lowrank_easy,65536,True,torch.float32,1234,0.1,16,6,256,0.0965738371014595,0.18870329856872559,,,,,,,lowrank_easy
lowrank_easy,65536,True,torch.float32,1234,0.1,16,7,64,0.09979752451181412,0.20289762318134308,,,,,,,lowrank_easy
lowrank_easy,65536,True,torch.float32,1234,0.1,16,0,256,5.59751033782959,12.560320854187012,,,,,,,scale_1.0
lowrank_easy,65536,True,torch.float32,1234,0.1,16,1,256,6.191564559936523,15.52145767211914,,,,,,,scale_1.0
lowrank_easy,65536,True,torch.float32,1234,0.1,16,2,256,6.658391952514648,16.419071197509766,,,,,,,scale_1.0
lowrank_easy,65536,True,torch.float32,1234,0.1,16,3,256,6.169654846191406,12.62055778503418,,,,,,,scale_1.0
lowrank_easy,65536,True,torch.float32,1234,0.1,16,4,256,7.463053226470947,18.704483032226562,,,,,,,scale_1.0
lowrank_easy,65536,True,torch.float32,1234,0.1,16,5,256,5.500452518463135,12.628606796264648,,,,,,,scale_1.0
lowrank_easy,65536,True,torch.float32,1234,0.1,16,6,256,5.116576194763184,11.247701644897461,,,,,,,scale_1.0
lowrank_easy,65536,True,torch.float32,1234,0.1,16,7,64,6.473952770233154,14.562329292297363,,,,,,,scale_1.0
lowrank_easy,65536,True,torch.float32,1234,0.1,16,0,256,0.022412410005927086,0.028933679684996605,,,,,,,rare_sharp_shift
lowrank_easy,65536,True,torch.float32,1234,0.1,16,1,256,0.02521306648850441,0.029973799362778664,,,,,,,rare_sharp_shift
lowrank_easy,65536,True,torch.float32,1234,0.1,16,2,256,0.02898700162768364,0.03417022153735161,,,,,,,rare_sharp_shift
lowrank_easy,65536,True,torch.float32,1234,0.1,16,3,256,0.02976282685995102,0.03479819744825363,,,,,,,rare_sharp_shift
lowrank_easy,65536,True,torch.float32,1234,0.1,16,4,256,0.03394503891468048,0.040213316679000854,,,,,,,rare_sharp_shift
lowrank_easy,65536,True,torch.float32,1234,0.1,16,5,256,0.024184364825487137,0.029876910150051117,,,,,,,rare_sharp_shift
lowrank_easy,65536,True,torch.float32,1234,0.1,16,6,256,0.024418488144874573,0.029753316193819046,,,,,,,rare_sharp_shift
lowrank_easy,65536,True,torch.float32,1234,0.1,16,7,64,0.0579877644777298,0.06747227162122726,,,,,,,rare_sharp_shift
local_global_easy,512,False,torch.float16,1234,0.1,16,0,64,0.07392865419387817,0.08838994055986404,,,,,,,
local_global_easy,512,False,torch.float16,1234,0.1,16,1,64,0.06407970190048218,0.07492274045944214,,,,,,,
local_global_easy,512,False,torch.float16,1234,0.1,16,2,64,0.0718889832496643,0.08328703045845032,,,,,,,
local_global_easy,512,False,torch.float16,1234,0.1,16,3,64,0.07583409547805786,0.09091918915510178,,,,,,,
local_global_easy,512,False,torch.float16,1234,0.1,16,4,64,0.07615227997303009,0.08912467956542969,,,,,,,
local_global_easy,512,False,torch.float16,1234,0.1,16,5,64,0.06636684387922287,0.07616673409938812,,,,,,,
local_global_easy,512,False,torch.float16,1234,0.1,16,6,256,0.046258244663476944,0.05342448130249977,,,,,,,
local_global_easy,512,False,torch.float16,1234,0.1,16,7,64,0.07749055325984955,0.08880786597728729,,,,,,,
local_global_easy,512,False,torch.float16,1234,0.1,16,0,64,,,all_query_rows,0.07398736476898193,0.08837874978780746,0.09281477332115173,0,0,
local_global_easy,512,False,torch.float16,1234,0.1,16,1,64,,,all_query_rows,0.06436000764369965,0.07524897158145905,0.08317534625530243,0,0,
local_global_easy,512,False,torch.float16,1234,0.1,16,2,64,,,all_query_rows,0.07185369729995728,0.08371161669492722,0.10296952724456787,2,0,
local_global_easy,512,False,torch.float16,1234,0.1,16,3,64,,,all_query_rows,0.0760282427072525,0.09108810126781464,0.11107325553894043,8,0,
local_global_easy,512,False,torch.float16,1234,0.1,16,4,64,,,all_query_rows,0.07588204741477966,0.0884786993265152,0.11460850387811661,4,0,
local_global_easy,512,False,torch.float16,1234,0.1,16,5,64,,,all_query_rows,0.0662510097026825,0.07646681368350983,0.08399117738008499,0,0,
local_global_easy,512,False,torch.float16,1234,0.1,16,6,256,,,all_query_rows,0.04585995525121689,0.05263429880142212,0.05757571756839752,0,0,
local_global_easy,512,False,torch.float16,1234,0.1,16,7,64,,,all_query_rows,0.07775255292654037,0.08972067385911942,0.09868405014276505,0,0,
local_global_easy,512,False,torch.float16,1234,0.1,16,0,64,0.07943767309188843,0.0993383601307869,,,,,,,local_global_easy
local_global_easy,512,False,torch.float16,1234,0.1,16,1,64,0.07028975337743759,0.08466920256614685,,,,,,,local_global_easy
local_global_easy,512,False,torch.float16,1234,0.1,16,2,64,0.06128866225481033,0.0706922858953476,,,,,,,local_global_easy
local_global_easy,512,False,torch.float16,1234,0.1,16,3,64,0.08189667761325836,0.0955108255147934,,,,,,,local_global_easy
local_global_easy,512,False,torch.float16,1234,0.1,16,4,64,0.06336034834384918,0.07417455315589905,,,,,,,local_global_easy
local_global_easy,512,False,torch.float16,1234,0.1,16,5,64,0.06671249866485596,0.07865816354751587,,,,,,,local_global_easy
local_global_easy,512,False,torch.float16,1234,0.1,16,6,256,0.03309406340122223,0.038291096687316895,,,,,,,local_global_easy
local_global_easy,512,False,torch.float16,1234,0.1,16,7,64,0.08070207387208939,0.0925111174583435,,,,,,,local_global_easy
local_global_easy,512,False,torch.float16,1234,0.1,16,0,64,3.5012824535369873,7.140491962432861,,,,,,,scale_1.0
local_global_easy,512,False,torch.float16,1234,0.1,16,1,64,2.8344521522521973,5.221983909606934,,,,,,,scale_1.0
local_global_easy,512,False,torch.float16,1234,0.1,16,2,64,3.3470773696899414,7.079372882843018,,,,,,,scale_1.0
local_global_easy,512,False,torch.float16,1234,0.1,16,3,64,3.1926255226135254,6.126664638519287,,,,,,,scale_1.0
local_global_easy,512,False,torch.float16,1234,0.1,16,4,64,2.8118369579315186,5.063568115234375,,,,,,,scale_1.0
local_global_easy,512,False,torch.float16,1234,0.1,16,5,64,3.0865378379821777,6.429619312286377,,,,,,,scale_1.0
local_global_easy,512,False,torch.float16,1234,0.1,16,6,256,2.7714362144470215,5.852790832519531,,,,,,,scale_1.0
local_global_easy,512,False,torch.float16,1234,0.1,16,7,64,3.705768585205078,8.356584548950195,,,,,,,scale_1.0
local_global_easy,512,False,torch.float16,1234,0.1,16,0,64,0.08498401194810867,0.08025524020195007,,,,,,,rare_sharp_shift
local_global_easy,512,False,torch.float16,1234,0.1,16,1,64,0.07937383651733398,0.07300495356321335,,,,,,,rare_sharp_shift
local_global_easy,512,False,torch.float16,1234,0.1,16,2,64,0.0700770914554596,0.06464576721191406,,,,,,,rare_sharp_shift
local_global_easy,512,False,torch.float16,1234,0.1,16,3,64,0.07052429020404816,0.06371037662029266,,,,,,,rare_sharp_shift
local_global_easy,512,False,torch.float16,1234,0.1,16,4,64,0.07042214274406433,0.06465955823659897,,,,,,,rare_sharp_shift
local_global_easy,512,False,torch.float16,1234,0.1,16,5,64,0.06478306651115417,0.05757661163806915,,,,,,,rare_sharp_shift
local_global_easy,512,False,torch.float16,1234,0.1,16,6,256,0.0396542102098465,0.028016919270157814,,,,,,,rare_sharp_shift
local_global_easy,512,False,torch.float16,1234,0.1,16,7,64,0.0752682238817215,0.06944982707500458,,,,,,,rare_sharp_shift
local_global_easy,1024,False,torch.float16,1234,0.1,16,0,64,0.063574880361557,0.07713265717029572,,,,,,,
local_global_easy,1024,False,torch.float16,1234,0.1,16,1,64,0.06655080616474152,0.07751648873090744,,,,,,,
local_global_easy,1024,False,torch.float16,1234,0.1,16,2,64,0.07436990737915039,0.08491040021181107,,,,,,,
local_global_easy,1024,False,torch.float16,1234,0.1,16,3,64,0.09831130504608154,0.10924619436264038,,,,,,,
local_global_easy,1024,False,torch.float16,1234,0.1,16,4,64,0.06054544448852539,0.07264409959316254,,,,,,,
local_global_easy,1024,False,torch.float16,1234,0.1,16,5,64,0.06961950659751892,0.08343388140201569,,,,,,,
local_global_easy,1024,False,torch.float16,1234,0.1,16,6,64,0.06309172511100769,0.07314741611480713,,,,,,,
local_global_easy,1024,False,torch.float16,1234,0.1,16,7,64,0.08182302117347717,0.09612558037042618,,,,,,,
local_global_easy,1024,False,torch.float16,1234,0.1,16,0,64,,,all_query_rows,0.06377048790454865,0.07570262998342514,0.10136812925338745,1,0,
local_global_easy,1024,False,torch.float16,1234,0.1,16,1,64,,,all_query_rows,0.0665968731045723,0.07846757024526596,0.08634127676486969,0,0,
local_global_easy,1024,False,torch.float16,1234,0.1,16,2,64,,,all_query_rows,0.07481931895017624,0.08557267487049103,0.0916987955570221,0,0,
local_global_easy,1024,False,torch.float16,1234,0.1,16,3,64,,,all_query_rows,0.09840695559978485,0.10948820412158966,0.1272081732749939,457,0,
local_global_easy,1024,False,torch.float16,1234,0.1,16,4,64,,,all_query_rows,0.06080501899123192,0.07377928495407104,0.08420711010694504,0,0,
local_global_easy,1024,False,torch.float16,1234,0.1,16,5,64,,,all_query_rows,0.07006032019853592,0.0852511078119278,0.10733673721551895,9,0,
local_global_easy,1024,False,torch.float16,1234,0.1,16,6,64,,,all_query_rows,0.06389662623405457,0.07455914467573166,0.09052059799432755,0,0,
local_global_easy,1024,False,torch.float16,1234,0.1,16,7,64,,,all_query_rows,0.08219657093286514,0.09605396538972855,0.11015726625919342,18,0,
local_global_easy,1024,False,torch.float16,1234,0.1,16,0,64,0.07222141325473785,0.08407016098499298,,,,,,,local_global_easy
local_global_easy,1024,False,torch.float16,1234,0.1,16,1,64,0.0825682282447815,0.09677361696958542,,,,,,,local_global_easy
local_global_easy,1024,False,torch.float16,1234,0.1,16,2,64,0.07247579097747803,0.08643107116222382,,,,,,,local_global_easy
local_global_easy,1024,False,torch.float16,1234,0.1,16,3,64,0.06390731036663055,0.07616642117500305,,,,,,,local_global_easy
local_global_easy,1024,False,torch.float16,1234,0.1,16,4,64,0.0698259249329567,0.08212050050497055,,,,,,,local_global_easy
local_global_easy,1024,False,torch.float16,1234,0.1,16,5,64,0.06742464005947113,0.0772213339805603,,,,,,,local_global_easy
local_global_easy,1024,False,torch.float16,1234,0.1,16,6,64,0.0807461366057396,0.09148012101650238,,,,,,,local_global_easy
local_global_easy,1024,False,torch.float16,1234,0.1,16,7,64,0.09083276242017746,0.10476861894130707,,,,,,,local_global_easy
local_global_easy,1024,False,torch.float16,1234,0.1,16,0,64,2.90691876411438,5.0245208740234375,,,,,,,scale_1.0
local_global_easy,1024,False,torch.float16,1234,0.1,16,1,64,3.2948403358459473,5.951273441314697,,,,,,,scale_1.0
local_global_easy,1024,False,torch.float16,1234,0.1,16,2,64,3.502242088317871,8.070083618164062,,,,,,,scale_1.0
local_global_easy,1024,False,torch.float16,1234,0.1,16,3,64,3.1035680770874023,5.975308895111084,,,,,,,scale_1.0
local_global_easy,1024,False,torch.float16,1234,0.1,16,4,64,3.868657112121582,8.717641830444336,,,,,,,scale_1.0
local_global_easy,1024,False,torch.float16,1234,0.1,16,5,64,3.276390552520752,6.716099262237549,,,,,,,scale_1.0
local_global_easy,1024,False,torch.float16,1234,0.1,16,6,64,3.4655566215515137,6.4930877685546875,,,,,,,scale_1.0
local_global_easy,1024,False,torch.float16,1234,0.1,16,7,64,3.4954993724823,7.128095626831055,,,,,,,scale_1.0
local_global_easy,1024,False,torch.float16,1234,0.1,16,0,64,0.07301146537065506,0.06826623529195786,,,,,,,rare_sharp_shift
local_global_easy,1024,False,torch.float16,1234,0.1,16,1,64,0.07835525274276733,0.07688573747873306,,,,,,,rare_sharp_shift
local_global_easy,1024,False,torch.float16,1234,0.1,16,2,64,0.06582127511501312,0.062233563512563705,,,,,,,rare_sharp_shift
local_global_easy,1024,False,torch.float16,1234,0.1,16,3,64,0.06167939677834511,0.05804097279906273,,,,,,,rare_sharp_shift
local_global_easy,1024,False,torch.float16,1234,0.1,16,4,64,0.07307589054107666,0.07294454425573349,,,,,,,rare_sharp_shift
local_global_easy,1024,False,torch.float16,1234,0.1,16,5,64,0.07607976347208023,0.07326595485210419,,,,,,,rare_sharp_shift
local_global_easy,1024,False,torch.float16,1234,0.1,16,6,64,0.07657939940690994,0.07445742189884186,,,,,,,rare_sharp_shift
local_global_easy,1024,False,torch.float16,1234,0.1,16,7,64,0.08855924755334854,0.09031140804290771,,,,,,,rare_sharp_shift
local_global_easy,2048,False,torch.float16,1234,0.1,16,0,64,0.0834784060716629,0.09391982853412628,,,,,,,
local_global_easy,2048,False,torch.float16,1234,0.1,16,1,64,0.07329718768596649,0.08484414219856262,,,,,,,
local_global_easy,2048,False,torch.float16,1234,0.1,16,2,64,0.07544613629579544,0.08747048676013947,,,,,,,
local_global_easy,2048,False,torch.float16,1234,0.1,16,3,64,0.07260705530643463,0.08467236906290054,,,,,,,
local_global_easy,2048,False,torch.float16,1234,0.1,16,4,64,0.06739352643489838,0.07994980365037918,,,,,,,
local_global_easy,2048,False,torch.float16,1234,0.1,16,5,64,0.06801808625459671,0.07915231585502625,,,,,,,
local_global_easy,2048,False,torch.float16,1234,0.1,16,6,64,0.05513448268175125,0.06346748769283295,,,,,,,
local_global_easy,2048,False,torch.float16,1234,0.1,16,7,64,0.07047511637210846,0.08380971103906631,,,,,,,
local_global_easy,2048,False,torch.float16,1234,0.1,16,0,64,,,all_query_rows,0.08345478773117065,0.09652364999055862,0.11082107573747635,56,0,
local_global_easy,2048,False,torch.float16,1234,0.1,16,1,64,,,all_query_rows,0.07376935333013535,0.08636849373579025,0.0985308289527893,0,0,
local_global_easy,2048,False,torch.float16,1234,0.1,16,2,64,,,all_query_rows,0.07494346052408218,0.08692851662635803,0.09393344074487686,0,0,
local_global_easy,2048,False,torch.float16,1234,0.1,16,3,64,,,all_query_rows,0.07271607220172882,0.0839596837759018,0.1017373725771904,1,0,
local_global_easy,2048,False,torch.float16,1234,0.1,16,4,64,,,all_query_rows,0.06767650693655014,0.07977170497179031,0.09086500108242035,0,0,
local_global_easy,2048,False,torch.float16,1234,0.1,16,5,64,,,all_query_rows,0.06824174523353577,0.08019942045211792,0.09406375885009766,0,0,
local_global_easy,2048,False,torch.float16,1234,0.1,16,6,64,,,all_query_rows,0.05545482411980629,0.06480614840984344,0.08756201714277267,0,0,
local_global_easy,2048,False,torch.float16,1234,0.1,16,7,64,,,all_query_rows,0.07087546586990356,0.08530275523662567,0.10921083390712738,14,0,
local_global_easy,2048,False,torch.float16,1234,0.1,16,0,64,0.07395448535680771,0.08579783141613007,,,,,,,local_global_easy
local_global_easy,2048,False,torch.float16,1234,0.1,16,1,64,0.05791766569018364,0.06937901675701141,,,,,,,local_global_easy
local_global_easy,2048,False,torch.float16,1234,0.1,16,2,64,0.07231855392456055,0.08411633968353271,,,,,,,local_global_easy
local_global_easy,2048,False,torch.float16,1234,0.1,16,3,64,0.07439152896404266,0.08438418805599213,,,,,,,local_global_easy
local_global_easy,2048,False,torch.float16,1234,0.1,16,4,64,0.07512135803699493,0.0876653641462326,,,,,,,local_global_easy
local_global_easy,2048,False,torch.float16,1234,0.1,16,5,64,0.07890766859054565,0.0919375941157341,,,,,,,local_global_easy
local_global_easy,2048,False,torch.float16,1234,0.1,16,6,64,0.0635717436671257,0.07491481304168701,,,,,,,local_global_easy
local_global_easy,2048,False,torch.float16,1234,0.1,16,7,64,0.09037291258573532,0.10448552668094635,,,,,,,local_global_easy
local_global_easy,2048,False,torch.float16,1234,0.1,16,0,64,3.6759033203125,6.857430458068848,,,,,,,scale_1.0
local_global_easy,2048,False,torch.float16,1234,0.1,16,1,64,4.289902210235596,10.356403350830078,,,,,,,scale_1.0
local_global_easy,2048,False,torch.float16,1234,0.1,16,2,64,3.7911887168884277,7.7908830642700195,,,,,,,scale_1.0
local_global_easy,2048,False,torch.float16,1234,0.1,16,3,64,4.9358062744140625,11.37515640258789,,,,,,,scale_1.0
local_global_easy,2048,False,torch.float16,1234,0.1,16,4,64,4.660558700561523,11.296039581298828,,,,,,,scale_1.0
local_global_easy,2048,False,torch.float16,1234,0.1,16,5,64,3.7036118507385254,6.428444862365723,,,,,,,scale_1.0
local_global_easy,2048,False,torch.float16,1234,0.1,16,6,64,7.276372909545898,19.113231658935547,,,,,,,scale_1.0
local_global_easy,2048,False,torch.float16,1234,0.1,16,7,64,4.642495155334473,10.853994369506836,,,,,,,scale_1.0
local_global_easy,2048,False,torch.float16,1234,0.1,16,0,64,0.0674947202205658,0.07209855318069458,,,,,,,rare_sharp_shift
local_global_easy,2048,False,torch.float16,1234,0.1,16,1,64,0.0627240389585495,0.06670521199703217,,,,,,,rare_sharp_shift
local_global_easy,2048,False,torch.float16,1234,0.1,16,2,64,0.061055392026901245,0.06373746693134308,,,,,,,rare_sharp_shift
local_global_easy,2048,False,torch.float16,1234,0.1,16,3,64,0.07016924023628235,0.07267098873853683,,,,,,,rare_sharp_shift
local_global_easy,2048,False,torch.float16,1234,0.1,16,4,64,0.07297225296497345,0.07733047008514404,,,,,,,rare_sharp_shift
local_global_easy,2048,False,torch.float16,1234,0.1,16,5,64,0.06479232013225555,0.0687284991145134,,,,,,,rare_sharp_shift
local_global_easy,2048,False,torch.float16,1234,0.1,16,6,64,0.07296104729175568,0.07776384800672531,,,,,,,rare_sharp_shift
local_global_easy,2048,False,torch.float16,1234,0.1,16,7,64,0.07677917927503586,0.08030009269714355,,,,,,,rare_sharp_shift
local_global_easy,4096,False,torch.float16,1234,0.1,16,0,64,0.07220388203859329,0.08276451379060745,,,,,,,
local_global_easy,4096,False,torch.float16,1234,0.1,16,1,64,0.08633626997470856,0.10283569246530533,,,,,,,
local_global_easy,4096,False,torch.float16,1234,0.1,16,2,64,0.06103220954537392,0.06994562596082687,,,,,,,
local_global_easy,4096,False,torch.float16,1234,0.1,16,3,64,0.07064276188611984,0.08238887786865234,,,,,,,
local_global_easy,4096,False,torch.float16,1234,0.1,16,4,64,0.08054301887750626,0.09311062842607498,,,,,,,
local_global_easy,4096,False,torch.float16,1234,0.1,16,5,64,0.06733664870262146,0.07735960185527802,,,,,,,
local_global_easy,4096,False,torch.float16,1234,0.1,16,6,64,0.06501688063144684,0.07794614881277084,,,,,,,
local_global_easy,4096,False,torch.float16,1234,0.1,16,7,64,0.089426189661026,0.10068285465240479,,,,,,,
local_global_easy,4096,False,torch.float16,1234,0.1,16,0,64,,,all_query_rows,0.0721241682767868,0.08336363732814789,0.09528481215238571,0,0,
local_global_easy,4096,False,torch.float16,1234,0.1,16,1,64,,,all_query_rows,0.08654802292585373,0.1039748564362526,0.12504708766937256,449,0,
local_global_easy,4096,False,torch.float16,1234,0.1,16,2,64,,,all_query_rows,0.06165642291307449,0.0710817351937294,0.081106998026371,0,0,
local_global_easy,4096,False,torch.float16,1234,0.1,16,3,64,,,all_query_rows,0.07045020163059235,0.0823989063501358,0.1025545671582222,4,0,
local_global_easy,4096,False,torch.float16,1234,0.1,16,4,64,,,all_query_rows,0.08055198192596436,0.0937027633190155,0.11142923682928085,44,0,
local_global_easy,4096,False,torch.float16,1234,0.1,16,5,64,,,all_query_rows,0.0672265887260437,0.07780150324106216,0.091633640229702,0,0,
local_global_easy,4096,False,torch.float16,1234,0.1,16,6,64,,,all_query_rows,0.0651647299528122,0.0762941762804985,0.10533710569143295,2,0,
local_global_easy,4096,False,torch.float16,1234,0.1,16,7,64,,,all_query_rows,0.08964493125677109,0.10227345675230026,0.11310837417840958,320,0,
local_global_easy,4096,False,torch.float16,1234,0.1,16,0,64,0.06721639633178711,0.0761086642742157,,,,,,,local_global_easy
local_global_easy,4096,False,torch.float16,1234,0.1,16,1,64,0.06585589796304703,0.0759148970246315,,,,,,,local_global_easy
local_global_easy,4096,False,torch.float16,1234,0.1,16,2,64,0.07767462730407715,0.09070314466953278,,,,,,,local_global_easy
local_global_easy,4096,False,torch.float16,1234,0.1,16,3,64,0.07821494340896606,0.09319674968719482,,,,,,,local_global_easy
local_global_easy,4096,False,torch.float16,1234,0.1,16,4,64,0.07075317949056625,0.08222886919975281,,,,,,,local_global_easy
local_global_easy,4096,False,torch.float16,1234,0.1,16,5,64,0.057281143963336945,0.06376335769891739,,,,,,,local_global_easy
local_global_easy,4096,False,torch.float16,1234,0.1,16,6,64,0.0657433494925499,0.07733073830604553,,,,,,,local_global_easy
local_global_easy,4096,False,torch.float16,1234,0.1,16,7,64,0.07784310728311539,0.09081795066595078,,,,,,,local_global_easy
local_global_easy,4096,False,torch.float16,1234,0.1,16,0,64,4.207096576690674,9.68105697631836,,,,,,,scale_1.0
local_global_easy,4096,False,torch.float16,1234,0.1,16,1,64,4.776793956756592,9.726592063903809,,,,,,,scale_1.0
local_global_easy,4096,False,torch.float16,1234,0.1,16,2,64,6.013060569763184,12.655529975891113,,,,,,,scale_1.0
local_global_easy,4096,False,torch.float16,1234,0.1,16,3,64,5.287733554840088,13.040626525878906,,,,,,,scale_1.0
local_global_easy,4096,False,torch.float16,1234,0.1,16,4,64,4.0046706199646,8.013912200927734,,,,,,,scale_1.0
local_global_easy,4096,False,torch.float16,1234,0.1,16,5,64,5.930715560913086,13.606122970581055,,,,,,,scale_1.0
local_global_easy,4096,False,torch.float16,1234,0.1,16,6,64,3.963498115539551,7.6784796714782715,,,,,,,scale_1.0
local_global_easy,4096,False,torch.float16,1234,0.1,16,7,64,4.625030040740967,10.474618911743164,,,,,,,scale_1.0
local_global_easy,4096,False,torch.float16,1234,0.1,16,0,64,0.06952929496765137,0.058191146701574326,,,,,,,rare_sharp_shift
local_global_easy,4096,False,torch.float16,1234,0.1,16,1,64,0.07589135318994522,0.06540697813034058,,,,,,,rare_sharp_shift
local_global_easy,4096,False,torch.float16,1234,0.1,16,2,64,0.07853778451681137,0.06786280125379562,,,,,,,rare_sharp_shift
local_global_easy,4096,False,torch.float16,1234,0.1,16,3,64,0.08623795956373215,0.07883553206920624,,,,,,,rare_sharp_shift
local_global_easy,4096,False,torch.float16,1234,0.1,16,4,64,0.07082267105579376,0.060447659343481064,,,,,,,rare_sharp_shift
local_global_easy,4096,False,torch.float16,1234,0.1,16,5,64,0.06509184837341309,0.05298499017953873,,,,,,,rare_sharp_shift
local_global_easy,4096,False,torch.float16,1234,0.1,16,6,64,0.07057616114616394,0.06066024303436279,,,,,,,rare_sharp_shift
local_global_easy,4096,False,torch.float16,1234,0.1,16,7,64,0.08291678130626678,0.07305090129375458,,,,,,,rare_sharp_shift
local_global_easy,8192,False,torch.float16,1234,0.1,16,0,64,0.08118262887001038,0.09363237023353577,,,,,,,
local_global_easy,8192,False,torch.float16,1234,0.1,16,1,64,0.07969187200069427,0.09337148815393448,,,,,,,
local_global_easy,8192,False,torch.float16,1234,0.1,16,2,64,0.06938916444778442,0.08004206418991089,,,,,,,
local_global_easy,8192,False,torch.float16,1234,0.1,16,3,64,0.06487636268138885,0.07797321677207947,,,,,,,
local_global_easy,8192,False,torch.float16,1234,0.1,16,4,64,0.0660533457994461,0.07869067788124084,,,,,,,
local_global_easy,8192,False,torch.float16,1234,0.1,16,5,64,0.07048842310905457,0.08197054266929626,,,,,,,
local_global_easy,8192,False,torch.float16,1234,0.1,16,6,64,0.07533840090036392,0.08671516180038452,,,,,,,
local_global_easy,8192,False,torch.float16,1234,0.1,16,7,64,0.0775885209441185,0.0916798859834671,,,,,,,
local_global_easy,8192,False,torch.float16,1234,0.1,16,0,64,0.07779901474714279,0.09047901630401611,,,,,,,local_global_easy
local_global_easy,8192,False,torch.float16,1234,0.1,16,1,64,0.07296667993068695,0.0835333913564682,,,,,,,local_global_easy
local_global_easy,8192,False,torch.float16,1234,0.1,16,2,64,0.07490850985050201,0.08504242449998856,,,,,,,local_global_easy
local_global_easy,8192,False,torch.float16,1234,0.1,16,3,64,0.07613476365804672,0.08885020017623901,,,,,,,local_global_easy
local_global_easy,8192,False,torch.float16,1234,0.1,16,4,64,0.09187856316566467,0.10444401204586029,,,,,,,local_global_easy
local_global_easy,8192,False,torch.float16,1234,0.1,16,5,64,0.06443087011575699,0.07360544055700302,,,,,,,local_global_easy
local_global_easy,8192,False,torch.float16,1234,0.1,16,6,64,0.0616568997502327,0.07041887193918228,,,,,,,local_global_easy
local_global_easy,8192,False,torch.float16,1234,0.1,16,7,64,0.061005186289548874,0.07387004047632217,,,,,,,local_global_easy
local_global_easy,8192,False,torch.float16,1234,0.1,16,0,64,5.7534074783325195,11.01345157623291,,,,,,,scale_1.0
local_global_easy,8192,False,torch.float16,1234,0.1,16,1,64,4.866812229156494,9.534729957580566,,,,,,,scale_1.0
local_global_easy,8192,False,torch.float16,1234,0.1,16,2,64,6.497464179992676,16.387441635131836,,,,,,,scale_1.0
local_global_easy,8192,False,torch.float16,1234,0.1,16,3,64,5.249972343444824,9.80726432800293,,,,,,,scale_1.0
local_global_easy,8192,False,torch.float16,1234,0.1,16,4,64,5.7113518714904785,10.681556701660156,,,,,,,scale_1.0
local_global_easy,8192,False,torch.float16,1234,0.1,16,5,64,6.334718227386475,18.628252029418945,,,,,,,scale_1.0
local_global_easy,8192,False,torch.float16,1234,0.1,16,6,64,4.870469093322754,10.38094711303711,,,,,,,scale_1.0
local_global_easy,8192,False,torch.float16,1234,0.1,16,7,64,4.930634498596191,10.448271751403809,,,,,,,scale_1.0
local_global_easy,8192,False,torch.float16,1234,0.1,16,0,64,0.0702081024646759,0.07142031937837601,,,,,,,rare_sharp_shift
local_global_easy,8192,False,torch.float16,1234,0.1,16,1,64,0.06742759048938751,0.06851073354482651,,,,,,,rare_sharp_shift
local_global_easy,8192,False,torch.float16,1234,0.1,16,2,64,0.07186409085988998,0.0721629410982132,,,,,,,rare_sharp_shift
local_global_easy,8192,False,torch.float16,1234,0.1,16,3,64,0.06913837790489197,0.0704500675201416,,,,,,,rare_sharp_shift
local_global_easy,8192,False,torch.float16,1234,0.1,16,4,64,0.08637315034866333,0.08747020363807678,,,,,,,rare_sharp_shift
local_global_easy,8192,False,torch.float16,1234,0.1,16,5,64,0.061095744371414185,0.06066804379224777,,,,,,,rare_sharp_shift
local_global_easy,8192,False,torch.float16,1234,0.1,16,6,64,0.05587146431207657,0.05545925721526146,,,,,,,rare_sharp_shift
local_global_easy,8192,False,torch.float16,1234,0.1,16,7,64,0.06789369881153107,0.06731733679771423,,,,,,,rare_sharp_shift
local_global_easy,16384,False,torch.float16,1234,0.1,16,0,64,0.0890895426273346,0.10485485196113586,,,,,,,
local_global_easy,16384,False,torch.float16,1234,0.1,16,1,64,0.07047466933727264,0.08139947801828384,,,,,,,
local_global_easy,16384,False,torch.float16,1234,0.1,16,2,64,0.06789970397949219,0.07993257790803909,,,,,,,
local_global_easy,16384,False,torch.float16,1234,0.1,16,3,64,0.0645069032907486,0.07828699797391891,,,,,,,
local_global_easy,16384,False,torch.float16,1234,0.1,16,4,64,0.07115480303764343,0.08591895550489426,,,,,,,
local_global_easy,16384,False,torch.float16,1234,0.1,16,5,64,0.08180290460586548,0.09997802972793579,,,,,,,
local_global_easy,16384,False,torch.float16,1234,0.1,16,6,64,0.06698758900165558,0.07932451367378235,,,,,,,
local_global_easy,16384,False,torch.float16,1234,0.1,16,7,64,0.08323751389980316,0.09369450807571411,,,,,,,
local_global_easy,16384,False,torch.float16,1234,0.1,16,0,64,0.06579956412315369,0.08065719902515411,,,,,,,local_global_easy
local_global_easy,16384,False,torch.float16,1234,0.1,16,1,64,0.08408822119235992,0.09931731224060059,,,,,,,local_global_easy
local_global_easy,16384,False,torch.float16,1234,0.1,16,2,64,0.06439053267240524,0.07597850263118744,,,,,,,local_global_easy
local_global_easy,16384,False,torch.float16,1234,0.1,16,3,64,0.05563445761799812,0.06539797782897949,,,,,,,local_global_easy
local_global_easy,16384,False,torch.float16,1234,0.1,16,4,64,0.061427414417266846,0.07102931290864944,,,,,,,local_global_easy
local_global_easy,16384,False,torch.float16,1234,0.1,16,5,64,0.07405613362789154,0.08522428572177887,,,,,,,local_global_easy
local_global_easy,16384,False,torch.float16,1234,0.1,16,6,64,0.0634031742811203,0.071419857442379,,,,,,,local_global_easy
local_global_easy,16384,False,torch.float16,1234,0.1,16,7,64,0.07443681359291077,0.08945230394601822,,,,,,,local_global_easy
local_global_easy,16384,False,torch.float16,1234,0.1,16,0,64,5.759524345397949,11.016058921813965,,,,,,,scale_1.0
local_global_easy,16384,False,torch.float16,1234,0.1,16,1,64,5.311763763427734,12.054252624511719,,,,,,,scale_1.0
local_global_easy,16384,False,torch.float16,1234,0.1,16,2,64,4.917566299438477,9.2259521484375,,,,,,,scale_1.0
local_global_easy,16384,False,torch.float16,1234,0.1,16,3,64,5.607990264892578,11.974844932556152,,,,,,,scale_1.0
local_global_easy,16384,False,torch.float16,1234,0.1,16,4,64,5.687216758728027,11.722915649414062,,,,,,,scale_1.0
local_global_easy,16384,False,torch.float16,1234,0.1,16,5,64,6.575583457946777,15.397478103637695,,,,,,,scale_1.0
local_global_easy,16384,False,torch.float16,1234,0.1,16,6,64,6.792840957641602,14.42285442352295,,,,,,,scale_1.0
local_global_easy,16384,False,torch.float16,1234,0.1,16,7,64,6.674476146697998,15.483497619628906,,,,,,,scale_1.0
local_global_easy,16384,False,torch.float16,1234,0.1,16,0,64,0.05889217555522919,0.05296207591891289,,,,,,,rare_sharp_shift
local_global_easy,16384,False,torch.float16,1234,0.1,16,1,64,0.08277817070484161,0.08174249529838562,,,,,,,rare_sharp_shift
local_global_easy,16384,False,torch.float16,1234,0.1,16,2,64,0.061414506286382675,0.057178616523742676,,,,,,,rare_sharp_shift
local_global_easy,16384,False,torch.float16,1234,0.1,16,3,64,0.059499721974134445,0.054677948355674744,,,,,,,rare_sharp_shift
local_global_easy,16384,False,torch.float16,1234,0.1,16,4,64,0.06471686065196991,0.06219843402504921,,,,,,,rare_sharp_shift
local_global_easy,16384,False,torch.float16,1234,0.1,16,5,64,0.0713626965880394,0.06853911280632019,,,,,,,rare_sharp_shift
local_global_easy,16384,False,torch.float16,1234,0.1,16,6,64,0.07061615586280823,0.0671401396393776,,,,,,,rare_sharp_shift
local_global_easy,16384,False,torch.float16,1234,0.1,16,7,64,0.07527333498001099,0.07295534014701843,,,,,,,rare_sharp_shift
local_global_easy,32768,False,torch.float16,1234,0.1,16,0,64,0.06322888284921646,0.07395912706851959,,,,,,,
local_global_easy,32768,False,torch.float16,1234,0.1,16,1,64,0.06479343771934509,0.0755530595779419,,,,,,,
local_global_easy,32768,False,torch.float16,1234,0.1,16,2,64,0.06871309131383896,0.08058460801839828,,,,,,,
local_global_easy,32768,False,torch.float16,1234,0.1,16,3,64,0.07981517910957336,0.0953192189335823,,,,,,,
local_global_easy,32768,False,torch.float16,1234,0.1,16,4,64,0.08211078494787216,0.09733200073242188,,,,,,,
local_global_easy,32768,False,torch.float16,1234,0.1,16,5,64,0.07385015487670898,0.08573795855045319,,,,,,,
local_global_easy,32768,False,torch.float16,1234,0.1,16,6,64,0.06741414964199066,0.07888955622911453,,,,,,,
local_global_easy,32768,False,torch.float16,1234,0.1,16,7,64,0.07950393855571747,0.09301464259624481,,,,,,,
local_global_easy,32768,False,torch.float16,1234,0.1,16,0,64,0.08760993182659149,0.09849424660205841,,,,,,,local_global_easy
local_global_easy,32768,False,torch.float16,1234,0.1,16,1,64,0.06630754470825195,0.0782087966799736,,,,,,,local_global_easy
local_global_easy,32768,False,torch.float16,1234,0.1,16,2,64,0.07109112292528152,0.08266520500183105,,,,,,,local_global_easy
local_global_easy,32768,False,torch.float16,1234,0.1,16,3,64,0.06351441890001297,0.07271598279476166,,,,,,,local_global_easy
local_global_easy,32768,False,torch.float16,1234,0.1,16,4,64,0.0800432562828064,0.09120355546474457,,,,,,,local_global_easy
local_global_easy,32768,False,torch.float16,1234,0.1,16,5,64,0.06657016277313232,0.0756688192486763,,,,,,,local_global_easy
local_global_easy,32768,False,torch.float16,1234,0.1,16,6,64,0.06861141324043274,0.08063314855098724,,,,,,,local_global_easy
local_global_easy,32768,False,torch.float16,1234,0.1,16,7,64,0.06317225098609924,0.07394303381443024,,,,,,,local_global_easy
local_global_easy,32768,False,torch.float16,1234,0.1,16,0,64,7.2989397048950195,15.899230003356934,,,,,,,scale_1.0
local_global_easy,32768,False,torch.float16,1234,0.1,16,1,64,5.208995819091797,9.135669708251953,,,,,,,scale_1.0
local_global_easy,32768,False,torch.float16,1234,0.1,16,2,64,6.3118462562561035,12.819942474365234,,,,,,,scale_1.0
local_global_easy,32768,False,torch.float16,1234,0.1,16,3,64,5.18480110168457,10.319801330566406,,,,,,,scale_1.0
local_global_easy,32768,False,torch.float16,1234,0.1,16,4,64,5.613846302032471,10.419046401977539,,,,,,,scale_1.0
local_global_easy,32768,False,torch.float16,1234,0.1,16,5,64,6.0774736404418945,13.609620094299316,,,,,,,scale_1.0
local_global_easy,32768,False,torch.float16,1234,0.1,16,6,64,7.341090202331543,18.070892333984375,,,,,,,scale_1.0
local_global_easy,32768,False,torch.float16,1234,0.1,16,7,64,7.456670761108398,15.41086483001709,,,,,,,scale_1.0
local_global_easy,32768,False,torch.float16,1234,0.1,16,0,64,0.07206210494041443,0.07424818724393845,,,,,,,rare_sharp_shift
local_global_easy,32768,False,torch.float16,1234,0.1,16,1,64,0.06551560014486313,0.06394597142934799,,,,,,,rare_sharp_shift
local_global_easy,32768,False,torch.float16,1234,0.1,16,2,64,0.07579274475574493,0.07688838988542557,,,,,,,rare_sharp_shift
local_global_easy,32768,False,torch.float16,1234,0.1,16,3,64,0.06802725791931152,0.06781153380870819,,,,,,,rare_sharp_shift
local_global_easy,32768,False,torch.float16,1234,0.1,16,4,64,0.07273229956626892,0.07493751496076584,,,,,,,rare_sharp_shift
local_global_easy,32768,False,torch.float16,1234,0.1,16,5,64,0.06817369163036346,0.0674021765589714,,,,,,,rare_sharp_shift
local_global_easy,32768,False,torch.float16,1234,0.1,16,6,64,0.06278429180383682,0.06416241824626923,,,,,,,rare_sharp_shift
local_global_easy,32768,False,torch.float16,1234,0.1,16,7,64,0.06319510191679001,0.06369706988334656,,,,,,,rare_sharp_shift
local_global_easy,65536,False,torch.float16,1234,0.1,16,0,64,0.08178243041038513,0.09304361045360565,,,,,,,
local_global_easy,65536,False,torch.float16,1234,0.1,16,1,64,0.07329988479614258,0.08790730684995651,,,,,,,
local_global_easy,65536,False,torch.float16,1234,0.1,16,2,64,0.06775294244289398,0.07767727971076965,,,,,,,
local_global_easy,65536,False,torch.float16,1234,0.1,16,3,64,0.0835360586643219,0.09784669429063797,,,,,,,
local_global_easy,65536,False,torch.float16,1234,0.1,16,4,64,0.07217211276292801,0.08412949740886688,,,,,,,
local_global_easy,65536,False,torch.float16,1234,0.1,16,5,64,0.06933923065662384,0.08110912144184113,,,,,,,
local_global_easy,65536,False,torch.float16,1234,0.1,16,6,64,0.07834117114543915,0.09560707211494446,,,,,,,
local_global_easy,65536,False,torch.float16,1234,0.1,16,7,64,0.07010786235332489,0.08279386162757874,,,,,,,
local_global_easy,65536,False,torch.float16,1234,0.1,16,0,64,0.059144068509340286,0.06921374797821045,,,,,,,local_global_easy
local_global_easy,65536,False,torch.float16,1234,0.1,16,1,64,0.06172242760658264,0.07016164809465408,,,,,,,local_global_easy
local_global_easy,65536,False,torch.float16,1234,0.1,16,2,64,0.07618679106235504,0.09105002135038376,,,,,,,local_global_easy
local_global_easy,65536,False,torch.float16,1234,0.1,16,3,64,0.0760854035615921,0.09025993198156357,,,,,,,local_global_easy
local_global_easy,65536,False,torch.float16,1234,0.1,16,4,64,0.07972225546836853,0.09476640075445175,,,,,,,local_global_easy
local_global_easy,65536,False,torch.float16,1234,0.1,16,5,64,0.06435081362724304,0.07762056589126587,,,,,,,local_global_easy
local_global_easy,65536,False,torch.float16,1234,0.1,16,6,64,0.06723347306251526,0.08117590099573135,,,,,,,local_global_easy
local_global_easy,65536,False,torch.float16,1234,0.1,16,7,64,0.08225305378437042,0.09440656006336212,,,,,,,local_global_easy
local_global_easy,65536,False,torch.float16,1234,0.1,16,0,64,6.760680198669434,14.258480072021484,,,,,,,scale_1.0
local_global_easy,65536,False,torch.float16,1234,0.1,16,1,64,6.77199649810791,13.166172981262207,,,,,,,scale_1.0
local_global_easy,65536,False,torch.float16,1234,0.1,16,2,64,6.6846137046813965,13.92890739440918,,,,,,,scale_1.0
local_global_easy,65536,False,torch.float16,1234,0.1,16,3,64,6.64658784866333,13.080230712890625,,,,,,,scale_1.0
local_global_easy,65536,False,torch.float16,1234,0.1,16,4,64,6.855826377868652,14.259326934814453,,,,,,,scale_1.0
local_global_easy,65536,False,torch.float16,1234,0.1,16,5,64,5.284087181091309,8.921247482299805,,,,,,,scale_1.0
local_global_easy,65536,False,torch.float16,1234,0.1,16,6,64,6.193632125854492,12.37334156036377,,,,,,,scale_1.0
local_global_easy,65536,False,torch.float16,1234,0.1,16,7,64,6.703963756561279,13.528026580810547,,,,,,,scale_1.0
local_global_easy,65536,False,torch.float16,1234,0.1,16,0,64,0.05549721419811249,0.06229685619473457,,,,,,,rare_sharp_shift
local_global_easy,65536,False,torch.float16,1234,0.1,16,1,64,0.052378617227077484,0.059159331023693085,,,,,,,rare_sharp_shift
local_global_easy,65536,False,torch.float16,1234,0.1,16,2,64,0.06858434528112411,0.07669752836227417,,,,,,,rare_sharp_shift
local_global_easy,65536,False,torch.float16,1234,0.1,16,3,64,0.054791275411844254,0.06241618096828461,,,,,,,rare_sharp_shift
local_global_easy,65536,False,torch.float16,1234,0.1,16,4,64,0.06046149134635925,0.07050982117652893,,,,,,,rare_sharp_shift
local_global_easy,65536,False,torch.float16,1234,0.1,16,5,64,0.05313184857368469,0.059599317610263824,,,,,,,rare_sharp_shift
local_global_easy,65536,False,torch.float16,1234,0.1,16,6,64,0.054163508117198944,0.0611809641122818,,,,,,,rare_sharp_shift
local_global_easy,65536,False,torch.float16,1234,0.1,16,7,64,0.061672937124967575,0.06894034147262573,,,,,,,rare_sharp_shift
local_global_easy,512,False,torch.float32,1234,0.1,16,0,64,0.07392609119415283,0.08838793635368347,,,,,,,
local_global_easy,512,False,torch.float32,1234,0.1,16,1,64,0.0640774667263031,0.07491856813430786,,,,,,,
local_global_easy,512,False,torch.float32,1234,0.1,16,2,64,0.07189112901687622,0.08329509943723679,,,,,,,
local_global_easy,512,False,torch.float32,1234,0.1,16,3,64,0.07583469152450562,0.09091958403587341,,,,,,,
local_global_easy,512,False,torch.float32,1234,0.1,16,4,64,0.07614877820014954,0.08912201970815659,,,,,,,
local_global_easy,512,False,torch.float32,1234,0.1,16,5,64,0.06636753678321838,0.07616586983203888,,,,,,,
local_global_easy,512,False,torch.float32,1234,0.1,16,6,256,0.04625765234231949,0.053421974182128906,,,,,,,
local_global_easy,512,False,torch.float32,1234,0.1,16,7,64,0.07748766243457794,0.0888030081987381,,,,,,,
local_global_easy,512,False,torch.float32,1234,0.1,16,0,64,,,all_query_rows,0.07398328930139542,0.08838868886232376,0.09285341948270798,0,0,
local_global_easy,512,False,torch.float32,1234,0.1,16,1,64,,,all_query_rows,0.06435513496398926,0.07521142065525055,0.08313838392496109,0,0,
local_global_easy,512,False,torch.float32,1234,0.1,16,2,64,,,all_query_rows,0.07185611128807068,0.08371604233980179,0.10297202318906784,2,0,
local_global_easy,512,False,torch.float32,1234,0.1,16,3,64,,,all_query_rows,0.07602530717849731,0.09108508378267288,0.11105243116617203,7,0,
local_global_easy,512,False,torch.float32,1234,0.1,16,4,64,,,all_query_rows,0.07588084042072296,0.08845856040716171,0.11458010971546173,4,0,
local_global_easy,512,False,torch.float32,1234,0.1,16,5,64,,,all_query_rows,0.06625306606292725,0.07645750045776367,0.08399129658937454,0,0,
local_global_easy,512,False,torch.float32,1234,0.1,16,6,256,,,all_query_rows,0.04585733264684677,0.05264127254486084,0.05759654566645622,0,0,
local_global_easy,512,False,torch.float32,1234,0.1,16,7,64,,,all_query_rows,0.07774952799081802,0.08969812095165253,0.09866514801979065,0,0,
local_global_easy,512,False,torch.float32,1234,0.1,16,0,64,0.07943786680698395,0.09933775663375854,,,,,,,local_global_easy
local_global_easy,512,False,torch.float32,1234,0.1,16,1,64,0.07028905302286148,0.08466821163892746,,,,,,,local_global_easy
local_global_easy,512,False,torch.float32,1234,0.1,16,2,64,0.06128573790192604,0.0706881433725357,,,,,,,local_global_easy
local_global_easy,512,False,torch.float32,1234,0.1,16,3,64,0.0819026529788971,0.09551680833101273,,,,,,,local_global_easy
local_global_easy,512,False,torch.float32,1234,0.1,16,4,64,0.06336123496294022,0.07417631149291992,,,,,,,local_global_easy
local_global_easy,512,False,torch.float32,1234,0.1,16,5,64,0.06670822948217392,0.0786541998386383,,,,,,,local_global_easy
local_global_easy,512,False,torch.float32,1234,0.1,16,6,256,0.03309422731399536,0.038289621472358704,,,,,,,local_global_easy
local_global_easy,512,False,torch.float32,1234,0.1,16,7,64,0.08069996535778046,0.09250863641500473,,,,,,,local_global_easy
local_global_easy,512,False,torch.float32,1234,0.1,16,0,64,3.501495361328125,7.143230438232422,,,,,,,scale_1.0
local_global_easy,512,False,torch.float32,1234,0.1,16,1,64,2.8341712951660156,5.222884654998779,,,,,,,scale_1.0
local_global_easy,512,False,torch.float32,1234,0.1,16,2,64,3.3468680381774902,7.079892158508301,,,,,,,scale_1.0
local_global_easy,512,False,torch.float32,1234,0.1,16,3,64,3.1926450729370117,6.12637186050415,,,,,,,scale_1.0
local_global_easy,512,False,torch.float32,1234,0.1,16,4,64,2.811873197555542,5.064818382263184,,,,,,,scale_1.0
local_global_easy,512,False,torch.float32,1234,0.1,16,5,64,3.0867273807525635,6.430077075958252,,,,,,,scale_1.0
local_global_easy,512,False,torch.float32,1234,0.1,16,6,256,2.7713449001312256,5.84964656829834,,,,,,,scale_1.0
local_global_easy,512,False,torch.float32,1234,0.1,16,7,64,3.706418752670288,8.362408638000488,,,,,,,scale_1.0
local_global_easy,512,False,torch.float32,1234,0.1,16,0,64,0.08498537540435791,0.08025634288787842,,,,,,,rare_sharp_shift
local_global_easy,512,False,torch.float32,1234,0.1,16,1,64,0.07937128841876984,0.07300583273172379,,,,,,,rare_sharp_shift
local_global_easy,512,False,torch.float32,1234,0.1,16,2,64,0.07007469236850739,0.06464545428752899,,,,,,,rare_sharp_shift
local_global_easy,512,False,torch.float32,1234,0.1,16,3,64,0.07052198052406311,0.06370670348405838,,,,,,,rare_sharp_shift
local_global_easy,512,False,torch.float32,1234,0.1,16,4,64,0.07042372971773148,0.06465982645750046,,,,,,,rare_sharp_shift
local_global_easy,512,False,torch.float32,1234,0.1,16,5,64,0.06478283554315567,0.05757519230246544,,,,,,,rare_sharp_shift
local_global_easy,512,False,torch.float32,1234,0.1,16,6,256,0.03965447098016739,0.02801753580570221,,,,,,,rare_sharp_shift
local_global_easy,512,False,torch.float32,1234,0.1,16,7,64,0.07526487112045288,0.06944669783115387,,,,,,,rare_sharp_shift
local_global_easy,1024,False,torch.float32,1234,0.1,16,0,64,0.06357317417860031,0.07712890952825546,,,,,,,
local_global_easy,1024,False,torch.float32,1234,0.1,16,1,64,0.06654955446720123,0.07751702517271042,,,,,,,
local_global_easy,1024,False,torch.float32,1234,0.1,16,2,64,0.07436797022819519,0.08490705490112305,,,,,,,
local_global_easy,1024,False,torch.float32,1234,0.1,16,3,64,0.09831935167312622,0.10925285518169403,,,,,,,
local_global_easy,1024,False,torch.float32,1234,0.1,16,4,64,0.060548797249794006,0.07264532148838043,,,,,,,
local_global_easy,1024,False,torch.float32,1234,0.1,16,5,64,0.06962144374847412,0.08343405276536942,,,,,,,
local_global_easy,1024,False,torch.float32,1234,0.1,16,6,64,0.06309108436107635,0.0731467753648758,,,,,,,
local_global_easy,1024,False,torch.float32,1234,0.1,16,7,64,0.08181816339492798,0.09612110257148743,,,,,,,
local_global_easy,1024,False,torch.float32,1234,0.1,16,0,64,,,all_query_rows,0.06376802176237106,0.07572846859693527,0.10131257772445679,1,0,
local_global_easy,1024,False,torch.float32,1234,0.1,16,1,64,,,all_query_rows,0.0665954127907753,0.07853208482265472,0.08633789420127869,0,0,
local_global_easy,1024,False,torch.float32,1234,0.1,16,2,64,,,all_query_rows,0.0748181939125061,0.08556302636861801,0.09170086681842804,0,0,
local_global_easy,1024,False,torch.float32,1234,0.1,16,3,64,,,all_query_rows,0.0984143391251564,0.10949092358350754,0.12731175124645233,457,0,
local_global_easy,1024,False,torch.float32,1234,0.1,16,4,64,,,all_query_rows,0.06080501526594162,0.07371009886264801,0.0842808336019516,0,0,
local_global_easy,1024,False,torch.float32,1234,0.1,16,5,64,,,all_query_rows,0.07006127387285233,0.08524927496910095,0.10737422108650208,9,0,
local_global_easy,1024,False,torch.float32,1234,0.1,16,6,64,,,all_query_rows,0.06389395147562027,0.07459072768688202,0.09049510955810547,0,0,
local_global_easy,1024,False,torch.float32,1234,0.1,16,7,64,,,all_query_rows,0.08219228684902191,0.09602431207895279,0.11012569814920425,17,0,
local_global_easy,1024,False,torch.float32,1234,0.1,16,0,64,0.0722193717956543,0.08407019823789597,,,,,,,local_global_easy
local_global_easy,1024,False,torch.float32,1234,0.1,16,1,64,0.0825725868344307,0.09677223861217499,,,,,,,local_global_easy
local_global_easy,1024,False,torch.float32,1234,0.1,16,2,64,0.07247042655944824,0.08642633259296417,,,,,,,local_global_easy
local_global_easy,1024,False,torch.float32,1234,0.1,16,3,64,0.06390957534313202,0.07617132365703583,,,,,,,local_global_easy
local_global_easy,1024,False,torch.float32,1234,0.1,16,4,64,0.06982062757015228,0.0821152925491333,,,,,,,local_global_easy
local_global_easy,1024,False,torch.float32,1234,0.1,16,5,64,0.06742217391729355,0.07722268998622894,,,,,,,local_global_easy
local_global_easy,1024,False,torch.float32,1234,0.1,16,6,64,0.08075089007616043,0.09148309379816055,,,,,,,local_global_easy
local_global_easy,1024,False,torch.float32,1234,0.1,16,7,64,0.0908355563879013,0.10477223992347717,,,,,,,local_global_easy
local_global_easy,1024,False,torch.float32,1234,0.1,16,0,64,2.907078742980957,5.023999214172363,,,,,,,scale_1.0
local_global_easy,1024,False,torch.float32,1234,0.1,16,1,64,3.294691562652588,5.9503984451293945,,,,,,,scale_1.0
local_global_easy,1024,False,torch.float32,1234,0.1,16,2,64,3.501812696456909,8.071158409118652,,,,,,,scale_1.0
local_global_easy,1024,False,torch.float32,1234,0.1,16,3,64,3.1035401821136475,5.972224235534668,,,,,,,scale_1.0
local_global_easy,1024,False,torch.float32,1234,0.1,16,4,64,3.8687517642974854,8.71883487701416,,,,,,,scale_1.0
local_global_easy,1024,False,torch.float32,1234,0.1,16,5,64,3.276245594024658,6.716180801391602,,,,,,,scale_1.0
local_global_easy,1024,False,torch.float32,1234,0.1,16,6,64,3.4658491611480713,6.49451208114624,,,,,,,scale_1.0
local_global_easy,1024,False,torch.float32,1234,0.1,16,7,64,3.496241807937622,7.130960464477539,,,,,,,scale_1.0
local_global_easy,1024,False,torch.float32,1234,0.1,16,0,64,0.07301240414381027,0.06826860457658768,,,,,,,rare_sharp_shift
local_global_easy,1024,False,torch.float32,1234,0.1,16,1,64,0.0783616453409195,0.07689335197210312,,,,,,,rare_sharp_shift
local_global_easy,1024,False,torch.float32,1234,0.1,16,2,64,0.06581999361515045,0.062234070152044296,,,,,,,rare_sharp_shift
local_global_easy,1024,False,torch.float32,1234,0.1,16,3,64,0.06167939677834511,0.05804146081209183,,,,,,,rare_sharp_shift
local_global_easy,1024,False,torch.float32,1234,0.1,16,4,64,0.07307219505310059,0.07294175773859024,,,,,,,rare_sharp_shift
local_global_easy,1024,False,torch.float32,1234,0.1,16,5,64,0.07607969641685486,0.07326530665159225,,,,,,,rare_sharp_shift
local_global_easy,1024,False,torch.float32,1234,0.1,16,6,64,0.07658052444458008,0.07445693016052246,,,,,,,rare_sharp_shift
local_global_easy,1024,False,torch.float32,1234,0.1,16,7,64,0.08856500685214996,0.09031449258327484,,,,,,,rare_sharp_shift
local_global_easy,2048,False,torch.float32,1234,0.1,16,0,64,0.08348012715578079,0.09392300248146057,,,,,,,
local_global_easy,2048,False,torch.float32,1234,0.1,16,1,64,0.07329683750867844,0.084847591817379,,,,,,,
local_global_easy,2048,False,torch.float32,1234,0.1,16,2,64,0.07544958591461182,0.08747074753046036,,,,,,,
local_global_easy,2048,False,torch.float32,1234,0.1,16,3,64,0.07260587811470032,0.08467155694961548,,,,,,,
local_global_easy,2048,False,torch.float32,1234,0.1,16,4,64,0.06739673018455505,0.07994838058948517,,,,,,,
local_global_easy,2048,False,torch.float32,1234,0.1,16,5,64,0.06801319122314453,0.0791463851928711,,,,,,,
local_global_easy,2048,False,torch.float32,1234,0.1,16,6,64,0.05513041466474533,0.06346232444047928,,,,,,,
local_global_easy,2048,False,torch.float32,1234,0.1,16,7,64,0.07047301530838013,0.08380361646413803,,,,,,,
local_global_easy,2048,False,torch.float32,1234,0.1,16,0,64,,,all_query_rows,0.08345459401607513,0.09653089195489883,0.11083988845348358,56,0,
local_global_easy,2048,False,torch.float32,1234,0.1,16,1,64,,,all_query_rows,0.07376937568187714,0.08638734370470047,0.09850817173719406,0,0,
local_global_easy,2048,False,torch.float32,1234,0.1,16,2,64,,,all_query_rows,0.07494675368070602,0.08694404363632202,0.09399326145648956,0,0,
local_global_easy,2048,False,torch.float32,1234,0.1,16,3,64,,,all_query_rows,0.07271552085876465,0.08394601941108704,0.10174965858459473,1,0,
local_global_easy,2048,False,torch.float32,1234,0.1,16,4,64,,,all_query_rows,0.06767870485782623,0.07977012544870377,0.09089545905590057,0,0,
local_global_easy,2048,False,torch.float32,1234,0.1,16,5,64,,,all_query_rows,0.06823613494634628,0.08019785583019257,0.0940030962228775,0,0,
local_global_easy,2048,False,torch.float32,1234,0.1,16,6,64,,,all_query_rows,0.055448900908231735,0.06479480117559433,0.08756357431411743,0,0,
local_global_easy,2048,False,torch.float32,1234,0.1,16,7,64,,,all_query_rows,0.07087258994579315,0.08528552204370499,0.10923044383525848,14,0,
local_global_easy,2048,False,torch.float32,1234,0.1,16,0,64,0.07394960522651672,0.08579720556735992,,,,,,,local_global_easy
local_global_easy,2048,False,torch.float32,1234,0.1,16,1,64,0.05791588872671127,0.0693783089518547,,,,,,,local_global_easy
local_global_easy,2048,False,torch.float32,1234,0.1,16,2,64,0.07231656461954117,0.08411768078804016,,,,,,,local_global_easy
local_global_easy,2048,False,torch.float32,1234,0.1,16,3,64,0.07438969612121582,0.08438100665807724,,,,,,,local_global_easy
local_global_easy,2048,False,torch.float32,1234,0.1,16,4,64,0.07512278854846954,0.08766910433769226,,,,,,,local_global_easy
local_global_easy,2048,False,torch.float32,1234,0.1,16,5,64,0.07890892028808594,0.09193921089172363,,,,,,,local_global_easy
local_global_easy,2048,False,torch.float32,1234,0.1,16,6,64,0.06357400119304657,0.07491371780633926,,,,,,,local_global_easy
local_global_easy,2048,False,torch.float32,1234,0.1,16,7,64,0.09036996960639954,0.10448085516691208,,,,,,,local_global_easy
local_global_easy,2048,False,torch.float32,1234,0.1,16,0,64,3.675962448120117,6.857637405395508,,,,,,,scale_1.0
local_global_easy,2048,False,torch.float32,1234,0.1,16,1,64,4.289866924285889,10.354272842407227,,,,,,,scale_1.0
local_global_easy,2048,False,torch.float32,1234,0.1,16,2,64,3.7913520336151123,7.792915344238281,,,,,,,scale_1.0
local_global_easy,2048,False,torch.float32,1234,0.1,16,3,64,4.936491966247559,11.378216743469238,,,,,,,scale_1.0
local_global_easy,2048,False,torch.float32,1234,0.1,16,4,64,4.66042423248291,11.293862342834473,,,,,,,scale_1.0
local_global_easy,2048,False,torch.float32,1234,0.1,16,5,64,3.703458786010742,6.4318528175354,,,,,,,scale_1.0
local_global_easy,2048,False,torch.float32,1234,0.1,16,6,64,7.276675224304199,19.10881996154785,,,,,,,scale_1.0
local_global_easy,2048,False,torch.float32,1234,0.1,16,7,64,4.64311408996582,10.859359741210938,,,,,,,scale_1.0
local_global_easy,2048,False,torch.float32,1234,0.1,16,0,64,0.06749333441257477,0.07209815084934235,,,,,,,rare_sharp_shift
local_global_easy,2048,False,torch.float32,1234,0.1,16,1,64,0.06272395700216293,0.06670625507831573,,,,,,,rare_sharp_shift
local_global_easy,2048,False,torch.float32,1234,0.1,16,2,64,0.061059363186359406,0.06373950839042664,,,,,,,rare_sharp_shift
local_global_easy,2048,False,torch.float32,1234,0.1,16,3,64,0.07016684859991074,0.07266882061958313,,,,,,,rare_sharp_shift
local_global_easy,2048,False,torch.float32,1234,0.1,16,4,64,0.07297071814537048,0.07732823491096497,,,,,,,rare_sharp_shift
local_global_easy,2048,False,torch.float32,1234,0.1,16,5,64,0.06478980928659439,0.06872699409723282,,,,,,,rare_sharp_shift
local_global_easy,2048,False,torch.float32,1234,0.1,16,6,64,0.07296223938465118,0.07776591181755066,,,,,,,rare_sharp_shift
local_global_easy,2048,False,torch.float32,1234,0.1,16,7,64,0.07677947729825974,0.0803031250834465,,,,,,,rare_sharp_shift
local_global_easy,4096,False,torch.float32,1234,0.1,16,0,64,0.07220161706209183,0.08276376128196716,,,,,,,
local_global_easy,4096,False,torch.float32,1234,0.1,16,1,64,0.08633814752101898,0.10283464193344116,,,,,,,
local_global_easy,4096,False,torch.float32,1234,0.1,16,2,64,0.061033762991428375,0.06994745135307312,,,,,,,
local_global_easy,4096,False,torch.float32,1234,0.1,16,3,64,0.07063950598239899,0.08238384127616882,,,,,,,
local_global_easy,4096,False,torch.float32,1234,0.1,16,4,64,0.08053939789533615,0.09310543537139893,,,,,,,
local_global_easy,4096,False,torch.float32,1234,0.1,16,5,64,0.06733718514442444,0.07735900580883026,,,,,,,
local_global_easy,4096,False,torch.float32,1234,0.1,16,6,64,0.0650131106376648,0.07794129103422165,,,,,,,
local_global_easy,4096,False,torch.float32,1234,0.1,16,7,64,0.08941657096147537,0.10067125409841537,,,,,,,
local_global_easy,4096,False,torch.float32,1234,0.1,16,0,64,,,all_query_rows,0.07212340831756592,0.08335734903812408,0.09521041810512543,0,0,
local_global_easy,4096,False,torch.float32,1234,0.1,16,1,64,,,all_query_rows,0.08655107021331787,0.10399629920721054,0.12505319714546204,450,0,
local_global_easy,4096,False,torch.float32,1234,0.1,16,2,64,,,all_query_rows,0.061655692756175995,0.07109718024730682,0.08106530457735062,0,0,
local_global_easy,4096,False,torch.float32,1234,0.1,16,3,64,,,all_query_rows,0.0704459398984909,0.08242200314998627,0.10254228860139847,4,0,
local_global_easy,4096,False,torch.float32,1234,0.1,16,4,64,,,all_query_rows,0.0805477499961853,0.0936538428068161,0.11146347969770432,44,0,
local_global_easy,4096,False,torch.float32,1234,0.1,16,5,64,,,all_query_rows,0.06722729653120041,0.07779699563980103,0.09164997190237045,0,0,
local_global_easy,4096,False,torch.float32,1234,0.1,16,6,64,,,all_query_rows,0.06515854597091675,0.07631116360425949,0.10538601875305176,2,0,
local_global_easy,4096,False,torch.float32,1234,0.1,16,7,64,,,all_query_rows,0.08963580429553986,0.1022617295384407,0.11309365183115005,317,0,
local_global_easy,4096,False,torch.float32,1234,0.1,16,0,64,0.06720833480358124,0.0761006772518158,,,,,,,local_global_easy
local_global_easy,4096,False,torch.float32,1234,0.1,16,1,64,0.06585431098937988,0.07591056823730469,,,,,,,local_global_easy
local_global_easy,4096,False,torch.float32,1234,0.1,16,2,64,0.07767678797245026,0.09070591628551483,,,,,,,local_global_easy
local_global_easy,4096,False,torch.float32,1234,0.1,16,3,64,0.07821716368198395,0.09319967031478882,,,,,,,local_global_easy
local_global_easy,4096,False,torch.float32,1234,0.1,16,4,64,0.07074840366840363,0.08222396671772003,,,,,,,local_global_easy
local_global_easy,4096,False,torch.float32,1234,0.1,16,5,64,0.05728129670023918,0.06376299262046814,,,,,,,local_global_easy
local_global_easy,4096,False,torch.float32,1234,0.1,16,6,64,0.06574207544326782,0.07732716202735901,,,,,,,local_global_easy
local_global_easy,4096,False,torch.float32,1234,0.1,16,7,64,0.07784125953912735,0.0908195823431015,,,,,,,local_global_easy
local_global_easy,4096,False,torch.float32,1234,0.1,16,0,64,4.207415580749512,9.685356140136719,,,,,,,scale_1.0
local_global_easy,4096,False,torch.float32,1234,0.1,16,1,64,4.77717924118042,9.73048210144043,,,,,,,scale_1.0
local_global_easy,4096,False,torch.float32,1234,0.1,16,2,64,6.012953758239746,12.656219482421875,,,,,,,scale_1.0
local_global_easy,4096,False,torch.float32,1234,0.1,16,3,64,5.287928104400635,13.04833698272705,,,,,,,scale_1.0
local_global_easy,4096,False,torch.float32,1234,0.1,16,4,64,4.005067825317383,8.018518447875977,,,,,,,scale_1.0
local_global_easy,4096,False,torch.float32,1234,0.1,16,5,64,5.93062162399292,13.605806350708008,,,,,,,scale_1.0
local_global_easy,4096,False,torch.float32,1234,0.1,16,6,64,3.96353816986084,7.68091344833374,,,,,,,scale_1.0
local_global_easy,4096,False,torch.float32,1234,0.1,16,7,64,4.624807834625244,10.47812271118164,,,,,,,scale_1.0
local_global_easy,4096,False,torch.float32,1234,0.1,16,0,64,0.06952715665102005,0.05818912759423256,,,,,,,rare_sharp_shift
local_global_easy,4096,False,torch.float32,1234,0.1,16,1,64,0.07589130848646164,0.06540592014789581,,,,,,,rare_sharp_shift
local_global_easy,4096,False,torch.float32,1234,0.1,16,2,64,0.0785391703248024,0.06786346435546875,,,,,,,rare_sharp_shift
local_global_easy,4096,False,torch.float32,1234,0.1,16,3,64,0.08623774349689484,0.07883474975824356,,,,,,,rare_sharp_shift
local_global_easy,4096,False,torch.float32,1234,0.1,16,4,64,0.0708167627453804,0.060436151921749115,,,,,,,rare_sharp_shift
local_global_easy,4096,False,torch.float32,1234,0.1,16,5,64,0.06509347259998322,0.05298670008778572,,,,,,,rare_sharp_shift
local_global_easy,4096,False,torch.float32,1234,0.1,16,6,64,0.07057340443134308,0.06065894290804863,,,,,,,rare_sharp_shift
local_global_easy,4096,False,torch.float32,1234,0.1,16,7,64,0.08291393518447876,0.07304735481739044,,,,,,,rare_sharp_shift
local_global_easy,8192,False,torch.float32,1234,0.1,16,0,64,0.08118811994791031,0.09363121539354324,,,,,,,
local_global_easy,8192,False,torch.float32,1234,0.1,16,1,64,0.0796966701745987,0.09338010847568512,,,,,,,
local_global_easy,8192,False,torch.float32,1234,0.1,16,2,64,0.06938758492469788,0.08003990352153778,,,,,,,
local_global_easy,8192,False,torch.float32,1234,0.1,16,3,64,0.06487815082073212,0.07797911763191223,,,,,,,
local_global_easy,8192,False,torch.float32,1234,0.1,16,4,64,0.06605036556720734,0.07868199795484543,,,,,,,
local_global_easy,8192,False,torch.float32,1234,0.1,16,5,64,0.07049061357975006,0.08197449147701263,,,,,,,
local_global_easy,8192,False,torch.float32,1234,0.1,16,6,64,0.07533526420593262,0.08671562373638153,,,,,,,
local_global_easy,8192,False,torch.float32,1234,0.1,16,7,64,0.07758811116218567,0.09167949855327606,,,,,,,
local_global_easy,8192,False,torch.float32,1234,0.1,16,0,64,0.07779610902070999,0.09047508984804153,,,,,,,local_global_easy
local_global_easy,8192,False,torch.float32,1234,0.1,16,1,64,0.07296530902385712,0.08352939784526825,,,,,,,local_global_easy
local_global_easy,8192,False,torch.float32,1234,0.1,16,2,64,0.07490458339452744,0.08504043519496918,,,,,,,local_global_easy
local_global_easy,8192,False,torch.float32,1234,0.1,16,3,64,0.07613310217857361,0.08885294198989868,,,,,,,local_global_easy
local_global_easy,8192,False,torch.float32,1234,0.1,16,4,64,0.09187392145395279,0.10443814098834991,,,,,,,local_global_easy
local_global_easy,8192,False,torch.float32,1234,0.1,16,5,64,0.06442874670028687,0.07360634207725525,,,,,,,local_global_easy
local_global_easy,8192,False,torch.float32,1234,0.1,16,6,64,0.061660829931497574,0.07042413204908371,,,,,,,local_global_easy
local_global_easy,8192,False,torch.float32,1234,0.1,16,7,64,0.061002884060144424,0.07386565208435059,,,,,,,local_global_easy
local_global_easy,8192,False,torch.float32,1234,0.1,16,0,64,5.7522478103637695,11.009963035583496,,,,,,,scale_1.0
local_global_easy,8192,False,torch.float32,1234,0.1,16,1,64,4.867049217224121,9.536657333374023,,,,,,,scale_1.0
local_global_easy,8192,False,torch.float32,1234,0.1,16,2,64,6.4960713386535645,16.387943267822266,,,,,,,scale_1.0
local_global_easy,8192,False,torch.float32,1234,0.1,16,3,64,5.250021934509277,9.803831100463867,,,,,,,scale_1.0
local_global_easy,8192,False,torch.float32,1234,0.1,16,4,64,5.71120548248291,10.680853843688965,,,,,,,scale_1.0
local_global_easy,8192,False,torch.float32,1234,0.1,16,5,64,6.336071014404297,18.639671325683594,,,,,,,scale_1.0
local_global_easy,8192,False,torch.float32,1234,0.1,16,6,64,4.870444297790527,10.381498336791992,,,,,,,scale_1.0
local_global_easy,8192,False,torch.float32,1234,0.1,16,7,64,4.930544376373291,10.450998306274414,,,,,,,scale_1.0
local_global_easy,8192,False,torch.float32,1234,0.1,16,0,64,0.07020553946495056,0.07141748070716858,,,,,,,rare_sharp_shift
local_global_easy,8192,False,torch.float32,1234,0.1,16,1,64,0.0674281120300293,0.06851306557655334,,,,,,,rare_sharp_shift
local_global_easy,8192,False,torch.float32,1234,0.1,16,2,64,0.07186122238636017,0.07216326892375946,,,,,,,rare_sharp_shift
local_global_easy,8192,False,torch.float32,1234,0.1,16,3,64,0.06913940608501434,0.07045197486877441,,,,,,,rare_sharp_shift
local_global_easy,8192,False,torch.float32,1234,0.1,16,4,64,0.08636809140443802,0.08746668696403503,,,,,,,rare_sharp_shift
local_global_easy,8192,False,torch.float32,1234,0.1,16,5,64,0.06109585613012314,0.060666054487228394,,,,,,,rare_sharp_shift
local_global_easy,8192,False,torch.float32,1234,0.1,16,6,64,0.05587292090058327,0.055461276322603226,,,,,,,rare_sharp_shift
local_global_easy,8192,False,torch.float32,1234,0.1,16,7,64,0.06789407879114151,0.06731672585010529,,,,,,,rare_sharp_shift
local_global_easy,16384,False,torch.float32,1234,0.1,16,0,64,0.08908692002296448,0.10484945774078369,,,,,,,
local_global_easy,16384,False,torch.float32,1234,0.1,16,1,64,0.07047712802886963,0.08140076696872711,,,,,,,
local_global_easy,16384,False,torch.float32,1234,0.1,16,2,64,0.0678984597325325,0.07993430644273758,,,,,,,
local_global_easy,16384,False,torch.float32,1234,0.1,16,3,64,0.06450624763965607,0.07828550785779953,,,,,,,
local_global_easy,16384,False,torch.float32,1234,0.1,16,4,64,0.07115331292152405,0.0859035849571228,,,,,,,
local_global_easy,16384,False,torch.float32,1234,0.1,16,5,64,0.0817989856004715,0.09997421503067017,,,,,,,
local_global_easy,16384,False,torch.float32,1234,0.1,16,6,64,0.066989004611969,0.07933168113231659,,,,,,,
local_global_easy,16384,False,torch.float32,1234,0.1,16,7,64,0.08323759585618973,0.09369442611932755,,,,,,,
local_global_easy,16384,False,torch.float32,1234,0.1,16,0,64,0.06580131500959396,0.08065471053123474,,,,,,,local_global_easy
local_global_easy,16384,False,torch.float32,1234,0.1,16,1,64,0.08408805727958679,0.09931568801403046,,,,,,,local_global_easy
local_global_easy,16384,False,torch.float32,1234,0.1,16,2,64,0.06439214944839478,0.07598243653774261,,,,,,,local_global_easy
local_global_easy,16384,False,torch.float32,1234,0.1,16,3,64,0.0556352473795414,0.06539946049451828,,,,,,,local_global_easy
local_global_easy,16384,False,torch.float32,1234,0.1,16,4,64,0.0614238940179348,0.07102587074041367,,,,,,,local_global_easy
local_global_easy,16384,False,torch.float32,1234,0.1,16,5,64,0.07405736297369003,0.08522984385490417,,,,,,,local_global_easy
local_global_easy,16384,False,torch.float32,1234,0.1,16,6,64,0.06340806186199188,0.07142586261034012,,,,,,,local_global_easy
local_global_easy,16384,False,torch.float32,1234,0.1,16,7,64,0.07443877309560776,0.08944954723119736,,,,,,,local_global_easy
local_global_easy,16384,False,torch.float32,1234,0.1,16,0,64,5.759050369262695,11.011260986328125,,,,,,,scale_1.0
local_global_easy,16384,False,torch.float32,1234,0.1,16,1,64,5.311779022216797,12.051050186157227,,,,,,,scale_1.0
local_global_easy,16384,False,torch.float32,1234,0.1,16,2,64,4.917960166931152,9.22384262084961,,,,,,,scale_1.0
local_global_easy,16384,False,torch.float32,1234,0.1,16,3,64,5.607967853546143,11.967912673950195,,,,,,,scale_1.0
local_global_easy,16384,False,torch.float32,1234,0.1,16,4,64,5.687193870544434,11.730827331542969,,,,,,,scale_1.0
local_global_easy,16384,False,torch.float32,1234,0.1,16,5,64,6.574887275695801,15.399715423583984,,,,,,,scale_1.0
local_global_easy,16384,False,torch.float32,1234,0.1,16,6,64,6.791609764099121,14.411911964416504,,,,,,,scale_1.0
local_global_easy,16384,False,torch.float32,1234,0.1,16,7,64,6.674544334411621,15.489006042480469,,,,,,,scale_1.0
local_global_easy,16384,False,torch.float32,1234,0.1,16,0,64,0.058895036578178406,0.05296707525849342,,,,,,,rare_sharp_shift
local_global_easy,16384,False,torch.float32,1234,0.1,16,1,64,0.08277417719364166,0.08173919469118118,,,,,,,rare_sharp_shift
local_global_easy,16384,False,torch.float32,1234,0.1,16,2,64,0.06141437590122223,0.05717657878994942,,,,,,,rare_sharp_shift
local_global_easy,16384,False,torch.float32,1234,0.1,16,3,64,0.05950147286057472,0.05468280240893364,,,,,,,rare_sharp_shift
local_global_easy,16384,False,torch.float32,1234,0.1,16,4,64,0.06471602618694305,0.06219473481178284,,,,,,,rare_sharp_shift
local_global_easy,16384,False,torch.float32,1234,0.1,16,5,64,0.07136589288711548,0.06854309141635895,,,,,,,rare_sharp_shift
local_global_easy,16384,False,torch.float32,1234,0.1,16,6,64,0.07061566412448883,0.06713756918907166,,,,,,,rare_sharp_shift
local_global_easy,16384,False,torch.float32,1234,0.1,16,7,64,0.07527260482311249,0.07295842468738556,,,,,,,rare_sharp_shift
local_global_easy,32768,False,torch.float32,1234,0.1,16,0,64,0.06322871148586273,0.07395444810390472,,,,,,,
local_global_easy,32768,False,torch.float32,1234,0.1,16,1,64,0.06479519605636597,0.07554954290390015,,,,,,,
local_global_easy,32768,False,torch.float32,1234,0.1,16,2,64,0.06871461123228073,0.080587238073349,,,,,,,
local_global_easy,32768,False,torch.float32,1234,0.1,16,3,64,0.07981522381305695,0.09532205760478973,,,,,,,
local_global_easy,32768,False,torch.float32,1234,0.1,16,4,64,0.08210763335227966,0.09732773900032043,,,,,,,
local_global_easy,32768,False,torch.float32,1234,0.1,16,5,64,0.07385500520467758,0.08574943244457245,,,,,,,
local_global_easy,32768,False,torch.float32,1234,0.1,16,6,64,0.06741644442081451,0.07889239490032196,,,,,,,
local_global_easy,32768,False,torch.float32,1234,0.1,16,7,64,0.07950374484062195,0.09301590919494629,,,,,,,
local_global_easy,32768,False,torch.float32,1234,0.1,16,0,64,0.08759982138872147,0.09848403185606003,,,,,,,local_global_easy
local_global_easy,32768,False,torch.float32,1234,0.1,16,1,64,0.06630867719650269,0.07821840047836304,,,,,,,local_global_easy
local_global_easy,32768,False,torch.float32,1234,0.1,16,2,64,0.07109429687261581,0.08266519010066986,,,,,,,local_global_easy
local_global_easy,32768,False,torch.float32,1234,0.1,16,3,64,0.06351036578416824,0.07271166890859604,,,,,,,local_global_easy
local_global_easy,32768,False,torch.float32,1234,0.1,16,4,64,0.08003883063793182,0.09119787812232971,,,,,,,local_global_easy
local_global_easy,32768,False,torch.float32,1234,0.1,16,5,64,0.0665702372789383,0.0756695568561554,,,,,,,local_global_easy
local_global_easy,32768,False,torch.float32,1234,0.1,16,6,64,0.06860718131065369,0.08062786608934402,,,,,,,local_global_easy
local_global_easy,32768,False,torch.float32,1234,0.1,16,7,64,0.06317346543073654,0.0739448145031929,,,,,,,local_global_easy
local_global_easy,32768,False,torch.float32,1234,0.1,16,0,64,7.298912048339844,15.896039962768555,,,,,,,scale_1.0
local_global_easy,32768,False,torch.float32,1234,0.1,16,1,64,5.209393501281738,9.13725471496582,,,,,,,scale_1.0
local_global_easy,32768,False,torch.float32,1234,0.1,16,2,64,6.311984062194824,12.817936897277832,,,,,,,scale_1.0
local_global_easy,32768,False,torch.float32,1234,0.1,16,3,64,5.185520172119141,10.319329261779785,,,,,,,scale_1.0
local_global_easy,32768,False,torch.float32,1234,0.1,16,4,64,5.61351203918457,10.415447235107422,,,,,,,scale_1.0
local_global_easy,32768,False,torch.float32,1234,0.1,16,5,64,6.07833194732666,13.628850936889648,,,,,,,scale_1.0
local_global_easy,32768,False,torch.float32,1234,0.1,16,6,64,7.340795040130615,18.066476821899414,,,,,,,scale_1.0
local_global_easy,32768,False,torch.float32,1234,0.1,16,7,64,7.4570136070251465,15.410359382629395,,,,,,,scale_1.0
local_global_easy,32768,False,torch.float32,1234,0.1,16,0,64,0.07205510139465332,0.07423850893974304,,,,,,,rare_sharp_shift
local_global_easy,32768,False,torch.float32,1234,0.1,16,1,64,0.0655120387673378,0.0639432892203331,,,,,,,rare_sharp_shift
local_global_easy,32768,False,torch.float32,1234,0.1,16,2,64,0.07579365372657776,0.07688906043767929,,,,,,,rare_sharp_shift
local_global_easy,32768,False,torch.float32,1234,0.1,16,3,64,0.0680243968963623,0.06780915707349777,,,,,,,rare_sharp_shift
local_global_easy,32768,False,torch.float32,1234,0.1,16,4,64,0.07273320853710175,0.07493656873703003,,,,,,,rare_sharp_shift
local_global_easy,32768,False,torch.float32,1234,0.1,16,5,64,0.06817425042390823,0.0674041137099266,,,,,,,rare_sharp_shift
local_global_easy,32768,False,torch.float32,1234,0.1,16,6,64,0.06278510391712189,0.06416470557451248,,,,,,,rare_sharp_shift
local_global_easy,32768,False,torch.float32,1234,0.1,16,7,64,0.06319574266672134,0.06369823962450027,,,,,,,rare_sharp_shift
local_global_easy,65536,False,torch.float32,1234,0.1,16,0,64,0.08178119361400604,0.09304625540971756,,,,,,,
local_global_easy,65536,False,torch.float32,1234,0.1,16,1,64,0.07329805195331573,0.08790651708841324,,,,,,,
local_global_easy,65536,False,torch.float32,1234,0.1,16,2,64,0.06775422394275665,0.07767900079488754,,,,,,,
local_global_easy,65536,False,torch.float32,1234,0.1,16,3,64,0.08353449404239655,0.09784680604934692,,,,,,,
local_global_easy,65536,False,torch.float32,1234,0.1,16,4,64,0.07217241078615189,0.08412962406873703,,,,,,,
local_global_easy,65536,False,torch.float32,1234,0.1,16,5,64,0.06933872401714325,0.08110735565423965,,,,,,,
local_global_easy,65536,False,torch.float32,1234,0.1,16,6,64,0.07834236323833466,0.09560839831829071,,,,,,,
local_global_easy,65536,False,torch.float32,1234,0.1,16,7,64,0.07010924816131592,0.08279675245285034,,,,,,,
local_global_easy,65536,False,torch.float32,1234,0.1,16,0,64,0.05914474278688431,0.06921273469924927,,,,,,,local_global_easy
local_global_easy,65536,False,torch.float32,1234,0.1,16,1,64,0.06172054633498192,0.07016030699014664,,,,,,,local_global_easy
local_global_easy,65536,False,torch.float32,1234,0.1,16,2,64,0.07618261128664017,0.09105025231838226,,,,,,,local_global_easy
local_global_easy,65536,False,torch.float32,1234,0.1,16,3,64,0.07608120888471603,0.09025554358959198,,,,,,,local_global_easy
local_global_easy,65536,False,torch.float32,1234,0.1,16,4,64,0.07972477376461029,0.09476903080940247,,,,,,,local_global_easy
local_global_easy,65536,False,torch.float32,1234,0.1,16,5,64,0.06434893608093262,0.07761736959218979,,,,,,,local_global_easy
local_global_easy,65536,False,torch.float32,1234,0.1,16,6,64,0.0672309622168541,0.08117365092039108,,,,,,,local_global_easy
local_global_easy,65536,False,torch.float32,1234,0.1,16,7,64,0.08225409686565399,0.09440772235393524,,,,,,,local_global_easy
local_global_easy,65536,False,torch.float32,1234,0.1,16,0,64,6.760912895202637,14.262077331542969,,,,,,,scale_1.0
local_global_easy,65536,False,torch.float32,1234,0.1,16,1,64,6.773290634155273,13.16995906829834,,,,,,,scale_1.0
local_global_easy,65536,False,torch.float32,1234,0.1,16,2,64,6.68330192565918,13.91891098022461,,,,,,,scale_1.0
local_global_easy,65536,False,torch.float32,1234,0.1,16,3,64,6.647313117980957,13.082061767578125,,,,,,,scale_1.0
local_global_easy,65536,False,torch.float32,1234,0.1,16,4,64,6.855915069580078,14.251762390136719,,,,,,,scale_1.0
local_global_easy,65536,False,torch.float32,1234,0.1,16,5,64,5.284101963043213,8.922259330749512,,,,,,,scale_1.0
local_global_easy,65536,False,torch.float32,1234,0.1,16,6,64,6.193233489990234,12.369423866271973,,,,,,,scale_1.0
local_global_easy,65536,False,torch.float32,1234,0.1,16,7,64,6.70479154586792,13.539566040039062,,,,,,,scale_1.0
local_global_easy,65536,False,torch.float32,1234,0.1,16,0,64,0.055493563413619995,0.06229212507605553,,,,,,,rare_sharp_shift
local_global_easy,65536,False,torch.float32,1234,0.1,16,1,64,0.05237838625907898,0.05916139855980873,,,,,,,rare_sharp_shift
local_global_easy,65536,False,torch.float32,1234,0.1,16,2,64,0.06858448684215546,0.07669715583324432,,,,,,,rare_sharp_shift
local_global_easy,65536,False,torch.float32,1234,0.1,16,3,64,0.05478977411985397,0.06241689249873161,,,,,,,rare_sharp_shift
local_global_easy,65536,False,torch.float32,1234,0.1,16,4,64,0.0604618676006794,0.07050810754299164,,,,,,,rare_sharp_shift
local_global_easy,65536,False,torch.float32,1234,0.1,16,5,64,0.053131069988012314,0.05959763377904892,,,,,,,rare_sharp_shift
local_global_easy,65536,False,torch.float32,1234,0.1,16,6,64,0.054164059460163116,0.061184246093034744,,,,,,,rare_sharp_shift
local_global_easy,65536,False,torch.float32,1234,0.1,16,7,64,0.061673540621995926,0.06894053518772125,,,,,,,rare_sharp_shift
local_global_easy,512,True,torch.float16,1234,0.1,16,0,64,0.07151321321725845,0.09137821197509766,,,,,,,
local_global_easy,512,True,torch.float16,1234,0.1,16,1,64,0.07096302509307861,0.0894688218832016,,,,,,,
local_global_easy,512,True,torch.float16,1234,0.1,16,2,64,0.07069820165634155,0.09024900943040848,,,,,,,
local_global_easy,512,True,torch.float16,1234,0.1,16,3,64,0.06648556888103485,0.08295775949954987,,,,,,,
local_global_easy,512,True,torch.float16,1234,0.1,16,4,64,0.07750680297613144,0.10050850361585617,,,,,,,
local_global_easy,512,True,torch.float16,1234,0.1,16,5,64,0.06449331343173981,0.0867018848657608,,,,,,,
local_global_easy,512,True,torch.float16,1234,0.1,16,6,64,0.07292158901691437,0.10459049046039581,,,,,,,
local_global_easy,512,True,torch.float16,1234,0.1,16,7,64,0.07773186266422272,0.09826898574829102,,,,,,,
local_global_easy,512,True,torch.float16,1234,0.1,16,0,64,,,all_query_rows,0.07152647525072098,0.09091193228960037,0.12613904476165771,4,0,
local_global_easy,512,True,torch.float16,1234,0.1,16,1,64,,,all_query_rows,0.07105912268161774,0.09020297974348068,0.1285082995891571,9,0,
local_global_easy,512,True,torch.float16,1234,0.1,16,2,64,,,all_query_rows,0.07086066156625748,0.09222555160522461,0.14585398137569427,18,0,
local_global_easy,512,True,torch.float16,1234,0.1,16,3,64,,,all_query_rows,0.06641888618469238,0.08507607877254486,0.1441628783941269,11,0,
local_global_easy,512,True,torch.float16,1234,0.1,16,4,64,,,all_query_rows,0.07711270451545715,0.10004972666501999,0.16427668929100037,26,0,
local_global_easy,512,True,torch.float16,1234,0.1,16,5,64,,,all_query_rows,0.06431585550308228,0.0866488665342331,0.139987975358963,7,0,
local_global_easy,512,True,torch.float16,1234,0.1,16,6,64,,,all_query_rows,0.07326410710811615,0.10255403071641922,0.1284303069114685,31,0,
local_global_easy,512,True,torch.float16,1234,0.1,16,7,64,,,all_query_rows,0.0775785967707634,0.09909595549106598,0.1365799903869629,23,0,
local_global_easy,512,True,torch.float16,1234,0.1,16,0,64,0.08116096258163452,0.10748723149299622,,,,,,,local_global_easy
local_global_easy,512,True,torch.float16,1234,0.1,16,1,64,0.07503068447113037,0.0955841913819313,,,,,,,local_global_easy
local_global_easy,512,True,torch.float16,1234,0.1,16,2,64,0.060007430613040924,0.08143465965986252,,,,,,,local_global_easy
local_global_easy,512,True,torch.float16,1234,0.1,16,3,64,0.08176569640636444,0.10283239185810089,,,,,,,local_global_easy
local_global_easy,512,True,torch.float16,1234,0.1,16,4,64,0.06474082171916962,0.08947683125734329,,,,,,,local_global_easy
local_global_easy,512,True,torch.float16,1234,0.1,16,5,64,0.07305523753166199,0.09387575089931488,,,,,,,local_global_easy
local_global_easy,512,True,torch.float16,1234,0.1,16,6,64,0.06470835953950882,0.08657027035951614,,,,,,,local_global_easy
local_global_easy,512,True,torch.float16,1234,0.1,16,7,64,0.08084221184253693,0.1164809837937355,,,,,,,local_global_easy
local_global_easy,512,True,torch.float16,1234,0.1,16,0,64,2.815807819366455,5.859686374664307,,,,,,,scale_1.0
local_global_easy,512,True,torch.float16,1234,0.1,16,1,64,2.2878012657165527,4.466945648193359,,,,,,,scale_1.0
local_global_easy,512,True,torch.float16,1234,0.1,16,2,64,2.5335922241210938,5.476017951965332,,,,,,,scale_1.0
local_global_easy,512,True,torch.float16,1234,0.1,16,3,64,2.487396240234375,5.119969844818115,,,,,,,scale_1.0
local_global_easy,512,True,torch.float16,1234,0.1,16,4,64,2.1915154457092285,4.612893104553223,,,,,,,scale_1.0
local_global_easy,512,True,torch.float16,1234,0.1,16,5,64,2.5263724327087402,5.293292045593262,,,,,,,scale_1.0
local_global_easy,512,True,torch.float16,1234,0.1,16,6,64,2.562969207763672,5.018192291259766,,,,,,,scale_1.0
local_global_easy,512,True,torch.float16,1234,0.1,16,7,64,2.981962203979492,7.827830791473389,,,,,,,scale_1.0
local_global_easy,512,True,torch.float16,1234,0.1,16,0,64,0.08431513607501984,0.08473440259695053,,,,,,,rare_sharp_shift
local_global_easy,512,True,torch.float16,1234,0.1,16,1,64,0.07864712923765182,0.08274480700492859,,,,,,,rare_sharp_shift
local_global_easy,512,True,torch.float16,1234,0.1,16,2,64,0.06767913699150085,0.06426522135734558,,,,,,,rare_sharp_shift
local_global_easy,512,True,torch.float16,1234,0.1,16,3,64,0.07082825899124146,0.07196813821792603,,,,,,,rare_sharp_shift
local_global_easy,512,True,torch.float16,1234,0.1,16,4,64,0.07048194110393524,0.06951522827148438,,,,,,,rare_sharp_shift
local_global_easy,512,True,torch.float16,1234,0.1,16,5,64,0.06757962703704834,0.06659023463726044,,,,,,,rare_sharp_shift
local_global_easy,512,True,torch.float16,1234,0.1,16,6,64,0.07780754566192627,0.07669492810964584,,,,,,,rare_sharp_shift
local_global_easy,512,True,torch.float16,1234,0.1,16,7,64,0.07858450710773468,0.08254444599151611,,,,,,,rare_sharp_shift
local_global_easy,1024,True,torch.float16,1234,0.1,16,0,64,0.0679057240486145,0.08635647594928741,,,,,,,
local_global_easy,1024,True,torch.float16,1234,0.1,16,1,64,0.07052365690469742,0.09629249572753906,,,,,,,
local_global_easy,1024,True,torch.float16,1234,0.1,16,2,64,0.06364233046770096,0.08076713979244232,,,,,,,
local_global_easy,1024,True,torch.float16,1234,0.1,16,3,64,0.0817364975810051,0.09969641268253326,,,,,,,
local_global_easy,1024,True,torch.float16,1234,0.1,16,4,64,0.06439623981714249,0.08458655327558517,,,,,,,
local_global_easy,1024,True,torch.float16,1234,0.1,16,5,64,0.06987937539815903,0.09054675698280334,,,,,,,
local_global_easy,1024,True,torch.float16,1234,0.1,16,6,64,0.06988705694675446,0.09454774856567383,,,,,,,
local_global_easy,1024,True,torch.float16,1234,0.1,16,7,64,0.0773882120847702,0.09772723913192749,,,,,,,
local_global_easy,1024,True,torch.float16,1234,0.1,16,0,64,,,all_query_rows,0.06791198998689651,0.08501041680574417,0.19384942948818207,16,0,
local_global_easy,1024,True,torch.float16,1234,0.1,16,1,64,,,all_query_rows,0.07139813899993896,0.09806996583938599,0.12482576072216034,44,0,
local_global_easy,1024,True,torch.float16,1234,0.1,16,2,64,,,all_query_rows,0.06415820121765137,0.08310507237911224,0.13271380960941315,7,0,
local_global_easy,1024,True,torch.float16,1234,0.1,16,3,64,,,all_query_rows,0.08194456994533539,0.09872894734144211,0.11945847421884537,38,0,
local_global_easy,1024,True,torch.float16,1234,0.1,16,4,64,,,all_query_rows,0.06564703583717346,0.08887816220521927,0.14302657544612885,29,0,
local_global_easy,1024,True,torch.float16,1234,0.1,16,5,64,,,all_query_rows,0.07037965208292007,0.09778067469596863,0.14931583404541016,42,0,
local_global_easy,1024,True,torch.float16,1234,0.1,16,6,64,,,all_query_rows,0.0711778849363327,0.09550773352384567,0.14961011707782745,31,0,
local_global_easy,1024,True,torch.float16,1234,0.1,16,7,64,,,all_query_rows,0.07841044664382935,0.09869128465652466,0.12169693410396576,41,0,
local_global_easy,1024,True,torch.float16,1234,0.1,16,0,64,0.06639111787080765,0.08733868598937988,,,,,,,local_global_easy
local_global_easy,1024,True,torch.float16,1234,0.1,16,1,64,0.07145816832780838,0.0904301255941391,,,,,,,local_global_easy
local_global_easy,1024,True,torch.float16,1234,0.1,16,2,64,0.06945310533046722,0.0935622900724411,,,,,,,local_global_easy
local_global_easy,1024,True,torch.float16,1234,0.1,16,3,64,0.06668376177549362,0.0824955552816391,,,,,,,local_global_easy
local_global_easy,1024,True,torch.float16,1234,0.1,16,4,64,0.07047171145677567,0.09152580797672272,,,,,,,local_global_easy
local_global_easy,1024,True,torch.float16,1234,0.1,16,5,64,0.06333935260772705,0.07995091378688812,,,,,,,local_global_easy
local_global_easy,1024,True,torch.float16,1234,0.1,16,6,64,0.0769357979297638,0.09940088540315628,,,,,,,local_global_easy
local_global_easy,1024,True,torch.float16,1234,0.1,16,7,64,0.08539903163909912,0.10560709238052368,,,,,,,local_global_easy
local_global_easy,1024,True,torch.float16,1234,0.1,16,0,64,2.4218480587005615,4.609091758728027,,,,,,,scale_1.0
local_global_easy,1024,True,torch.float16,1234,0.1,16,1,64,2.785399913787842,5.484898567199707,,,,,,,scale_1.0
local_global_easy,1024,True,torch.float16,1234,0.1,16,2,64,2.698166608810425,6.3320512771606445,,,,,,,scale_1.0
local_global_easy,1024,True,torch.float16,1234,0.1,16,3,64,2.5915822982788086,5.58037805557251,,,,,,,scale_1.0
local_global_easy,1024,True,torch.float16,1234,0.1,16,4,64,3.158938407897949,7.5175018310546875,,,,,,,scale_1.0
local_global_easy,1024,True,torch.float16,1234,0.1,16,5,64,2.604243755340576,5.023075103759766,,,,,,,scale_1.0
local_global_easy,1024,True,torch.float16,1234,0.1,16,6,64,3.064427137374878,6.401092052459717,,,,,,,scale_1.0
local_global_easy,1024,True,torch.float16,1234,0.1,16,7,64,3.068578004837036,6.891916751861572,,,,,,,scale_1.0
local_global_easy,1024,True,torch.float16,1234,0.1,16,0,64,0.06506721675395966,0.06604885309934616,,,,,,,rare_sharp_shift
local_global_easy,1024,True,torch.float16,1234,0.1,16,1,64,0.06970416009426117,0.07334893941879272,,,,,,,rare_sharp_shift
local_global_easy,1024,True,torch.float16,1234,0.1,16,2,64,0.06487846374511719,0.06280092895030975,,,,,,,rare_sharp_shift
local_global_easy,1024,True,torch.float16,1234,0.1,16,3,64,0.06543899327516556,0.06544050574302673,,,,,,,rare_sharp_shift
local_global_easy,1024,True,torch.float16,1234,0.1,16,4,64,0.0732516273856163,0.07576184719800949,,,,,,,rare_sharp_shift
local_global_easy,1024,True,torch.float16,1234,0.1,16,5,64,0.06851697713136673,0.06972385197877884,,,,,,,rare_sharp_shift
local_global_easy,1024,True,torch.float16,1234,0.1,16,6,64,0.07207697629928589,0.07567720115184784,,,,,,,rare_sharp_shift
local_global_easy,1024,True,torch.float16,1234,0.1,16,7,64,0.07831520587205887,0.08145418763160706,,,,,,,rare_sharp_shift
local_global_easy,2048,True,torch.float16,1234,0.1,16,0,64,0.07923838496208191,0.09935130923986435,,,,,,,
local_global_easy,2048,True,torch.float16,1234,0.1,16,1,64,0.0685848817229271,0.09764833003282547,,,,,,,
local_global_easy,2048,True,torch.float16,1234,0.1,16,2,64,0.07440738379955292,0.098827064037323,,,,,,,
local_global_easy,2048,True,torch.float16,1234,0.1,16,3,64,0.06566357612609863,0.09039273858070374,,,,,,,
local_global_easy,2048,True,torch.float16,1234,0.1,16,4,64,0.06979728490114212,0.08864039927721024,,,,,,,
local_global_easy,2048,True,torch.float16,1234,0.1,16,5,64,0.08282700181007385,0.11562436819076538,,,,,,,
local_global_easy,2048,True,torch.float16,1234,0.1,16,6,64,0.06906227767467499,0.10001526027917862,,,,,,,
local_global_easy,2048,True,torch.float16,1234,0.1,16,7,64,0.06831108033657074,0.09169775247573853,,,,,,,
local_global_easy,2048,True,torch.float16,1234,0.1,16,0,64,,,all_query_rows,0.07844887673854828,0.0983915627002716,0.15571171045303345,83,0,
local_global_easy,2048,True,torch.float16,1234,0.1,16,1,64,,,all_query_rows,0.06742892414331436,0.09590957313776016,0.14671790599822998,65,0,
local_global_easy,2048,True,torch.float16,1234,0.1,16,2,64,,,all_query_rows,0.0736483633518219,0.10091131180524826,0.13006511330604553,117,0,
local_global_easy,2048,True,torch.float16,1234,0.1,16,3,64,,,all_query_rows,0.06516945362091064,0.0841817557811737,0.15393705666065216,50,0,
local_global_easy,2048,True,torch.float16,1234,0.1,16,4,64,,,all_query_rows,0.06980530917644501,0.08933999389410019,0.12092386186122894,27,0,
local_global_easy,2048,True,torch.float16,1234,0.1,16,5,64,,,all_query_rows,0.08194952458143234,0.11543769389390945,0.16100864112377167,325,0,
local_global_easy,2048,True,torch.float16,1234,0.1,16,6,64,,,all_query_rows,0.0675785019993782,0.09639821946620941,0.17491112649440765,74,0,
local_global_easy,2048,True,torch.float16,1234,0.1,16,7,64,,,all_query_rows,0.06834366917610168,0.09165751188993454,0.12487765401601791,41,0,
local_global_easy,2048,True,torch.float16,1234,0.1,16,0,64,0.0737040787935257,0.08990582823753357,,,,,,,local_global_easy
local_global_easy,2048,True,torch.float16,1234,0.1,16,1,64,0.0673113614320755,0.08720286935567856,,,,,,,local_global_easy
local_global_easy,2048,True,torch.float16,1234,0.1,16,2,64,0.06968989968299866,0.09472328424453735,,,,,,,local_global_easy
local_global_easy,2048,True,torch.float16,1234,0.1,16,3,64,0.0752958431839943,0.09491042792797089,,,,,,,local_global_easy
local_global_easy,2048,True,torch.float16,1234,0.1,16,4,64,0.07095752656459808,0.09312467277050018,,,,,,,local_global_easy
local_global_easy,2048,True,torch.float16,1234,0.1,16,5,64,0.07297026365995407,0.09198320657014847,,,,,,,local_global_easy
local_global_easy,2048,True,torch.float16,1234,0.1,16,6,64,0.06877157092094421,0.08892043679952621,,,,,,,local_global_easy
local_global_easy,2048,True,torch.float16,1234,0.1,16,7,64,0.0792616605758667,0.09679834544658661,,,,,,,local_global_easy
local_global_easy,2048,True,torch.float16,1234,0.1,16,0,64,2.7782657146453857,5.226609230041504,,,,,,,scale_1.0
local_global_easy,2048,True,torch.float16,1234,0.1,16,1,64,3.415027379989624,7.07324743270874,,,,,,,scale_1.0
local_global_easy,2048,True,torch.float16,1234,0.1,16,2,64,2.850752592086792,5.942867755889893,,,,,,,scale_1.0
local_global_easy,2048,True,torch.float16,1234,0.1,16,3,64,4.520333290100098,10.795502662658691,,,,,,,scale_1.0
local_global_easy,2048,True,torch.float16,1234,0.1,16,4,64,3.9476006031036377,10.166924476623535,,,,,,,scale_1.0
local_global_easy,2048,True,torch.float16,1234,0.1,16,5,64,3.026493549346924,5.781915664672852,,,,,,,scale_1.0
local_global_easy,2048,True,torch.float16,1234,0.1,16,6,64,5.25199556350708,14.62202262878418,,,,,,,scale_1.0
local_global_easy,2048,True,torch.float16,1234,0.1,16,7,64,3.648451328277588,7.506014823913574,,,,,,,scale_1.0
local_global_easy,2048,True,torch.float16,1234,0.1,16,0,64,0.06560830771923065,0.07432575523853302,,,,,,,rare_sharp_shift
local_global_easy,2048,True,torch.float16,1234,0.1,16,1,64,0.06389845162630081,0.07085234671831131,,,,,,,rare_sharp_shift
local_global_easy,2048,True,torch.float16,1234,0.1,16,2,64,0.060529641807079315,0.06491731107234955,,,,,,,rare_sharp_shift
local_global_easy,2048,True,torch.float16,1234,0.1,16,3,64,0.07107222080230713,0.07893260568380356,,,,,,,rare_sharp_shift
local_global_easy,2048,True,torch.float16,1234,0.1,16,4,64,0.06783998012542725,0.07517744600772858,,,,,,,rare_sharp_shift
local_global_easy,2048,True,torch.float16,1234,0.1,16,5,64,0.05629139393568039,0.06626404821872711,,,,,,,rare_sharp_shift
local_global_easy,2048,True,torch.float16,1234,0.1,16,6,64,0.06776262819766998,0.07408256828784943,,,,,,,rare_sharp_shift
local_global_easy,2048,True,torch.float16,1234,0.1,16,7,64,0.06649655103683472,0.07251544296741486,,,,,,,rare_sharp_shift
local_global_easy,4096,True,torch.float16,1234,0.1,16,0,64,0.07991618663072586,0.10078181326389313,,,,,,,
local_global_easy,4096,True,torch.float16,1234,0.1,16,1,64,0.0812801718711853,0.10603384673595428,,,,,,,
local_global_easy,4096,True,torch.float16,1234,0.1,16,2,64,0.06382119655609131,0.08443349599838257,,,,,,,
local_global_easy,4096,True,torch.float16,1234,0.1,16,3,64,0.06878408789634705,0.08569592237472534,,,,,,,
local_global_easy,4096,True,torch.float16,1234,0.1,16,4,64,0.08117556571960449,0.10509088635444641,,,,,,,
local_global_easy,4096,True,torch.float16,1234,0.1,16,5,64,0.07413621246814728,0.09636522084474564,,,,,,,
local_global_easy,4096,True,torch.float16,1234,0.1,16,6,64,0.06976081430912018,0.09269610047340393,,,,,,,
local_global_easy,4096,True,torch.float16,1234,0.1,16,7,64,0.08037543296813965,0.09927578270435333,,,,,,,
local_global_easy,4096,True,torch.float16,1234,0.1,16,0,64,,,all_query_rows,0.07995429635047913,0.10117621719837189,0.19463658332824707,234,0,
local_global_easy,4096,True,torch.float16,1234,0.1,16,1,64,,,all_query_rows,0.08226438611745834,0.10828639566898346,0.14138977229595184,466,0,
local_global_easy,4096,True,torch.float16,1234,0.1,16,2,64,,,all_query_rows,0.06411924958229065,0.08007586002349854,0.13515877723693848,35,0,
local_global_easy,4096,True,torch.float16,1234,0.1,16,3,64,,,all_query_rows,0.06868146359920502,0.08570042997598648,0.13237364590168,30,0,
local_global_easy,4096,True,torch.float16,1234,0.1,16,4,64,,,all_query_rows,0.08067847788333893,0.10210391134023666,0.14600567519664764,254,0,
local_global_easy,4096,True,torch.float16,1234,0.1,16,5,64,,,all_query_rows,0.0743158757686615,0.09704627096652985,0.13058742880821228,166,0,
local_global_easy,4096,True,torch.float16,1234,0.1,16,6,64,,,all_query_rows,0.06838128715753555,0.09029298275709152,0.1847662329673767,120,0,
local_global_easy,4096,True,torch.float16,1234,0.1,16,7,64,,,all_query_rows,0.08098606765270233,0.09943090379238129,0.12278180569410324,185,0,
local_global_easy,4096,True,torch.float16,1234,0.1,16,0,64,0.06923700869083405,0.0889844000339508,,,,,,,local_global_easy
local_global_easy,4096,True,torch.float16,1234,0.1,16,1,64,0.06925489008426666,0.09538329392671585,,,,,,,local_global_easy
local_global_easy,4096,True,torch.float16,1234,0.1,16,2,64,0.08175025880336761,0.0980127602815628,,,,,,,local_global_easy
local_global_easy,4096,True,torch.float16,1234,0.1,16,3,64,0.07181791961193085,0.09268778562545776,,,,,,,local_global_easy
local_global_easy,4096,True,torch.float16,1234,0.1,16,4,64,0.07363700866699219,0.09277646988630295,,,,,,,local_global_easy
local_global_easy,4096,True,torch.float16,1234,0.1,16,5,64,0.059247467666864395,0.07300283014774323,,,,,,,local_global_easy
local_global_easy,4096,True,torch.float16,1234,0.1,16,6,64,0.07088139653205872,0.09837013483047485,,,,,,,local_global_easy
local_global_easy,4096,True,torch.float16,1234,0.1,16,7,64,0.07307439297437668,0.09371638298034668,,,,,,,local_global_easy
local_global_easy,4096,True,torch.float16,1234,0.1,16,0,64,3.7704522609710693,8.769316673278809,,,,,,,scale_1.0
local_global_easy,4096,True,torch.float16,1234,0.1,16,1,64,4.431513786315918,10.03706169128418,,,,,,,scale_1.0
local_global_easy,4096,True,torch.float16,1234,0.1,16,2,64,5.140016555786133,12.302258491516113,,,,,,,scale_1.0
local_global_easy,4096,True,torch.float16,1234,0.1,16,3,64,3.7975497245788574,7.2335710525512695,,,,,,,scale_1.0
local_global_easy,4096,True,torch.float16,1234,0.1,16,4,64,3.5454936027526855,8.121467590332031,,,,,,,scale_1.0
local_global_easy,4096,True,torch.float16,1234,0.1,16,5,64,4.27100944519043,9.930866241455078,,,,,,,scale_1.0
local_global_easy,4096,True,torch.float16,1234,0.1,16,6,64,3.50423002243042,7.137029647827148,,,,,,,scale_1.0
local_global_easy,4096,True,torch.float16,1234,0.1,16,7,64,3.742619514465332,8.68641471862793,,,,,,,scale_1.0
local_global_easy,4096,True,torch.float16,1234,0.1,16,0,64,0.07495687901973724,0.06758011877536774,,,,,,,rare_sharp_shift
local_global_easy,4096,True,torch.float16,1234,0.1,16,1,64,0.07567083835601807,0.07067932188510895,,,,,,,rare_sharp_shift
local_global_easy,4096,True,torch.float16,1234,0.1,16,2,64,0.08002577722072601,0.07127732038497925,,,,,,,rare_sharp_shift
local_global_easy,4096,True,torch.float16,1234,0.1,16,3,64,0.08114465326070786,0.07842695713043213,,,,,,,rare_sharp_shift
local_global_easy,4096,True,torch.float16,1234,0.1,16,4,64,0.07197844982147217,0.06543932110071182,,,,,,,rare_sharp_shift
local_global_easy,4096,True,torch.float16,1234,0.1,16,5,64,0.06819566339254379,0.06041093170642853,,,,,,,rare_sharp_shift
local_global_easy,4096,True,torch.float16,1234,0.1,16,6,64,0.07301942259073257,0.06569204479455948,,,,,,,rare_sharp_shift
local_global_easy,4096,True,torch.float16,1234,0.1,16,7,64,0.07917779684066772,0.07337895035743713,,,,,,,rare_sharp_shift
local_global_easy,8192,True,torch.float16,1234,0.1,16,0,64,0.08239695429801941,0.10258451104164124,,,,,,,
local_global_easy,8192,True,torch.float16,1234,0.1,16,1,64,0.07162246108055115,0.08818130195140839,,,,,,,
local_global_easy,8192,True,torch.float16,1234,0.1,16,2,64,0.0736149400472641,0.09128008782863617,,,,,,,
local_global_easy,8192,True,torch.float16,1234,0.1,16,3,64,0.0680413693189621,0.08411470055580139,,,,,,,
local_global_easy,8192,True,torch.float16,1234,0.1,16,4,64,0.06999646127223969,0.09037528187036514,,,,,,,
local_global_easy,8192,True,torch.float16,1234,0.1,16,5,64,0.07656469941139221,0.09710151702165604,,,,,,,
local_global_easy,8192,True,torch.float16,1234,0.1,16,6,64,0.07193195819854736,0.08734509348869324,,,,,,,
local_global_easy,8192,True,torch.float16,1234,0.1,16,7,64,0.0794333666563034,0.09825202077627182,,,,,,,
local_global_easy,8192,True,torch.float16,1234,0.1,16,0,64,0.0781031996011734,0.09695017337799072,,,,,,,local_global_easy
local_global_easy,8192,True,torch.float16,1234,0.1,16,1,64,0.06893740594387054,0.09070757031440735,,,,,,,local_global_easy
local_global_easy,8192,True,torch.float16,1234,0.1,16,2,64,0.07122169435024261,0.09163641184568405,,,,,,,local_global_easy
local_global_easy,8192,True,torch.float16,1234,0.1,16,3,64,0.07356485724449158,0.09283675253391266,,,,,,,local_global_easy
local_global_easy,8192,True,torch.float16,1234,0.1,16,4,64,0.0935499519109726,0.11597581952810287,,,,,,,local_global_easy
local_global_easy,8192,True,torch.float16,1234,0.1,16,5,64,0.07394585758447647,0.0997149646282196,,,,,,,local_global_easy
local_global_easy,8192,True,torch.float16,1234,0.1,16,6,64,0.06833639740943909,0.0874314233660698,,,,,,,local_global_easy
local_global_easy,8192,True,torch.float16,1234,0.1,16,7,64,0.0664965808391571,0.08392122387886047,,,,,,,local_global_easy
local_global_easy,8192,True,torch.float16,1234,0.1,16,0,64,5.216397285461426,11.479942321777344,,,,,,,scale_1.0
local_global_easy,8192,True,torch.float16,1234,0.1,16,1,64,4.010055065155029,8.259889602661133,,,,,,,scale_1.0
local_global_easy,8192,True,torch.float16,1234,0.1,16,2,64,5.010016441345215,11.804830551147461,,,,,,,scale_1.0
local_global_easy,8192,True,torch.float16,1234,0.1,16,3,64,4.758066654205322,9.655725479125977,,,,,,,scale_1.0
local_global_easy,8192,True,torch.float16,1234,0.1,16,4,64,4.793365001678467,9.673630714416504,,,,,,,scale_1.0
local_global_easy,8192,True,torch.float16,1234,0.1,16,5,64,6.540129661560059,16.0828857421875,,,,,,,scale_1.0
local_global_easy,8192,True,torch.float16,1234,0.1,16,6,64,4.76649284362793,10.089210510253906,,,,,,,scale_1.0
local_global_easy,8192,True,torch.float16,1234,0.1,16,7,64,4.473488807678223,9.129899978637695,,,,,,,scale_1.0
local_global_easy,8192,True,torch.float16,1234,0.1,16,0,64,0.06783854216337204,0.072501540184021,,,,,,,rare_sharp_shift
local_global_easy,8192,True,torch.float16,1234,0.1,16,1,64,0.06565040349960327,0.07412835210561752,,,,,,,rare_sharp_shift
local_global_easy,8192,True,torch.float16,1234,0.1,16,2,64,0.07413917779922485,0.07657331228256226,,,,,,,rare_sharp_shift
local_global_easy,8192,True,torch.float16,1234,0.1,16,3,64,0.0659504160284996,0.06640718132257462,,,,,,,rare_sharp_shift
local_global_easy,8192,True,torch.float16,1234,0.1,16,4,64,0.08174377679824829,0.0884018987417221,,,,,,,rare_sharp_shift
local_global_easy,8192,True,torch.float16,1234,0.1,16,5,64,0.06225581839680672,0.06974558532238007,,,,,,,rare_sharp_shift
local_global_easy,8192,True,torch.float16,1234,0.1,16,6,64,0.0631166398525238,0.06913470476865768,,,,,,,rare_sharp_shift
local_global_easy,8192,True,torch.float16,1234,0.1,16,7,64,0.0677274689078331,0.07073592394590378,,,,,,,rare_sharp_shift
local_global_easy,16384,True,torch.float16,1234,0.1,16,0,64,0.07513990998268127,0.09639474749565125,,,,,,,
local_global_easy,16384,True,torch.float16,1234,0.1,16,1,64,0.07944801449775696,0.10013704001903534,,,,,,,
local_global_easy,16384,True,torch.float16,1234,0.1,16,2,64,0.07141663134098053,0.09215950220823288,,,,,,,
local_global_easy,16384,True,torch.float16,1234,0.1,16,3,64,0.05976121500134468,0.08111915737390518,,,,,,,
local_global_easy,16384,True,torch.float16,1234,0.1,16,4,64,0.07159148156642914,0.08787502348423004,,,,,,,
local_global_easy,16384,True,torch.float16,1234,0.1,16,5,64,0.08908987045288086,0.12031948566436768,,,,,,,
local_global_easy,16384,True,torch.float16,1234,0.1,16,6,64,0.07280280441045761,0.09321604669094086,,,,,,,
local_global_easy,16384,True,torch.float16,1234,0.1,16,7,64,0.08335097134113312,0.10469277203083038,,,,,,,
local_global_easy,16384,True,torch.float16,1234,0.1,16,0,64,0.07126744091510773,0.09539328515529633,,,,,,,local_global_easy
local_global_easy,16384,True,torch.float16,1234,0.1,16,1,64,0.07473360747098923,0.10121985524892807,,,,,,,local_global_easy
local_global_easy,16384,True,torch.float16,1234,0.1,16,2,64,0.07021667808294296,0.09194368124008179,,,,,,,local_global_easy
local_global_easy,16384,True,torch.float16,1234,0.1,16,3,64,0.06704019010066986,0.08355338871479034,,,,,,,local_global_easy
local_global_easy,16384,True,torch.float16,1234,0.1,16,4,64,0.0643661692738533,0.0811910331249237,,,,,,,local_global_easy
local_global_easy,16384,True,torch.float16,1234,0.1,16,5,64,0.0697614997625351,0.08948954939842224,,,,,,,local_global_easy
local_global_easy,16384,True,torch.float16,1234,0.1,16,6,64,0.07451694458723068,0.10528554767370224,,,,,,,local_global_easy
local_global_easy,16384,True,torch.float16,1234,0.1,16,7,64,0.07187456637620926,0.08991272747516632,,,,,,,local_global_easy
local_global_easy,16384,True,torch.float16,1234,0.1,16,0,64,4.9782819747924805,10.168277740478516,,,,,,,scale_1.0
local_global_easy,16384,True,torch.float16,1234,0.1,16,1,64,5.030318260192871,12.3776273727417,,,,,,,scale_1.0
local_global_easy,16384,True,torch.float16,1234,0.1,16,2,64,4.420087814331055,9.025686264038086,,,,,,,scale_1.0
local_global_easy,16384,True,torch.float16,1234,0.1,16,3,64,5.762397289276123,14.821529388427734,,,,,,,scale_1.0
local_global_easy,16384,True,torch.float16,1234,0.1,16,4,64,5.257899284362793,11.856228828430176,,,,,,,scale_1.0
local_global_easy,16384,True,torch.float16,1234,0.1,16,5,64,6.051573753356934,14.644803047180176,,,,,,,scale_1.0
local_global_easy,16384,True,torch.float16,1234,0.1,16,6,64,5.629635810852051,11.523731231689453,,,,,,,scale_1.0
local_global_easy,16384,True,torch.float16,1234,0.1,16,7,64,4.804420471191406,9.45559024810791,,,,,,,scale_1.0
local_global_easy,16384,True,torch.float16,1234,0.1,16,0,64,0.06835585832595825,0.07496105134487152,,,,,,,rare_sharp_shift
local_global_easy,16384,True,torch.float16,1234,0.1,16,1,64,0.07458268851041794,0.07777531445026398,,,,,,,rare_sharp_shift
local_global_easy,16384,True,torch.float16,1234,0.1,16,2,64,0.06387408077716827,0.06412921845912933,,,,,,,rare_sharp_shift
local_global_easy,16384,True,torch.float16,1234,0.1,16,3,64,0.06302493810653687,0.06206356734037399,,,,,,,rare_sharp_shift
local_global_easy,16384,True,torch.float16,1234,0.1,16,4,64,0.062477998435497284,0.06377857178449631,,,,,,,rare_sharp_shift
local_global_easy,16384,True,torch.float16,1234,0.1,16,5,64,0.06629010289907455,0.06535559892654419,,,,,,,rare_sharp_shift
local_global_easy,16384,True,torch.float16,1234,0.1,16,6,64,0.07928663492202759,0.0905245766043663,,,,,,,rare_sharp_shift
local_global_easy,16384,True,torch.float16,1234,0.1,16,7,64,0.07452593743801117,0.07544177025556564,,,,,,,rare_sharp_shift
local_global_easy,32768,True,torch.float16,1234,0.1,16,0,64,0.06838689744472504,0.08817488700151443,,,,,,,
local_global_easy,32768,True,torch.float16,1234,0.1,16,1,64,0.06661064922809601,0.09468984603881836,,,,,,,
local_global_easy,32768,True,torch.float16,1234,0.1,16,2,64,0.07846736907958984,0.10518704354763031,,,,,,,
local_global_easy,32768,True,torch.float16,1234,0.1,16,3,64,0.07116232812404633,0.09362656623125076,,,,,,,
local_global_easy,32768,True,torch.float16,1234,0.1,16,4,64,0.08289260417222977,0.10228942334651947,,,,,,,
local_global_easy,32768,True,torch.float16,1234,0.1,16,5,64,0.07443486154079437,0.09304143488407135,,,,,,,
local_global_easy,32768,True,torch.float16,1234,0.1,16,6,64,0.06793811172246933,0.08886437118053436,,,,,,,
local_global_easy,32768,True,torch.float16,1234,0.1,16,7,64,0.07583317905664444,0.09150645136833191,,,,,,,
local_global_easy,32768,True,torch.float16,1234,0.1,16,0,64,0.07296066731214523,0.09025195986032486,,,,,,,local_global_easy
local_global_easy,32768,True,torch.float16,1234,0.1,16,1,64,0.07504583895206451,0.1103123351931572,,,,,,,local_global_easy
local_global_easy,32768,True,torch.float16,1234,0.1,16,2,64,0.06916172802448273,0.09413106739521027,,,,,,,local_global_easy
local_global_easy,32768,True,torch.float16,1234,0.1,16,3,64,0.06323381513357162,0.08542691171169281,,,,,,,local_global_easy
local_global_easy,32768,True,torch.float16,1234,0.1,16,4,64,0.0783725455403328,0.10100872069597244,,,,,,,local_global_easy
local_global_easy,32768,True,torch.float16,1234,0.1,16,5,64,0.06955677270889282,0.0945965051651001,,,,,,,local_global_easy
local_global_easy,32768,True,torch.float16,1234,0.1,16,6,64,0.06878513097763062,0.09504670649766922,,,,,,,local_global_easy
local_global_easy,32768,True,torch.float16,1234,0.1,16,7,64,0.0653294026851654,0.087672159075737,,,,,,,local_global_easy
local_global_easy,32768,True,torch.float16,1234,0.1,16,0,64,5.985568046569824,13.028456687927246,,,,,,,scale_1.0
local_global_easy,32768,True,torch.float16,1234,0.1,16,1,64,4.945932865142822,10.14902400970459,,,,,,,scale_1.0
local_global_easy,32768,True,torch.float16,1234,0.1,16,2,64,6.064888954162598,13.769698143005371,,,,,,,scale_1.0
local_global_easy,32768,True,torch.float16,1234,0.1,16,3,64,4.943053722381592,10.541362762451172,,,,,,,scale_1.0
local_global_easy,32768,True,torch.float16,1234,0.1,16,4,64,5.120473861694336,9.849414825439453,,,,,,,scale_1.0
local_global_easy,32768,True,torch.float16,1234,0.1,16,5,64,5.502607822418213,10.980070114135742,,,,,,,scale_1.0
local_global_easy,32768,True,torch.float16,1234,0.1,16,6,64,5.219213485717773,11.085003852844238,,,,,,,scale_1.0
local_global_easy,32768,True,torch.float16,1234,0.1,16,7,64,5.689413547515869,11.544697761535645,,,,,,,scale_1.0
local_global_easy,32768,True,torch.float16,1234,0.1,16,0,64,0.06620749831199646,0.07039190828800201,,,,,,,rare_sharp_shift
local_global_easy,32768,True,torch.float16,1234,0.1,16,1,64,0.06720896810293198,0.07343070209026337,,,,,,,rare_sharp_shift
local_global_easy,32768,True,torch.float16,1234,0.1,16,2,64,0.06479766964912415,0.06963177025318146,,,,,,,rare_sharp_shift
local_global_easy,32768,True,torch.float16,1234,0.1,16,3,64,0.06284686177968979,0.06539286673069,,,,,,,rare_sharp_shift
local_global_easy,32768,True,torch.float16,1234,0.1,16,4,64,0.07102002948522568,0.0756571814417839,,,,,,,rare_sharp_shift
local_global_easy,32768,True,torch.float16,1234,0.1,16,5,64,0.05977575108408928,0.06468620151281357,,,,,,,rare_sharp_shift
local_global_easy,32768,True,torch.float16,1234,0.1,16,6,64,0.061515696346759796,0.07444969564676285,,,,,,,rare_sharp_shift
local_global_easy,32768,True,torch.float16,1234,0.1,16,7,64,0.06435810029506683,0.06844238936901093,,,,,,,rare_sharp_shift
local_global_easy,65536,True,torch.float16,1234,0.1,16,0,64,0.07940952479839325,0.10569818317890167,,,,,,,
local_global_easy,65536,True,torch.float16,1234,0.1,16,1,64,0.07197900116443634,0.09297458827495575,,,,,,,
local_global_easy,65536,True,torch.float16,1234,0.1,16,2,64,0.06858524680137634,0.08765726536512375,,,,,,,
local_global_easy,65536,True,torch.float16,1234,0.1,16,3,64,0.08338972926139832,0.10505715012550354,,,,,,,
local_global_easy,65536,True,torch.float16,1234,0.1,16,4,64,0.07266327738761902,0.0991397500038147,,,,,,,
local_global_easy,65536,True,torch.float16,1234,0.1,16,5,64,0.07538869231939316,0.0957081988453865,,,,,,,
local_global_easy,65536,True,torch.float16,1234,0.1,16,6,64,0.0719149261713028,0.09265964478254318,,,,,,,
local_global_easy,65536,True,torch.float16,1234,0.1,16,7,64,0.07210344076156616,0.09988181293010712,,,,,,,
local_global_easy,65536,True,torch.float16,1234,0.1,16,0,64,0.06352778524160385,0.08552898466587067,,,,,,,local_global_easy
local_global_easy,65536,True,torch.float16,1234,0.1,16,1,64,0.06399692595005035,0.08059798926115036,,,,,,,local_global_easy
local_global_easy,65536,True,torch.float16,1234,0.1,16,2,64,0.0805899128317833,0.1255316436290741,,,,,,,local_global_easy
local_global_easy,65536,True,torch.float16,1234,0.1,16,3,64,0.07677657902240753,0.09698659181594849,,,,,,,local_global_easy
local_global_easy,65536,True,torch.float16,1234,0.1,16,4,64,0.07889920473098755,0.10624316334724426,,,,,,,local_global_easy
local_global_easy,65536,True,torch.float16,1234,0.1,16,5,64,0.06309940665960312,0.08085895329713821,,,,,,,local_global_easy
local_global_easy,65536,True,torch.float16,1234,0.1,16,6,64,0.06455676257610321,0.08451991528272629,,,,,,,local_global_easy
local_global_easy,65536,True,torch.float16,1234,0.1,16,7,64,0.07422705739736557,0.09314583241939545,,,,,,,local_global_easy
local_global_easy,65536,True,torch.float16,1234,0.1,16,0,64,6.647858619689941,15.772541999816895,,,,,,,scale_1.0
local_global_easy,65536,True,torch.float16,1234,0.1,16,1,64,5.857767581939697,12.311426162719727,,,,,,,scale_1.0
local_global_easy,65536,True,torch.float16,1234,0.1,16,2,64,6.059009075164795,12.630873680114746,,,,,,,scale_1.0
local_global_easy,65536,True,torch.float16,1234,0.1,16,3,64,5.776642799377441,12.446045875549316,,,,,,,scale_1.0
local_global_easy,65536,True,torch.float16,1234,0.1,16,4,64,6.682341575622559,13.362648010253906,,,,,,,scale_1.0
local_global_easy,65536,True,torch.float16,1234,0.1,16,5,64,4.701274871826172,8.85256290435791,,,,,,,scale_1.0
local_global_easy,65536,True,torch.float16,1234,0.1,16,6,64,5.675994396209717,12.243677139282227,,,,,,,scale_1.0
local_global_easy,65536,True,torch.float16,1234,0.1,16,7,64,6.473032474517822,14.555370330810547,,,,,,,scale_1.0
local_global_easy,65536,True,torch.float16,1234,0.1,16,0,64,0.05919237434864044,0.06934085488319397,,,,,,,rare_sharp_shift
local_global_easy,65536,True,torch.float16,1234,0.1,16,1,64,0.05480199307203293,0.06349046528339386,,,,,,,rare_sharp_shift
local_global_easy,65536,True,torch.float16,1234,0.1,16,2,64,0.06815208494663239,0.07749239355325699,,,,,,,rare_sharp_shift
local_global_easy,65536,True,torch.float16,1234,0.1,16,3,64,0.05703681707382202,0.0652129054069519,,,,,,,rare_sharp_shift
local_global_easy,65536,True,torch.float16,1234,0.1,16,4,64,0.061751838773489,0.07129871845245361,,,,,,,rare_sharp_shift
local_global_easy,65536,True,torch.float16,1234,0.1,16,5,64,0.05252237617969513,0.06449020653963089,,,,,,,rare_sharp_shift
local_global_easy,65536,True,torch.float16,1234,0.1,16,6,64,0.05634565278887749,0.0659344345331192,,,,,,,rare_sharp_shift
local_global_easy,65536,True,torch.float16,1234,0.1,16,7,64,0.05798834189772606,0.06747296452522278,,,,,,,rare_sharp_shift
local_global_easy,512,True,torch.float32,1234,0.1,16,0,64,0.07151134312152863,0.09136795252561569,,,,,,,
local_global_easy,512,True,torch.float32,1234,0.1,16,1,64,0.07096248865127563,0.08946488797664642,,,,,,,
local_global_easy,512,True,torch.float32,1234,0.1,16,2,64,0.07069957256317139,0.09024805575609207,,,,,,,
local_global_easy,512,True,torch.float32,1234,0.1,16,3,64,0.06648460030555725,0.08295930176973343,,,,,,,
local_global_easy,512,True,torch.float32,1234,0.1,16,4,64,0.07750675082206726,0.10050462186336517,,,,,,,
local_global_easy,512,True,torch.float32,1234,0.1,16,5,64,0.06449279189109802,0.08669419586658478,,,,,,,
local_global_easy,512,True,torch.float32,1234,0.1,16,6,64,0.07292763888835907,0.10459952056407928,,,,,,,
local_global_easy,512,True,torch.float32,1234,0.1,16,7,64,0.07773104310035706,0.09828423708677292,,,,,,,
local_global_easy,512,True,torch.float32,1234,0.1,16,0,64,,,all_query_rows,0.07152414321899414,0.09090080112218857,0.12619569897651672,4,0,
local_global_easy,512,True,torch.float32,1234,0.1,16,1,64,,,all_query_rows,0.0710558146238327,0.09020726382732391,0.12856033444404602,9,0,
local_global_easy,512,True,torch.float32,1234,0.1,16,2,64,,,all_query_rows,0.07086718082427979,0.09225831925868988,0.1458328515291214,19,0,
local_global_easy,512,True,torch.float32,1234,0.1,16,3,64,,,all_query_rows,0.06641685217618942,0.08511039614677429,0.1441669464111328,11,0,
local_global_easy,512,True,torch.float32,1234,0.1,16,4,64,,,all_query_rows,0.07711103558540344,0.10006967931985855,0.16423621773719788,26,0,
local_global_easy,512,True,torch.float32,1234,0.1,16,5,64,,,all_query_rows,0.06431472301483154,0.08659622073173523,0.14008797705173492,7,0,
local_global_easy,512,True,torch.float32,1234,0.1,16,6,64,,,all_query_rows,0.07326949387788773,0.10252987593412399,0.12846437096595764,31,0,
local_global_easy,512,True,torch.float32,1234,0.1,16,7,64,,,all_query_rows,0.07757920771837234,0.09911639243364334,0.1365641951560974,23,0,
local_global_easy,512,True,torch.float32,1234,0.1,16,0,64,0.08115698397159576,0.10747753083705902,,,,,,,local_global_easy
local_global_easy,512,True,torch.float32,1234,0.1,16,1,64,0.07503186911344528,0.09559300541877747,,,,,,,local_global_easy
local_global_easy,512,True,torch.float32,1234,0.1,16,2,64,0.06000553071498871,0.0814414992928505,,,,,,,local_global_easy
local_global_easy,512,True,torch.float32,1234,0.1,16,3,64,0.08176994323730469,0.10283227264881134,,,,,,,local_global_easy
local_global_easy,512,True,torch.float32,1234,0.1,16,4,64,0.06474140286445618,0.08947958052158356,,,,,,,local_global_easy
local_global_easy,512,True,torch.float32,1234,0.1,16,5,64,0.07305312156677246,0.09387628734111786,,,,,,,local_global_easy
local_global_easy,512,True,torch.float32,1234,0.1,16,6,64,0.06470772624015808,0.08657369017601013,,,,,,,local_global_easy
local_global_easy,512,True,torch.float32,1234,0.1,16,7,64,0.08084101974964142,0.11648863554000854,,,,,,,local_global_easy
local_global_easy,512,True,torch.float32,1234,0.1,16,0,64,2.8160252571105957,5.860184669494629,,,,,,,scale_1.0
local_global_easy,512,True,torch.float32,1234,0.1,16,1,64,2.287654399871826,4.465319633483887,,,,,,,scale_1.0
local_global_easy,512,True,torch.float32,1234,0.1,16,2,64,2.5335679054260254,5.475286960601807,,,,,,,scale_1.0
local_global_easy,512,True,torch.float32,1234,0.1,16,3,64,2.4872896671295166,5.1204304695129395,,,,,,,scale_1.0
local_global_easy,512,True,torch.float32,1234,0.1,16,4,64,2.1915218830108643,4.614803791046143,,,,,,,scale_1.0
local_global_easy,512,True,torch.float32,1234,0.1,16,5,64,2.5264620780944824,5.293417453765869,,,,,,,scale_1.0
local_global_easy,512,True,torch.float32,1234,0.1,16,6,64,2.5629024505615234,5.015834808349609,,,,,,,scale_1.0
local_global_easy,512,True,torch.float32,1234,0.1,16,7,64,2.982264757156372,7.829191207885742,,,,,,,scale_1.0
local_global_easy,512,True,torch.float32,1234,0.1,16,0,64,0.08431412279605865,0.0847298875451088,,,,,,,rare_sharp_shift
local_global_easy,512,True,torch.float32,1234,0.1,16,1,64,0.0786476880311966,0.0827445387840271,,,,,,,rare_sharp_shift
local_global_easy,512,True,torch.float32,1234,0.1,16,2,64,0.06767676770687103,0.06426230818033218,,,,,,,rare_sharp_shift
local_global_easy,512,True,torch.float32,1234,0.1,16,3,64,0.07082933187484741,0.07196876406669617,,,,,,,rare_sharp_shift
local_global_easy,512,True,torch.float32,1234,0.1,16,4,64,0.07048302888870239,0.06951474398374557,,,,,,,rare_sharp_shift
local_global_easy,512,True,torch.float32,1234,0.1,16,5,64,0.06757944822311401,0.0665874034166336,,,,,,,rare_sharp_shift
local_global_easy,512,True,torch.float32,1234,0.1,16,6,64,0.07780885696411133,0.07669498026371002,,,,,,,rare_sharp_shift
local_global_easy,512,True,torch.float32,1234,0.1,16,7,64,0.07858013361692429,0.082535021007061,,,,,,,rare_sharp_shift
local_global_easy,1024,True,torch.float32,1234,0.1,16,0,64,0.06790654361248016,0.08635815232992172,,,,,,,
local_global_easy,1024,True,torch.float32,1234,0.1,16,1,64,0.07052016258239746,0.09629134833812714,,,,,,,
local_global_easy,1024,True,torch.float32,1234,0.1,16,2,64,0.06364095211029053,0.08076664805412292,,,,,,,
local_global_easy,1024,True,torch.float32,1234,0.1,16,3,64,0.08173970878124237,0.09969720989465714,,,,,,,
local_global_easy,1024,True,torch.float32,1234,0.1,16,4,64,0.06439840793609619,0.08458354324102402,,,,,,,
local_global_easy,1024,True,torch.float32,1234,0.1,16,5,64,0.06987828016281128,0.09054604172706604,,,,,,,
local_global_easy,1024,True,torch.float32,1234,0.1,16,6,64,0.06988930702209473,0.09454873204231262,,,,,,,
local_global_easy,1024,True,torch.float32,1234,0.1,16,7,64,0.07738367468118668,0.09772714972496033,,,,,,,
local_global_easy,1024,True,torch.float32,1234,0.1,16,0,64,,,all_query_rows,0.0679124966263771,0.08502788096666336,0.19385512173175812,16,0,
local_global_easy,1024,True,torch.float32,1234,0.1,16,1,64,,,all_query_rows,0.07139267027378082,0.09801589697599411,0.12489727139472961,44,0,
local_global_easy,1024,True,torch.float32,1234,0.1,16,2,64,,,all_query_rows,0.06415882706642151,0.08303475379943848,0.13272304832935333,7,0,
local_global_easy,1024,True,torch.float32,1234,0.1,16,3,64,,,all_query_rows,0.0819481909275055,0.09873852878808975,0.1194630116224289,38,0,
local_global_easy,1024,True,torch.float32,1234,0.1,16,4,64,,,all_query_rows,0.06564739346504211,0.08888637274503708,0.14300158619880676,29,0,
local_global_easy,1024,True,torch.float32,1234,0.1,16,5,64,,,all_query_rows,0.07037709653377533,0.09775737673044205,0.149302676320076,42,0,
local_global_easy,1024,True,torch.float32,1234,0.1,16,6,64,,,all_query_rows,0.07118082791566849,0.09549851715564728,0.14951960742473602,31,0,
local_global_easy,1024,True,torch.float32,1234,0.1,16,7,64,,,all_query_rows,0.07840800285339355,0.09866577386856079,0.12172648310661316,41,0,
local_global_easy,1024,True,torch.float32,1234,0.1,16,0,64,0.06638748943805695,0.08733120560646057,,,,,,,local_global_easy
local_global_easy,1024,True,torch.float32,1234,0.1,16,1,64,0.0714614987373352,0.0904296338558197,,,,,,,local_global_easy
local_global_easy,1024,True,torch.float32,1234,0.1,16,2,64,0.06945127248764038,0.0935557410120964,,,,,,,local_global_easy
local_global_easy,1024,True,torch.float32,1234,0.1,16,3,64,0.06668603420257568,0.08250092715024948,,,,,,,local_global_easy
local_global_easy,1024,True,torch.float32,1234,0.1,16,4,64,0.07046965509653091,0.09152284264564514,,,,,,,local_global_easy
local_global_easy,1024,True,torch.float32,1234,0.1,16,5,64,0.06333817541599274,0.07994534075260162,,,,,,,local_global_easy
local_global_easy,1024,True,torch.float32,1234,0.1,16,6,64,0.07693702727556229,0.09940199553966522,,,,,,,local_global_easy
local_global_easy,1024,True,torch.float32,1234,0.1,16,7,64,0.08539959788322449,0.10561966896057129,,,,,,,local_global_easy
local_global_easy,1024,True,torch.float32,1234,0.1,16,0,64,2.421924591064453,4.608652114868164,,,,,,,scale_1.0
local_global_easy,1024,True,torch.float32,1234,0.1,16,1,64,2.785341262817383,5.486193656921387,,,,,,,scale_1.0
local_global_easy,1024,True,torch.float32,1234,0.1,16,2,64,2.6979966163635254,6.333834648132324,,,,,,,scale_1.0
local_global_easy,1024,True,torch.float32,1234,0.1,16,3,64,2.5914645195007324,5.580594062805176,,,,,,,scale_1.0
local_global_easy,1024,True,torch.float32,1234,0.1,16,4,64,3.1589980125427246,7.515722274780273,,,,,,,scale_1.0
local_global_easy,1024,True,torch.float32,1234,0.1,16,5,64,2.6041812896728516,5.023802757263184,,,,,,,scale_1.0
local_global_easy,1024,True,torch.float32,1234,0.1,16,6,64,3.0645480155944824,6.400762557983398,,,,,,,scale_1.0
local_global_easy,1024,True,torch.float32,1234,0.1,16,7,64,3.069056987762451,6.893682956695557,,,,,,,scale_1.0
local_global_easy,1024,True,torch.float32,1234,0.1,16,0,64,0.06506618857383728,0.06605065613985062,,,,,,,rare_sharp_shift
local_global_easy,1024,True,torch.float32,1234,0.1,16,1,64,0.06970907747745514,0.073357954621315,,,,,,,rare_sharp_shift
local_global_easy,1024,True,torch.float32,1234,0.1,16,2,64,0.06487773358821869,0.06280003488063812,,,,,,,rare_sharp_shift
local_global_easy,1024,True,torch.float32,1234,0.1,16,3,64,0.06543891131877899,0.06544129550457001,,,,,,,rare_sharp_shift
local_global_easy,1024,True,torch.float32,1234,0.1,16,4,64,0.07324889302253723,0.07575701177120209,,,,,,,rare_sharp_shift
local_global_easy,1024,True,torch.float32,1234,0.1,16,5,64,0.06851640343666077,0.06972117722034454,,,,,,,rare_sharp_shift
local_global_easy,1024,True,torch.float32,1234,0.1,16,6,64,0.07207894325256348,0.07568131387233734,,,,,,,rare_sharp_shift
local_global_easy,1024,True,torch.float32,1234,0.1,16,7,64,0.0783182680606842,0.08145448565483093,,,,,,,rare_sharp_shift
local_global_easy,2048,True,torch.float32,1234,0.1,16,0,64,0.07923656702041626,0.09935349225997925,,,,,,,
local_global_easy,2048,True,torch.float32,1234,0.1,16,1,64,0.06858335435390472,0.09764491766691208,,,,,,,
local_global_easy,2048,True,torch.float32,1234,0.1,16,2,64,0.07440705597400665,0.0988205149769783,,,,,,,
local_global_easy,2048,True,torch.float32,1234,0.1,16,3,64,0.0656626969575882,0.09039924293756485,,,,,,,
local_global_easy,2048,True,torch.float32,1234,0.1,16,4,64,0.06979811191558838,0.08863341063261032,,,,,,,
local_global_easy,2048,True,torch.float32,1234,0.1,16,5,64,0.0828213021159172,0.11561748385429382,,,,,,,
local_global_easy,2048,True,torch.float32,1234,0.1,16,6,64,0.06906087696552277,0.10000843554735184,,,,,,,
local_global_easy,2048,True,torch.float32,1234,0.1,16,7,64,0.06830814480781555,0.09169095009565353,,,,,,,
local_global_easy,2048,True,torch.float32,1234,0.1,16,0,64,,,all_query_rows,0.07844509929418564,0.09837231040000916,0.15571410953998566,83,0,
local_global_easy,2048,True,torch.float32,1234,0.1,16,1,64,,,all_query_rows,0.06742659956216812,0.0958973616361618,0.14671707153320312,65,0,
local_global_easy,2048,True,torch.float32,1234,0.1,16,2,64,,,all_query_rows,0.07364748418331146,0.1009003072977066,0.1300477832555771,117,0,
local_global_easy,2048,True,torch.float32,1234,0.1,16,3,64,,,all_query_rows,0.06516822427511215,0.08418367803096771,0.15392567217350006,50,0,
local_global_easy,2048,True,torch.float32,1234,0.1,16,4,64,,,all_query_rows,0.0698046013712883,0.08932524174451828,0.12099555134773254,27,0,
local_global_easy,2048,True,torch.float32,1234,0.1,16,5,64,,,all_query_rows,0.0819440707564354,0.11545055359601974,0.16098426282405853,326,0,
local_global_easy,2048,True,torch.float32,1234,0.1,16,6,64,,,all_query_rows,0.06757747381925583,0.09637407958507538,0.17482925951480865,74,0,
local_global_easy,2048,True,torch.float32,1234,0.1,16,7,64,,,all_query_rows,0.06833946704864502,0.09163085371255875,0.12482836097478867,42,0,
local_global_easy,2048,True,torch.float32,1234,0.1,16,0,64,0.07370232790708542,0.08991099894046783,,,,,,,local_global_easy
local_global_easy,2048,True,torch.float32,1234,0.1,16,1,64,0.06731212884187698,0.08720903098583221,,,,,,,local_global_easy
local_global_easy,2048,True,torch.float32,1234,0.1,16,2,64,0.06968863308429718,0.09472585469484329,,,,,,,local_global_easy
local_global_easy,2048,True,torch.float32,1234,0.1,16,3,64,0.0752936601638794,0.09490583837032318,,,,,,,local_global_easy
local_global_easy,2048,True,torch.float32,1234,0.1,16,4,64,0.07096081972122192,0.09311835467815399,,,,,,,local_global_easy
local_global_easy,2048,True,torch.float32,1234,0.1,16,5,64,0.07296857982873917,0.09198391437530518,,,,,,,local_global_easy
local_global_easy,2048,True,torch.float32,1234,0.1,16,6,64,0.06877118349075317,0.08890864253044128,,,,,,,local_global_easy
local_global_easy,2048,True,torch.float32,1234,0.1,16,7,64,0.07926013320684433,0.09679937362670898,,,,,,,local_global_easy
local_global_easy,2048,True,torch.float32,1234,0.1,16,0,64,2.77842378616333,5.22758674621582,,,,,,,scale_1.0
local_global_easy,2048,True,torch.float32,1234,0.1,16,1,64,3.4150781631469727,7.06882905960083,,,,,,,scale_1.0
local_global_easy,2048,True,torch.float32,1234,0.1,16,2,64,2.850956439971924,5.943078994750977,,,,,,,scale_1.0
local_global_easy,2048,True,torch.float32,1234,0.1,16,3,64,4.5206804275512695,10.79730224609375,,,,,,,scale_1.0
local_global_easy,2048,True,torch.float32,1234,0.1,16,4,64,3.947564125061035,10.165809631347656,,,,,,,scale_1.0
local_global_easy,2048,True,torch.float32,1234,0.1,16,5,64,3.0264034271240234,5.783033847808838,,,,,,,scale_1.0
local_global_easy,2048,True,torch.float32,1234,0.1,16,6,64,5.252241134643555,14.62331771850586,,,,,,,scale_1.0
local_global_easy,2048,True,torch.float32,1234,0.1,16,7,64,3.648798942565918,7.5032854080200195,,,,,,,scale_1.0
local_global_easy,2048,True,torch.float32,1234,0.1,16,0,64,0.06560980528593063,0.07432572543621063,,,,,,,rare_sharp_shift
local_global_easy,2048,True,torch.float32,1234,0.1,16,1,64,0.06389841437339783,0.07084587961435318,,,,,,,rare_sharp_shift
local_global_easy,2048,True,torch.float32,1234,0.1,16,2,64,0.060532864183187485,0.06491656601428986,,,,,,,rare_sharp_shift
local_global_easy,2048,True,torch.float32,1234,0.1,16,3,64,0.07106994092464447,0.07892858982086182,,,,,,,rare_sharp_shift
local_global_easy,2048,True,torch.float32,1234,0.1,16,4,64,0.06784063577651978,0.07517705857753754,,,,,,,rare_sharp_shift
local_global_easy,2048,True,torch.float32,1234,0.1,16,5,64,0.05628997087478638,0.06625988334417343,,,,,,,rare_sharp_shift
local_global_easy,2048,True,torch.float32,1234,0.1,16,6,64,0.0677623450756073,0.07408423721790314,,,,,,,rare_sharp_shift
local_global_easy,2048,True,torch.float32,1234,0.1,16,7,64,0.06649775803089142,0.07251423597335815,,,,,,,rare_sharp_shift
local_global_easy,4096,True,torch.float32,1234,0.1,16,0,64,0.07991254329681396,0.10077642649412155,,,,,,,
local_global_easy,4096,True,torch.float32,1234,0.1,16,1,64,0.08127986639738083,0.10603150725364685,,,,,,,
local_global_easy,4096,True,torch.float32,1234,0.1,16,2,64,0.06382082402706146,0.08443623781204224,,,,,,,
local_global_easy,4096,True,torch.float32,1234,0.1,16,3,64,0.06878233700990677,0.08568640798330307,,,,,,,
local_global_easy,4096,True,torch.float32,1234,0.1,16,4,64,0.08117581903934479,0.10509596765041351,,,,,,,
local_global_easy,4096,True,torch.float32,1234,0.1,16,5,64,0.07413589954376221,0.0963641107082367,,,,,,,
local_global_easy,4096,True,torch.float32,1234,0.1,16,6,64,0.06975910812616348,0.09271625429391861,,,,,,,
local_global_easy,4096,True,torch.float32,1234,0.1,16,7,64,0.08037301152944565,0.09927955269813538,,,,,,,
local_global_easy,4096,True,torch.float32,1234,0.1,16,0,64,,,all_query_rows,0.07994949072599411,0.10117773711681366,0.19470623135566711,234,0,
local_global_easy,4096,True,torch.float32,1234,0.1,16,1,64,,,all_query_rows,0.08226416260004044,0.10828996449708939,0.1414085477590561,465,0,
local_global_easy,4096,True,torch.float32,1234,0.1,16,2,64,,,all_query_rows,0.06411677598953247,0.08010848611593246,0.1351548582315445,35,0,
local_global_easy,4096,True,torch.float32,1234,0.1,16,3,64,,,all_query_rows,0.0686788260936737,0.08568457514047623,0.1324033886194229,30,0,
local_global_easy,4096,True,torch.float32,1234,0.1,16,4,64,,,all_query_rows,0.08067728579044342,0.10212936252355576,0.14592434465885162,255,0,
local_global_easy,4096,True,torch.float32,1234,0.1,16,5,64,,,all_query_rows,0.07431548833847046,0.09700475633144379,0.1305852234363556,166,0,
local_global_easy,4096,True,torch.float32,1234,0.1,16,6,64,,,all_query_rows,0.06837843358516693,0.09029503166675568,0.18471619486808777,120,0,
local_global_easy,4096,True,torch.float32,1234,0.1,16,7,64,,,all_query_rows,0.08098362386226654,0.09938997030258179,0.1227802112698555,185,0,
local_global_easy,4096,True,torch.float32,1234,0.1,16,0,64,0.06923346221446991,0.08897718787193298,,,,,,,local_global_easy
local_global_easy,4096,True,torch.float32,1234,0.1,16,1,64,0.06925500184297562,0.09538621455430984,,,,,,,local_global_easy
local_global_easy,4096,True,torch.float32,1234,0.1,16,2,64,0.08175234496593475,0.09801121056079865,,,,,,,local_global_easy
local_global_easy,4096,True,torch.float32,1234,0.1,16,3,64,0.07182008028030396,0.09268485009670258,,,,,,,local_global_easy
local_global_easy,4096,True,torch.float32,1234,0.1,16,4,64,0.07363567501306534,0.0927710309624672,,,,,,,local_global_easy
local_global_easy,4096,True,torch.float32,1234,0.1,16,5,64,0.059245962649583817,0.07299454510211945,,,,,,,local_global_easy
local_global_easy,4096,True,torch.float32,1234,0.1,16,6,64,0.07088207453489304,0.0983797013759613,,,,,,,local_global_easy
local_global_easy,4096,True,torch.float32,1234,0.1,16,7,64,0.07307517528533936,0.09371710568666458,,,,,,,local_global_easy
local_global_easy,4096,True,torch.float32,1234,0.1,16,0,64,3.770913600921631,8.772867202758789,,,,,,,scale_1.0
local_global_easy,4096,True,torch.float32,1234,0.1,16,1,64,4.431834697723389,10.038562774658203,,,,,,,scale_1.0
local_global_easy,4096,True,torch.float32,1234,0.1,16,2,64,5.139909744262695,12.302200317382812,,,,,,,scale_1.0
local_global_easy,4096,True,torch.float32,1234,0.1,16,3,64,3.7974770069122314,7.233750820159912,,,,,,,scale_1.0
local_global_easy,4096,True,torch.float32,1234,0.1,16,4,64,3.545867919921875,8.12265682220459,,,,,,,scale_1.0
local_global_easy,4096,True,torch.float32,1234,0.1,16,5,64,4.270821571350098,9.928583145141602,,,,,,,scale_1.0
local_global_easy,4096,True,torch.float32,1234,0.1,16,6,64,3.504075527191162,7.134024620056152,,,,,,,scale_1.0
local_global_easy,4096,True,torch.float32,1234,0.1,16,7,64,3.7424063682556152,8.686958312988281,,,,,,,scale_1.0
local_global_easy,4096,True,torch.float32,1234,0.1,16,0,64,0.07495644688606262,0.06757988035678864,,,,,,,rare_sharp_shift
local_global_easy,4096,True,torch.float32,1234,0.1,16,1,64,0.07566976547241211,0.07067548483610153,,,,,,,rare_sharp_shift
local_global_easy,4096,True,torch.float32,1234,0.1,16,2,64,0.08002510666847229,0.07127663493156433,,,,,,,rare_sharp_shift
local_global_easy,4096,True,torch.float32,1234,0.1,16,3,64,0.0811450183391571,0.07842414826154709,,,,,,,rare_sharp_shift
local_global_easy,4096,True,torch.float32,1234,0.1,16,4,64,0.07197637856006622,0.06543752551078796,,,,,,,rare_sharp_shift
local_global_easy,4096,True,torch.float32,1234,0.1,16,5,64,0.06819621473550797,0.06041450798511505,,,,,,,rare_sharp_shift
local_global_easy,4096,True,torch.float32,1234,0.1,16,6,64,0.07301703095436096,0.06568998098373413,,,,,,,rare_sharp_shift
local_global_easy,4096,True,torch.float32,1234,0.1,16,7,64,0.07917897403240204,0.0733758807182312,,,,,,,rare_sharp_shift
local_global_easy,8192,True,torch.float32,1234,0.1,16,0,64,0.08239665627479553,0.10258252918720245,,,,,,,
local_global_easy,8192,True,torch.float32,1234,0.1,16,1,64,0.07162540405988693,0.08818645775318146,,,,,,,
local_global_easy,8192,True,torch.float32,1234,0.1,16,2,64,0.07361536473035812,0.09128494560718536,,,,,,,
local_global_easy,8192,True,torch.float32,1234,0.1,16,3,64,0.0680423229932785,0.08411286026239395,,,,,,,
local_global_easy,8192,True,torch.float32,1234,0.1,16,4,64,0.06999339908361435,0.09037891775369644,,,,,,,
local_global_easy,8192,True,torch.float32,1234,0.1,16,5,64,0.07656306028366089,0.09709860384464264,,,,,,,
local_global_easy,8192,True,torch.float32,1234,0.1,16,6,64,0.07193060219287872,0.087344691157341,,,,,,,
local_global_easy,8192,True,torch.float32,1234,0.1,16,7,64,0.07943247258663177,0.0982445627450943,,,,,,,
local_global_easy,8192,True,torch.float32,1234,0.1,16,0,64,0.07809973508119583,0.09694463014602661,,,,,,,local_global_easy
local_global_easy,8192,True,torch.float32,1234,0.1,16,1,64,0.0689360573887825,0.09070754051208496,,,,,,,local_global_easy
local_global_easy,8192,True,torch.float32,1234,0.1,16,2,64,0.07121971994638443,0.09164297580718994,,,,,,,local_global_easy
local_global_easy,8192,True,torch.float32,1234,0.1,16,3,64,0.0735655203461647,0.09283850342035294,,,,,,,local_global_easy
local_global_easy,8192,True,torch.float32,1234,0.1,16,4,64,0.09355035424232483,0.11597687005996704,,,,,,,local_global_easy
local_global_easy,8192,True,torch.float32,1234,0.1,16,5,64,0.07394526898860931,0.09972093999385834,,,,,,,local_global_easy
local_global_easy,8192,True,torch.float32,1234,0.1,16,6,64,0.06833711266517639,0.08743081986904144,,,,,,,local_global_easy
local_global_easy,8192,True,torch.float32,1234,0.1,16,7,64,0.06649479269981384,0.08391941338777542,,,,,,,local_global_easy
local_global_easy,8192,True,torch.float32,1234,0.1,16,0,64,5.215302467346191,11.472436904907227,,,,,,,scale_1.0
local_global_easy,8192,True,torch.float32,1234,0.1,16,1,64,4.010178565979004,8.260078430175781,,,,,,,scale_1.0
local_global_easy,8192,True,torch.float32,1234,0.1,16,2,64,5.0094146728515625,11.794198989868164,,,,,,,scale_1.0
local_global_easy,8192,True,torch.float32,1234,0.1,16,3,64,4.758061408996582,9.657854080200195,,,,,,,scale_1.0
local_global_easy,8192,True,torch.float32,1234,0.1,16,4,64,4.793317794799805,9.6737642288208,,,,,,,scale_1.0
local_global_easy,8192,True,torch.float32,1234,0.1,16,5,64,6.5414958000183105,16.085220336914062,,,,,,,scale_1.0
local_global_easy,8192,True,torch.float32,1234,0.1,16,6,64,4.766290664672852,10.088668823242188,,,,,,,scale_1.0
local_global_easy,8192,True,torch.float32,1234,0.1,16,7,64,4.473104000091553,9.127071380615234,,,,,,,scale_1.0
local_global_easy,8192,True,torch.float32,1234,0.1,16,0,64,0.06783643364906311,0.07250230014324188,,,,,,,rare_sharp_shift
local_global_easy,8192,True,torch.float32,1234,0.1,16,1,64,0.06564894318580627,0.0741235613822937,,,,,,,rare_sharp_shift
local_global_easy,8192,True,torch.float32,1234,0.1,16,2,64,0.07413790374994278,0.0765693262219429,,,,,,,rare_sharp_shift
local_global_easy,8192,True,torch.float32,1234,0.1,16,3,64,0.06595008075237274,0.06640421599149704,,,,,,,rare_sharp_shift
local_global_easy,8192,True,torch.float32,1234,0.1,16,4,64,0.08174362033605576,0.0883999764919281,,,,,,,rare_sharp_shift
local_global_easy,8192,True,torch.float32,1234,0.1,16,5,64,0.06225607171654701,0.06974772363901138,,,,,,,rare_sharp_shift
local_global_easy,8192,True,torch.float32,1234,0.1,16,6,64,0.0631164163351059,0.06913188844919205,,,,,,,rare_sharp_shift
local_global_easy,8192,True,torch.float32,1234,0.1,16,7,64,0.06772729754447937,0.07073710113763809,,,,,,,rare_sharp_shift
local_global_easy,16384,True,torch.float32,1234,0.1,16,0,64,0.0751369297504425,0.09639331698417664,,,,,,,
local_global_easy,16384,True,torch.float32,1234,0.1,16,1,64,0.0794503465294838,0.100142702460289,,,,,,,
local_global_easy,16384,True,torch.float32,1234,0.1,16,2,64,0.07141436636447906,0.09216032177209854,,,,,,,
local_global_easy,16384,True,torch.float32,1234,0.1,16,3,64,0.05976053327322006,0.08111365139484406,,,,,,,
local_global_easy,16384,True,torch.float32,1234,0.1,16,4,64,0.0715918242931366,0.08787386119365692,,,,,,,
local_global_easy,16384,True,torch.float32,1234,0.1,16,5,64,0.08908706903457642,0.12031856179237366,,,,,,,
local_global_easy,16384,True,torch.float32,1234,0.1,16,6,64,0.07280255854129791,0.09321124851703644,,,,,,,
local_global_easy,16384,True,torch.float32,1234,0.1,16,7,64,0.08335092663764954,0.10469230264425278,,,,,,,
local_global_easy,16384,True,torch.float32,1234,0.1,16,0,64,0.07126851379871368,0.09539619833230972,,,,,,,local_global_easy
local_global_easy,16384,True,torch.float32,1234,0.1,16,1,64,0.07473102957010269,0.10121972113847733,,,,,,,local_global_easy
local_global_easy,16384,True,torch.float32,1234,0.1,16,2,64,0.07021625339984894,0.09194444119930267,,,,,,,local_global_easy
local_global_easy,16384,True,torch.float32,1234,0.1,16,3,64,0.06704148650169373,0.08355406671762466,,,,,,,local_global_easy
local_global_easy,16384,True,torch.float32,1234,0.1,16,4,64,0.06436391919851303,0.08118987083435059,,,,,,,local_global_easy
local_global_easy,16384,True,torch.float32,1234,0.1,16,5,64,0.06975863873958588,0.08948471397161484,,,,,,,local_global_easy
local_global_easy,16384,True,torch.float32,1234,0.1,16,6,64,0.07452024519443512,0.10529735684394836,,,,,,,local_global_easy
local_global_easy,16384,True,torch.float32,1234,0.1,16,7,64,0.07187531888484955,0.08991517871618271,,,,,,,local_global_easy
local_global_easy,16384,True,torch.float32,1234,0.1,16,0,64,4.977888107299805,10.163337707519531,,,,,,,scale_1.0
local_global_easy,16384,True,torch.float32,1234,0.1,16,1,64,5.03053092956543,12.379133224487305,,,,,,,scale_1.0
local_global_easy,16384,True,torch.float32,1234,0.1,16,2,64,4.420282363891602,9.02465534210205,,,,,,,scale_1.0
local_global_easy,16384,True,torch.float32,1234,0.1,16,3,64,5.762787818908691,14.822665214538574,,,,,,,scale_1.0
local_global_easy,16384,True,torch.float32,1234,0.1,16,4,64,5.257833480834961,11.854835510253906,,,,,,,scale_1.0
local_global_easy,16384,True,torch.float32,1234,0.1,16,5,64,6.050992012023926,14.638936996459961,,,,,,,scale_1.0
local_global_easy,16384,True,torch.float32,1234,0.1,16,6,64,5.629049777984619,11.519525527954102,,,,,,,scale_1.0
local_global_easy,16384,True,torch.float32,1234,0.1,16,7,64,4.804445266723633,9.457831382751465,,,,,,,scale_1.0
local_global_easy,16384,True,torch.float32,1234,0.1,16,0,64,0.06835787743330002,0.07496233284473419,,,,,,,rare_sharp_shift
local_global_easy,16384,True,torch.float32,1234,0.1,16,1,64,0.07457965612411499,0.07777248322963715,,,,,,,rare_sharp_shift
local_global_easy,16384,True,torch.float32,1234,0.1,16,2,64,0.06387440115213394,0.06412944197654724,,,,,,,rare_sharp_shift
local_global_easy,16384,True,torch.float32,1234,0.1,16,3,64,0.06302663683891296,0.062062572687864304,,,,,,,rare_sharp_shift
local_global_easy,16384,True,torch.float32,1234,0.1,16,4,64,0.0624782033264637,0.0637812539935112,,,,,,,rare_sharp_shift
local_global_easy,16384,True,torch.float32,1234,0.1,16,5,64,0.06629012525081635,0.06535229086875916,,,,,,,rare_sharp_shift
local_global_easy,16384,True,torch.float32,1234,0.1,16,6,64,0.07928673177957535,0.0905303955078125,,,,,,,rare_sharp_shift
local_global_easy,16384,True,torch.float32,1234,0.1,16,7,64,0.07452621310949326,0.07544194161891937,,,,,,,rare_sharp_shift
local_global_easy,32768,True,torch.float32,1234,0.1,16,0,64,0.0683877021074295,0.0881814956665039,,,,,,,
local_global_easy,32768,True,torch.float32,1234,0.1,16,1,64,0.06661120057106018,0.09468252211809158,,,,,,,
local_global_easy,32768,True,torch.float32,1234,0.1,16,2,64,0.07847034931182861,0.10518914461135864,,,,,,,
local_global_easy,32768,True,torch.float32,1234,0.1,16,3,64,0.07116195559501648,0.09362751245498657,,,,,,,
local_global_easy,32768,True,torch.float32,1234,0.1,16,4,64,0.08289114385843277,0.1022833064198494,,,,,,,
local_global_easy,32768,True,torch.float32,1234,0.1,16,5,64,0.0744367465376854,0.09305205196142197,,,,,,,
local_global_easy,32768,True,torch.float32,1234,0.1,16,6,64,0.06793664395809174,0.08886217325925827,,,,,,,
local_global_easy,32768,True,torch.float32,1234,0.1,16,7,64,0.07583184540271759,0.09150725603103638,,,,,,,
local_global_easy,32768,True,torch.float32,1234,0.1,16,0,64,0.07296034693717957,0.09024091809988022,,,,,,,local_global_easy
local_global_easy,32768,True,torch.float32,1234,0.1,16,1,64,0.07504735887050629,0.11030946671962738,,,,,,,local_global_easy
local_global_easy,32768,True,torch.float32,1234,0.1,16,2,64,0.06916169822216034,0.09412755817174911,,,,,,,local_global_easy
local_global_easy,32768,True,torch.float32,1234,0.1,16,3,64,0.06323409080505371,0.0854296088218689,,,,,,,local_global_easy
local_global_easy,32768,True,torch.float32,1234,0.1,16,4,64,0.07837198674678802,0.10100328922271729,,,,,,,local_global_easy
local_global_easy,32768,True,torch.float32,1234,0.1,16,5,64,0.06955846399068832,0.09459704160690308,,,,,,,local_global_easy
local_global_easy,32768,True,torch.float32,1234,0.1,16,6,64,0.06878192722797394,0.09505262970924377,,,,,,,local_global_easy
local_global_easy,32768,True,torch.float32,1234,0.1,16,7,64,0.06533132493495941,0.08767332136631012,,,,,,,local_global_easy
local_global_easy,32768,True,torch.float32,1234,0.1,16,0,64,5.9857587814331055,13.031041145324707,,,,,,,scale_1.0
local_global_easy,32768,True,torch.float32,1234,0.1,16,1,64,4.946395397186279,10.15178108215332,,,,,,,scale_1.0
local_global_easy,32768,True,torch.float32,1234,0.1,16,2,64,6.064971446990967,13.773637771606445,,,,,,,scale_1.0
local_global_easy,32768,True,torch.float32,1234,0.1,16,3,64,4.943856716156006,10.54454517364502,,,,,,,scale_1.0
local_global_easy,32768,True,torch.float32,1234,0.1,16,4,64,5.1203508377075195,9.850911140441895,,,,,,,scale_1.0
local_global_easy,32768,True,torch.float32,1234,0.1,16,5,64,5.502815246582031,10.987579345703125,,,,,,,scale_1.0
local_global_easy,32768,True,torch.float32,1234,0.1,16,6,64,5.219045162200928,11.08527660369873,,,,,,,scale_1.0
local_global_easy,32768,True,torch.float32,1234,0.1,16,7,64,5.689553260803223,11.548168182373047,,,,,,,scale_1.0
local_global_easy,32768,True,torch.float32,1234,0.1,16,0,64,0.06620654463768005,0.07038450986146927,,,,,,,rare_sharp_shift
local_global_easy,32768,True,torch.float32,1234,0.1,16,1,64,0.06720679253339767,0.07342752069234848,,,,,,,rare_sharp_shift
local_global_easy,32768,True,torch.float32,1234,0.1,16,2,64,0.06479530781507492,0.06963098049163818,,,,,,,rare_sharp_shift
local_global_easy,32768,True,torch.float32,1234,0.1,16,3,64,0.06284777820110321,0.06539010256528854,,,,,,,rare_sharp_shift
local_global_easy,32768,True,torch.float32,1234,0.1,16,4,64,0.07102157175540924,0.0756605938076973,,,,,,,rare_sharp_shift
local_global_easy,32768,True,torch.float32,1234,0.1,16,5,64,0.05977556109428406,0.06468900293111801,,,,,,,rare_sharp_shift
local_global_easy,32768,True,torch.float32,1234,0.1,16,6,64,0.06151535362005234,0.07444959878921509,,,,,,,rare_sharp_shift
local_global_easy,32768,True,torch.float32,1234,0.1,16,7,64,0.0643591582775116,0.06844240427017212,,,,,,,rare_sharp_shift
local_global_easy,65536,True,torch.float32,1234,0.1,16,0,64,0.07940841466188431,0.10569898784160614,,,,,,,
local_global_easy,65536,True,torch.float32,1234,0.1,16,1,64,0.07197993993759155,0.09297869354486465,,,,,,,
local_global_easy,65536,True,torch.float32,1234,0.1,16,2,64,0.06858718395233154,0.08765632659196854,,,,,,,
local_global_easy,65536,True,torch.float32,1234,0.1,16,3,64,0.08338936418294907,0.10505752265453339,,,,,,,
local_global_easy,65536,True,torch.float32,1234,0.1,16,4,64,0.07266299426555634,0.09914292395114899,,,,,,,
local_global_easy,65536,True,torch.float32,1234,0.1,16,5,64,0.07538831233978271,0.09570665657520294,,,,,,,
local_global_easy,65536,True,torch.float32,1234,0.1,16,6,64,0.0719156265258789,0.09266335517168045,,,,,,,
local_global_easy,65536,True,torch.float32,1234,0.1,16,7,64,0.07210195064544678,0.09988153725862503,,,,,,,
local_global_easy,65536,True,torch.float32,1234,0.1,16,0,64,0.06352603435516357,0.08552788197994232,,,,,,,local_global_easy
local_global_easy,65536,True,torch.float32,1234,0.1,16,1,64,0.063993901014328,0.08059637248516083,,,,,,,local_global_easy
local_global_easy,65536,True,torch.float32,1234,0.1,16,2,64,0.08058756589889526,0.12552139163017273,,,,,,,local_global_easy
local_global_easy,65536,True,torch.float32,1234,0.1,16,3,64,0.07677383720874786,0.09698580950498581,,,,,,,local_global_easy
local_global_easy,65536,True,torch.float32,1234,0.1,16,4,64,0.07889920473098755,0.10624881833791733,,,,,,,local_global_easy
local_global_easy,65536,True,torch.float32,1234,0.1,16,5,64,0.06309710443019867,0.08085446059703827,,,,,,,local_global_easy
local_global_easy,65536,True,torch.float32,1234,0.1,16,6,64,0.06455482542514801,0.08451689779758453,,,,,,,local_global_easy
local_global_easy,65536,True,torch.float32,1234,0.1,16,7,64,0.0742277130484581,0.09315461665391922,,,,,,,local_global_easy
local_global_easy,65536,True,torch.float32,1234,0.1,16,0,64,6.64803409576416,15.77542495727539,,,,,,,scale_1.0
local_global_easy,65536,True,torch.float32,1234,0.1,16,1,64,5.858538627624512,12.314567565917969,,,,,,,scale_1.0
local_global_easy,65536,True,torch.float32,1234,0.1,16,2,64,6.058652400970459,12.62240219116211,,,,,,,scale_1.0
local_global_easy,65536,True,torch.float32,1234,0.1,16,3,64,5.7772111892700195,12.449515342712402,,,,,,,scale_1.0
local_global_easy,65536,True,torch.float32,1234,0.1,16,4,64,6.682554244995117,13.363183975219727,,,,,,,scale_1.0
local_global_easy,65536,True,torch.float32,1234,0.1,16,5,64,4.701596736907959,8.85566234588623,,,,,,,scale_1.0
local_global_easy,65536,True,torch.float32,1234,0.1,16,6,64,5.675743103027344,12.244749069213867,,,,,,,scale_1.0
local_global_easy,65536,True,torch.float32,1234,0.1,16,7,64,6.473952770233154,14.562329292297363,,,,,,,scale_1.0
local_global_easy,65536,True,torch.float32,1234,0.1,16,0,64,0.05919019505381584,0.06934092938899994,,,,,,,rare_sharp_shift
local_global_easy,65536,True,torch.float32,1234,0.1,16,1,64,0.054800912737846375,0.06348785758018494,,,,,,,rare_sharp_shift
local_global_easy,65536,True,torch.float32,1234,0.1,16,2,64,0.06815265864133835,0.07749224454164505,,,,,,,rare_sharp_shift
local_global_easy,65536,True,torch.float32,1234,0.1,16,3,64,0.05703487992286682,0.06521034985780716,,,,,,,rare_sharp_shift
local_global_easy,65536,True,torch.float32,1234,0.1,16,4,64,0.06175214797258377,0.07130046933889389,,,,,,,rare_sharp_shift
local_global_easy,65536,True,torch.float32,1234,0.1,16,5,64,0.05252294987440109,0.0644894540309906,,,,,,,rare_sharp_shift
local_global_easy,65536,True,torch.float32,1234,0.1,16,6,64,0.05634666979312897,0.06593582034111023,,,,,,,rare_sharp_shift
local_global_easy,65536,True,torch.float32,1234,0.1,16,7,64,0.0579877644777298,0.06747227162122726,,,,,,,rare_sharp_shift
rare_sharp,512,False,torch.float16,1234,0.1,16,0,64,0.06764184683561325,0.06388665735721588,,,,,,,
rare_sharp,512,False,torch.float16,1234,0.1,16,1,64,0.0735333114862442,0.07065613567829132,,,,,,,
rare_sharp,512,False,torch.float16,1234,0.1,16,2,64,0.06686913967132568,0.0635519027709961,,,,,,,
rare_sharp,512,False,torch.float16,1234,0.1,16,3,64,0.06692057102918625,0.06289075314998627,,,,,,,
rare_sharp,512,False,torch.float16,1234,0.1,16,4,64,0.06810755282640457,0.06486058235168457,,,,,,,
rare_sharp,512,False,torch.float16,1234,0.1,16,5,64,0.06253683567047119,0.05771460756659508,,,,,,,
rare_sharp,512,False,torch.float16,1234,0.1,16,6,64,0.07628563046455383,0.07501675933599472,,,,,,,
rare_sharp,512,False,torch.float16,1234,0.1,16,7,64,0.07536579668521881,0.07090030610561371,,,,,,,
rare_sharp,512,False,torch.float16,1234,0.1,16,0,64,,,all_query_rows,0.06776592135429382,0.0639951303601265,1.0063562393188477,6,0,
rare_sharp,512,False,torch.float16,1234,0.1,16,1,64,,,all_query_rows,0.07361982762813568,0.07037536799907684,1.0069231986999512,6,0,
rare_sharp,512,False,torch.float16,1234,0.1,16,2,64,,,all_query_rows,0.06688153743743896,0.06399814784526825,1.0053801536560059,6,0,
rare_sharp,512,False,torch.float16,1234,0.1,16,3,64,,,all_query_rows,0.06691774725914001,0.06291237473487854,0.9967782497406006,6,0,
rare_sharp,512,False,torch.float16,1234,0.1,16,4,64,,,all_query_rows,0.06786838173866272,0.06453995406627655,1.0024675130844116,6,0,
rare_sharp,512,False,torch.float16,1234,0.1,16,5,64,,,all_query_rows,0.06264055520296097,0.057762302458286285,1.0103850364685059,6,0,
rare_sharp,512,False,torch.float16,1234,0.1,16,6,64,,,all_query_rows,0.07615326344966888,0.07466648519039154,1.0115280151367188,6,0,
rare_sharp,512,False,torch.float16,1234,0.1,16,7,64,,,all_query_rows,0.07540023326873779,0.07192780822515488,0.9987452626228333,6,0,
rare_sharp,512,False,torch.float16,1234,0.1,16,0,64,0.08134551346302032,0.07961995899677277,,,,,,,rare_sharp
rare_sharp,512,False,torch.float16,1234,0.1,16,1,64,0.07561288774013519,0.07269492000341415,,,,,,,rare_sharp
rare_sharp,512,False,torch.float16,1234,0.1,16,2,64,0.06646795570850372,0.0641898438334465,,,,,,,rare_sharp
rare_sharp,512,False,torch.float16,1234,0.1,16,3,64,0.06680284440517426,0.06309513747692108,,,,,,,rare_sharp
rare_sharp,512,False,torch.float16,1234,0.1,16,4,64,0.06682464480400085,0.06442326307296753,,,,,,,rare_sharp
rare_sharp,512,False,torch.float16,1234,0.1,16,5,64,0.0610467866063118,0.05701592564582825,,,,,,,rare_sharp
rare_sharp,512,False,torch.float16,1234,0.1,16,6,64,0.0773397833108902,0.07634768635034561,,,,,,,rare_sharp
rare_sharp,512,False,torch.float16,1234,0.1,16,7,64,0.07163287699222565,0.06912204623222351,,,,,,,rare_sharp
rare_sharp,512,False,torch.float16,1234,0.1,16,0,64,3.5012824535369873,7.140491962432861,,,,,,,scale_1.0
rare_sharp,512,False,torch.float16,1234,0.1,16,1,64,2.8344521522521973,5.221983909606934,,,,,,,scale_1.0
rare_sharp,512,False,torch.float16,1234,0.1,16,2,64,3.3470773696899414,7.079372882843018,,,,,,,scale_1.0
rare_sharp,512,False,torch.float16,1234,0.1,16,3,64,3.1926255226135254,6.126664638519287,,,,,,,scale_1.0
rare_sharp,512,False,torch.float16,1234,0.1,16,4,64,2.8118369579315186,5.063568115234375,,,,,,,scale_1.0
rare_sharp,512,False,torch.float16,1234,0.1,16,5,64,3.0865378379821777,6.429619312286377,,,,,,,scale_1.0
rare_sharp,512,False,torch.float16,1234,0.1,16,6,64,3.3939716815948486,8.082990646362305,,,,,,,scale_1.0
rare_sharp,512,False,torch.float16,1234,0.1,16,7,64,3.705768585205078,8.356584548950195,,,,,,,scale_1.0
rare_sharp,512,False,torch.float16,1234,0.1,16,0,64,0.08498401194810867,0.08025524020195007,,,,,,,rare_sharp_shift
rare_sharp,512,False,torch.float16,1234,0.1,16,1,64,0.07937383651733398,0.07300495356321335,,,,,,,rare_sharp_shift
rare_sharp,512,False,torch.float16,1234,0.1,16,2,64,0.0700770914554596,0.06464576721191406,,,,,,,rare_sharp_shift
rare_sharp,512,False,torch.float16,1234,0.1,16,3,64,0.07052429020404816,0.06371037662029266,,,,,,,rare_sharp_shift
rare_sharp,512,False,torch.float16,1234,0.1,16,4,64,0.07042214274406433,0.06465955823659897,,,,,,,rare_sharp_shift
rare_sharp,512,False,torch.float16,1234,0.1,16,5,64,0.06478306651115417,0.05757661163806915,,,,,,,rare_sharp_shift
rare_sharp,512,False,torch.float16,1234,0.1,16,6,64,0.08101828396320343,0.07663237303495407,,,,,,,rare_sharp_shift
rare_sharp,512,False,torch.float16,1234,0.1,16,7,64,0.0752682238817215,0.06944982707500458,,,,,,,rare_sharp_shift
rare_sharp,1024,False,torch.float16,1234,0.1,16,0,64,0.07089252024888992,0.0663486123085022,,,,,,,
rare_sharp,1024,False,torch.float16,1234,0.1,16,1,64,0.06903938949108124,0.06348945200443268,,,,,,,
rare_sharp,1024,False,torch.float16,1234,0.1,16,2,64,0.06664439290761948,0.06310289353132248,,,,,,,
rare_sharp,1024,False,torch.float16,1234,0.1,16,3,64,0.08407682180404663,0.08330213278532028,,,,,,,
rare_sharp,1024,False,torch.float16,1234,0.1,16,4,64,0.06327378004789352,0.05991223827004433,,,,,,,
rare_sharp,1024,False,torch.float16,1234,0.1,16,5,64,0.06446373462677002,0.062141213566064835,,,,,,,
rare_sharp,1024,False,torch.float16,1234,0.1,16,6,64,0.06431557238101959,0.05999273806810379,,,,,,,
rare_sharp,1024,False,torch.float16,1234,0.1,16,7,64,0.07783108949661255,0.07580620050430298,,,,,,,
rare_sharp,1024,False,torch.float16,1234,0.1,16,0,64,,,all_query_rows,0.07011768966913223,0.0677964985370636,1.0040459632873535,11,0,
rare_sharp,1024,False,torch.float16,1234,0.1,16,1,64,,,all_query_rows,0.06826139986515045,0.06453737616539001,1.006458044052124,11,0,
rare_sharp,1024,False,torch.float16,1234,0.1,16,2,64,,,all_query_rows,0.06560565531253815,0.06283311545848846,1.011389970779419,11,0,
rare_sharp,1024,False,torch.float16,1234,0.1,16,3,64,,,all_query_rows,0.08333854377269745,0.08365294337272644,1.0078215599060059,11,0,
rare_sharp,1024,False,torch.float16,1234,0.1,16,4,64,,,all_query_rows,0.06216161325573921,0.059514302760362625,1.0049792528152466,11,0,
rare_sharp,1024,False,torch.float16,1234,0.1,16,5,64,,,all_query_rows,0.06375633180141449,0.06187210604548454,1.0074836015701294,11,0,
rare_sharp,1024,False,torch.float16,1234,0.1,16,6,64,,,all_query_rows,0.06329842656850815,0.06033138930797577,1.0040363073349,11,0,
rare_sharp,1024,False,torch.float16,1234,0.1,16,7,64,,,all_query_rows,0.076766237616539,0.0763552188873291,1.0013359785079956,11,0,
rare_sharp,1024,False,torch.float16,1234,0.1,16,0,64,0.07295665144920349,0.06826623529195786,,,,,,,rare_sharp
rare_sharp,1024,False,torch.float16,1234,0.1,16,1,64,0.07833211123943329,0.07688573747873306,,,,,,,rare_sharp
rare_sharp,1024,False,torch.float16,1234,0.1,16,2,64,0.06577292084693909,0.062233563512563705,,,,,,,rare_sharp
rare_sharp,1024,False,torch.float16,1234,0.1,16,3,64,0.06173829361796379,0.05804097279906273,,,,,,,rare_sharp
rare_sharp,1024,False,torch.float16,1234,0.1,16,4,64,0.07305289059877396,0.07294454425573349,,,,,,,rare_sharp
rare_sharp,1024,False,torch.float16,1234,0.1,16,5,64,0.07606938481330872,0.07344841957092285,,,,,,,rare_sharp
rare_sharp,1024,False,torch.float16,1234,0.1,16,6,64,0.0765996053814888,0.07447931170463562,,,,,,,rare_sharp
rare_sharp,1024,False,torch.float16,1234,0.1,16,7,64,0.08850914239883423,0.09031140804290771,,,,,,,rare_sharp
rare_sharp,1024,False,torch.float16,1234,0.1,16,0,64,2.90691876411438,5.0245208740234375,,,,,,,scale_1.0
rare_sharp,1024,False,torch.float16,1234,0.1,16,1,64,3.2948403358459473,5.951273441314697,,,,,,,scale_1.0
rare_sharp,1024,False,torch.float16,1234,0.1,16,2,64,3.502242088317871,8.070083618164062,,,,,,,scale_1.0
rare_sharp,1024,False,torch.float16,1234,0.1,16,3,64,3.1035680770874023,5.975308895111084,,,,,,,scale_1.0
rare_sharp,1024,False,torch.float16,1234,0.1,16,4,64,3.868657112121582,8.717641830444336,,,,,,,scale_1.0
rare_sharp,1024,False,torch.float16,1234,0.1,16,5,64,3.276390552520752,6.716099262237549,,,,,,,scale_1.0
rare_sharp,1024,False,torch.float16,1234,0.1,16,6,64,3.4655566215515137,6.4930877685546875,,,,,,,scale_1.0
rare_sharp,1024,False,torch.float16,1234,0.1,16,7,64,3.4954993724823,7.128095626831055,,,,,,,scale_1.0
rare_sharp,1024,False,torch.float16,1234,0.1,16,0,64,0.07301146537065506,0.06826623529195786,,,,,,,rare_sharp_shift
rare_sharp,1024,False,torch.float16,1234,0.1,16,1,64,0.07835525274276733,0.07688573747873306,,,,,,,rare_sharp_shift
rare_sharp,1024,False,torch.float16,1234,0.1,16,2,64,0.06582127511501312,0.062233563512563705,,,,,,,rare_sharp_shift
rare_sharp,1024,False,torch.float16,1234,0.1,16,3,64,0.06167939677834511,0.05804097279906273,,,,,,,rare_sharp_shift
rare_sharp,1024,False,torch.float16,1234,0.1,16,4,64,0.07307589054107666,0.07294454425573349,,,,,,,rare_sharp_shift
rare_sharp,1024,False,torch.float16,1234,0.1,16,5,64,0.07607976347208023,0.07326595485210419,,,,,,,rare_sharp_shift
rare_sharp,1024,False,torch.float16,1234,0.1,16,6,64,0.07657939940690994,0.07445742189884186,,,,,,,rare_sharp_shift
rare_sharp,1024,False,torch.float16,1234,0.1,16,7,64,0.08855924755334854,0.09031140804290771,,,,,,,rare_sharp_shift
rare_sharp,2048,False,torch.float16,1234,0.1,16,0,64,0.0664212629199028,0.06913389265537262,,,,,,,
rare_sharp,2048,False,torch.float16,1234,0.1,16,1,64,0.0638420581817627,0.06479606032371521,,,,,,,
rare_sharp,2048,False,torch.float16,1234,0.1,16,2,64,0.08125308901071548,0.08305280655622482,,,,,,,
rare_sharp,2048,False,torch.float16,1234,0.1,16,3,64,0.0630568414926529,0.06289160996675491,,,,,,,
rare_sharp,2048,False,torch.float16,1234,0.1,16,4,64,0.05755896493792534,0.05584883317351341,,,,,,,
rare_sharp,2048,False,torch.float16,1234,0.1,16,5,64,0.06860235333442688,0.0687752440571785,,,,,,,
rare_sharp,2048,False,torch.float16,1234,0.1,16,6,64,0.05722438916563988,0.05609550327062607,,,,,,,
rare_sharp,2048,False,torch.float16,1234,0.1,16,7,64,0.06829337775707245,0.06756539642810822,,,,,,,
rare_sharp,2048,False,torch.float16,1234,0.1,16,0,64,,,all_query_rows,0.06888633221387863,0.06974199414253235,1.0041698217391968,21,0,
rare_sharp,2048,False,torch.float16,1234,0.1,16,1,64,,,all_query_rows,0.0658838227391243,0.06480918824672699,1.0064854621887207,21,0,
rare_sharp,2048,False,torch.float16,1234,0.1,16,2,64,,,all_query_rows,0.0836053416132927,0.08444125205278397,1.0060038566589355,21,0,
rare_sharp,2048,False,torch.float16,1234,0.1,16,3,64,,,all_query_rows,0.06529635936021805,0.06342222541570663,1.005133867263794,21,0,
rare_sharp,2048,False,torch.float16,1234,0.1,16,4,64,,,all_query_rows,0.05974024534225464,0.055964261293411255,1.0060442686080933,21,0,
rare_sharp,2048,False,torch.float16,1234,0.1,16,5,64,,,all_query_rows,0.07087133079767227,0.0700783059000969,1.0042444467544556,21,0,
rare_sharp,2048,False,torch.float16,1234,0.1,16,6,64,,,all_query_rows,0.05942724645137787,0.05618669092655182,1.0069444179534912,21,0,
rare_sharp,2048,False,torch.float16,1234,0.1,16,7,64,,,all_query_rows,0.07056291401386261,0.06841643154621124,1.0045078992843628,21,0,
rare_sharp,2048,False,torch.float16,1234,0.1,16,0,64,0.07118979841470718,0.07232547551393509,,,,,,,rare_sharp
rare_sharp,2048,False,torch.float16,1234,0.1,16,1,64,0.06637021154165268,0.06670680642127991,,,,,,,rare_sharp
rare_sharp,2048,False,torch.float16,1234,0.1,16,2,64,0.0647197961807251,0.06383199244737625,,,,,,,rare_sharp
rare_sharp,2048,False,torch.float16,1234,0.1,16,3,64,0.07377630472183228,0.0729435458779335,,,,,,,rare_sharp
rare_sharp,2048,False,torch.float16,1234,0.1,16,4,64,0.0766320452094078,0.07756657898426056,,,,,,,rare_sharp
rare_sharp,2048,False,torch.float16,1234,0.1,16,5,64,0.06846840679645538,0.06885276734828949,,,,,,,rare_sharp
rare_sharp,2048,False,torch.float16,1234,0.1,16,6,64,0.07652928680181503,0.0780295729637146,,,,,,,rare_sharp
rare_sharp,2048,False,torch.float16,1234,0.1,16,7,64,0.08041427284479141,0.08035916835069656,,,,,,,rare_sharp
rare_sharp,2048,False,torch.float16,1234,0.1,16,0,64,3.6759033203125,6.857430458068848,,,,,,,scale_1.0
rare_sharp,2048,False,torch.float16,1234,0.1,16,1,64,4.289902210235596,10.356403350830078,,,,,,,scale_1.0
rare_sharp,2048,False,torch.float16,1234,0.1,16,2,64,3.7911887168884277,7.7908830642700195,,,,,,,scale_1.0
rare_sharp,2048,False,torch.float16,1234,0.1,16,3,64,4.9358062744140625,11.37515640258789,,,,,,,scale_1.0
rare_sharp,2048,False,torch.float16,1234,0.1,16,4,64,4.660558700561523,11.296039581298828,,,,,,,scale_1.0
rare_sharp,2048,False,torch.float16,1234,0.1,16,5,64,3.7036118507385254,6.428444862365723,,,,,,,scale_1.0
rare_sharp,2048,False,torch.float16,1234,0.1,16,6,64,7.276372909545898,19.113231658935547,,,,,,,scale_1.0
rare_sharp,2048,False,torch.float16,1234,0.1,16,7,64,4.642495155334473,10.853994369506836,,,,,,,scale_1.0
rare_sharp,2048,False,torch.float16,1234,0.1,16,0,64,0.0674947202205658,0.07209855318069458,,,,,,,rare_sharp_shift
rare_sharp,2048,False,torch.float16,1234,0.1,16,1,64,0.0627240389585495,0.06670521199703217,,,,,,,rare_sharp_shift
rare_sharp,2048,False,torch.float16,1234,0.1,16,2,64,0.061055392026901245,0.06373746693134308,,,,,,,rare_sharp_shift
rare_sharp,2048,False,torch.float16,1234,0.1,16,3,64,0.07016924023628235,0.07267098873853683,,,,,,,rare_sharp_shift
rare_sharp,2048,False,torch.float16,1234,0.1,16,4,64,0.07297225296497345,0.07733047008514404,,,,,,,rare_sharp_shift
rare_sharp,2048,False,torch.float16,1234,0.1,16,5,64,0.06479232013225555,0.0687284991145134,,,,,,,rare_sharp_shift
rare_sharp,2048,False,torch.float16,1234,0.1,16,6,64,0.07296104729175568,0.07776384800672531,,,,,,,rare_sharp_shift
rare_sharp,2048,False,torch.float16,1234,0.1,16,7,64,0.07677917927503586,0.08030009269714355,,,,,,,rare_sharp_shift
rare_sharp,4096,False,torch.float16,1234,0.1,16,0,64,0.08392506837844849,0.07345829904079437,,,,,,,
rare_sharp,4096,False,torch.float16,1234,0.1,16,1,64,0.077445387840271,0.06683814525604248,,,,,,,
rare_sharp,4096,False,torch.float16,1234,0.1,16,2,64,0.06981240957975388,0.05813619866967201,,,,,,,
rare_sharp,4096,False,torch.float16,1234,0.1,16,3,64,0.07603612542152405,0.06551363319158554,,,,,,,
rare_sharp,4096,False,torch.float16,1234,0.1,16,4,64,0.08228766918182373,0.07250014692544937,,,,,,,
rare_sharp,4096,False,torch.float16,1234,0.1,16,5,64,0.0730968564748764,0.06114119291305542,,,,,,,
rare_sharp,4096,False,torch.float16,1234,0.1,16,6,64,0.07113195955753326,0.06158200651407242,,,,,,,
rare_sharp,4096,False,torch.float16,1234,0.1,16,7,64,0.09247910976409912,0.08580607920885086,,,,,,,
rare_sharp,4096,False,torch.float16,1234,0.1,16,0,64,,,all_query_rows,0.07529723644256592,0.07372505962848663,1.0047218799591064,41,0,
rare_sharp,4096,False,torch.float16,1234,0.1,16,1,64,,,all_query_rows,0.0683632344007492,0.06671633571386337,1.00300931930542,41,0,
rare_sharp,4096,False,torch.float16,1234,0.1,16,2,64,,,all_query_rows,0.06064804643392563,0.057757679373025894,1.0047026872634888,41,0,
rare_sharp,4096,False,torch.float16,1234,0.1,16,3,64,,,all_query_rows,0.06685042381286621,0.06436504423618317,1.0031065940856934,41,0,
rare_sharp,4096,False,torch.float16,1234,0.1,16,4,64,,,all_query_rows,0.07372689247131348,0.07267504185438156,1.0037425756454468,41,0,
rare_sharp,4096,False,torch.float16,1234,0.1,16,5,64,,,all_query_rows,0.06392034143209457,0.06129875406622887,1.0048537254333496,41,0,
rare_sharp,4096,False,torch.float16,1234,0.1,16,6,64,,,all_query_rows,0.06207995116710663,0.06008000671863556,1.0039125680923462,41,0,
rare_sharp,4096,False,torch.float16,1234,0.1,16,7,64,,,all_query_rows,0.08400165289640427,0.08419865369796753,1.0029242038726807,41,0,
rare_sharp,4096,False,torch.float16,1234,0.1,16,0,64,0.06955306231975555,0.05879734456539154,,,,,,,rare_sharp
rare_sharp,4096,False,torch.float16,1234,0.1,16,1,64,0.07590790838003159,0.06540697813034058,,,,,,,rare_sharp
rare_sharp,4096,False,torch.float16,1234,0.1,16,2,64,0.07853643596172333,0.06786280125379562,,,,,,,rare_sharp
rare_sharp,4096,False,torch.float16,1234,0.1,16,3,64,0.08624225854873657,0.07814760506153107,,,,,,,rare_sharp
rare_sharp,4096,False,torch.float16,1234,0.1,16,4,64,0.07085905969142914,0.060447659343481064,,,,,,,rare_sharp
rare_sharp,4096,False,torch.float16,1234,0.1,16,5,64,0.06507643312215805,0.05298499017953873,,,,,,,rare_sharp
rare_sharp,4096,False,torch.float16,1234,0.1,16,6,64,0.07057604938745499,0.06066024303436279,,,,,,,rare_sharp
rare_sharp,4096,False,torch.float16,1234,0.1,16,7,64,0.0828663557767868,0.07305090129375458,,,,,,,rare_sharp
rare_sharp,4096,False,torch.float16,1234,0.1,16,0,64,4.207096576690674,9.68105697631836,,,,,,,scale_1.0
rare_sharp,4096,False,torch.float16,1234,0.1,16,1,64,4.776793956756592,9.726592063903809,,,,,,,scale_1.0
rare_sharp,4096,False,torch.float16,1234,0.1,16,2,64,6.013060569763184,12.655529975891113,,,,,,,scale_1.0
rare_sharp,4096,False,torch.float16,1234,0.1,16,3,64,5.287733554840088,13.040626525878906,,,,,,,scale_1.0
rare_sharp,4096,False,torch.float16,1234,0.1,16,4,64,4.0046706199646,8.013912200927734,,,,,,,scale_1.0
rare_sharp,4096,False,torch.float16,1234,0.1,16,5,64,5.930715560913086,13.606122970581055,,,,,,,scale_1.0
rare_sharp,4096,False,torch.float16,1234,0.1,16,6,64,3.963498115539551,7.6784796714782715,,,,,,,scale_1.0
rare_sharp,4096,False,torch.float16,1234,0.1,16,7,64,4.625030040740967,10.474618911743164,,,,,,,scale_1.0
rare_sharp,4096,False,torch.float16,1234,0.1,16,0,64,0.06952929496765137,0.058191146701574326,,,,,,,rare_sharp_shift
rare_sharp,4096,False,torch.float16,1234,0.1,16,1,64,0.07589135318994522,0.06540697813034058,,,,,,,rare_sharp_shift
rare_sharp,4096,False,torch.float16,1234,0.1,16,2,64,0.07853778451681137,0.06786280125379562,,,,,,,rare_sharp_shift
rare_sharp,4096,False,torch.float16,1234,0.1,16,3,64,0.08623795956373215,0.07883553206920624,,,,,,,rare_sharp_shift
rare_sharp,4096,False,torch.float16,1234,0.1,16,4,64,0.07082267105579376,0.060447659343481064,,,,,,,rare_sharp_shift
rare_sharp,4096,False,torch.float16,1234,0.1,16,5,64,0.06509184837341309,0.05298499017953873,,,,,,,rare_sharp_shift
rare_sharp,4096,False,torch.float16,1234,0.1,16,6,64,0.07057616114616394,0.06066024303436279,,,,,,,rare_sharp_shift
rare_sharp,4096,False,torch.float16,1234,0.1,16,7,64,0.08291678130626678,0.07305090129375458,,,,,,,rare_sharp_shift
rare_sharp,8192,False,torch.float16,1234,0.1,16,0,64,0.06876324862241745,0.06937073916196823,,,,,,,
rare_sharp,8192,False,torch.float16,1234,0.1,16,1,64,0.06469041109085083,0.06540968269109726,,,,,,,
rare_sharp,8192,False,torch.float16,1234,0.1,16,2,64,0.06780047714710236,0.06801693141460419,,,,,,,
rare_sharp,8192,False,torch.float16,1234,0.1,16,3,64,0.06415914744138718,0.06535299867391586,,,,,,,
rare_sharp,8192,False,torch.float16,1234,0.1,16,4,64,0.06757262349128723,0.06729661673307419,,,,,,,
rare_sharp,8192,False,torch.float16,1234,0.1,16,5,64,0.07305056601762772,0.07399434596300125,,,,,,,
rare_sharp,8192,False,torch.float16,1234,0.1,16,6,64,0.06389949470758438,0.06391510367393494,,,,,,,
rare_sharp,8192,False,torch.float16,1234,0.1,16,7,64,0.08003434538841248,0.08193352073431015,,,,,,,
rare_sharp,8192,False,torch.float16,1234,0.1,16,0,64,0.07028880715370178,0.0716891959309578,,,,,,,rare_sharp
rare_sharp,8192,False,torch.float16,1234,0.1,16,1,64,0.06737599521875381,0.06823993474245071,,,,,,,rare_sharp
rare_sharp,8192,False,torch.float16,1234,0.1,16,2,64,0.07195836305618286,0.0721629410982132,,,,,,,rare_sharp
rare_sharp,8192,False,torch.float16,1234,0.1,16,3,64,0.0691661685705185,0.0704500675201416,,,,,,,rare_sharp
rare_sharp,8192,False,torch.float16,1234,0.1,16,4,64,0.08631062507629395,0.08747020363807678,,,,,,,rare_sharp
rare_sharp,8192,False,torch.float16,1234,0.1,16,5,64,0.061154961585998535,0.060777775943279266,,,,,,,rare_sharp
rare_sharp,8192,False,torch.float16,1234,0.1,16,6,64,0.05587095767259598,0.05545925721526146,,,,,,,rare_sharp
rare_sharp,8192,False,torch.float16,1234,0.1,16,7,64,0.06791934370994568,0.06731733679771423,,,,,,,rare_sharp
rare_sharp,8192,False,torch.float16,1234,0.1,16,0,64,5.7534074783325195,11.01345157623291,,,,,,,scale_1.0
rare_sharp,8192,False,torch.float16,1234,0.1,16,1,64,4.866812229156494,9.534729957580566,,,,,,,scale_1.0
rare_sharp,8192,False,torch.float16,1234,0.1,16,2,64,6.497464179992676,16.387441635131836,,,,,,,scale_1.0
rare_sharp,8192,False,torch.float16,1234,0.1,16,3,64,5.249972343444824,9.80726432800293,,,,,,,scale_1.0
rare_sharp,8192,False,torch.float16,1234,0.1,16,4,64,5.7113518714904785,10.681556701660156,,,,,,,scale_1.0
rare_sharp,8192,False,torch.float16,1234,0.1,16,5,64,6.334718227386475,18.628252029418945,,,,,,,scale_1.0
rare_sharp,8192,False,torch.float16,1234,0.1,16,6,64,4.870469093322754,10.38094711303711,,,,,,,scale_1.0
rare_sharp,8192,False,torch.float16,1234,0.1,16,7,64,4.930634498596191,10.448271751403809,,,,,,,scale_1.0
rare_sharp,8192,False,torch.float16,1234,0.1,16,0,64,0.0702081024646759,0.07142031937837601,,,,,,,rare_sharp_shift
rare_sharp,8192,False,torch.float16,1234,0.1,16,1,64,0.06742759048938751,0.06851073354482651,,,,,,,rare_sharp_shift
rare_sharp,8192,False,torch.float16,1234,0.1,16,2,64,0.07186409085988998,0.0721629410982132,,,,,,,rare_sharp_shift
rare_sharp,8192,False,torch.float16,1234,0.1,16,3,64,0.06913837790489197,0.0704500675201416,,,,,,,rare_sharp_shift
rare_sharp,8192,False,torch.float16,1234,0.1,16,4,64,0.08637315034866333,0.08747020363807678,,,,,,,rare_sharp_shift
rare_sharp,8192,False,torch.float16,1234,0.1,16,5,64,0.061095744371414185,0.06066804379224777,,,,,,,rare_sharp_shift
rare_sharp,8192,False,torch.float16,1234,0.1,16,6,64,0.05587146431207657,0.05545925721526146,,,,,,,rare_sharp_shift
rare_sharp,8192,False,torch.float16,1234,0.1,16,7,64,0.06789369881153107,0.06731733679771423,,,,,,,rare_sharp_shift
rare_sharp,16384,False,torch.float16,1234,0.1,16,0,64,0.08067183196544647,0.07562578469514847,,,,,,,
rare_sharp,16384,False,torch.float16,1234,0.1,16,1,64,0.07696418464183807,0.06960586458444595,,,,,,,
rare_sharp,16384,False,torch.float16,1234,0.1,16,2,64,0.07353481650352478,0.0678061917424202,,,,,,,
rare_sharp,16384,False,torch.float16,1234,0.1,16,3,64,0.0695580542087555,0.06235332414507866,,,,,,,
rare_sharp,16384,False,torch.float16,1234,0.1,16,4,64,0.0788971558213234,0.072189100086689,,,,,,,
rare_sharp,16384,False,torch.float16,1234,0.1,16,5,64,0.07234687358140945,0.0642528310418129,,,,,,,
rare_sharp,16384,False,torch.float16,1234,0.1,16,6,64,0.07626280188560486,0.07065685093402863,,,,,,,
rare_sharp,16384,False,torch.float16,1234,0.1,16,7,64,0.08254901319742203,0.07618910074234009,,,,,,,
rare_sharp,16384,False,torch.float16,1234,0.1,16,0,64,0.06253696978092194,0.05296207591891289,,,,,,,rare_sharp
rare_sharp,16384,False,torch.float16,1234,0.1,16,1,64,0.08641501516103745,0.08186393976211548,,,,,,,rare_sharp
rare_sharp,16384,False,torch.float16,1234,0.1,16,2,64,0.06510698795318604,0.05719686299562454,,,,,,,rare_sharp
rare_sharp,16384,False,torch.float16,1234,0.1,16,3,64,0.06321112811565399,0.05484700947999954,,,,,,,rare_sharp
rare_sharp,16384,False,torch.float16,1234,0.1,16,4,64,0.06842239946126938,0.062407054007053375,,,,,,,rare_sharp
rare_sharp,16384,False,torch.float16,1234,0.1,16,5,64,0.07503321766853333,0.06860143691301346,,,,,,,rare_sharp
rare_sharp,16384,False,torch.float16,1234,0.1,16,6,64,0.0743638128042221,0.06740079820156097,,,,,,,rare_sharp
rare_sharp,16384,False,torch.float16,1234,0.1,16,7,64,0.07886462658643723,0.07307937741279602,,,,,,,rare_sharp
rare_sharp,16384,False,torch.float16,1234,0.1,16,0,64,5.759524345397949,11.016058921813965,,,,,,,scale_1.0
rare_sharp,16384,False,torch.float16,1234,0.1,16,1,64,5.311763763427734,12.054252624511719,,,,,,,scale_1.0
rare_sharp,16384,False,torch.float16,1234,0.1,16,2,64,4.917566299438477,9.2259521484375,,,,,,,scale_1.0
rare_sharp,16384,False,torch.float16,1234,0.1,16,3,64,5.607990264892578,11.974844932556152,,,,,,,scale_1.0
rare_sharp,16384,False,torch.float16,1234,0.1,16,4,64,5.687216758728027,11.722915649414062,,,,,,,scale_1.0
rare_sharp,16384,False,torch.float16,1234,0.1,16,5,64,6.575583457946777,15.397478103637695,,,,,,,scale_1.0
rare_sharp,16384,False,torch.float16,1234,0.1,16,6,64,6.792840957641602,14.42285442352295,,,,,,,scale_1.0
rare_sharp,16384,False,torch.float16,1234,0.1,16,7,64,6.674476146697998,15.483497619628906,,,,,,,scale_1.0
rare_sharp,16384,False,torch.float16,1234,0.1,16,0,64,0.05889217555522919,0.05296207591891289,,,,,,,rare_sharp_shift
rare_sharp,16384,False,torch.float16,1234,0.1,16,1,64,0.08277817070484161,0.08174249529838562,,,,,,,rare_sharp_shift
rare_sharp,16384,False,torch.float16,1234,0.1,16,2,64,0.061414506286382675,0.057178616523742676,,,,,,,rare_sharp_shift
rare_sharp,16384,False,torch.float16,1234,0.1,16,3,64,0.059499721974134445,0.054677948355674744,,,,,,,rare_sharp_shift
rare_sharp,16384,False,torch.float16,1234,0.1,16,4,64,0.06471686065196991,0.06219843402504921,,,,,,,rare_sharp_shift
rare_sharp,16384,False,torch.float16,1234,0.1,16,5,64,0.0713626965880394,0.06853911280632019,,,,,,,rare_sharp_shift
rare_sharp,16384,False,torch.float16,1234,0.1,16,6,64,0.07061615586280823,0.0671401396393776,,,,,,,rare_sharp_shift
rare_sharp,16384,False,torch.float16,1234,0.1,16,7,64,0.07527333498001099,0.07295534014701843,,,,,,,rare_sharp_shift
rare_sharp,32768,False,torch.float16,1234,0.1,16,0,256,0.033858463168144226,0.02913932502269745,,,,,,,
rare_sharp,32768,False,torch.float16,1234,0.1,16,1,256,0.034665901213884354,0.030672356486320496,,,,,,,
rare_sharp,32768,False,torch.float16,1234,0.1,16,2,256,0.03882087022066116,0.034985896199941635,,,,,,,
rare_sharp,32768,False,torch.float16,1234,0.1,16,3,256,0.040447499603033066,0.036905065178871155,,,,,,,
rare_sharp,32768,False,torch.float16,1234,0.1,16,4,256,0.036169905215501785,0.032644014805555344,,,,,,,
rare_sharp,32768,False,torch.float16,1234,0.1,16,5,256,0.033760733902454376,0.02945363149046898,,,,,,,
rare_sharp,32768,False,torch.float16,1234,0.1,16,6,256,0.03660666197538376,0.03275297209620476,,,,,,,
rare_sharp,32768,False,torch.float16,1234,0.1,16,7,256,0.032409653067588806,0.02779518812894821,,,,,,,
rare_sharp,32768,False,torch.float16,1234,0.1,16,0,256,0.04012499004602432,0.03746213763952255,,,,,,,rare_sharp
rare_sharp,32768,False,torch.float16,1234,0.1,16,1,256,0.034264154732227325,0.030244573950767517,,,,,,,rare_sharp
rare_sharp,32768,False,torch.float16,1234,0.1,16,2,256,0.0384441502392292,0.03449982404708862,,,,,,,rare_sharp
rare_sharp,32768,False,torch.float16,1234,0.1,16,3,256,0.03693621605634689,0.03354490175843239,,,,,,,rare_sharp
rare_sharp,32768,False,torch.float16,1234,0.1,16,4,256,0.03489676117897034,0.030616700649261475,,,,,,,rare_sharp
rare_sharp,32768,False,torch.float16,1234,0.1,16,5,256,0.03575601056218147,0.03209536150097847,,,,,,,rare_sharp
rare_sharp,32768,False,torch.float16,1234,0.1,16,6,256,0.03304222971200943,0.029392991214990616,,,,,,,rare_sharp
rare_sharp,32768,False,torch.float16,1234,0.1,16,7,256,0.03761689364910126,0.03475197032094002,,,,,,,rare_sharp
rare_sharp,32768,False,torch.float16,1234,0.1,16,0,256,6.9882097244262695,15.153237342834473,,,,,,,scale_1.0
rare_sharp,32768,False,torch.float16,1234,0.1,16,1,256,6.521057605743408,16.700326919555664,,,,,,,scale_1.0
rare_sharp,32768,False,torch.float16,1234,0.1,16,2,256,6.283570289611816,13.696661949157715,,,,,,,scale_1.0
rare_sharp,32768,False,torch.float16,1234,0.1,16,3,256,5.647522926330566,12.459028244018555,,,,,,,scale_1.0
rare_sharp,32768,False,torch.float16,1234,0.1,16,4,256,6.462041854858398,14.181554794311523,,,,,,,scale_1.0
rare_sharp,32768,False,torch.float16,1234,0.1,16,5,256,5.175999641418457,10.782449722290039,,,,,,,scale_1.0
rare_sharp,32768,False,torch.float16,1234,0.1,16,6,256,6.235719680786133,14.461714744567871,,,,,,,scale_1.0
rare_sharp,32768,False,torch.float16,1234,0.1,16,7,256,8.014348030090332,22.09185028076172,,,,,,,scale_1.0
rare_sharp,32768,False,torch.float16,1234,0.1,16,0,256,0.04011315107345581,0.03746213763952255,,,,,,,rare_sharp_shift
rare_sharp,32768,False,torch.float16,1234,0.1,16,1,256,0.03427740931510925,0.03036452829837799,,,,,,,rare_sharp_shift
rare_sharp,32768,False,torch.float16,1234,0.1,16,2,256,0.03846064954996109,0.03449982404708862,,,,,,,rare_sharp_shift
rare_sharp,32768,False,torch.float16,1234,0.1,16,3,256,0.03692786023020744,0.03354490175843239,,,,,,,rare_sharp_shift
rare_sharp,32768,False,torch.float16,1234,0.1,16,4,256,0.03490440547466278,0.030616700649261475,,,,,,,rare_sharp_shift
rare_sharp,32768,False,torch.float16,1234,0.1,16,5,256,0.03577547147870064,0.03209536150097847,,,,,,,rare_sharp_shift
rare_sharp,32768,False,torch.float16,1234,0.1,16,6,256,0.033058397471904755,0.029392991214990616,,,,,,,rare_sharp_shift
rare_sharp,32768,False,torch.float16,1234,0.1,16,7,256,0.03760908544063568,0.03475197032094002,,,,,,,rare_sharp_shift
rare_sharp,65536,False,torch.float16,1234,0.1,16,0,64,0.05815620720386505,0.06581030040979385,,,,,,,
rare_sharp,65536,False,torch.float16,1234,0.1,16,1,64,0.05891752243041992,0.06760326772928238,,,,,,,
rare_sharp,65536,False,torch.float16,1234,0.1,16,2,64,0.0581255778670311,0.06471352279186249,,,,,,,
rare_sharp,65536,False,torch.float16,1234,0.1,16,3,64,0.06707113981246948,0.07423427700996399,,,,,,,
rare_sharp,65536,False,torch.float16,1234,0.1,16,4,64,0.05322936922311783,0.060281895101070404,,,,,,,
rare_sharp,65536,False,torch.float16,1234,0.1,16,5,64,0.051552191376686096,0.05801180750131607,,,,,,,
rare_sharp,65536,False,torch.float16,1234,0.1,16,6,64,0.06233633682131767,0.06994445621967316,,,,,,,
rare_sharp,65536,False,torch.float16,1234,0.1,16,7,64,0.05438119173049927,0.061489302664995193,,,,,,,
rare_sharp,65536,False,torch.float16,1234,0.1,16,0,64,0.05549721419811249,0.06229685619473457,,,,,,,rare_sharp
rare_sharp,65536,False,torch.float16,1234,0.1,16,1,64,0.052378617227077484,0.059159331023693085,,,,,,,rare_sharp
rare_sharp,65536,False,torch.float16,1234,0.1,16,2,64,0.06858434528112411,0.07669752836227417,,,,,,,rare_sharp
rare_sharp,65536,False,torch.float16,1234,0.1,16,3,64,0.054791275411844254,0.06241618096828461,,,,,,,rare_sharp
rare_sharp,65536,False,torch.float16,1234,0.1,16,4,64,0.06046149134635925,0.07050982117652893,,,,,,,rare_sharp
rare_sharp,65536,False,torch.float16,1234,0.1,16,5,64,0.05313184857368469,0.059599317610263824,,,,,,,rare_sharp
rare_sharp,65536,False,torch.float16,1234,0.1,16,6,64,0.054163508117198944,0.0611809641122818,,,,,,,rare_sharp
rare_sharp,65536,False,torch.float16,1234,0.1,16,7,64,0.061672937124967575,0.06894034147262573,,,,,,,rare_sharp
rare_sharp,65536,False,torch.float16,1234,0.1,16,0,64,6.760680198669434,14.258480072021484,,,,,,,scale_1.0
rare_sharp,65536,False,torch.float16,1234,0.1,16,1,64,6.77199649810791,13.166172981262207,,,,,,,scale_1.0
rare_sharp,65536,False,torch.float16,1234,0.1,16,2,64,6.6846137046813965,13.92890739440918,,,,,,,scale_1.0
rare_sharp,65536,False,torch.float16,1234,0.1,16,3,64,6.64658784866333,13.080230712890625,,,,,,,scale_1.0
rare_sharp,65536,False,torch.float16,1234,0.1,16,4,64,6.855826377868652,14.259326934814453,,,,,,,scale_1.0
rare_sharp,65536,False,torch.float16,1234,0.1,16,5,64,5.284087181091309,8.921247482299805,,,,,,,scale_1.0
rare_sharp,65536,False,torch.float16,1234,0.1,16,6,64,6.193632125854492,12.37334156036377,,,,,,,scale_1.0
rare_sharp,65536,False,torch.float16,1234,0.1,16,7,64,6.703963756561279,13.528026580810547,,,,,,,scale_1.0
rare_sharp,65536,False,torch.float16,1234,0.1,16,0,64,0.05549721419811249,0.06229685619473457,,,,,,,rare_sharp_shift
rare_sharp,65536,False,torch.float16,1234,0.1,16,1,64,0.052378617227077484,0.059159331023693085,,,,,,,rare_sharp_shift
rare_sharp,65536,False,torch.float16,1234,0.1,16,2,64,0.06858434528112411,0.07669752836227417,,,,,,,rare_sharp_shift
rare_sharp,65536,False,torch.float16,1234,0.1,16,3,64,0.054791275411844254,0.06241618096828461,,,,,,,rare_sharp_shift
rare_sharp,65536,False,torch.float16,1234,0.1,16,4,64,0.06046149134635925,0.07050982117652893,,,,,,,rare_sharp_shift
rare_sharp,65536,False,torch.float16,1234,0.1,16,5,64,0.05313184857368469,0.059599317610263824,,,,,,,rare_sharp_shift
rare_sharp,65536,False,torch.float16,1234,0.1,16,6,64,0.054163508117198944,0.0611809641122818,,,,,,,rare_sharp_shift
rare_sharp,65536,False,torch.float16,1234,0.1,16,7,64,0.061672937124967575,0.06894034147262573,,,,,,,rare_sharp_shift
rare_sharp,512,False,torch.float32,1234,0.1,16,0,64,0.0676412507891655,0.06388485431671143,,,,,,,
rare_sharp,512,False,torch.float32,1234,0.1,16,1,64,0.07352936267852783,0.07065123319625854,,,,,,,
rare_sharp,512,False,torch.float32,1234,0.1,16,2,64,0.0668715387582779,0.06355305016040802,,,,,,,
rare_sharp,512,False,torch.float32,1234,0.1,16,3,64,0.0669165849685669,0.06288586556911469,,,,,,,
rare_sharp,512,False,torch.float32,1234,0.1,16,4,64,0.0681060403585434,0.0648573637008667,,,,,,,
rare_sharp,512,False,torch.float32,1234,0.1,16,5,64,0.06253644824028015,0.05771420896053314,,,,,,,
rare_sharp,512,False,torch.float32,1234,0.1,16,6,64,0.07628661394119263,0.075017049908638,,,,,,,
rare_sharp,512,False,torch.float32,1234,0.1,16,7,64,0.07536451518535614,0.07089754939079285,,,,,,,
rare_sharp,512,False,torch.float32,1234,0.1,16,0,64,,,all_query_rows,0.06776607036590576,0.0639997273683548,1.0063570737838745,6,0,
rare_sharp,512,False,torch.float32,1234,0.1,16,1,64,,,all_query_rows,0.0736134871840477,0.07033873349428177,1.0069222450256348,6,0,
rare_sharp,512,False,torch.float32,1234,0.1,16,2,64,,,all_query_rows,0.06687900424003601,0.0639549270272255,1.0053826570510864,6,0,
rare_sharp,512,False,torch.float32,1234,0.1,16,3,64,,,all_query_rows,0.06691209971904755,0.06290378421545029,0.9967775940895081,6,0,
rare_sharp,512,False,torch.float32,1234,0.1,16,4,64,,,all_query_rows,0.06786593794822693,0.06458181887865067,1.002471685409546,6,0,
rare_sharp,512,False,torch.float32,1234,0.1,16,5,64,,,all_query_rows,0.06264042854309082,0.0577978752553463,1.0103849172592163,6,0,
rare_sharp,512,False,torch.float32,1234,0.1,16,6,64,,,all_query_rows,0.0761546865105629,0.07468438893556595,1.0115275382995605,6,0,
rare_sharp,512,False,torch.float32,1234,0.1,16,7,64,,,all_query_rows,0.07539776712656021,0.07193466275930405,0.9987452030181885,6,0,
rare_sharp,512,False,torch.float32,1234,0.1,16,0,64,0.08134687691926956,0.07962104678153992,,,,,,,rare_sharp
rare_sharp,512,False,torch.float32,1234,0.1,16,1,64,0.07561026513576508,0.07269314676523209,,,,,,,rare_sharp
rare_sharp,512,False,torch.float32,1234,0.1,16,2,64,0.06646552681922913,0.06418873369693756,,,,,,,rare_sharp
rare_sharp,512,False,torch.float32,1234,0.1,16,3,64,0.06680057942867279,0.06309261918067932,,,,,,,rare_sharp
rare_sharp,512,False,torch.float32,1234,0.1,16,4,64,0.06682620942592621,0.06442365050315857,,,,,,,rare_sharp
rare_sharp,512,False,torch.float32,1234,0.1,16,5,64,0.06104655936360359,0.05701363459229469,,,,,,,rare_sharp
rare_sharp,512,False,torch.float32,1234,0.1,16,6,64,0.07733993232250214,0.07634953409433365,,,,,,,rare_sharp
rare_sharp,512,False,torch.float32,1234,0.1,16,7,64,0.07162953913211823,0.06911801546812057,,,,,,,rare_sharp
rare_sharp,512,False,torch.float32,1234,0.1,16,0,64,3.501495361328125,7.143230438232422,,,,,,,scale_1.0
rare_sharp,512,False,torch.float32,1234,0.1,16,1,64,2.8341712951660156,5.222884654998779,,,,,,,scale_1.0
rare_sharp,512,False,torch.float32,1234,0.1,16,2,64,3.3468680381774902,7.079892158508301,,,,,,,scale_1.0
rare_sharp,512,False,torch.float32,1234,0.1,16,3,64,3.1926450729370117,6.12637186050415,,,,,,,scale_1.0
rare_sharp,512,False,torch.float32,1234,0.1,16,4,64,2.811873197555542,5.064818382263184,,,,,,,scale_1.0
rare_sharp,512,False,torch.float32,1234,0.1,16,5,64,3.0867273807525635,6.430077075958252,,,,,,,scale_1.0
rare_sharp,512,False,torch.float32,1234,0.1,16,6,64,3.3938379287719727,8.08396053314209,,,,,,,scale_1.0
rare_sharp,512,False,torch.float32,1234,0.1,16,7,64,3.706418752670288,8.362408638000488,,,,,,,scale_1.0
rare_sharp,512,False,torch.float32,1234,0.1,16,0,64,0.08498537540435791,0.08025634288787842,,,,,,,rare_sharp_shift
rare_sharp,512,False,torch.float32,1234,0.1,16,1,64,0.07937128841876984,0.07300583273172379,,,,,,,rare_sharp_shift
rare_sharp,512,False,torch.float32,1234,0.1,16,2,64,0.07007469236850739,0.06464545428752899,,,,,,,rare_sharp_shift
rare_sharp,512,False,torch.float32,1234,0.1,16,3,64,0.07052198052406311,0.06370670348405838,,,,,,,rare_sharp_shift
rare_sharp,512,False,torch.float32,1234,0.1,16,4,64,0.07042372971773148,0.06465982645750046,,,,,,,rare_sharp_shift
rare_sharp,512,False,torch.float32,1234,0.1,16,5,64,0.06478283554315567,0.05757519230246544,,,,,,,rare_sharp_shift
rare_sharp,512,False,torch.float32,1234,0.1,16,6,64,0.08101846277713776,0.0766318067908287,,,,,,,rare_sharp_shift
rare_sharp,512,False,torch.float32,1234,0.1,16,7,64,0.07526487112045288,0.06944669783115387,,,,,,,rare_sharp_shift
rare_sharp,1024,False,torch.float32,1234,0.1,16,0,64,0.07089023292064667,0.06634791940450668,,,,,,,
rare_sharp,1024,False,torch.float32,1234,0.1,16,1,64,0.06903952360153198,0.06349030137062073,,,,,,,
rare_sharp,1024,False,torch.float32,1234,0.1,16,2,64,0.06664353609085083,0.0631028562784195,,,,,,,
rare_sharp,1024,False,torch.float32,1234,0.1,16,3,64,0.08407659828662872,0.0833013579249382,,,,,,,
rare_sharp,1024,False,torch.float32,1234,0.1,16,4,64,0.06327129155397415,0.059912726283073425,,,,,,,
rare_sharp,1024,False,torch.float32,1234,0.1,16,5,64,0.06446000188589096,0.06214030832052231,,,,,,,
rare_sharp,1024,False,torch.float32,1234,0.1,16,6,64,0.06431536376476288,0.059992171823978424,,,,,,,
rare_sharp,1024,False,torch.float32,1234,0.1,16,7,64,0.07783540338277817,0.07581222057342529,,,,,,,
rare_sharp,1024,False,torch.float32,1234,0.1,16,0,64,,,all_query_rows,0.07011587917804718,0.06779849529266357,1.0040462017059326,11,0,
rare_sharp,1024,False,torch.float32,1234,0.1,16,1,64,,,all_query_rows,0.06826041638851166,0.06448449939489365,1.0064575672149658,11,0,
rare_sharp,1024,False,torch.float32,1234,0.1,16,2,64,,,all_query_rows,0.06560155749320984,0.06285053491592407,1.0113903284072876,11,0,
rare_sharp,1024,False,torch.float32,1234,0.1,16,3,64,,,all_query_rows,0.08333730697631836,0.08363871276378632,1.0078238248825073,11,0,
rare_sharp,1024,False,torch.float32,1234,0.1,16,4,64,,,all_query_rows,0.062158092856407166,0.05954167619347572,1.0049782991409302,11,0,
rare_sharp,1024,False,torch.float32,1234,0.1,16,5,64,,,all_query_rows,0.0637507438659668,0.06191244348883629,1.0074869394302368,11,0,
rare_sharp,1024,False,torch.float32,1234,0.1,16,6,64,,,all_query_rows,0.06329643726348877,0.0603228323161602,1.0040366649627686,11,0,
rare_sharp,1024,False,torch.float32,1234,0.1,16,7,64,,,all_query_rows,0.0767703503370285,0.07635840773582458,1.0013381242752075,11,0,
rare_sharp,1024,False,torch.float32,1234,0.1,16,0,64,0.07295754551887512,0.06826860457658768,,,,,,,rare_sharp
rare_sharp,1024,False,torch.float32,1234,0.1,16,1,64,0.07833852618932724,0.07689335197210312,,,,,,,rare_sharp
rare_sharp,1024,False,torch.float32,1234,0.1,16,2,64,0.06577162444591522,0.062234070152044296,,,,,,,rare_sharp
rare_sharp,1024,False,torch.float32,1234,0.1,16,3,64,0.061738286167383194,0.05804146081209183,,,,,,,rare_sharp
rare_sharp,1024,False,torch.float32,1234,0.1,16,4,64,0.07304923236370087,0.07294175773859024,,,,,,,rare_sharp
rare_sharp,1024,False,torch.float32,1234,0.1,16,5,64,0.07606924325227737,0.07344307750463486,,,,,,,rare_sharp
rare_sharp,1024,False,torch.float32,1234,0.1,16,6,64,0.07660072296857834,0.07448042929172516,,,,,,,rare_sharp
rare_sharp,1024,False,torch.float32,1234,0.1,16,7,64,0.08851452171802521,0.09031449258327484,,,,,,,rare_sharp
rare_sharp,1024,False,torch.float32,1234,0.1,16,0,64,2.907078742980957,5.023999214172363,,,,,,,scale_1.0
rare_sharp,1024,False,torch.float32,1234,0.1,16,1,64,3.294691562652588,5.9503984451293945,,,,,,,scale_1.0
rare_sharp,1024,False,torch.float32,1234,0.1,16,2,64,3.501812696456909,8.071158409118652,,,,,,,scale_1.0
rare_sharp,1024,False,torch.float32,1234,0.1,16,3,64,3.1035401821136475,5.972224235534668,,,,,,,scale_1.0
rare_sharp,1024,False,torch.float32,1234,0.1,16,4,64,3.8687517642974854,8.71883487701416,,,,,,,scale_1.0
rare_sharp,1024,False,torch.float32,1234,0.1,16,5,64,3.276245594024658,6.716180801391602,,,,,,,scale_1.0
rare_sharp,1024,False,torch.float32,1234,0.1,16,6,64,3.4658491611480713,6.49451208114624,,,,,,,scale_1.0
rare_sharp,1024,False,torch.float32,1234,0.1,16,7,64,3.496241807937622,7.130960464477539,,,,,,,scale_1.0
rare_sharp,1024,False,torch.float32,1234,0.1,16,0,64,0.07301240414381027,0.06826860457658768,,,,,,,rare_sharp_shift
rare_sharp,1024,False,torch.float32,1234,0.1,16,1,64,0.0783616453409195,0.07689335197210312,,,,,,,rare_sharp_shift
rare_sharp,1024,False,torch.float32,1234,0.1,16,2,64,0.06581999361515045,0.062234070152044296,,,,,,,rare_sharp_shift
rare_sharp,1024,False,torch.float32,1234,0.1,16,3,64,0.06167939677834511,0.05804146081209183,,,,,,,rare_sharp_shift
rare_sharp,1024,False,torch.float32,1234,0.1,16,4,64,0.07307219505310059,0.07294175773859024,,,,,,,rare_sharp_shift
rare_sharp,1024,False,torch.float32,1234,0.1,16,5,64,0.07607969641685486,0.07326530665159225,,,,,,,rare_sharp_shift
rare_sharp,1024,False,torch.float32,1234,0.1,16,6,64,0.07658052444458008,0.07445693016052246,,,,,,,rare_sharp_shift
rare_sharp,1024,False,torch.float32,1234,0.1,16,7,64,0.08856500685214996,0.09031449258327484,,,,,,,rare_sharp_shift
rare_sharp,2048,False,torch.float32,1234,0.1,16,0,64,0.06642366200685501,0.06913696229457855,,,,,,,
rare_sharp,2048,False,torch.float32,1234,0.1,16,1,64,0.06384408473968506,0.06480137258768082,,,,,,,
rare_sharp,2048,False,torch.float32,1234,0.1,16,2,64,0.08125656843185425,0.08305524289608002,,,,,,,
rare_sharp,2048,False,torch.float32,1234,0.1,16,3,64,0.06305775046348572,0.06289178133010864,,,,,,,
rare_sharp,2048,False,torch.float32,1234,0.1,16,4,64,0.05756177380681038,0.055852409452199936,,,,,,,
rare_sharp,2048,False,torch.float32,1234,0.1,16,5,64,0.06859856843948364,0.06877107918262482,,,,,,,
rare_sharp,2048,False,torch.float32,1234,0.1,16,6,64,0.057225242257118225,0.05609884858131409,,,,,,,
rare_sharp,2048,False,torch.float32,1234,0.1,16,7,64,0.06829170882701874,0.06756243854761124,,,,,,,
rare_sharp,2048,False,torch.float32,1234,0.1,16,0,64,,,all_query_rows,0.06888755410909653,0.06974203884601593,1.0041683912277222,21,0,
rare_sharp,2048,False,torch.float32,1234,0.1,16,1,64,,,all_query_rows,0.06588637828826904,0.06478850543498993,1.0064857006072998,21,0,
rare_sharp,2048,False,torch.float32,1234,0.1,16,2,64,,,all_query_rows,0.08360938727855682,0.08448070287704468,1.0060033798217773,21,0,
rare_sharp,2048,False,torch.float32,1234,0.1,16,3,64,,,all_query_rows,0.06529615819454193,0.06342373788356781,1.0051484107971191,21,0,
rare_sharp,2048,False,torch.float32,1234,0.1,16,4,64,,,all_query_rows,0.05974310263991356,0.05593312159180641,1.0060439109802246,21,0,
rare_sharp,2048,False,torch.float32,1234,0.1,16,5,64,,,all_query_rows,0.07086575031280518,0.07001359015703201,1.0042446851730347,21,0,
rare_sharp,2048,False,torch.float32,1234,0.1,16,6,64,,,all_query_rows,0.05942509323358536,0.05617973580956459,1.0069465637207031,21,0,
rare_sharp,2048,False,torch.float32,1234,0.1,16,7,64,,,all_query_rows,0.07056009769439697,0.06844422966241837,1.0045074224472046,21,0,
rare_sharp,2048,False,torch.float32,1234,0.1,16,0,64,0.07118842005729675,0.07232638448476791,,,,,,,rare_sharp
rare_sharp,2048,False,torch.float32,1234,0.1,16,1,64,0.06637014448642731,0.06670837104320526,,,,,,,rare_sharp
rare_sharp,2048,False,torch.float32,1234,0.1,16,2,64,0.06472375988960266,0.06383435428142548,,,,,,,rare_sharp
rare_sharp,2048,False,torch.float32,1234,0.1,16,3,64,0.07377392053604126,0.07294147461652756,,,,,,,rare_sharp
rare_sharp,2048,False,torch.float32,1234,0.1,16,4,64,0.07663051038980484,0.07756727933883667,,,,,,,rare_sharp
rare_sharp,2048,False,torch.float32,1234,0.1,16,5,64,0.06846592575311661,0.06885084509849548,,,,,,,rare_sharp
rare_sharp,2048,False,torch.float32,1234,0.1,16,6,64,0.07653046399354935,0.07802949100732803,,,,,,,rare_sharp
rare_sharp,2048,False,torch.float32,1234,0.1,16,7,64,0.0804145559668541,0.08036123216152191,,,,,,,rare_sharp
rare_sharp,2048,False,torch.float32,1234,0.1,16,0,64,3.675962448120117,6.857637405395508,,,,,,,scale_1.0
rare_sharp,2048,False,torch.float32,1234,0.1,16,1,64,4.289866924285889,10.354272842407227,,,,,,,scale_1.0
rare_sharp,2048,False,torch.float32,1234,0.1,16,2,64,3.7913520336151123,7.792915344238281,,,,,,,scale_1.0
rare_sharp,2048,False,torch.float32,1234,0.1,16,3,64,4.936491966247559,11.378216743469238,,,,,,,scale_1.0
rare_sharp,2048,False,torch.float32,1234,0.1,16,4,64,4.66042423248291,11.293862342834473,,,,,,,scale_1.0
rare_sharp,2048,False,torch.float32,1234,0.1,16,5,64,3.703458786010742,6.4318528175354,,,,,,,scale_1.0
rare_sharp,2048,False,torch.float32,1234,0.1,16,6,64,7.276675224304199,19.10881996154785,,,,,,,scale_1.0
rare_sharp,2048,False,torch.float32,1234,0.1,16,7,64,4.64311408996582,10.859359741210938,,,,,,,scale_1.0
rare_sharp,2048,False,torch.float32,1234,0.1,16,0,64,0.06749333441257477,0.07209815084934235,,,,,,,rare_sharp_shift
rare_sharp,2048,False,torch.float32,1234,0.1,16,1,64,0.06272395700216293,0.06670625507831573,,,,,,,rare_sharp_shift
rare_sharp,2048,False,torch.float32,1234,0.1,16,2,64,0.061059363186359406,0.06373950839042664,,,,,,,rare_sharp_shift
rare_sharp,2048,False,torch.float32,1234,0.1,16,3,64,0.07016684859991074,0.07266882061958313,,,,,,,rare_sharp_shift
rare_sharp,2048,False,torch.float32,1234,0.1,16,4,64,0.07297071814537048,0.07732823491096497,,,,,,,rare_sharp_shift
rare_sharp,2048,False,torch.float32,1234,0.1,16,5,64,0.06478980928659439,0.06872699409723282,,,,,,,rare_sharp_shift
rare_sharp,2048,False,torch.float32,1234,0.1,16,6,64,0.07296223938465118,0.07776591181755066,,,,,,,rare_sharp_shift
rare_sharp,2048,False,torch.float32,1234,0.1,16,7,64,0.07677947729825974,0.0803031250834465,,,,,,,rare_sharp_shift
rare_sharp,4096,False,torch.float32,1234,0.1,16,0,64,0.08392202109098434,0.07345664501190186,,,,,,,
rare_sharp,4096,False,torch.float32,1234,0.1,16,1,64,0.07744699716567993,0.06683847308158875,,,,,,,
rare_sharp,4096,False,torch.float32,1234,0.1,16,2,64,0.06981346756219864,0.058135900646448135,,,,,,,
rare_sharp,4096,False,torch.float32,1234,0.1,16,3,64,0.07603999972343445,0.06551770865917206,,,,,,,
rare_sharp,4096,False,torch.float32,1234,0.1,16,4,64,0.08228372037410736,0.07249361276626587,,,,,,,
rare_sharp,4096,False,torch.float32,1234,0.1,16,5,64,0.07309937477111816,0.061141401529312134,,,,,,,
rare_sharp,4096,False,torch.float32,1234,0.1,16,6,64,0.07113466411828995,0.06158451735973358,,,,,,,
rare_sharp,4096,False,torch.float32,1234,0.1,16,7,64,0.09247146546840668,0.08579666912555695,,,,,,,
rare_sharp,4096,False,torch.float32,1234,0.1,16,0,64,,,all_query_rows,0.07529313862323761,0.07370703667402267,1.0047221183776855,41,0,
rare_sharp,4096,False,torch.float32,1234,0.1,16,1,64,,,all_query_rows,0.06836375594139099,0.06672430783510208,1.0030094385147095,41,0,
rare_sharp,4096,False,torch.float32,1234,0.1,16,2,64,,,all_query_rows,0.06064779311418533,0.05774106830358505,1.004703402519226,41,0,
rare_sharp,4096,False,torch.float32,1234,0.1,16,3,64,,,all_query_rows,0.06685385853052139,0.06437348574399948,1.0031064748764038,41,0,
rare_sharp,4096,False,torch.float32,1234,0.1,16,4,64,,,all_query_rows,0.07372163981199265,0.07270858436822891,1.0037426948547363,41,0,
rare_sharp,4096,False,torch.float32,1234,0.1,16,5,64,,,all_query_rows,0.06392396986484528,0.06130583584308624,1.0048545598983765,41,0,
rare_sharp,4096,False,torch.float32,1234,0.1,16,6,64,,,all_query_rows,0.0620836466550827,0.060094986110925674,1.0039105415344238,41,0,
rare_sharp,4096,False,torch.float32,1234,0.1,16,7,64,,,all_query_rows,0.08399184048175812,0.08419069647789001,1.0029234886169434,41,0,
rare_sharp,4096,False,torch.float32,1234,0.1,16,0,64,0.06955093145370483,0.05879803001880646,,,,,,,rare_sharp
rare_sharp,4096,False,torch.float32,1234,0.1,16,1,64,0.07590785622596741,0.06540592014789581,,,,,,,rare_sharp
rare_sharp,4096,False,torch.float32,1234,0.1,16,2,64,0.07853779196739197,0.06786346435546875,,,,,,,rare_sharp
rare_sharp,4096,False,torch.float32,1234,0.1,16,3,64,0.08624205738306046,0.07815144956111908,,,,,,,rare_sharp
rare_sharp,4096,False,torch.float32,1234,0.1,16,4,64,0.07085315138101578,0.060436151921749115,,,,,,,rare_sharp
rare_sharp,4096,False,torch.float32,1234,0.1,16,5,64,0.06507798284292221,0.05298670008778572,,,,,,,rare_sharp
rare_sharp,4096,False,torch.float32,1234,0.1,16,6,64,0.07057326287031174,0.06065894290804863,,,,,,,rare_sharp
rare_sharp,4096,False,torch.float32,1234,0.1,16,7,64,0.08286347985267639,0.07304735481739044,,,,,,,rare_sharp
rare_sharp,4096,False,torch.float32,1234,0.1,16,0,64,4.207415580749512,9.685356140136719,,,,,,,scale_1.0
rare_sharp,4096,False,torch.float32,1234,0.1,16,1,64,4.77717924118042,9.73048210144043,,,,,,,scale_1.0
rare_sharp,4096,False,torch.float32,1234,0.1,16,2,64,6.012953758239746,12.656219482421875,,,,,,,scale_1.0
rare_sharp,4096,False,torch.float32,1234,0.1,16,3,64,5.287928104400635,13.04833698272705,,,,,,,scale_1.0
rare_sharp,4096,False,torch.float32,1234,0.1,16,4,64,4.005067825317383,8.018518447875977,,,,,,,scale_1.0
rare_sharp,4096,False,torch.float32,1234,0.1,16,5,64,5.93062162399292,13.605806350708008,,,,,,,scale_1.0
rare_sharp,4096,False,torch.float32,1234,0.1,16,6,64,3.96353816986084,7.68091344833374,,,,,,,scale_1.0
rare_sharp,4096,False,torch.float32,1234,0.1,16,7,64,4.624807834625244,10.47812271118164,,,,,,,scale_1.0
rare_sharp,4096,False,torch.float32,1234,0.1,16,0,64,0.06952715665102005,0.05818912759423256,,,,,,,rare_sharp_shift
rare_sharp,4096,False,torch.float32,1234,0.1,16,1,64,0.07589130848646164,0.06540592014789581,,,,,,,rare_sharp_shift
rare_sharp,4096,False,torch.float32,1234,0.1,16,2,64,0.0785391703248024,0.06786346435546875,,,,,,,rare_sharp_shift
rare_sharp,4096,False,torch.float32,1234,0.1,16,3,64,0.08623774349689484,0.07883474975824356,,,,,,,rare_sharp_shift
rare_sharp,4096,False,torch.float32,1234,0.1,16,4,64,0.0708167627453804,0.060436151921749115,,,,,,,rare_sharp_shift
rare_sharp,4096,False,torch.float32,1234,0.1,16,5,64,0.06509347259998322,0.05298670008778572,,,,,,,rare_sharp_shift
rare_sharp,4096,False,torch.float32,1234,0.1,16,6,64,0.07057340443134308,0.06065894290804863,,,,,,,rare_sharp_shift
rare_sharp,4096,False,torch.float32,1234,0.1,16,7,64,0.08291393518447876,0.07304735481739044,,,,,,,rare_sharp_shift
rare_sharp,8192,False,torch.float32,1234,0.1,16,0,64,0.06876733154058456,0.06937376409769058,,,,,,,
rare_sharp,8192,False,torch.float32,1234,0.1,16,1,64,0.06469549983739853,0.06541717052459717,,,,,,,
rare_sharp,8192,False,torch.float32,1234,0.1,16,2,64,0.06779796630144119,0.06801347434520721,,,,,,,
rare_sharp,8192,False,torch.float32,1234,0.1,16,3,64,0.06416427344083786,0.06535714864730835,,,,,,,
rare_sharp,8192,False,torch.float32,1234,0.1,16,4,64,0.06756962090730667,0.06729389727115631,,,,,,,
rare_sharp,8192,False,torch.float32,1234,0.1,16,5,64,0.0730484127998352,0.07399161159992218,,,,,,,
rare_sharp,8192,False,torch.float32,1234,0.1,16,6,64,0.06390147656202316,0.06391610950231552,,,,,,,
rare_sharp,8192,False,torch.float32,1234,0.1,16,7,64,0.08003097772598267,0.08192982524633408,,,,,,,
rare_sharp,8192,False,torch.float32,1234,0.1,16,0,64,0.07028624415397644,0.07168276607990265,,,,,,,rare_sharp
rare_sharp,8192,False,torch.float32,1234,0.1,16,1,64,0.067376509308815,0.0682404562830925,,,,,,,rare_sharp
rare_sharp,8192,False,torch.float32,1234,0.1,16,2,64,0.07195551693439484,0.07216326892375946,,,,,,,rare_sharp
rare_sharp,8192,False,torch.float32,1234,0.1,16,3,64,0.06916718184947968,0.07045197486877441,,,,,,,rare_sharp
rare_sharp,8192,False,torch.float32,1234,0.1,16,4,64,0.08630555868148804,0.08746668696403503,,,,,,,rare_sharp
rare_sharp,8192,False,torch.float32,1234,0.1,16,5,64,0.061155036091804504,0.06077752262353897,,,,,,,rare_sharp
rare_sharp,8192,False,torch.float32,1234,0.1,16,6,64,0.05587241053581238,0.055461276322603226,,,,,,,rare_sharp
rare_sharp,8192,False,torch.float32,1234,0.1,16,7,64,0.06791971623897552,0.06731672585010529,,,,,,,rare_sharp
rare_sharp,8192,False,torch.float32,1234,0.1,16,0,64,5.7522478103637695,11.009963035583496,,,,,,,scale_1.0
rare_sharp,8192,False,torch.float32,1234,0.1,16,1,64,4.867049217224121,9.536657333374023,,,,,,,scale_1.0
rare_sharp,8192,False,torch.float32,1234,0.1,16,2,64,6.4960713386535645,16.387943267822266,,,,,,,scale_1.0
rare_sharp,8192,False,torch.float32,1234,0.1,16,3,64,5.250021934509277,9.803831100463867,,,,,,,scale_1.0
rare_sharp,8192,False,torch.float32,1234,0.1,16,4,64,5.71120548248291,10.680853843688965,,,,,,,scale_1.0
rare_sharp,8192,False,torch.float32,1234,0.1,16,5,64,6.336071014404297,18.639671325683594,,,,,,,scale_1.0
rare_sharp,8192,False,torch.float32,1234,0.1,16,6,64,4.870444297790527,10.381498336791992,,,,,,,scale_1.0
rare_sharp,8192,False,torch.float32,1234,0.1,16,7,64,4.930544376373291,10.450998306274414,,,,,,,scale_1.0
rare_sharp,8192,False,torch.float32,1234,0.1,16,0,64,0.07020553946495056,0.07141748070716858,,,,,,,rare_sharp_shift
rare_sharp,8192,False,torch.float32,1234,0.1,16,1,64,0.0674281120300293,0.06851306557655334,,,,,,,rare_sharp_shift
rare_sharp,8192,False,torch.float32,1234,0.1,16,2,64,0.07186122238636017,0.07216326892375946,,,,,,,rare_sharp_shift
rare_sharp,8192,False,torch.float32,1234,0.1,16,3,64,0.06913940608501434,0.07045197486877441,,,,,,,rare_sharp_shift
rare_sharp,8192,False,torch.float32,1234,0.1,16,4,64,0.08636809140443802,0.08746668696403503,,,,,,,rare_sharp_shift
rare_sharp,8192,False,torch.float32,1234,0.1,16,5,64,0.06109585613012314,0.060666054487228394,,,,,,,rare_sharp_shift
rare_sharp,8192,False,torch.float32,1234,0.1,16,6,64,0.05587292090058327,0.055461276322603226,,,,,,,rare_sharp_shift
rare_sharp,8192,False,torch.float32,1234,0.1,16,7,64,0.06789407879114151,0.06731672585010529,,,,,,,rare_sharp_shift
rare_sharp,16384,False,torch.float32,1234,0.1,16,0,64,0.08066990226507187,0.07562340050935745,,,,,,,
rare_sharp,16384,False,torch.float32,1234,0.1,16,1,64,0.07696346938610077,0.06960368901491165,,,,,,,
rare_sharp,16384,False,torch.float32,1234,0.1,16,2,64,0.07353422045707703,0.06780410557985306,,,,,,,
rare_sharp,16384,False,torch.float32,1234,0.1,16,3,64,0.06955908238887787,0.06235814094543457,,,,,,,
rare_sharp,16384,False,torch.float32,1234,0.1,16,4,64,0.07889372110366821,0.07218718528747559,,,,,,,
rare_sharp,16384,False,torch.float32,1234,0.1,16,5,64,0.0723462849855423,0.06425435096025467,,,,,,,
rare_sharp,16384,False,torch.float32,1234,0.1,16,6,64,0.07626418769359589,0.07065746188163757,,,,,,,
rare_sharp,16384,False,torch.float32,1234,0.1,16,7,64,0.08255404978990555,0.07619299739599228,,,,,,,
rare_sharp,16384,False,torch.float32,1234,0.1,16,0,64,0.06253983080387115,0.05296707525849342,,,,,,,rare_sharp
rare_sharp,16384,False,torch.float32,1234,0.1,16,1,64,0.08641106635332108,0.08186064660549164,,,,,,,rare_sharp
rare_sharp,16384,False,torch.float32,1234,0.1,16,2,64,0.06510687619447708,0.05719408392906189,,,,,,,rare_sharp
rare_sharp,16384,False,torch.float32,1234,0.1,16,3,64,0.06321287155151367,0.054855093359947205,,,,,,,rare_sharp
rare_sharp,16384,False,torch.float32,1234,0.1,16,4,64,0.06842156499624252,0.06240515783429146,,,,,,,rare_sharp
rare_sharp,16384,False,torch.float32,1234,0.1,16,5,64,0.07503642141819,0.06860299408435822,,,,,,,rare_sharp
rare_sharp,16384,False,torch.float32,1234,0.1,16,6,64,0.07436329126358032,0.06739871948957443,,,,,,,rare_sharp
rare_sharp,16384,False,torch.float32,1234,0.1,16,7,64,0.07886390388011932,0.07308046519756317,,,,,,,rare_sharp
rare_sharp,16384,False,torch.float32,1234,0.1,16,0,64,5.759050369262695,11.011260986328125,,,,,,,scale_1.0
rare_sharp,16384,False,torch.float32,1234,0.1,16,1,64,5.311779022216797,12.051050186157227,,,,,,,scale_1.0
rare_sharp,16384,False,torch.float32,1234,0.1,16,2,64,4.917960166931152,9.22384262084961,,,,,,,scale_1.0
rare_sharp,16384,False,torch.float32,1234,0.1,16,3,64,5.607967853546143,11.967912673950195,,,,,,,scale_1.0
rare_sharp,16384,False,torch.float32,1234,0.1,16,4,64,5.687193870544434,11.730827331542969,,,,,,,scale_1.0
rare_sharp,16384,False,torch.float32,1234,0.1,16,5,64,6.574887275695801,15.399715423583984,,,,,,,scale_1.0
rare_sharp,16384,False,torch.float32,1234,0.1,16,6,64,6.791609764099121,14.411911964416504,,,,,,,scale_1.0
rare_sharp,16384,False,torch.float32,1234,0.1,16,7,64,6.674544334411621,15.489006042480469,,,,,,,scale_1.0
rare_sharp,16384,False,torch.float32,1234,0.1,16,0,64,0.058895036578178406,0.05296707525849342,,,,,,,rare_sharp_shift
rare_sharp,16384,False,torch.float32,1234,0.1,16,1,64,0.08277417719364166,0.08173919469118118,,,,,,,rare_sharp_shift
rare_sharp,16384,False,torch.float32,1234,0.1,16,2,64,0.06141437590122223,0.05717657878994942,,,,,,,rare_sharp_shift
rare_sharp,16384,False,torch.float32,1234,0.1,16,3,64,0.05950147286057472,0.05468280240893364,,,,,,,rare_sharp_shift
rare_sharp,16384,False,torch.float32,1234,0.1,16,4,64,0.06471602618694305,0.06219473481178284,,,,,,,rare_sharp_shift
rare_sharp,16384,False,torch.float32,1234,0.1,16,5,64,0.07136589288711548,0.06854309141635895,,,,,,,rare_sharp_shift
rare_sharp,16384,False,torch.float32,1234,0.1,16,6,64,0.07061566412448883,0.06713756918907166,,,,,,,rare_sharp_shift
rare_sharp,16384,False,torch.float32,1234,0.1,16,7,64,0.07527260482311249,0.07295842468738556,,,,,,,rare_sharp_shift
rare_sharp,32768,False,torch.float32,1234,0.1,16,0,256,0.033857427537441254,0.029138071462512016,,,,,,,
rare_sharp,32768,False,torch.float32,1234,0.1,16,1,256,0.03466670587658882,0.03067280352115631,,,,,,,
rare_sharp,32768,False,torch.float32,1234,0.1,16,2,256,0.03882130607962608,0.03498699143528938,,,,,,,
rare_sharp,32768,False,torch.float32,1234,0.1,16,3,256,0.04044646769762039,0.036904361099004745,,,,,,,
rare_sharp,32768,False,torch.float32,1234,0.1,16,4,256,0.03617122769355774,0.03264757990837097,,,,,,,
rare_sharp,32768,False,torch.float32,1234,0.1,16,5,256,0.033761024475097656,0.029453925788402557,,,,,,,
rare_sharp,32768,False,torch.float32,1234,0.1,16,6,256,0.03660593554377556,0.0327514186501503,,,,,,,
rare_sharp,32768,False,torch.float32,1234,0.1,16,7,256,0.03240979090332985,0.027795907109975815,,,,,,,
rare_sharp,32768,False,torch.float32,1234,0.1,16,0,256,0.0401221439242363,0.037459418177604675,,,,,,,rare_sharp
rare_sharp,32768,False,torch.float32,1234,0.1,16,1,256,0.034265339374542236,0.030246272683143616,,,,,,,rare_sharp
rare_sharp,32768,False,torch.float32,1234,0.1,16,2,256,0.03844462335109711,0.03450024500489235,,,,,,,rare_sharp
rare_sharp,32768,False,torch.float32,1234,0.1,16,3,256,0.036934975534677505,0.03354380279779434,,,,,,,rare_sharp
rare_sharp,32768,False,torch.float32,1234,0.1,16,4,256,0.034897975623607635,0.03061719797551632,,,,,,,rare_sharp
rare_sharp,32768,False,torch.float32,1234,0.1,16,5,256,0.03575717657804489,0.03209661319851875,,,,,,,rare_sharp
rare_sharp,32768,False,torch.float32,1234,0.1,16,6,256,0.03304180130362511,0.029391691088676453,,,,,,,rare_sharp
rare_sharp,32768,False,torch.float32,1234,0.1,16,7,256,0.03761713579297066,0.03475320711731911,,,,,,,rare_sharp
rare_sharp,32768,False,torch.float32,1234,0.1,16,0,256,6.988046646118164,15.143876075744629,,,,,,,scale_1.0
rare_sharp,32768,False,torch.float32,1234,0.1,16,1,256,6.520966053009033,16.694427490234375,,,,,,,scale_1.0
rare_sharp,32768,False,torch.float32,1234,0.1,16,2,256,6.283934593200684,13.705155372619629,,,,,,,scale_1.0
rare_sharp,32768,False,torch.float32,1234,0.1,16,3,256,5.648349285125732,12.473166465759277,,,,,,,scale_1.0
rare_sharp,32768,False,torch.float32,1234,0.1,16,4,256,6.462324142456055,14.182384490966797,,,,,,,scale_1.0
rare_sharp,32768,False,torch.float32,1234,0.1,16,5,256,5.176610469818115,10.786202430725098,,,,,,,scale_1.0
rare_sharp,32768,False,torch.float32,1234,0.1,16,6,256,6.236199378967285,14.46230697631836,,,,,,,scale_1.0
rare_sharp,32768,False,torch.float32,1234,0.1,16,7,256,8.014730453491211,22.108549118041992,,,,,,,scale_1.0
rare_sharp,32768,False,torch.float32,1234,0.1,16,0,256,0.04011029750108719,0.037459418177604675,,,,,,,rare_sharp_shift
rare_sharp,32768,False,torch.float32,1234,0.1,16,1,256,0.03427859768271446,0.030366530641913414,,,,,,,rare_sharp_shift
rare_sharp,32768,False,torch.float32,1234,0.1,16,2,256,0.03846112638711929,0.03450024500489235,,,,,,,rare_sharp_shift
rare_sharp,32768,False,torch.float32,1234,0.1,16,3,256,0.03692663460969925,0.03354380279779434,,,,,,,rare_sharp_shift
rare_sharp,32768,False,torch.float32,1234,0.1,16,4,256,0.03490561619400978,0.03061719797551632,,,,,,,rare_sharp_shift
rare_sharp,32768,False,torch.float32,1234,0.1,16,5,256,0.03577665239572525,0.03209661319851875,,,,,,,rare_sharp_shift
rare_sharp,32768,False,torch.float32,1234,0.1,16,6,256,0.03305797278881073,0.029391691088676453,,,,,,,rare_sharp_shift
rare_sharp,32768,False,torch.float32,1234,0.1,16,7,256,0.03760932385921478,0.03475320711731911,,,,,,,rare_sharp_shift
rare_sharp,65536,False,torch.float32,1234,0.1,16,0,64,0.058154597878456116,0.06580840051174164,,,,,,,
rare_sharp,65536,False,torch.float32,1234,0.1,16,1,64,0.05891698971390724,0.06760339438915253,,,,,,,
rare_sharp,65536,False,torch.float32,1234,0.1,16,2,64,0.05812789127230644,0.0647161602973938,,,,,,,
rare_sharp,65536,False,torch.float32,1234,0.1,16,3,64,0.06707027554512024,0.07423318177461624,,,,,,,
rare_sharp,65536,False,torch.float32,1234,0.1,16,4,64,0.05322835221886635,0.06027969717979431,,,,,,,
rare_sharp,65536,False,torch.float32,1234,0.1,16,5,64,0.05155303701758385,0.058015577495098114,,,,,,,
rare_sharp,65536,False,torch.float32,1234,0.1,16,6,64,0.062334273010492325,0.06994293630123138,,,,,,,
rare_sharp,65536,False,torch.float32,1234,0.1,16,7,64,0.05438033118844032,0.061487890779972076,,,,,,,
rare_sharp,65536,False,torch.float32,1234,0.1,16,0,64,0.055493563413619995,0.06229212507605553,,,,,,,rare_sharp
rare_sharp,65536,False,torch.float32,1234,0.1,16,1,64,0.05237838625907898,0.05916139855980873,,,,,,,rare_sharp
rare_sharp,65536,False,torch.float32,1234,0.1,16,2,64,0.06858448684215546,0.07669715583324432,,,,,,,rare_sharp
rare_sharp,65536,False,torch.float32,1234,0.1,16,3,64,0.05478977411985397,0.06241689249873161,,,,,,,rare_sharp
rare_sharp,65536,False,torch.float32,1234,0.1,16,4,64,0.0604618676006794,0.07050810754299164,,,,,,,rare_sharp
rare_sharp,65536,False,torch.float32,1234,0.1,16,5,64,0.053131069988012314,0.05959763377904892,,,,,,,rare_sharp
rare_sharp,65536,False,torch.float32,1234,0.1,16,6,64,0.054164059460163116,0.061184246093034744,,,,,,,rare_sharp
rare_sharp,65536,False,torch.float32,1234,0.1,16,7,64,0.061673540621995926,0.06894053518772125,,,,,,,rare_sharp
rare_sharp,65536,False,torch.float32,1234,0.1,16,0,64,6.760912895202637,14.262077331542969,,,,,,,scale_1.0
rare_sharp,65536,False,torch.float32,1234,0.1,16,1,64,6.773290634155273,13.16995906829834,,,,,,,scale_1.0
rare_sharp,65536,False,torch.float32,1234,0.1,16,2,64,6.68330192565918,13.91891098022461,,,,,,,scale_1.0
rare_sharp,65536,False,torch.float32,1234,0.1,16,3,64,6.647313117980957,13.082061767578125,,,,,,,scale_1.0
rare_sharp,65536,False,torch.float32,1234,0.1,16,4,64,6.855915069580078,14.251762390136719,,,,,,,scale_1.0
rare_sharp,65536,False,torch.float32,1234,0.1,16,5,64,5.284101963043213,8.922259330749512,,,,,,,scale_1.0
rare_sharp,65536,False,torch.float32,1234,0.1,16,6,64,6.193233489990234,12.369423866271973,,,,,,,scale_1.0
rare_sharp,65536,False,torch.float32,1234,0.1,16,7,64,6.70479154586792,13.539566040039062,,,,,,,scale_1.0
rare_sharp,65536,False,torch.float32,1234,0.1,16,0,64,0.055493563413619995,0.06229212507605553,,,,,,,rare_sharp_shift
rare_sharp,65536,False,torch.float32,1234,0.1,16,1,64,0.05237838625907898,0.05916139855980873,,,,,,,rare_sharp_shift
rare_sharp,65536,False,torch.float32,1234,0.1,16,2,64,0.06858448684215546,0.07669715583324432,,,,,,,rare_sharp_shift
rare_sharp,65536,False,torch.float32,1234,0.1,16,3,64,0.05478977411985397,0.06241689249873161,,,,,,,rare_sharp_shift
rare_sharp,65536,False,torch.float32,1234,0.1,16,4,64,0.0604618676006794,0.07050810754299164,,,,,,,rare_sharp_shift
rare_sharp,65536,False,torch.float32,1234,0.1,16,5,64,0.053131069988012314,0.05959763377904892,,,,,,,rare_sharp_shift
rare_sharp,65536,False,torch.float32,1234,0.1,16,6,64,0.054164059460163116,0.061184246093034744,,,,,,,rare_sharp_shift
rare_sharp,65536,False,torch.float32,1234,0.1,16,7,64,0.061673540621995926,0.06894053518772125,,,,,,,rare_sharp_shift
rare_sharp,512,True,torch.float16,1234,0.1,16,0,64,0.06448451429605484,0.0640055388212204,,,,,,,
rare_sharp,512,True,torch.float16,1234,0.1,16,1,64,0.06796097755432129,0.07091900706291199,,,,,,,
rare_sharp,512,True,torch.float16,1234,0.1,16,2,64,0.06753773987293243,0.07257223129272461,,,,,,,
rare_sharp,512,True,torch.float16,1234,0.1,16,3,64,0.0664922446012497,0.0676853358745575,,,,,,,
rare_sharp,512,True,torch.float16,1234,0.1,16,4,64,0.0704873576760292,0.07430972903966904,,,,,,,
rare_sharp,512,True,torch.float16,1234,0.1,16,5,64,0.06341760605573654,0.06137659400701523,,,,,,,
rare_sharp,512,True,torch.float16,1234,0.1,16,6,64,0.07369962334632874,0.08638173341751099,,,,,,,
rare_sharp,512,True,torch.float16,1234,0.1,16,7,64,0.0742424726486206,0.08469726145267487,,,,,,,
rare_sharp,512,True,torch.float16,1234,0.1,16,0,64,,,all_query_rows,0.06303926557302475,0.0644974559545517,1.000038743019104,5,0,
rare_sharp,512,True,torch.float16,1234,0.1,16,1,64,,,all_query_rows,0.06615395843982697,0.0707915723323822,1.0083929300308228,5,0,
rare_sharp,512,True,torch.float16,1234,0.1,16,2,64,,,all_query_rows,0.065291628241539,0.07180675864219666,1.0046833753585815,5,0,
rare_sharp,512,True,torch.float16,1234,0.1,16,3,64,,,all_query_rows,0.0648660957813263,0.06712602823972702,0.992710292339325,5,0,
rare_sharp,512,True,torch.float16,1234,0.1,16,4,64,,,all_query_rows,0.06843069195747375,0.07296586036682129,0.999360203742981,5,0,
rare_sharp,512,True,torch.float16,1234,0.1,16,5,64,,,all_query_rows,0.06160866096615791,0.0613698735833168,1.0118860006332397,5,0,
rare_sharp,512,True,torch.float16,1234,0.1,16,6,64,,,all_query_rows,0.07128551602363586,0.08214335143566132,1.0154545307159424,10,0,
rare_sharp,512,True,torch.float16,1234,0.1,16,7,64,,,all_query_rows,0.07183897495269775,0.08452735096216202,1.002615213394165,5,0,
rare_sharp,512,True,torch.float16,1234,0.1,16,0,64,0.0812445804476738,0.08442151546478271,,,,,,,rare_sharp
rare_sharp,512,True,torch.float16,1234,0.1,16,1,64,0.07492919266223907,0.08205719292163849,,,,,,,rare_sharp
rare_sharp,512,True,torch.float16,1234,0.1,16,2,64,0.06438136845827103,0.06426522135734558,,,,,,,rare_sharp
rare_sharp,512,True,torch.float16,1234,0.1,16,3,64,0.06749308854341507,0.0711679756641388,,,,,,,rare_sharp
rare_sharp,512,True,torch.float16,1234,0.1,16,4,64,0.0671968013048172,0.06951522827148438,,,,,,,rare_sharp
rare_sharp,512,True,torch.float16,1234,0.1,16,5,64,0.06429441273212433,0.06659023463726044,,,,,,,rare_sharp
rare_sharp,512,True,torch.float16,1234,0.1,16,6,64,0.07447259873151779,0.07644181698560715,,,,,,,rare_sharp
rare_sharp,512,True,torch.float16,1234,0.1,16,7,64,0.07553216814994812,0.08241228759288788,,,,,,,rare_sharp
rare_sharp,512,True,torch.float16,1234,0.1,16,0,64,2.815807819366455,5.859686374664307,,,,,,,scale_1.0
rare_sharp,512,True,torch.float16,1234,0.1,16,1,64,2.2878012657165527,4.466945648193359,,,,,,,scale_1.0
rare_sharp,512,True,torch.float16,1234,0.1,16,2,64,2.5335922241210938,5.476017951965332,,,,,,,scale_1.0
rare_sharp,512,True,torch.float16,1234,0.1,16,3,64,2.487396240234375,5.119969844818115,,,,,,,scale_1.0
rare_sharp,512,True,torch.float16,1234,0.1,16,4,64,2.1915154457092285,4.612893104553223,,,,,,,scale_1.0
rare_sharp,512,True,torch.float16,1234,0.1,16,5,64,2.5263724327087402,5.293292045593262,,,,,,,scale_1.0
rare_sharp,512,True,torch.float16,1234,0.1,16,6,64,2.562969207763672,5.018192291259766,,,,,,,scale_1.0
rare_sharp,512,True,torch.float16,1234,0.1,16,7,64,2.981962203979492,7.827830791473389,,,,,,,scale_1.0
rare_sharp,512,True,torch.float16,1234,0.1,16,0,64,0.08431513607501984,0.08473440259695053,,,,,,,rare_sharp_shift
rare_sharp,512,True,torch.float16,1234,0.1,16,1,64,0.07864712923765182,0.08274480700492859,,,,,,,rare_sharp_shift
rare_sharp,512,True,torch.float16,1234,0.1,16,2,64,0.06767913699150085,0.06426522135734558,,,,,,,rare_sharp_shift
rare_sharp,512,True,torch.float16,1234,0.1,16,3,64,0.07082825899124146,0.07196813821792603,,,,,,,rare_sharp_shift
rare_sharp,512,True,torch.float16,1234,0.1,16,4,64,0.07048194110393524,0.06951522827148438,,,,,,,rare_sharp_shift
rare_sharp,512,True,torch.float16,1234,0.1,16,5,64,0.06757962703704834,0.06659023463726044,,,,,,,rare_sharp_shift
rare_sharp,512,True,torch.float16,1234,0.1,16,6,64,0.07780754566192627,0.07669492810964584,,,,,,,rare_sharp_shift
rare_sharp,512,True,torch.float16,1234,0.1,16,7,64,0.07858450710773468,0.08254444599151611,,,,,,,rare_sharp_shift
rare_sharp,1024,True,torch.float16,1234,0.1,16,0,64,0.0736551582813263,0.07282664626836777,,,,,,,
rare_sharp,1024,True,torch.float16,1234,0.1,16,1,64,0.07115712761878967,0.07506252080202103,,,,,,,
rare_sharp,1024,True,torch.float16,1234,0.1,16,2,64,0.06244756281375885,0.06196174770593643,,,,,,,
rare_sharp,1024,True,torch.float16,1234,0.1,16,3,64,0.07392467558383942,0.07615969330072403,,,,,,,
rare_sharp,1024,True,torch.float16,1234,0.1,16,4,64,0.06844649463891983,0.07378001511096954,,,,,,,
rare_sharp,1024,True,torch.float16,1234,0.1,16,5,64,0.06329383701086044,0.0656655877828598,,,,,,,
rare_sharp,1024,True,torch.float16,1234,0.1,16,6,64,0.07003506273031235,0.07050056010484695,,,,,,,
rare_sharp,1024,True,torch.float16,1234,0.1,16,7,64,0.07788167148828506,0.07794123888015747,,,,,,,
rare_sharp,1024,True,torch.float16,1234,0.1,16,0,64,,,all_query_rows,0.07158049941062927,0.0732063427567482,1.0031527280807495,10,0,
rare_sharp,1024,True,torch.float16,1234,0.1,16,1,64,,,all_query_rows,0.06925618648529053,0.07445137202739716,1.0072203874588013,10,0,
rare_sharp,1024,True,torch.float16,1234,0.1,16,2,64,,,all_query_rows,0.06041363626718521,0.06170617789030075,1.010931372642517,10,0,
rare_sharp,1024,True,torch.float16,1234,0.1,16,3,64,,,all_query_rows,0.07222940027713776,0.07624100148677826,1.0010398626327515,10,0,
rare_sharp,1024,True,torch.float16,1234,0.1,16,4,64,,,all_query_rows,0.06692607700824738,0.07310596853494644,1.0067172050476074,10,0,
rare_sharp,1024,True,torch.float16,1234,0.1,16,5,64,,,all_query_rows,0.06104455515742302,0.06356688588857651,1.0036060810089111,10,0,
rare_sharp,1024,True,torch.float16,1234,0.1,16,6,64,,,all_query_rows,0.06822194159030914,0.06984513998031616,1.0060962438583374,10,0,
rare_sharp,1024,True,torch.float16,1234,0.1,16,7,64,,,all_query_rows,0.07604696601629257,0.07777751237154007,0.9991769194602966,10,0,
rare_sharp,1024,True,torch.float16,1234,0.1,16,0,64,0.06521870195865631,0.06600425392389297,,,,,,,rare_sharp
rare_sharp,1024,True,torch.float16,1234,0.1,16,1,64,0.06990759074687958,0.07334893941879272,,,,,,,rare_sharp
rare_sharp,1024,True,torch.float16,1234,0.1,16,2,64,0.06503261625766754,0.06280092895030975,,,,,,,rare_sharp
rare_sharp,1024,True,torch.float16,1234,0.1,16,3,64,0.06560070812702179,0.06544050574302673,,,,,,,rare_sharp
rare_sharp,1024,True,torch.float16,1234,0.1,16,4,64,0.07325918972492218,0.07576184719800949,,,,,,,rare_sharp
rare_sharp,1024,True,torch.float16,1234,0.1,16,5,64,0.06852738559246063,0.06972385197877884,,,,,,,rare_sharp
rare_sharp,1024,True,torch.float16,1234,0.1,16,6,64,0.0720633789896965,0.07567720115184784,,,,,,,rare_sharp
rare_sharp,1024,True,torch.float16,1234,0.1,16,7,64,0.07827471941709518,0.08145418763160706,,,,,,,rare_sharp
rare_sharp,1024,True,torch.float16,1234,0.1,16,0,64,2.4218480587005615,4.609091758728027,,,,,,,scale_1.0
rare_sharp,1024,True,torch.float16,1234,0.1,16,1,64,2.785399913787842,5.484898567199707,,,,,,,scale_1.0
rare_sharp,1024,True,torch.float16,1234,0.1,16,2,64,2.698166608810425,6.3320512771606445,,,,,,,scale_1.0
rare_sharp,1024,True,torch.float16,1234,0.1,16,3,64,2.5915822982788086,5.58037805557251,,,,,,,scale_1.0
rare_sharp,1024,True,torch.float16,1234,0.1,16,4,64,3.158938407897949,7.5175018310546875,,,,,,,scale_1.0
rare_sharp,1024,True,torch.float16,1234,0.1,16,5,64,2.604243755340576,5.023075103759766,,,,,,,scale_1.0
rare_sharp,1024,True,torch.float16,1234,0.1,16,6,64,3.064427137374878,6.401092052459717,,,,,,,scale_1.0
rare_sharp,1024,True,torch.float16,1234,0.1,16,7,64,3.068578004837036,6.891916751861572,,,,,,,scale_1.0
rare_sharp,1024,True,torch.float16,1234,0.1,16,0,64,0.06506721675395966,0.06604885309934616,,,,,,,rare_sharp_shift
rare_sharp,1024,True,torch.float16,1234,0.1,16,1,64,0.06970416009426117,0.07334893941879272,,,,,,,rare_sharp_shift
rare_sharp,1024,True,torch.float16,1234,0.1,16,2,64,0.06487846374511719,0.06280092895030975,,,,,,,rare_sharp_shift
rare_sharp,1024,True,torch.float16,1234,0.1,16,3,64,0.06543899327516556,0.06544050574302673,,,,,,,rare_sharp_shift
rare_sharp,1024,True,torch.float16,1234,0.1,16,4,64,0.0732516273856163,0.07576184719800949,,,,,,,rare_sharp_shift
rare_sharp,1024,True,torch.float16,1234,0.1,16,5,64,0.06851697713136673,0.06972385197877884,,,,,,,rare_sharp_shift
rare_sharp,1024,True,torch.float16,1234,0.1,16,6,64,0.07207697629928589,0.07567720115184784,,,,,,,rare_sharp_shift
rare_sharp,1024,True,torch.float16,1234,0.1,16,7,64,0.07831520587205887,0.08145418763160706,,,,,,,rare_sharp_shift
rare_sharp,2048,True,torch.float16,1234,0.1,16,0,64,0.0654299333691597,0.07111451029777527,,,,,,,
rare_sharp,2048,True,torch.float16,1234,0.1,16,1,64,0.06745567172765732,0.07632499933242798,,,,,,,
rare_sharp,2048,True,torch.float16,1234,0.1,16,2,64,0.07370465993881226,0.07967165112495422,,,,,,,
rare_sharp,2048,True,torch.float16,1234,0.1,16,3,64,0.05716659128665924,0.0604059100151062,,,,,,,
rare_sharp,2048,True,torch.float16,1234,0.1,16,4,64,0.05979049578309059,0.06356742978096008,,,,,,,
rare_sharp,2048,True,torch.float16,1234,0.1,16,5,64,0.07278930395841599,0.08208107948303223,,,,,,,
rare_sharp,2048,True,torch.float16,1234,0.1,16,6,64,0.06349001824855804,0.06826355308294296,,,,,,,
rare_sharp,2048,True,torch.float16,1234,0.1,16,7,64,0.06497105211019516,0.06802204251289368,,,,,,,
rare_sharp,2048,True,torch.float16,1234,0.1,16,0,64,,,all_query_rows,0.0669439285993576,0.07083575427532196,1.0073212385177612,20,0,
rare_sharp,2048,True,torch.float16,1234,0.1,16,1,64,,,all_query_rows,0.06874610483646393,0.07666236162185669,1.008187174797058,20,0,
rare_sharp,2048,True,torch.float16,1234,0.1,16,2,64,,,all_query_rows,0.07579547166824341,0.07989496737718582,1.0058270692825317,21,0,
rare_sharp,2048,True,torch.float16,1234,0.1,16,3,64,,,all_query_rows,0.05891755223274231,0.06156720966100693,1.0080509185791016,20,0,
rare_sharp,2048,True,torch.float16,1234,0.1,16,4,64,,,all_query_rows,0.06113769859075546,0.0625099167227745,1.0082231760025024,20,0,
rare_sharp,2048,True,torch.float16,1234,0.1,16,5,64,,,all_query_rows,0.0743538960814476,0.08345375210046768,1.0071614980697632,22,0,
rare_sharp,2048,True,torch.float16,1234,0.1,16,6,64,,,all_query_rows,0.06490007042884827,0.06827930361032486,1.008029818534851,20,0,
rare_sharp,2048,True,torch.float16,1234,0.1,16,7,64,,,all_query_rows,0.06667216122150421,0.0680919736623764,1.0069364309310913,20,0,
rare_sharp,2048,True,torch.float16,1234,0.1,16,0,64,0.06923408061265945,0.07442033290863037,,,,,,,rare_sharp
rare_sharp,2048,True,torch.float16,1234,0.1,16,1,64,0.06764674186706543,0.07121651619672775,,,,,,,rare_sharp
rare_sharp,2048,True,torch.float16,1234,0.1,16,2,64,0.06414578855037689,0.06501641869544983,,,,,,,rare_sharp
rare_sharp,2048,True,torch.float16,1234,0.1,16,3,64,0.07463843375444412,0.07913359999656677,,,,,,,rare_sharp
rare_sharp,2048,True,torch.float16,1234,0.1,16,4,64,0.07149539887905121,0.07559792697429657,,,,,,,rare_sharp
rare_sharp,2048,True,torch.float16,1234,0.1,16,5,64,0.059877660125494,0.06626404821872711,,,,,,,rare_sharp
rare_sharp,2048,True,torch.float16,1234,0.1,16,6,64,0.0714033842086792,0.0744033008813858,,,,,,,rare_sharp
rare_sharp,2048,True,torch.float16,1234,0.1,16,7,64,0.07021721452474594,0.07283509522676468,,,,,,,rare_sharp
rare_sharp,2048,True,torch.float16,1234,0.1,16,0,64,2.7782657146453857,5.226609230041504,,,,,,,scale_1.0
rare_sharp,2048,True,torch.float16,1234,0.1,16,1,64,3.415027379989624,7.07324743270874,,,,,,,scale_1.0
rare_sharp,2048,True,torch.float16,1234,0.1,16,2,64,2.850752592086792,5.942867755889893,,,,,,,scale_1.0
rare_sharp,2048,True,torch.float16,1234,0.1,16,3,64,4.520333290100098,10.795502662658691,,,,,,,scale_1.0
rare_sharp,2048,True,torch.float16,1234,0.1,16,4,64,3.9476006031036377,10.166924476623535,,,,,,,scale_1.0
rare_sharp,2048,True,torch.float16,1234,0.1,16,5,64,3.026493549346924,5.781915664672852,,,,,,,scale_1.0
rare_sharp,2048,True,torch.float16,1234,0.1,16,6,64,5.25199556350708,14.62202262878418,,,,,,,scale_1.0
rare_sharp,2048,True,torch.float16,1234,0.1,16,7,64,3.648451328277588,7.506014823913574,,,,,,,scale_1.0
rare_sharp,2048,True,torch.float16,1234,0.1,16,0,64,0.06560830771923065,0.07432575523853302,,,,,,,rare_sharp_shift
rare_sharp,2048,True,torch.float16,1234,0.1,16,1,64,0.06389845162630081,0.07085234671831131,,,,,,,rare_sharp_shift
rare_sharp,2048,True,torch.float16,1234,0.1,16,2,64,0.060529641807079315,0.06491731107234955,,,,,,,rare_sharp_shift
rare_sharp,2048,True,torch.float16,1234,0.1,16,3,64,0.07107222080230713,0.07893260568380356,,,,,,,rare_sharp_shift
rare_sharp,2048,True,torch.float16,1234,0.1,16,4,64,0.06783998012542725,0.07517744600772858,,,,,,,rare_sharp_shift
rare_sharp,2048,True,torch.float16,1234,0.1,16,5,64,0.05629139393568039,0.06626404821872711,,,,,,,rare_sharp_shift
rare_sharp,2048,True,torch.float16,1234,0.1,16,6,64,0.06776262819766998,0.07408256828784943,,,,,,,rare_sharp_shift
rare_sharp,2048,True,torch.float16,1234,0.1,16,7,64,0.06649655103683472,0.07251544296741486,,,,,,,rare_sharp_shift
rare_sharp,4096,True,torch.float16,1234,0.1,16,0,64,0.07467860728502274,0.07116487622261047,,,,,,,
rare_sharp,4096,True,torch.float16,1234,0.1,16,1,64,0.07065216451883316,0.0643918588757515,,,,,,,
rare_sharp,4096,True,torch.float16,1234,0.1,16,2,64,0.07080213725566864,0.0695984959602356,,,,,,,
rare_sharp,4096,True,torch.float16,1234,0.1,16,3,64,0.0720912516117096,0.06714922189712524,,,,,,,
rare_sharp,4096,True,torch.float16,1234,0.1,16,4,64,0.07687890529632568,0.07422970235347748,,,,,,,
rare_sharp,4096,True,torch.float16,1234,0.1,16,5,64,0.07080098241567612,0.06869976222515106,,,,,,,
rare_sharp,4096,True,torch.float16,1234,0.1,16,6,64,0.06945239752531052,0.06707307696342468,,,,,,,
rare_sharp,4096,True,torch.float16,1234,0.1,16,7,64,0.07881538569927216,0.07796891033649445,,,,,,,
rare_sharp,4096,True,torch.float16,1234,0.1,16,0,64,,,all_query_rows,0.06940874457359314,0.07054951786994934,1.0051060914993286,40,0,
rare_sharp,4096,True,torch.float16,1234,0.1,16,1,64,,,all_query_rows,0.06554873287677765,0.06523202359676361,1.0038564205169678,42,0,
rare_sharp,4096,True,torch.float16,1234,0.1,16,2,64,,,all_query_rows,0.06485126167535782,0.06674356013536453,1.0091463327407837,40,0,
rare_sharp,4096,True,torch.float16,1234,0.1,16,3,64,,,all_query_rows,0.06688529253005981,0.06612865626811981,1.0060254335403442,40,0,
rare_sharp,4096,True,torch.float16,1234,0.1,16,4,64,,,all_query_rows,0.07176624983549118,0.07435476779937744,1.0078585147857666,40,0,
rare_sharp,4096,True,torch.float16,1234,0.1,16,5,64,,,all_query_rows,0.06518588215112686,0.06727761030197144,1.007095217704773,40,0,
rare_sharp,4096,True,torch.float16,1234,0.1,16,6,64,,,all_query_rows,0.06398151814937592,0.06872782111167908,1.0047060251235962,43,0,
rare_sharp,4096,True,torch.float16,1234,0.1,16,7,64,,,all_query_rows,0.07379673421382904,0.0772240161895752,1.0063133239746094,40,0,
rare_sharp,4096,True,torch.float16,1234,0.1,16,0,64,0.07133859395980835,0.06741780787706375,,,,,,,rare_sharp
rare_sharp,4096,True,torch.float16,1234,0.1,16,1,64,0.07221517711877823,0.07021475583314896,,,,,,,rare_sharp
rare_sharp,4096,True,torch.float16,1234,0.1,16,2,64,0.07640597224235535,0.07113772630691528,,,,,,,rare_sharp
rare_sharp,4096,True,torch.float16,1234,0.1,16,3,64,0.07736270129680634,0.07505832612514496,,,,,,,rare_sharp
rare_sharp,4096,True,torch.float16,1234,0.1,16,4,64,0.06827881187200546,0.06456854194402695,,,,,,,rare_sharp
rare_sharp,4096,True,torch.float16,1234,0.1,16,5,64,0.06443311274051666,0.06011022627353668,,,,,,,rare_sharp
rare_sharp,4096,True,torch.float16,1234,0.1,16,6,64,0.06926516443490982,0.06524578481912613,,,,,,,rare_sharp
rare_sharp,4096,True,torch.float16,1234,0.1,16,7,64,0.07555539906024933,0.07283402979373932,,,,,,,rare_sharp
rare_sharp,4096,True,torch.float16,1234,0.1,16,0,64,3.7704522609710693,8.769316673278809,,,,,,,scale_1.0
rare_sharp,4096,True,torch.float16,1234,0.1,16,1,64,4.431513786315918,10.03706169128418,,,,,,,scale_1.0
rare_sharp,4096,True,torch.float16,1234,0.1,16,2,64,5.140016555786133,12.302258491516113,,,,,,,scale_1.0
rare_sharp,4096,True,torch.float16,1234,0.1,16,3,64,3.7975497245788574,7.2335710525512695,,,,,,,scale_1.0
rare_sharp,4096,True,torch.float16,1234,0.1,16,4,64,3.5454936027526855,8.121467590332031,,,,,,,scale_1.0
rare_sharp,4096,True,torch.float16,1234,0.1,16,5,64,4.27100944519043,9.930866241455078,,,,,,,scale_1.0
rare_sharp,4096,True,torch.float16,1234,0.1,16,6,64,3.50423002243042,7.137029647827148,,,,,,,scale_1.0
rare_sharp,4096,True,torch.float16,1234,0.1,16,7,64,3.742619514465332,8.68641471862793,,,,,,,scale_1.0
rare_sharp,4096,True,torch.float16,1234,0.1,16,0,64,0.07495687901973724,0.06758011877536774,,,,,,,rare_sharp_shift
rare_sharp,4096,True,torch.float16,1234,0.1,16,1,64,0.07567083835601807,0.07067932188510895,,,,,,,rare_sharp_shift
rare_sharp,4096,True,torch.float16,1234,0.1,16,2,64,0.08002577722072601,0.07127732038497925,,,,,,,rare_sharp_shift
rare_sharp,4096,True,torch.float16,1234,0.1,16,3,64,0.08114465326070786,0.07842695713043213,,,,,,,rare_sharp_shift
rare_sharp,4096,True,torch.float16,1234,0.1,16,4,64,0.07197844982147217,0.06543932110071182,,,,,,,rare_sharp_shift
rare_sharp,4096,True,torch.float16,1234,0.1,16,5,64,0.06819566339254379,0.06041093170642853,,,,,,,rare_sharp_shift
rare_sharp,4096,True,torch.float16,1234,0.1,16,6,64,0.07301942259073257,0.06569204479455948,,,,,,,rare_sharp_shift
rare_sharp,4096,True,torch.float16,1234,0.1,16,7,64,0.07917779684066772,0.07337895035743713,,,,,,,rare_sharp_shift
rare_sharp,8192,True,torch.float16,1234,0.1,16,0,64,0.06641560047864914,0.07026782631874084,,,,,,,
rare_sharp,8192,True,torch.float16,1234,0.1,16,1,64,0.06502082943916321,0.06614457070827484,,,,,,,
rare_sharp,8192,True,torch.float16,1234,0.1,16,2,64,0.06649415194988251,0.06911228597164154,,,,,,,
rare_sharp,8192,True,torch.float16,1234,0.1,16,3,64,0.068208247423172,0.07362397015094757,,,,,,,
rare_sharp,8192,True,torch.float16,1234,0.1,16,4,64,0.06806384027004242,0.07061613351106644,,,,,,,
rare_sharp,8192,True,torch.float16,1234,0.1,16,5,64,0.07350249588489532,0.07673118263483047,,,,,,,
rare_sharp,8192,True,torch.float16,1234,0.1,16,6,64,0.06301559507846832,0.06437931954860687,,,,,,,
rare_sharp,8192,True,torch.float16,1234,0.1,16,7,64,0.0759224221110344,0.07999897003173828,,,,,,,
rare_sharp,8192,True,torch.float16,1234,0.1,16,0,64,0.06785764545202255,0.072501540184021,,,,,,,rare_sharp
rare_sharp,8192,True,torch.float16,1234,0.1,16,1,64,0.06571675837039948,0.07412835210561752,,,,,,,rare_sharp
rare_sharp,8192,True,torch.float16,1234,0.1,16,2,64,0.0742378979921341,0.07657331228256226,,,,,,,rare_sharp
rare_sharp,8192,True,torch.float16,1234,0.1,16,3,64,0.06600882112979889,0.06672436743974686,,,,,,,rare_sharp
rare_sharp,8192,True,torch.float16,1234,0.1,16,4,64,0.08163885772228241,0.08823750168085098,,,,,,,rare_sharp
rare_sharp,8192,True,torch.float16,1234,0.1,16,5,64,0.062445856630802155,0.07012631744146347,,,,,,,rare_sharp
rare_sharp,8192,True,torch.float16,1234,0.1,16,6,64,0.06321048736572266,0.06913470476865768,,,,,,,rare_sharp
rare_sharp,8192,True,torch.float16,1234,0.1,16,7,64,0.06775465607643127,0.07073592394590378,,,,,,,rare_sharp
rare_sharp,8192,True,torch.float16,1234,0.1,16,0,64,5.216397285461426,11.479942321777344,,,,,,,scale_1.0
rare_sharp,8192,True,torch.float16,1234,0.1,16,1,64,4.010055065155029,8.259889602661133,,,,,,,scale_1.0
rare_sharp,8192,True,torch.float16,1234,0.1,16,2,64,5.010016441345215,11.804830551147461,,,,,,,scale_1.0
rare_sharp,8192,True,torch.float16,1234,0.1,16,3,64,4.758066654205322,9.655725479125977,,,,,,,scale_1.0
rare_sharp,8192,True,torch.float16,1234,0.1,16,4,64,4.793365001678467,9.673630714416504,,,,,,,scale_1.0
rare_sharp,8192,True,torch.float16,1234,0.1,16,5,64,6.540129661560059,16.0828857421875,,,,,,,scale_1.0
rare_sharp,8192,True,torch.float16,1234,0.1,16,6,64,4.76649284362793,10.089210510253906,,,,,,,scale_1.0
rare_sharp,8192,True,torch.float16,1234,0.1,16,7,64,4.473488807678223,9.129899978637695,,,,,,,scale_1.0
rare_sharp,8192,True,torch.float16,1234,0.1,16,0,64,0.06783854216337204,0.072501540184021,,,,,,,rare_sharp_shift
rare_sharp,8192,True,torch.float16,1234,0.1,16,1,64,0.06565040349960327,0.07412835210561752,,,,,,,rare_sharp_shift
rare_sharp,8192,True,torch.float16,1234,0.1,16,2,64,0.07413917779922485,0.07657331228256226,,,,,,,rare_sharp_shift
rare_sharp,8192,True,torch.float16,1234,0.1,16,3,64,0.0659504160284996,0.06640718132257462,,,,,,,rare_sharp_shift
rare_sharp,8192,True,torch.float16,1234,0.1,16,4,64,0.08174377679824829,0.0884018987417221,,,,,,,rare_sharp_shift
rare_sharp,8192,True,torch.float16,1234,0.1,16,5,64,0.06225581839680672,0.06974558532238007,,,,,,,rare_sharp_shift
rare_sharp,8192,True,torch.float16,1234,0.1,16,6,64,0.0631166398525238,0.06913470476865768,,,,,,,rare_sharp_shift
rare_sharp,8192,True,torch.float16,1234,0.1,16,7,64,0.0677274689078331,0.07073592394590378,,,,,,,rare_sharp_shift
rare_sharp,16384,True,torch.float16,1234,0.1,16,0,64,0.07165651023387909,0.06746900081634521,,,,,,,
rare_sharp,16384,True,torch.float16,1234,0.1,16,1,64,0.08134058862924576,0.07505371421575546,,,,,,,
rare_sharp,16384,True,torch.float16,1234,0.1,16,2,64,0.07869116216897964,0.07400253415107727,,,,,,,
rare_sharp,16384,True,torch.float16,1234,0.1,16,3,64,0.06862812489271164,0.06607463955879211,,,,,,,
rare_sharp,16384,True,torch.float16,1234,0.1,16,4,64,0.07294870913028717,0.07026100903749466,,,,,,,
rare_sharp,16384,True,torch.float16,1234,0.1,16,5,64,0.0788821130990982,0.07754892110824585,,,,,,,
rare_sharp,16384,True,torch.float16,1234,0.1,16,6,64,0.07165434956550598,0.06620783358812332,,,,,,,
rare_sharp,16384,True,torch.float16,1234,0.1,16,7,64,0.08827587962150574,0.09292244166135788,,,,,,,
rare_sharp,16384,True,torch.float16,1234,0.1,16,0,64,0.07199354469776154,0.07503488659858704,,,,,,,rare_sharp
rare_sharp,16384,True,torch.float16,1234,0.1,16,1,64,0.07833440601825714,0.0780692771077156,,,,,,,rare_sharp
rare_sharp,16384,True,torch.float16,1234,0.1,16,2,64,0.06756703555583954,0.0643923208117485,,,,,,,rare_sharp
rare_sharp,16384,True,torch.float16,1234,0.1,16,3,64,0.06676851212978363,0.06261221319437027,,,,,,,rare_sharp
rare_sharp,16384,True,torch.float16,1234,0.1,16,4,64,0.06625939905643463,0.06434613466262817,,,,,,,rare_sharp
rare_sharp,16384,True,torch.float16,1234,0.1,16,5,64,0.07003872841596603,0.06585974991321564,,,,,,,rare_sharp
rare_sharp,16384,True,torch.float16,1234,0.1,16,6,64,0.08288463205099106,0.09075163304805756,,,,,,,rare_sharp
rare_sharp,16384,True,torch.float16,1234,0.1,16,7,64,0.07816440612077713,0.07552266120910645,,,,,,,rare_sharp
rare_sharp,16384,True,torch.float16,1234,0.1,16,0,64,4.9782819747924805,10.168277740478516,,,,,,,scale_1.0
rare_sharp,16384,True,torch.float16,1234,0.1,16,1,64,5.030318260192871,12.3776273727417,,,,,,,scale_1.0
rare_sharp,16384,True,torch.float16,1234,0.1,16,2,64,4.420087814331055,9.025686264038086,,,,,,,scale_1.0
rare_sharp,16384,True,torch.float16,1234,0.1,16,3,64,5.762397289276123,14.821529388427734,,,,,,,scale_1.0
rare_sharp,16384,True,torch.float16,1234,0.1,16,4,64,5.257899284362793,11.856228828430176,,,,,,,scale_1.0
rare_sharp,16384,True,torch.float16,1234,0.1,16,5,64,6.051573753356934,14.644803047180176,,,,,,,scale_1.0
rare_sharp,16384,True,torch.float16,1234,0.1,16,6,64,5.629635810852051,11.523731231689453,,,,,,,scale_1.0
rare_sharp,16384,True,torch.float16,1234,0.1,16,7,64,4.804420471191406,9.45559024810791,,,,,,,scale_1.0
rare_sharp,16384,True,torch.float16,1234,0.1,16,0,64,0.06835585832595825,0.07496105134487152,,,,,,,rare_sharp_shift
rare_sharp,16384,True,torch.float16,1234,0.1,16,1,64,0.07458268851041794,0.07777531445026398,,,,,,,rare_sharp_shift
rare_sharp,16384,True,torch.float16,1234,0.1,16,2,64,0.06387408077716827,0.06412921845912933,,,,,,,rare_sharp_shift
rare_sharp,16384,True,torch.float16,1234,0.1,16,3,64,0.06302493810653687,0.06206356734037399,,,,,,,rare_sharp_shift
rare_sharp,16384,True,torch.float16,1234,0.1,16,4,64,0.062477998435497284,0.06377857178449631,,,,,,,rare_sharp_shift
rare_sharp,16384,True,torch.float16,1234,0.1,16,5,64,0.06629010289907455,0.06535559892654419,,,,,,,rare_sharp_shift
rare_sharp,16384,True,torch.float16,1234,0.1,16,6,64,0.07928663492202759,0.0905245766043663,,,,,,,rare_sharp_shift
rare_sharp,16384,True,torch.float16,1234,0.1,16,7,64,0.07452593743801117,0.07544177025556564,,,,,,,rare_sharp_shift
rare_sharp,32768,True,torch.float16,1234,0.1,16,0,256,0.034598805010318756,0.031260836869478226,,,,,,,
rare_sharp,32768,True,torch.float16,1234,0.1,16,1,256,0.0349140465259552,0.032174911350011826,,,,,,,
rare_sharp,32768,True,torch.float16,1234,0.1,16,2,256,0.04028960317373276,0.03748225420713425,,,,,,,
rare_sharp,32768,True,torch.float16,1234,0.1,16,3,256,0.0357503741979599,0.03351844474673271,,,,,,,
rare_sharp,32768,True,torch.float16,1234,0.1,16,4,256,0.03805732727050781,0.03750540316104889,,,,,,,
rare_sharp,32768,True,torch.float16,1234,0.1,16,5,256,0.03607013076543808,0.03358649089932442,,,,,,,
rare_sharp,32768,True,torch.float16,1234,0.1,16,6,256,0.0357079952955246,0.032494764775037766,,,,,,,
rare_sharp,32768,True,torch.float16,1234,0.1,16,7,256,0.03613505885004997,0.03460170328617096,,,,,,,
rare_sharp,32768,True,torch.float16,1234,0.1,16,0,256,0.035439036786556244,0.035015951842069626,,,,,,,rare_sharp
rare_sharp,32768,True,torch.float16,1234,0.1,16,1,256,0.03727133572101593,0.03450514003634453,,,,,,,rare_sharp
rare_sharp,32768,True,torch.float16,1234,0.1,16,2,256,0.03718172013759613,0.03407774120569229,,,,,,,rare_sharp
rare_sharp,32768,True,torch.float16,1234,0.1,16,3,256,0.03699282556772232,0.03396202623844147,,,,,,,rare_sharp
rare_sharp,32768,True,torch.float16,1234,0.1,16,4,256,0.03699096292257309,0.03526735678315163,,,,,,,rare_sharp
rare_sharp,32768,True,torch.float16,1234,0.1,16,5,256,0.03336804360151291,0.030284741893410683,,,,,,,rare_sharp
rare_sharp,32768,True,torch.float16,1234,0.1,16,6,256,0.03525855392217636,0.03371719270944595,,,,,,,rare_sharp
rare_sharp,32768,True,torch.float16,1234,0.1,16,7,256,0.03474810719490051,0.031163495033979416,,,,,,,rare_sharp
rare_sharp,32768,True,torch.float16,1234,0.1,16,0,256,5.808941841125488,13.055919647216797,,,,,,,scale_1.0
rare_sharp,32768,True,torch.float16,1234,0.1,16,1,256,6.384205341339111,17.281145095825195,,,,,,,scale_1.0
rare_sharp,32768,True,torch.float16,1234,0.1,16,2,256,5.5906829833984375,12.994709968566895,,,,,,,scale_1.0
rare_sharp,32768,True,torch.float16,1234,0.1,16,3,256,4.581646919250488,10.137633323669434,,,,,,,scale_1.0
rare_sharp,32768,True,torch.float16,1234,0.1,16,4,256,5.629083633422852,12.171899795532227,,,,,,,scale_1.0
rare_sharp,32768,True,torch.float16,1234,0.1,16,5,256,4.753430366516113,10.73453426361084,,,,,,,scale_1.0
rare_sharp,32768,True,torch.float16,1234,0.1,16,6,256,5.381633758544922,13.611715316772461,,,,,,,scale_1.0
rare_sharp,32768,True,torch.float16,1234,0.1,16,7,256,7.177674293518066,22.581323623657227,,,,,,,scale_1.0
rare_sharp,32768,True,torch.float16,1234,0.1,16,0,256,0.035380683839321136,0.035015951842069626,,,,,,,rare_sharp_shift
rare_sharp,32768,True,torch.float16,1234,0.1,16,1,256,0.037298113107681274,0.034579530358314514,,,,,,,rare_sharp_shift
rare_sharp,32768,True,torch.float16,1234,0.1,16,2,256,0.0371943935751915,0.03407774120569229,,,,,,,rare_sharp_shift
rare_sharp,32768,True,torch.float16,1234,0.1,16,3,256,0.036985594779253006,0.03396202623844147,,,,,,,rare_sharp_shift
rare_sharp,32768,True,torch.float16,1234,0.1,16,4,256,0.03703298419713974,0.03526735678315163,,,,,,,rare_sharp_shift
rare_sharp,32768,True,torch.float16,1234,0.1,16,5,256,0.033400699496269226,0.030284741893410683,,,,,,,rare_sharp_shift
rare_sharp,32768,True,torch.float16,1234,0.1,16,6,256,0.03527982532978058,0.03371719270944595,,,,,,,rare_sharp_shift
rare_sharp,32768,True,torch.float16,1234,0.1,16,7,256,0.03474051505327225,0.031163495033979416,,,,,,,rare_sharp_shift
rare_sharp,65536,True,torch.float16,1234,0.1,16,0,64,0.061346910893917084,0.07474369555711746,,,,,,,
rare_sharp,65536,True,torch.float16,1234,0.1,16,1,64,0.05989746004343033,0.07237698137760162,,,,,,,
rare_sharp,65536,True,torch.float16,1234,0.1,16,2,64,0.05737091600894928,0.06716911494731903,,,,,,,
rare_sharp,65536,True,torch.float16,1234,0.1,16,3,64,0.07229143381118774,0.08184520900249481,,,,,,,
rare_sharp,65536,True,torch.float16,1234,0.1,16,4,64,0.056183330714702606,0.07036782056093216,,,,,,,
rare_sharp,65536,True,torch.float16,1234,0.1,16,5,64,0.0635031908750534,0.07848021388053894,,,,,,,
rare_sharp,65536,True,torch.float16,1234,0.1,16,6,64,0.05762793868780136,0.07001233845949173,,,,,,,
rare_sharp,65536,True,torch.float16,1234,0.1,16,7,64,0.05464320257306099,0.06317579746246338,,,,,,,
rare_sharp,65536,True,torch.float16,1234,0.1,16,0,64,0.05919237434864044,0.06934085488319397,,,,,,,rare_sharp
rare_sharp,65536,True,torch.float16,1234,0.1,16,1,64,0.05480199307203293,0.06349046528339386,,,,,,,rare_sharp
rare_sharp,65536,True,torch.float16,1234,0.1,16,2,64,0.06815208494663239,0.07749239355325699,,,,,,,rare_sharp
rare_sharp,65536,True,torch.float16,1234,0.1,16,3,64,0.05703681707382202,0.0652129054069519,,,,,,,rare_sharp
rare_sharp,65536,True,torch.float16,1234,0.1,16,4,64,0.061751838773489,0.07129871845245361,,,,,,,rare_sharp
rare_sharp,65536,True,torch.float16,1234,0.1,16,5,64,0.05252237617969513,0.06449020653963089,,,,,,,rare_sharp
rare_sharp,65536,True,torch.float16,1234,0.1,16,6,64,0.05634565278887749,0.0659344345331192,,,,,,,rare_sharp
rare_sharp,65536,True,torch.float16,1234,0.1,16,7,64,0.05798834189772606,0.06747296452522278,,,,,,,rare_sharp
rare_sharp,65536,True,torch.float16,1234,0.1,16,0,64,6.647858619689941,15.772541999816895,,,,,,,scale_1.0
rare_sharp,65536,True,torch.float16,1234,0.1,16,1,64,5.857767581939697,12.311426162719727,,,,,,,scale_1.0
rare_sharp,65536,True,torch.float16,1234,0.1,16,2,64,6.059009075164795,12.630873680114746,,,,,,,scale_1.0
rare_sharp,65536,True,torch.float16,1234,0.1,16,3,64,5.776642799377441,12.446045875549316,,,,,,,scale_1.0
rare_sharp,65536,True,torch.float16,1234,0.1,16,4,64,6.682341575622559,13.362648010253906,,,,,,,scale_1.0
rare_sharp,65536,True,torch.float16,1234,0.1,16,5,64,4.701274871826172,8.85256290435791,,,,,,,scale_1.0
rare_sharp,65536,True,torch.float16,1234,0.1,16,6,64,5.675994396209717,12.243677139282227,,,,,,,scale_1.0
rare_sharp,65536,True,torch.float16,1234,0.1,16,7,64,6.473032474517822,14.555370330810547,,,,,,,scale_1.0
rare_sharp,65536,True,torch.float16,1234,0.1,16,0,64,0.05919237434864044,0.06934085488319397,,,,,,,rare_sharp_shift
rare_sharp,65536,True,torch.float16,1234,0.1,16,1,64,0.05480199307203293,0.06349046528339386,,,,,,,rare_sharp_shift
rare_sharp,65536,True,torch.float16,1234,0.1,16,2,64,0.06815208494663239,0.07749239355325699,,,,,,,rare_sharp_shift
rare_sharp,65536,True,torch.float16,1234,0.1,16,3,64,0.05703681707382202,0.0652129054069519,,,,,,,rare_sharp_shift
rare_sharp,65536,True,torch.float16,1234,0.1,16,4,64,0.061751838773489,0.07129871845245361,,,,,,,rare_sharp_shift
rare_sharp,65536,True,torch.float16,1234,0.1,16,5,64,0.05252237617969513,0.06449020653963089,,,,,,,rare_sharp_shift
rare_sharp,65536,True,torch.float16,1234,0.1,16,6,64,0.05634565278887749,0.0659344345331192,,,,,,,rare_sharp_shift
rare_sharp,65536,True,torch.float16,1234,0.1,16,7,64,0.05798834189772606,0.06747296452522278,,,,,,,rare_sharp_shift
rare_sharp,512,True,torch.float32,1234,0.1,16,0,64,0.06448444724082947,0.06400536000728607,,,,,,,
rare_sharp,512,True,torch.float32,1234,0.1,16,1,64,0.06795869767665863,0.07091366499662399,,,,,,,
rare_sharp,512,True,torch.float32,1234,0.1,16,2,64,0.06753849983215332,0.07257382571697235,,,,,,,
rare_sharp,512,True,torch.float32,1234,0.1,16,3,64,0.06648840010166168,0.06767803430557251,,,,,,,
rare_sharp,512,True,torch.float32,1234,0.1,16,4,64,0.07048569619655609,0.07430808246135712,,,,,,,
rare_sharp,512,True,torch.float32,1234,0.1,16,5,64,0.06341666728258133,0.061376214027404785,,,,,,,
rare_sharp,512,True,torch.float32,1234,0.1,16,6,64,0.07370029389858246,0.08637350052595139,,,,,,,
rare_sharp,512,True,torch.float32,1234,0.1,16,7,64,0.07424376159906387,0.08469852805137634,,,,,,,
rare_sharp,512,True,torch.float32,1234,0.1,16,0,64,,,all_query_rows,0.06304176151752472,0.06448640674352646,1.000038981437683,5,0,
rare_sharp,512,True,torch.float32,1234,0.1,16,1,64,,,all_query_rows,0.06615197658538818,0.07071387767791748,1.008394479751587,5,0,
rare_sharp,512,True,torch.float32,1234,0.1,16,2,64,,,all_query_rows,0.06528855860233307,0.07182242721319199,1.0046802759170532,5,0,
rare_sharp,512,True,torch.float32,1234,0.1,16,3,64,,,all_query_rows,0.06486229598522186,0.06714774668216705,0.9927107095718384,5,0,
rare_sharp,512,True,torch.float32,1234,0.1,16,4,64,,,all_query_rows,0.06842770427465439,0.07295701652765274,0.9993612766265869,5,0,
rare_sharp,512,True,torch.float32,1234,0.1,16,5,64,,,all_query_rows,0.061607226729393005,0.061342429369688034,1.0118882656097412,5,0,
rare_sharp,512,True,torch.float32,1234,0.1,16,6,64,,,all_query_rows,0.07128457725048065,0.0820583626627922,1.0154508352279663,10,0,
rare_sharp,512,True,torch.float32,1234,0.1,16,7,64,,,all_query_rows,0.07183907181024551,0.0845564603805542,1.00261652469635,5,0,
rare_sharp,512,True,torch.float32,1234,0.1,16,0,64,0.08124349266290665,0.08441269397735596,,,,,,,rare_sharp
rare_sharp,512,True,torch.float32,1234,0.1,16,1,64,0.07492977380752563,0.08205801248550415,,,,,,,rare_sharp
rare_sharp,512,True,torch.float32,1234,0.1,16,2,64,0.06437905877828598,0.06426230818033218,,,,,,,rare_sharp
rare_sharp,512,True,torch.float32,1234,0.1,16,3,64,0.06749428063631058,0.07116732001304626,,,,,,,rare_sharp
rare_sharp,512,True,torch.float32,1234,0.1,16,4,64,0.06719785928726196,0.06951474398374557,,,,,,,rare_sharp
rare_sharp,512,True,torch.float32,1234,0.1,16,5,64,0.06429426372051239,0.0665874034166336,,,,,,,rare_sharp
rare_sharp,512,True,torch.float32,1234,0.1,16,6,64,0.07447388768196106,0.07644432783126831,,,,,,,rare_sharp
rare_sharp,512,True,torch.float32,1234,0.1,16,7,64,0.0755278542637825,0.08240468800067902,,,,,,,rare_sharp
rare_sharp,512,True,torch.float32,1234,0.1,16,0,64,2.8160252571105957,5.860184669494629,,,,,,,scale_1.0
rare_sharp,512,True,torch.float32,1234,0.1,16,1,64,2.287654399871826,4.465319633483887,,,,,,,scale_1.0
rare_sharp,512,True,torch.float32,1234,0.1,16,2,64,2.5335679054260254,5.475286960601807,,,,,,,scale_1.0
rare_sharp,512,True,torch.float32,1234,0.1,16,3,64,2.4872896671295166,5.1204304695129395,,,,,,,scale_1.0
rare_sharp,512,True,torch.float32,1234,0.1,16,4,64,2.1915218830108643,4.614803791046143,,,,,,,scale_1.0
rare_sharp,512,True,torch.float32,1234,0.1,16,5,64,2.5264620780944824,5.293417453765869,,,,,,,scale_1.0
rare_sharp,512,True,torch.float32,1234,0.1,16,6,64,2.5629024505615234,5.015834808349609,,,,,,,scale_1.0
rare_sharp,512,True,torch.float32,1234,0.1,16,7,64,2.982264757156372,7.829191207885742,,,,,,,scale_1.0
rare_sharp,512,True,torch.float32,1234,0.1,16,0,64,0.08431412279605865,0.0847298875451088,,,,,,,rare_sharp_shift
rare_sharp,512,True,torch.float32,1234,0.1,16,1,64,0.0786476880311966,0.0827445387840271,,,,,,,rare_sharp_shift
rare_sharp,512,True,torch.float32,1234,0.1,16,2,64,0.06767676770687103,0.06426230818033218,,,,,,,rare_sharp_shift
rare_sharp,512,True,torch.float32,1234,0.1,16,3,64,0.07082933187484741,0.07196876406669617,,,,,,,rare_sharp_shift
rare_sharp,512,True,torch.float32,1234,0.1,16,4,64,0.07048302888870239,0.06951474398374557,,,,,,,rare_sharp_shift
rare_sharp,512,True,torch.float32,1234,0.1,16,5,64,0.06757944822311401,0.0665874034166336,,,,,,,rare_sharp_shift
rare_sharp,512,True,torch.float32,1234,0.1,16,6,64,0.07780885696411133,0.07669498026371002,,,,,,,rare_sharp_shift
rare_sharp,512,True,torch.float32,1234,0.1,16,7,64,0.07858013361692429,0.082535021007061,,,,,,,rare_sharp_shift
rare_sharp,1024,True,torch.float32,1234,0.1,16,0,64,0.07365378737449646,0.07282920181751251,,,,,,,
rare_sharp,1024,True,torch.float32,1234,0.1,16,1,64,0.07115693390369415,0.0750640258193016,,,,,,,
rare_sharp,1024,True,torch.float32,1234,0.1,16,2,64,0.06244874373078346,0.06196080520749092,,,,,,,
rare_sharp,1024,True,torch.float32,1234,0.1,16,3,64,0.07392597198486328,0.07615658640861511,,,,,,,
rare_sharp,1024,True,torch.float32,1234,0.1,16,4,64,0.06844472885131836,0.07377952337265015,,,,,,,
rare_sharp,1024,True,torch.float32,1234,0.1,16,5,64,0.06329275667667389,0.06566372513771057,,,,,,,
rare_sharp,1024,True,torch.float32,1234,0.1,16,6,64,0.07003556191921234,0.07050155103206635,,,,,,,
rare_sharp,1024,True,torch.float32,1234,0.1,16,7,64,0.07788485288619995,0.07794557511806488,,,,,,,
rare_sharp,1024,True,torch.float32,1234,0.1,16,0,64,,,all_query_rows,0.07157949358224869,0.07321567088365555,1.003154993057251,10,0,
rare_sharp,1024,True,torch.float32,1234,0.1,16,1,64,,,all_query_rows,0.06925465911626816,0.07443005591630936,1.0072197914123535,10,0,
rare_sharp,1024,True,torch.float32,1234,0.1,16,2,64,,,all_query_rows,0.060414090752601624,0.061686497181653976,1.0109292268753052,10,0,
rare_sharp,1024,True,torch.float32,1234,0.1,16,3,64,,,all_query_rows,0.07222916930913925,0.07623434066772461,1.0010390281677246,10,0,
rare_sharp,1024,True,torch.float32,1234,0.1,16,4,64,,,all_query_rows,0.06692466139793396,0.07311663031578064,1.0067142248153687,10,0,
rare_sharp,1024,True,torch.float32,1234,0.1,16,5,64,,,all_query_rows,0.06103966757655144,0.06354793906211853,1.003607988357544,10,0,
rare_sharp,1024,True,torch.float32,1234,0.1,16,6,64,,,all_query_rows,0.06822242587804794,0.06991106271743774,1.006097674369812,10,0,
rare_sharp,1024,True,torch.float32,1234,0.1,16,7,64,,,all_query_rows,0.07604490220546722,0.07776673883199692,0.9991760849952698,10,0,
rare_sharp,1024,True,torch.float32,1234,0.1,16,0,64,0.06521759927272797,0.06600631773471832,,,,,,,rare_sharp
rare_sharp,1024,True,torch.float32,1234,0.1,16,1,64,0.06991250067949295,0.073357954621315,,,,,,,rare_sharp
rare_sharp,1024,True,torch.float32,1234,0.1,16,2,64,0.06503183394670486,0.06280003488063812,,,,,,,rare_sharp
rare_sharp,1024,True,torch.float32,1234,0.1,16,3,64,0.06560062617063522,0.06544129550457001,,,,,,,rare_sharp
rare_sharp,1024,True,torch.float32,1234,0.1,16,4,64,0.07325652986764908,0.07575701177120209,,,,,,,rare_sharp
rare_sharp,1024,True,torch.float32,1234,0.1,16,5,64,0.06852680444717407,0.06972117722034454,,,,,,,rare_sharp
rare_sharp,1024,True,torch.float32,1234,0.1,16,6,64,0.07206539064645767,0.07568131387233734,,,,,,,rare_sharp
rare_sharp,1024,True,torch.float32,1234,0.1,16,7,64,0.07827740907669067,0.08145448565483093,,,,,,,rare_sharp
rare_sharp,1024,True,torch.float32,1234,0.1,16,0,64,2.421924591064453,4.608652114868164,,,,,,,scale_1.0
rare_sharp,1024,True,torch.float32,1234,0.1,16,1,64,2.785341262817383,5.486193656921387,,,,,,,scale_1.0
rare_sharp,1024,True,torch.float32,1234,0.1,16,2,64,2.6979966163635254,6.333834648132324,,,,,,,scale_1.0
rare_sharp,1024,True,torch.float32,1234,0.1,16,3,64,2.5914645195007324,5.580594062805176,,,,,,,scale_1.0
rare_sharp,1024,True,torch.float32,1234,0.1,16,4,64,3.1589980125427246,7.515722274780273,,,,,,,scale_1.0
rare_sharp,1024,True,torch.float32,1234,0.1,16,5,64,2.6041812896728516,5.023802757263184,,,,,,,scale_1.0
rare_sharp,1024,True,torch.float32,1234,0.1,16,6,64,3.0645480155944824,6.400762557983398,,,,,,,scale_1.0
rare_sharp,1024,True,torch.float32,1234,0.1,16,7,64,3.069056987762451,6.893682956695557,,,,,,,scale_1.0
rare_sharp,1024,True,torch.float32,1234,0.1,16,0,64,0.06506618857383728,0.06605065613985062,,,,,,,rare_sharp_shift
rare_sharp,1024,True,torch.float32,1234,0.1,16,1,64,0.06970907747745514,0.073357954621315,,,,,,,rare_sharp_shift
rare_sharp,1024,True,torch.float32,1234,0.1,16,2,64,0.06487773358821869,0.06280003488063812,,,,,,,rare_sharp_shift
rare_sharp,1024,True,torch.float32,1234,0.1,16,3,64,0.06543891131877899,0.06544129550457001,,,,,,,rare_sharp_shift
rare_sharp,1024,True,torch.float32,1234,0.1,16,4,64,0.07324889302253723,0.07575701177120209,,,,,,,rare_sharp_shift
rare_sharp,1024,True,torch.float32,1234,0.1,16,5,64,0.06851640343666077,0.06972117722034454,,,,,,,rare_sharp_shift
rare_sharp,1024,True,torch.float32,1234,0.1,16,6,64,0.07207894325256348,0.07568131387233734,,,,,,,rare_sharp_shift
rare_sharp,1024,True,torch.float32,1234,0.1,16,7,64,0.0783182680606842,0.08145448565483093,,,,,,,rare_sharp_shift
rare_sharp,2048,True,torch.float32,1234,0.1,16,0,64,0.06543108820915222,0.07111691683530807,,,,,,,
rare_sharp,2048,True,torch.float32,1234,0.1,16,1,64,0.06745480746030807,0.07632028311491013,,,,,,,
rare_sharp,2048,True,torch.float32,1234,0.1,16,2,64,0.07370396703481674,0.07966738939285278,,,,,,,
rare_sharp,2048,True,torch.float32,1234,0.1,16,3,64,0.05716810002923012,0.06040402501821518,,,,,,,
rare_sharp,2048,True,torch.float32,1234,0.1,16,4,64,0.05979136377573013,0.06356830149888992,,,,,,,
rare_sharp,2048,True,torch.float32,1234,0.1,16,5,64,0.07278509438037872,0.08207609504461288,,,,,,,
rare_sharp,2048,True,torch.float32,1234,0.1,16,6,64,0.06349046528339386,0.06826505064964294,,,,,,,
rare_sharp,2048,True,torch.float32,1234,0.1,16,7,64,0.06496809422969818,0.06801944971084595,,,,,,,
rare_sharp,2048,True,torch.float32,1234,0.1,16,0,64,,,all_query_rows,0.06694350391626358,0.07089401036500931,1.0073195695877075,20,0,
rare_sharp,2048,True,torch.float32,1234,0.1,16,1,64,,,all_query_rows,0.06874506175518036,0.07667728513479233,1.0081861019134521,20,0,
rare_sharp,2048,True,torch.float32,1234,0.1,16,2,64,,,all_query_rows,0.0757954865694046,0.07987599819898605,1.0058263540267944,21,0,
rare_sharp,2048,True,torch.float32,1234,0.1,16,3,64,,,all_query_rows,0.05891839414834976,0.0615660734474659,1.008054494857788,20,0,
rare_sharp,2048,True,torch.float32,1234,0.1,16,4,64,,,all_query_rows,0.06113755330443382,0.062496211379766464,1.008224368095398,20,0,
rare_sharp,2048,True,torch.float32,1234,0.1,16,5,64,,,all_query_rows,0.07434990257024765,0.08344396948814392,1.0071645975112915,22,0,
rare_sharp,2048,True,torch.float32,1234,0.1,16,6,64,,,all_query_rows,0.06489981710910797,0.06827561557292938,1.008030652999878,20,0,
rare_sharp,2048,True,torch.float32,1234,0.1,16,7,64,,,all_query_rows,0.06666816771030426,0.06810180842876434,1.0069392919540405,20,0,
rare_sharp,2048,True,torch.float32,1234,0.1,16,0,64,0.06923559308052063,0.07442183047533035,,,,,,,rare_sharp
rare_sharp,2048,True,torch.float32,1234,0.1,16,1,64,0.06764671951532364,0.07121460884809494,,,,,,,rare_sharp
rare_sharp,2048,True,torch.float32,1234,0.1,16,2,64,0.06414899975061417,0.06501330435276031,,,,,,,rare_sharp
rare_sharp,2048,True,torch.float32,1234,0.1,16,3,64,0.07463613897562027,0.07912497967481613,,,,,,,rare_sharp
rare_sharp,2048,True,torch.float32,1234,0.1,16,4,64,0.07149603962898254,0.07559923827648163,,,,,,,rare_sharp
rare_sharp,2048,True,torch.float32,1234,0.1,16,5,64,0.05987625569105148,0.06625988334417343,,,,,,,rare_sharp
rare_sharp,2048,True,torch.float32,1234,0.1,16,6,64,0.07140309363603592,0.07440055906772614,,,,,,,rare_sharp
rare_sharp,2048,True,torch.float32,1234,0.1,16,7,64,0.07021839916706085,0.07283427566289902,,,,,,,rare_sharp
rare_sharp,2048,True,torch.float32,1234,0.1,16,0,64,2.77842378616333,5.22758674621582,,,,,,,scale_1.0
rare_sharp,2048,True,torch.float32,1234,0.1,16,1,64,3.4150781631469727,7.06882905960083,,,,,,,scale_1.0
rare_sharp,2048,True,torch.float32,1234,0.1,16,2,64,2.850956439971924,5.943078994750977,,,,,,,scale_1.0
rare_sharp,2048,True,torch.float32,1234,0.1,16,3,64,4.5206804275512695,10.79730224609375,,,,,,,scale_1.0
rare_sharp,2048,True,torch.float32,1234,0.1,16,4,64,3.947564125061035,10.165809631347656,,,,,,,scale_1.0
rare_sharp,2048,True,torch.float32,1234,0.1,16,5,64,3.0264034271240234,5.783033847808838,,,,,,,scale_1.0
rare_sharp,2048,True,torch.float32,1234,0.1,16,6,64,5.252241134643555,14.62331771850586,,,,,,,scale_1.0
rare_sharp,2048,True,torch.float32,1234,0.1,16,7,64,3.648798942565918,7.5032854080200195,,,,,,,scale_1.0
rare_sharp,2048,True,torch.float32,1234,0.1,16,0,64,0.06560980528593063,0.07432572543621063,,,,,,,rare_sharp_shift
rare_sharp,2048,True,torch.float32,1234,0.1,16,1,64,0.06389841437339783,0.07084587961435318,,,,,,,rare_sharp_shift
rare_sharp,2048,True,torch.float32,1234,0.1,16,2,64,0.060532864183187485,0.06491656601428986,,,,,,,rare_sharp_shift
rare_sharp,2048,True,torch.float32,1234,0.1,16,3,64,0.07106994092464447,0.07892858982086182,,,,,,,rare_sharp_shift
rare_sharp,2048,True,torch.float32,1234,0.1,16,4,64,0.06784063577651978,0.07517705857753754,,,,,,,rare_sharp_shift
rare_sharp,2048,True,torch.float32,1234,0.1,16,5,64,0.05628997087478638,0.06625988334417343,,,,,,,rare_sharp_shift
rare_sharp,2048,True,torch.float32,1234,0.1,16,6,64,0.0677623450756073,0.07408423721790314,,,,,,,rare_sharp_shift
rare_sharp,2048,True,torch.float32,1234,0.1,16,7,64,0.06649775803089142,0.07251423597335815,,,,,,,rare_sharp_shift
rare_sharp,4096,True,torch.float32,1234,0.1,16,0,64,0.07467593252658844,0.07116411626338959,,,,,,,
rare_sharp,4096,True,torch.float32,1234,0.1,16,1,64,0.07065358757972717,0.06439478695392609,,,,,,,
rare_sharp,4096,True,torch.float32,1234,0.1,16,2,64,0.07080219686031342,0.06959714740514755,,,,,,,
rare_sharp,4096,True,torch.float32,1234,0.1,16,3,64,0.07209235429763794,0.06715252995491028,,,,,,,
rare_sharp,4096,True,torch.float32,1234,0.1,16,4,64,0.07687761634588242,0.07422729581594467,,,,,,,
rare_sharp,4096,True,torch.float32,1234,0.1,16,5,64,0.07080256938934326,0.06869625300168991,,,,,,,
rare_sharp,4096,True,torch.float32,1234,0.1,16,6,64,0.06945303082466125,0.06706927716732025,,,,,,,
rare_sharp,4096,True,torch.float32,1234,0.1,16,7,64,0.07881321758031845,0.07796585559844971,,,,,,,
rare_sharp,4096,True,torch.float32,1234,0.1,16,0,64,,,all_query_rows,0.06940516084432602,0.07055255770683289,1.0051072835922241,40,0,
rare_sharp,4096,True,torch.float32,1234,0.1,16,1,64,,,all_query_rows,0.0655495822429657,0.06524987518787384,1.0038572549819946,42,0,
rare_sharp,4096,True,torch.float32,1234,0.1,16,2,64,,,all_query_rows,0.06485036015510559,0.06674294173717499,1.0091460943222046,40,0,
rare_sharp,4096,True,torch.float32,1234,0.1,16,3,64,,,all_query_rows,0.06688497215509415,0.06610448658466339,1.0060254335403442,40,0,
rare_sharp,4096,True,torch.float32,1234,0.1,16,4,64,,,all_query_rows,0.07176472246646881,0.07436704635620117,1.0078593492507935,40,0,
rare_sharp,4096,True,torch.float32,1234,0.1,16,5,64,,,all_query_rows,0.0651879832148552,0.06724971532821655,1.0070940256118774,40,0,
rare_sharp,4096,True,torch.float32,1234,0.1,16,6,64,,,all_query_rows,0.06398186087608337,0.0687505453824997,1.0047045946121216,43,0,
rare_sharp,4096,True,torch.float32,1234,0.1,16,7,64,,,all_query_rows,0.07379370927810669,0.07723106443881989,1.0063122510910034,40,0,
rare_sharp,4096,True,torch.float32,1234,0.1,16,0,64,0.07133814692497253,0.06741850078105927,,,,,,,rare_sharp
rare_sharp,4096,True,torch.float32,1234,0.1,16,1,64,0.07221406698226929,0.07021299004554749,,,,,,,rare_sharp
rare_sharp,4096,True,torch.float32,1234,0.1,16,2,64,0.07640530914068222,0.07113823294639587,,,,,,,rare_sharp
rare_sharp,4096,True,torch.float32,1234,0.1,16,3,64,0.07736311107873917,0.07505714148283005,,,,,,,rare_sharp
rare_sharp,4096,True,torch.float32,1234,0.1,16,4,64,0.0682768002152443,0.06456410884857178,,,,,,,rare_sharp
rare_sharp,4096,True,torch.float32,1234,0.1,16,5,64,0.06443355977535248,0.06011282280087471,,,,,,,rare_sharp
rare_sharp,4096,True,torch.float32,1234,0.1,16,6,64,0.06926274299621582,0.065241739153862,,,,,,,rare_sharp
rare_sharp,4096,True,torch.float32,1234,0.1,16,7,64,0.07555659860372543,0.07283026725053787,,,,,,,rare_sharp
rare_sharp,4096,True,torch.float32,1234,0.1,16,0,64,3.770913600921631,8.772867202758789,,,,,,,scale_1.0
rare_sharp,4096,True,torch.float32,1234,0.1,16,1,64,4.431834697723389,10.038562774658203,,,,,,,scale_1.0
rare_sharp,4096,True,torch.float32,1234,0.1,16,2,64,5.139909744262695,12.302200317382812,,,,,,,scale_1.0
rare_sharp,4096,True,torch.float32,1234,0.1,16,3,64,3.7974770069122314,7.233750820159912,,,,,,,scale_1.0
rare_sharp,4096,True,torch.float32,1234,0.1,16,4,64,3.545867919921875,8.12265682220459,,,,,,,scale_1.0
rare_sharp,4096,True,torch.float32,1234,0.1,16,5,64,4.270821571350098,9.928583145141602,,,,,,,scale_1.0
rare_sharp,4096,True,torch.float32,1234,0.1,16,6,64,3.504075527191162,7.134024620056152,,,,,,,scale_1.0
rare_sharp,4096,True,torch.float32,1234,0.1,16,7,64,3.7424063682556152,8.686958312988281,,,,,,,scale_1.0
rare_sharp,4096,True,torch.float32,1234,0.1,16,0,64,0.07495644688606262,0.06757988035678864,,,,,,,rare_sharp_shift
rare_sharp,4096,True,torch.float32,1234,0.1,16,1,64,0.07566976547241211,0.07067548483610153,,,,,,,rare_sharp_shift
rare_sharp,4096,True,torch.float32,1234,0.1,16,2,64,0.08002510666847229,0.07127663493156433,,,,,,,rare_sharp_shift
rare_sharp,4096,True,torch.float32,1234,0.1,16,3,64,0.0811450183391571,0.07842414826154709,,,,,,,rare_sharp_shift
rare_sharp,4096,True,torch.float32,1234,0.1,16,4,64,0.07197637856006622,0.06543752551078796,,,,,,,rare_sharp_shift
rare_sharp,4096,True,torch.float32,1234,0.1,16,5,64,0.06819621473550797,0.06041450798511505,,,,,,,rare_sharp_shift
rare_sharp,4096,True,torch.float32,1234,0.1,16,6,64,0.07301703095436096,0.06568998098373413,,,,,,,rare_sharp_shift
rare_sharp,4096,True,torch.float32,1234,0.1,16,7,64,0.07917897403240204,0.0733758807182312,,,,,,,rare_sharp_shift
rare_sharp,8192,True,torch.float32,1234,0.1,16,0,64,0.06641621887683868,0.07026995718479156,,,,,,,
rare_sharp,8192,True,torch.float32,1234,0.1,16,1,64,0.06502360105514526,0.06614937633275986,,,,,,,
rare_sharp,8192,True,torch.float32,1234,0.1,16,2,64,0.06649354100227356,0.06910966336727142,,,,,,,
rare_sharp,8192,True,torch.float32,1234,0.1,16,3,64,0.06821206212043762,0.07362906634807587,,,,,,,
rare_sharp,8192,True,torch.float32,1234,0.1,16,4,64,0.06806305050849915,0.07061537355184555,,,,,,,
rare_sharp,8192,True,torch.float32,1234,0.1,16,5,64,0.07350080460309982,0.07672648131847382,,,,,,,
rare_sharp,8192,True,torch.float32,1234,0.1,16,6,64,0.0630178228020668,0.06437794864177704,,,,,,,
rare_sharp,8192,True,torch.float32,1234,0.1,16,7,64,0.0759216919541359,0.07999624311923981,,,,,,,
rare_sharp,8192,True,torch.float32,1234,0.1,16,0,64,0.06785555183887482,0.07250230014324188,,,,,,,rare_sharp
rare_sharp,8192,True,torch.float32,1234,0.1,16,1,64,0.06571529805660248,0.0741235613822937,,,,,,,rare_sharp
rare_sharp,8192,True,torch.float32,1234,0.1,16,2,64,0.07423665374517441,0.0765693262219429,,,,,,,rare_sharp
rare_sharp,8192,True,torch.float32,1234,0.1,16,3,64,0.06600847840309143,0.06672641634941101,,,,,,,rare_sharp
rare_sharp,8192,True,torch.float32,1234,0.1,16,4,64,0.08163830637931824,0.08823637664318085,,,,,,,rare_sharp
rare_sharp,8192,True,torch.float32,1234,0.1,16,5,64,0.06244608759880066,0.07012831419706345,,,,,,,rare_sharp
rare_sharp,8192,True,torch.float32,1234,0.1,16,6,64,0.06321027874946594,0.06913188844919205,,,,,,,rare_sharp
rare_sharp,8192,True,torch.float32,1234,0.1,16,7,64,0.06775448471307755,0.07073710113763809,,,,,,,rare_sharp
rare_sharp,8192,True,torch.float32,1234,0.1,16,0,64,5.215302467346191,11.472436904907227,,,,,,,scale_1.0
rare_sharp,8192,True,torch.float32,1234,0.1,16,1,64,4.010178565979004,8.260078430175781,,,,,,,scale_1.0
rare_sharp,8192,True,torch.float32,1234,0.1,16,2,64,5.0094146728515625,11.794198989868164,,,,,,,scale_1.0
rare_sharp,8192,True,torch.float32,1234,0.1,16,3,64,4.758061408996582,9.657854080200195,,,,,,,scale_1.0
rare_sharp,8192,True,torch.float32,1234,0.1,16,4,64,4.793317794799805,9.6737642288208,,,,,,,scale_1.0
rare_sharp,8192,True,torch.float32,1234,0.1,16,5,64,6.5414958000183105,16.085220336914062,,,,,,,scale_1.0
rare_sharp,8192,True,torch.float32,1234,0.1,16,6,64,4.766290664672852,10.088668823242188,,,,,,,scale_1.0
rare_sharp,8192,True,torch.float32,1234,0.1,16,7,64,4.473104000091553,9.127071380615234,,,,,,,scale_1.0
rare_sharp,8192,True,torch.float32,1234,0.1,16,0,64,0.06783643364906311,0.07250230014324188,,,,,,,rare_sharp_shift
rare_sharp,8192,True,torch.float32,1234,0.1,16,1,64,0.06564894318580627,0.0741235613822937,,,,,,,rare_sharp_shift
rare_sharp,8192,True,torch.float32,1234,0.1,16,2,64,0.07413790374994278,0.0765693262219429,,,,,,,rare_sharp_shift
rare_sharp,8192,True,torch.float32,1234,0.1,16,3,64,0.06595008075237274,0.06640421599149704,,,,,,,rare_sharp_shift
rare_sharp,8192,True,torch.float32,1234,0.1,16,4,64,0.08174362033605576,0.0883999764919281,,,,,,,rare_sharp_shift
rare_sharp,8192,True,torch.float32,1234,0.1,16,5,64,0.06225607171654701,0.06974772363901138,,,,,,,rare_sharp_shift
rare_sharp,8192,True,torch.float32,1234,0.1,16,6,64,0.0631164163351059,0.06913188844919205,,,,,,,rare_sharp_shift
rare_sharp,8192,True,torch.float32,1234,0.1,16,7,64,0.06772729754447937,0.07073710113763809,,,,,,,rare_sharp_shift
rare_sharp,16384,True,torch.float32,1234,0.1,16,0,64,0.07165554165840149,0.06746749579906464,,,,,,,
rare_sharp,16384,True,torch.float32,1234,0.1,16,1,64,0.08134007453918457,0.07505157589912415,,,,,,,
rare_sharp,16384,True,torch.float32,1234,0.1,16,2,64,0.0786905437707901,0.07400083541870117,,,,,,,
rare_sharp,16384,True,torch.float32,1234,0.1,16,3,64,0.06862819194793701,0.06607335060834885,,,,,,,
rare_sharp,16384,True,torch.float32,1234,0.1,16,4,64,0.07294653356075287,0.07025968283414841,,,,,,,
rare_sharp,16384,True,torch.float32,1234,0.1,16,5,64,0.07888251543045044,0.077552929520607,,,,,,,
rare_sharp,16384,True,torch.float32,1234,0.1,16,6,64,0.07165604084730148,0.06620755791664124,,,,,,,
rare_sharp,16384,True,torch.float32,1234,0.1,16,7,64,0.08828027546405792,0.09292732179164886,,,,,,,
rare_sharp,16384,True,torch.float32,1234,0.1,16,0,64,0.07199554145336151,0.07503942400217056,,,,,,,rare_sharp
rare_sharp,16384,True,torch.float32,1234,0.1,16,1,64,0.07833141088485718,0.0780629813671112,,,,,,,rare_sharp
rare_sharp,16384,True,torch.float32,1234,0.1,16,2,64,0.06756731122732162,0.06439310312271118,,,,,,,rare_sharp
rare_sharp,16384,True,torch.float32,1234,0.1,16,3,64,0.06677014380693436,0.06261470913887024,,,,,,,rare_sharp
rare_sharp,16384,True,torch.float32,1234,0.1,16,4,64,0.06625959277153015,0.06434738636016846,,,,,,,rare_sharp
rare_sharp,16384,True,torch.float32,1234,0.1,16,5,64,0.070038802921772,0.06585600972175598,,,,,,,rare_sharp
rare_sharp,16384,True,torch.float32,1234,0.1,16,6,64,0.08288465440273285,0.09075574576854706,,,,,,,rare_sharp
rare_sharp,16384,True,torch.float32,1234,0.1,16,7,64,0.07816469669342041,0.07552346587181091,,,,,,,rare_sharp
rare_sharp,16384,True,torch.float32,1234,0.1,16,0,64,4.977888107299805,10.163337707519531,,,,,,,scale_1.0
rare_sharp,16384,True,torch.float32,1234,0.1,16,1,64,5.03053092956543,12.379133224487305,,,,,,,scale_1.0
rare_sharp,16384,True,torch.float32,1234,0.1,16,2,64,4.420282363891602,9.02465534210205,,,,,,,scale_1.0
rare_sharp,16384,True,torch.float32,1234,0.1,16,3,64,5.762787818908691,14.822665214538574,,,,,,,scale_1.0
rare_sharp,16384,True,torch.float32,1234,0.1,16,4,64,5.257833480834961,11.854835510253906,,,,,,,scale_1.0
rare_sharp,16384,True,torch.float32,1234,0.1,16,5,64,6.050992012023926,14.638936996459961,,,,,,,scale_1.0
rare_sharp,16384,True,torch.float32,1234,0.1,16,6,64,5.629049777984619,11.519525527954102,,,,,,,scale_1.0
rare_sharp,16384,True,torch.float32,1234,0.1,16,7,64,4.804445266723633,9.457831382751465,,,,,,,scale_1.0
rare_sharp,16384,True,torch.float32,1234,0.1,16,0,64,0.06835787743330002,0.07496233284473419,,,,,,,rare_sharp_shift
rare_sharp,16384,True,torch.float32,1234,0.1,16,1,64,0.07457965612411499,0.07777248322963715,,,,,,,rare_sharp_shift
rare_sharp,16384,True,torch.float32,1234,0.1,16,2,64,0.06387440115213394,0.06412944197654724,,,,,,,rare_sharp_shift
rare_sharp,16384,True,torch.float32,1234,0.1,16,3,64,0.06302663683891296,0.062062572687864304,,,,,,,rare_sharp_shift
rare_sharp,16384,True,torch.float32,1234,0.1,16,4,64,0.0624782033264637,0.0637812539935112,,,,,,,rare_sharp_shift
rare_sharp,16384,True,torch.float32,1234,0.1,16,5,64,0.06629012525081635,0.06535229086875916,,,,,,,rare_sharp_shift
rare_sharp,16384,True,torch.float32,1234,0.1,16,6,64,0.07928673177957535,0.0905303955078125,,,,,,,rare_sharp_shift
rare_sharp,16384,True,torch.float32,1234,0.1,16,7,64,0.07452621310949326,0.07544194161891937,,,,,,,rare_sharp_shift
rare_sharp,32768,True,torch.float32,1234,0.1,16,0,256,0.03459823504090309,0.031261444091796875,,,,,,,
rare_sharp,32768,True,torch.float32,1234,0.1,16,1,256,0.03491465747356415,0.03217510133981705,,,,,,,
rare_sharp,32768,True,torch.float32,1234,0.1,16,2,256,0.040290698409080505,0.03748466074466705,,,,,,,
rare_sharp,32768,True,torch.float32,1234,0.1,16,3,256,0.03575104475021362,0.033516429364681244,,,,,,,
rare_sharp,32768,True,torch.float32,1234,0.1,16,4,256,0.03805762156844139,0.03750596195459366,,,,,,,
rare_sharp,32768,True,torch.float32,1234,0.1,16,5,256,0.03606991469860077,0.03358582407236099,,,,,,,
rare_sharp,32768,True,torch.float32,1234,0.1,16,6,256,0.03570780158042908,0.03249167650938034,,,,,,,
rare_sharp,32768,True,torch.float32,1234,0.1,16,7,256,0.036134760826826096,0.03460118919610977,,,,,,,
rare_sharp,32768,True,torch.float32,1234,0.1,16,0,256,0.035438258200883865,0.0350123830139637,,,,,,,rare_sharp
rare_sharp,32768,True,torch.float32,1234,0.1,16,1,256,0.03727171570062637,0.03450523316860199,,,,,,,rare_sharp
rare_sharp,32768,True,torch.float32,1234,0.1,16,2,256,0.037181295454502106,0.03407716751098633,,,,,,,rare_sharp
rare_sharp,32768,True,torch.float32,1234,0.1,16,3,256,0.03699321299791336,0.03396259620785713,,,,,,,rare_sharp
rare_sharp,32768,True,torch.float32,1234,0.1,16,4,256,0.036992255598306656,0.03526910021901131,,,,,,,rare_sharp
rare_sharp,32768,True,torch.float32,1234,0.1,16,5,256,0.03336836397647858,0.03028666041791439,,,,,,,rare_sharp
rare_sharp,32768,True,torch.float32,1234,0.1,16,6,256,0.03525792062282562,0.03371540457010269,,,,,,,rare_sharp
rare_sharp,32768,True,torch.float32,1234,0.1,16,7,256,0.034747764468193054,0.03116254322230816,,,,,,,rare_sharp
rare_sharp,32768,True,torch.float32,1234,0.1,16,0,256,5.809093475341797,13.046809196472168,,,,,,,scale_1.0
rare_sharp,32768,True,torch.float32,1234,0.1,16,1,256,6.383718013763428,17.269250869750977,,,,,,,scale_1.0
rare_sharp,32768,True,torch.float32,1234,0.1,16,2,256,5.590598106384277,12.99118423461914,,,,,,,scale_1.0
rare_sharp,32768,True,torch.float32,1234,0.1,16,3,256,4.581576347351074,10.137229919433594,,,,,,,scale_1.0
rare_sharp,32768,True,torch.float32,1234,0.1,16,4,256,5.629151344299316,12.169898986816406,,,,,,,scale_1.0
rare_sharp,32768,True,torch.float32,1234,0.1,16,5,256,4.753911018371582,10.738214492797852,,,,,,,scale_1.0
rare_sharp,32768,True,torch.float32,1234,0.1,16,6,256,5.38209867477417,13.613232612609863,,,,,,,scale_1.0
rare_sharp,32768,True,torch.float32,1234,0.1,16,7,256,7.177986145019531,22.592567443847656,,,,,,,scale_1.0
rare_sharp,32768,True,torch.float32,1234,0.1,16,0,256,0.03537992388010025,0.0350123830139637,,,,,,,rare_sharp_shift
rare_sharp,32768,True,torch.float32,1234,0.1,16,1,256,0.037298496812582016,0.034581512212753296,,,,,,,rare_sharp_shift
rare_sharp,32768,True,torch.float32,1234,0.1,16,2,256,0.03719394654035568,0.03407716751098633,,,,,,,rare_sharp_shift
rare_sharp,32768,True,torch.float32,1234,0.1,16,3,256,0.03698598966002464,0.03396259620785713,,,,,,,rare_sharp_shift
rare_sharp,32768,True,torch.float32,1234,0.1,16,4,256,0.037034280598163605,0.03526910021901131,,,,,,,rare_sharp_shift
rare_sharp,32768,True,torch.float32,1234,0.1,16,5,256,0.033401086926460266,0.03028666041791439,,,,,,,rare_sharp_shift
rare_sharp,32768,True,torch.float32,1234,0.1,16,6,256,0.03527918457984924,0.03371540457010269,,,,,,,rare_sharp_shift
rare_sharp,32768,True,torch.float32,1234,0.1,16,7,256,0.03474017605185509,0.03116254322230816,,,,,,,rare_sharp_shift
rare_sharp,65536,True,torch.float32,1234,0.1,16,0,64,0.06134462356567383,0.0747399777173996,,,,,,,
rare_sharp,65536,True,torch.float32,1234,0.1,16,1,64,0.05989803373813629,0.07237845659255981,,,,,,,
rare_sharp,65536,True,torch.float32,1234,0.1,16,2,64,0.057372111827135086,0.06716983765363693,,,,,,,
rare_sharp,65536,True,torch.float32,1234,0.1,16,3,64,0.07228893786668777,0.08184055238962173,,,,,,,
rare_sharp,65536,True,torch.float32,1234,0.1,16,4,64,0.056183360517024994,0.07036928832530975,,,,,,,
rare_sharp,65536,True,torch.float32,1234,0.1,16,5,64,0.0635048970580101,0.07848339527845383,,,,,,,
rare_sharp,65536,True,torch.float32,1234,0.1,16,6,64,0.05762732774019241,0.07000857591629028,,,,,,,
rare_sharp,65536,True,torch.float32,1234,0.1,16,7,64,0.054642289876937866,0.06317418813705444,,,,,,,
rare_sharp,65536,True,torch.float32,1234,0.1,16,0,64,0.05919019505381584,0.06934092938899994,,,,,,,rare_sharp
rare_sharp,65536,True,torch.float32,1234,0.1,16,1,64,0.054800912737846375,0.06348785758018494,,,,,,,rare_sharp
rare_sharp,65536,True,torch.float32,1234,0.1,16,2,64,0.06815265864133835,0.07749224454164505,,,,,,,rare_sharp
rare_sharp,65536,True,torch.float32,1234,0.1,16,3,64,0.05703487992286682,0.06521034985780716,,,,,,,rare_sharp
rare_sharp,65536,True,torch.float32,1234,0.1,16,4,64,0.06175214797258377,0.07130046933889389,,,,,,,rare_sharp
rare_sharp,65536,True,torch.float32,1234,0.1,16,5,64,0.05252294987440109,0.0644894540309906,,,,,,,rare_sharp
rare_sharp,65536,True,torch.float32,1234,0.1,16,6,64,0.05634666979312897,0.06593582034111023,,,,,,,rare_sharp
rare_sharp,65536,True,torch.float32,1234,0.1,16,7,64,0.0579877644777298,0.06747227162122726,,,,,,,rare_sharp
rare_sharp,65536,True,torch.float32,1234,0.1,16,0,64,6.64803409576416,15.77542495727539,,,,,,,scale_1.0
rare_sharp,65536,True,torch.float32,1234,0.1,16,1,64,5.858538627624512,12.314567565917969,,,,,,,scale_1.0
rare_sharp,65536,True,torch.float32,1234,0.1,16,2,64,6.058652400970459,12.62240219116211,,,,,,,scale_1.0
rare_sharp,65536,True,torch.float32,1234,0.1,16,3,64,5.7772111892700195,12.449515342712402,,,,,,,scale_1.0
rare_sharp,65536,True,torch.float32,1234,0.1,16,4,64,6.682554244995117,13.363183975219727,,,,,,,scale_1.0
rare_sharp,65536,True,torch.float32,1234,0.1,16,5,64,4.701596736907959,8.85566234588623,,,,,,,scale_1.0
rare_sharp,65536,True,torch.float32,1234,0.1,16,6,64,5.675743103027344,12.244749069213867,,,,,,,scale_1.0
rare_sharp,65536,True,torch.float32,1234,0.1,16,7,64,6.473952770233154,14.562329292297363,,,,,,,scale_1.0
rare_sharp,65536,True,torch.float32,1234,0.1,16,0,64,0.05919019505381584,0.06934092938899994,,,,,,,rare_sharp_shift
rare_sharp,65536,True,torch.float32,1234,0.1,16,1,64,0.054800912737846375,0.06348785758018494,,,,,,,rare_sharp_shift
rare_sharp,65536,True,torch.float32,1234,0.1,16,2,64,0.06815265864133835,0.07749224454164505,,,,,,,rare_sharp_shift
rare_sharp,65536,True,torch.float32,1234,0.1,16,3,64,0.05703487992286682,0.06521034985780716,,,,,,,rare_sharp_shift
rare_sharp,65536,True,torch.float32,1234,0.1,16,4,64,0.06175214797258377,0.07130046933889389,,,,,,,rare_sharp_shift
rare_sharp,65536,True,torch.float32,1234,0.1,16,5,64,0.05252294987440109,0.0644894540309906,,,,,,,rare_sharp_shift
rare_sharp,65536,True,torch.float32,1234,0.1,16,6,64,0.05634666979312897,0.06593582034111023,,,,,,,rare_sharp_shift
rare_sharp,65536,True,torch.float32,1234,0.1,16,7,64,0.0579877644777298,0.06747227162122726,,,,,,,rare_sharp_shift
