window,layer,head,n_probe,tol,rank,audit_mean_relative_l2,audit_p95_relative_l2,false_accept_mean
0,0,0,4,0.01,0,0.0,0.0,0
0,0,1,4,0.01,0,0.0,0.0,0
0,0,2,4,0.01,0,0.0,0.0,0
0,0,3,4,0.01,0,0.0,0.0,0
0,0,4,4,0.01,0,0.0,0.0,0
0,0,5,4,0.01,0,0.0,0.0,0
0,0,6,4,0.01,0,0.0,0.0,0
0,0,7,4,0.01,0,0.0,0.0,0
0,0,8,4,0.01,0,0.0,0.0,0
0,0,9,4,0.01,0,0.0,0.0,0
0,0,10,4,0.01,0,0.0,0.0,0
0,0,11,4,0.01,0,0.0,0.0,0
0,0,12,4,0.01,0,0.0,0.0,0
0,0,13,4,0.01,0,0.0,0.0,0
0,0,0,4,0.025,0,0.0,0.0,0
0,0,1,4,0.025,0,0.0,0.0,0
0,0,2,4,0.025,0,0.0,0.0,0
0,0,3,4,0.025,0,0.0,0.0,0
0,0,4,4,0.025,0,0.0,0.0,0
0,0,5,4,0.025,0,0.0,0.0,0
0,0,6,4,0.025,0,0.0,0.0,0
0,0,7,4,0.025,0,0.0,0.0,0
0,0,8,4,0.025,0,0.0,0.0,0
0,0,9,4,0.025,0,0.0,0.0,0
0,0,10,4,0.025,0,0.0,0.0,0
0,0,11,4,0.025,0,0.0,0.0,0
0,0,12,4,0.025,0,0.0,0.0,0
0,0,13,4,0.025,0,0.0,0.0,0
0,0,0,4,0.05,0,0.0,0.0,0
0,0,1,4,0.05,0,0.0,0.0,0
0,0,2,4,0.05,0,0.0,0.0,0
0,0,3,4,0.05,0,0.0,0.0,0
0,0,4,4,0.05,0,0.0,0.0,0
0,0,5,4,0.05,0,0.0,0.0,0
0,0,6,4,0.05,0,0.0,0.0,0
0,0,7,4,0.05,0,0.0,0.0,0
0,0,8,4,0.05,0,0.0,0.0,0
0,0,9,4,0.05,0,0.0,0.0,0
0,0,10,4,0.05,0,0.0,0.0,0
0,0,11,4,0.05,0,0.0,0.0,0
0,0,12,4,0.05,0,0.0,0.0,0
0,0,13,4,0.05,0,0.0,0.0,0
0,0,0,4,0.075,0,0.0,0.0,0
0,0,1,4,0.075,0,0.0,0.0,0
0,0,2,4,0.075,0,0.0,0.0,0
0,0,3,4,0.075,0,0.0,0.0,0
0,0,4,4,0.075,0,0.0,0.0,0
0,0,5,4,0.075,0,0.0,0.0,0
0,0,6,4,0.075,0,0.0,0.0,0
0,0,7,4,0.075,0,0.0,0.0,0
0,0,8,4,0.075,0,0.0,0.0,0
0,0,9,4,0.075,0,0.0,0.0,0
0,0,10,4,0.075,0,0.0,0.0,0
0,0,11,4,0.075,0,0.0,0.0,0
0,0,12,4,0.075,0,0.0,0.0,0
0,0,13,4,0.075,0,0.0,0.0,0
0,0,0,4,0.1,0,0.0,0.0,0
0,0,1,4,0.1,0,0.0,0.0,0
0,0,2,4,0.1,0,0.0,0.0,0
0,0,3,4,0.1,0,0.0,0.0,0
0,0,4,4,0.1,0,0.0,0.0,0
0,0,5,4,0.1,0,0.0,0.0,0
0,0,6,4,0.1,0,0.0,0.0,0
0,0,7,4,0.1,0,0.0,0.0,0
0,0,8,4,0.1,0,0.0,0.0,0
0,0,9,4,0.1,0,0.0,0.0,0
0,0,10,4,0.1,0,0.0,0.0,0
0,0,11,4,0.1,0,0.0,0.0,0
0,0,12,4,0.1,0,0.0,0.0,0
0,0,13,4,0.1,0,0.0,0.0,0
0,0,0,4,0.15,0,0.0,0.0,0
0,0,1,4,0.15,0,0.0,0.0,0
0,0,2,4,0.15,0,0.0,0.0,0
0,0,3,4,0.15,0,0.0,0.0,0
0,0,4,4,0.15,0,0.0,0.0,0
0,0,5,4,0.15,0,0.0,0.0,0
0,0,6,4,0.15,0,0.0,0.0,0
0,0,7,4,0.15,0,0.0,0.0,0
0,0,8,4,0.15,0,0.0,0.0,0
0,0,9,4,0.15,0,0.0,0.0,0
0,0,10,4,0.15,0,0.0,0.0,0
0,0,11,4,0.15,0,0.0,0.0,0
0,0,12,4,0.15,0,0.0,0.0,0
0,0,13,4,0.15,0,0.0,0.0,0
0,0,0,4,0.2,0,0.0,0.0,0
0,0,1,4,0.2,0,0.0,0.0,0
0,0,2,4,0.2,0,0.0,0.0,0
0,0,3,4,0.2,0,0.0,0.0,0
0,0,4,4,0.2,0,0.0,0.0,0
0,0,5,4,0.2,0,0.0,0.0,0
0,0,6,4,0.2,0,0.0,0.0,0
0,0,7,4,0.2,0,0.0,0.0,0
0,0,8,4,0.2,0,0.0,0.0,0
0,0,9,4,0.2,0,0.0,0.0,0
0,0,10,4,0.2,0,0.0,0.0,0
0,0,11,4,0.2,0,0.0,0.0,0
0,0,12,4,0.2,0,0.0,0.0,0
0,0,13,4,0.2,0,0.0,0.0,0
0,0,0,4,0.3,0,0.0,0.0,0
0,0,1,4,0.3,0,0.0,0.0,0
0,0,2,4,0.3,0,0.0,0.0,0
0,0,3,4,0.3,0,0.0,0.0,0
0,0,4,4,0.3,0,0.0,0.0,0
0,0,5,4,0.3,0,0.0,0.0,0
0,0,6,4,0.3,0,0.0,0.0,0
0,0,7,4,0.3,0,0.0,0.0,0
0,0,8,4,0.3,0,0.0,0.0,0
0,0,9,4,0.3,0,0.0,0.0,0
0,0,10,4,0.3,0,0.0,0.0,0
0,0,11,4,0.3,0,0.0,0.0,0
0,0,12,4,0.3,0,0.0,0.0,0
0,0,13,4,0.3,0,0.0,0.0,0
0,0,0,4,0.4,0,0.0,0.0,0
0,0,1,4,0.4,0,0.0,0.0,0
0,0,2,4,0.4,0,0.0,0.0,0
0,0,3,4,0.4,0,0.0,0.0,0
0,0,4,4,0.4,0,0.0,0.0,0
0,0,5,4,0.4,0,0.0,0.0,0
0,0,6,4,0.4,0,0.0,0.0,0
0,0,7,4,0.4,0,0.0,0.0,0
0,0,8,4,0.4,0,0.0,0.0,0
0,0,9,4,0.4,0,0.0,0.0,0
0,0,10,4,0.4,0,0.0,0.0,0
0,0,11,4,0.4,0,0.0,0.0,0
0,0,12,4,0.4,0,0.0,0.0,0
0,0,13,4,0.4,0,0.0,0.0,0
0,0,0,8,0.01,0,0.0,0.0,0
0,0,1,8,0.01,0,0.0,0.0,0
0,0,2,8,0.01,0,0.0,0.0,0
0,0,3,8,0.01,0,0.0,0.0,0
0,0,4,8,0.01,0,0.0,0.0,0
0,0,5,8,0.01,0,0.0,0.0,0
0,0,6,8,0.01,0,0.0,0.0,0
0,0,7,8,0.01,0,0.0,0.0,0
0,0,8,8,0.01,0,0.0,0.0,0
0,0,9,8,0.01,0,0.0,0.0,0
0,0,10,8,0.01,0,0.0,0.0,0
0,0,11,8,0.01,0,0.0,0.0,0
0,0,12,8,0.01,0,0.0,0.0,0
0,0,13,8,0.01,0,0.0,0.0,0
0,0,0,8,0.025,0,0.0,0.0,0
0,0,1,8,0.025,0,0.0,0.0,0
0,0,2,8,0.025,0,0.0,0.0,0
0,0,3,8,0.025,0,0.0,0.0,0
0,0,4,8,0.025,0,0.0,0.0,0
0,0,5,8,0.025,0,0.0,0.0,0
0,0,6,8,0.025,0,0.0,0.0,0
0,0,7,8,0.025,0,0.0,0.0,0
0,0,8,8,0.025,0,0.0,0.0,0
0,0,9,8,0.025,0,0.0,0.0,0
0,0,10,8,0.025,0,0.0,0.0,0
0,0,11,8,0.025,0,0.0,0.0,0
0,0,12,8,0.025,0,0.0,0.0,0
0,0,13,8,0.025,0,0.0,0.0,0
0,0,0,8,0.05,0,0.0,0.0,0
0,0,1,8,0.05,0,0.0,0.0,0
0,0,2,8,0.05,0,0.0,0.0,0
0,0,3,8,0.05,0,0.0,0.0,0
0,0,4,8,0.05,0,0.0,0.0,0
0,0,5,8,0.05,0,0.0,0.0,0
0,0,6,8,0.05,0,0.0,0.0,0
0,0,7,8,0.05,0,0.0,0.0,0
0,0,8,8,0.05,0,0.0,0.0,0
0,0,9,8,0.05,0,0.0,0.0,0
0,0,10,8,0.05,0,0.0,0.0,0
0,0,11,8,0.05,0,0.0,0.0,0
0,0,12,8,0.05,0,0.0,0.0,0
0,0,13,8,0.05,0,0.0,0.0,0
0,0,0,8,0.075,0,0.0,0.0,0
0,0,1,8,0.075,0,0.0,0.0,0
0,0,2,8,0.075,0,0.0,0.0,0
0,0,3,8,0.075,0,0.0,0.0,0
0,0,4,8,0.075,0,0.0,0.0,0
0,0,5,8,0.075,0,0.0,0.0,0
0,0,6,8,0.075,0,0.0,0.0,0
0,0,7,8,0.075,0,0.0,0.0,0
0,0,8,8,0.075,0,0.0,0.0,0
0,0,9,8,0.075,0,0.0,0.0,0
0,0,10,8,0.075,0,0.0,0.0,0
0,0,11,8,0.075,0,0.0,0.0,0
0,0,12,8,0.075,0,0.0,0.0,0
0,0,13,8,0.075,0,0.0,0.0,0
0,0,0,8,0.1,0,0.0,0.0,0
0,0,1,8,0.1,0,0.0,0.0,0
0,0,2,8,0.1,0,0.0,0.0,0
0,0,3,8,0.1,0,0.0,0.0,0
0,0,4,8,0.1,0,0.0,0.0,0
0,0,5,8,0.1,0,0.0,0.0,0
0,0,6,8,0.1,0,0.0,0.0,0
0,0,7,8,0.1,0,0.0,0.0,0
0,0,8,8,0.1,0,0.0,0.0,0
0,0,9,8,0.1,0,0.0,0.0,0
0,0,10,8,0.1,0,0.0,0.0,0
0,0,11,8,0.1,0,0.0,0.0,0
0,0,12,8,0.1,0,0.0,0.0,0
0,0,13,8,0.1,0,0.0,0.0,0
0,0,0,8,0.15,0,0.0,0.0,0
0,0,1,8,0.15,0,0.0,0.0,0
0,0,2,8,0.15,0,0.0,0.0,0
0,0,3,8,0.15,0,0.0,0.0,0
0,0,4,8,0.15,0,0.0,0.0,0
0,0,5,8,0.15,0,0.0,0.0,0
0,0,6,8,0.15,0,0.0,0.0,0
0,0,7,8,0.15,0,0.0,0.0,0
0,0,8,8,0.15,0,0.0,0.0,0
0,0,9,8,0.15,0,0.0,0.0,0
0,0,10,8,0.15,0,0.0,0.0,0
0,0,11,8,0.15,0,0.0,0.0,0
0,0,12,8,0.15,0,0.0,0.0,0
0,0,13,8,0.15,0,0.0,0.0,0
0,0,0,8,0.2,0,0.0,0.0,0
0,0,1,8,0.2,0,0.0,0.0,0
0,0,2,8,0.2,0,0.0,0.0,0
0,0,3,8,0.2,0,0.0,0.0,0
0,0,4,8,0.2,0,0.0,0.0,0
0,0,5,8,0.2,0,0.0,0.0,0
0,0,6,8,0.2,0,0.0,0.0,0
0,0,7,8,0.2,0,0.0,0.0,0
0,0,8,8,0.2,0,0.0,0.0,0
0,0,9,8,0.2,0,0.0,0.0,0
0,0,10,8,0.2,0,0.0,0.0,0
0,0,11,8,0.2,0,0.0,0.0,0
0,0,12,8,0.2,0,0.0,0.0,0
0,0,13,8,0.2,0,0.0,0.0,0
0,0,0,8,0.3,0,0.0,0.0,0
0,0,1,8,0.3,0,0.0,0.0,0
0,0,2,8,0.3,0,0.0,0.0,0
0,0,3,8,0.3,0,0.0,0.0,0
0,0,4,8,0.3,0,0.0,0.0,0
0,0,5,8,0.3,0,0.0,0.0,0
0,0,6,8,0.3,0,0.0,0.0,0
0,0,7,8,0.3,0,0.0,0.0,0
0,0,8,8,0.3,0,0.0,0.0,0
0,0,9,8,0.3,0,0.0,0.0,0
0,0,10,8,0.3,0,0.0,0.0,0
0,0,11,8,0.3,0,0.0,0.0,0
0,0,12,8,0.3,0,0.0,0.0,0
0,0,13,8,0.3,0,0.0,0.0,0
0,0,0,8,0.4,0,0.0,0.0,0
0,0,1,8,0.4,0,0.0,0.0,0
0,0,2,8,0.4,0,0.0,0.0,0
0,0,3,8,0.4,0,0.0,0.0,0
0,0,4,8,0.4,0,0.0,0.0,0
0,0,5,8,0.4,0,0.0,0.0,0
0,0,6,8,0.4,0,0.0,0.0,0
0,0,7,8,0.4,0,0.0,0.0,0
0,0,8,8,0.4,0,0.0,0.0,0
0,0,9,8,0.4,0,0.0,0.0,0
0,0,10,8,0.4,0,0.0,0.0,0
0,0,11,8,0.4,0,0.0,0.0,0
0,0,12,8,0.4,0,0.0,0.0,0
0,0,13,8,0.4,0,0.0,0.0,0
0,0,0,16,0.01,0,0.0,0.0,0
0,0,1,16,0.01,0,0.0,0.0,0
0,0,2,16,0.01,0,0.0,0.0,0
0,0,3,16,0.01,0,0.0,0.0,0
0,0,4,16,0.01,0,0.0,0.0,0
0,0,5,16,0.01,0,0.0,0.0,0
0,0,6,16,0.01,0,0.0,0.0,0
0,0,7,16,0.01,0,0.0,0.0,0
0,0,8,16,0.01,0,0.0,0.0,0
0,0,9,16,0.01,0,0.0,0.0,0
0,0,10,16,0.01,0,0.0,0.0,0
0,0,11,16,0.01,0,0.0,0.0,0
0,0,12,16,0.01,0,0.0,0.0,0
0,0,13,16,0.01,0,0.0,0.0,0
0,0,0,16,0.025,0,0.0,0.0,0
0,0,1,16,0.025,0,0.0,0.0,0
0,0,2,16,0.025,0,0.0,0.0,0
0,0,3,16,0.025,0,0.0,0.0,0
0,0,4,16,0.025,0,0.0,0.0,0
0,0,5,16,0.025,0,0.0,0.0,0
0,0,6,16,0.025,0,0.0,0.0,0
0,0,7,16,0.025,0,0.0,0.0,0
0,0,8,16,0.025,0,0.0,0.0,0
0,0,9,16,0.025,0,0.0,0.0,0
0,0,10,16,0.025,0,0.0,0.0,0
0,0,11,16,0.025,0,0.0,0.0,0
0,0,12,16,0.025,0,0.0,0.0,0
0,0,13,16,0.025,0,0.0,0.0,0
0,0,0,16,0.05,0,0.0,0.0,0
0,0,1,16,0.05,0,0.0,0.0,0
0,0,2,16,0.05,0,0.0,0.0,0
0,0,3,16,0.05,0,0.0,0.0,0
0,0,4,16,0.05,0,0.0,0.0,0
0,0,5,16,0.05,0,0.0,0.0,0
0,0,6,16,0.05,0,0.0,0.0,0
0,0,7,16,0.05,0,0.0,0.0,0
0,0,8,16,0.05,0,0.0,0.0,0
0,0,9,16,0.05,0,0.0,0.0,0
0,0,10,16,0.05,0,0.0,0.0,0
0,0,11,16,0.05,0,0.0,0.0,0
0,0,12,16,0.05,0,0.0,0.0,0
0,0,13,16,0.05,0,0.0,0.0,0
0,0,0,16,0.075,0,0.0,0.0,0
0,0,1,16,0.075,0,0.0,0.0,0
0,0,2,16,0.075,0,0.0,0.0,0
0,0,3,16,0.075,0,0.0,0.0,0
0,0,4,16,0.075,0,0.0,0.0,0
0,0,5,16,0.075,0,0.0,0.0,0
0,0,6,16,0.075,0,0.0,0.0,0
0,0,7,16,0.075,0,0.0,0.0,0
0,0,8,16,0.075,0,0.0,0.0,0
0,0,9,16,0.075,0,0.0,0.0,0
0,0,10,16,0.075,0,0.0,0.0,0
0,0,11,16,0.075,0,0.0,0.0,0
0,0,12,16,0.075,0,0.0,0.0,0
0,0,13,16,0.075,0,0.0,0.0,0
0,0,0,16,0.1,0,0.0,0.0,0
0,0,1,16,0.1,0,0.0,0.0,0
0,0,2,16,0.1,0,0.0,0.0,0
0,0,3,16,0.1,0,0.0,0.0,0
0,0,4,16,0.1,0,0.0,0.0,0
0,0,5,16,0.1,0,0.0,0.0,0
0,0,6,16,0.1,0,0.0,0.0,0
0,0,7,16,0.1,0,0.0,0.0,0
0,0,8,16,0.1,0,0.0,0.0,0
0,0,9,16,0.1,0,0.0,0.0,0
0,0,10,16,0.1,0,0.0,0.0,0
0,0,11,16,0.1,0,0.0,0.0,0
0,0,12,16,0.1,0,0.0,0.0,0
0,0,13,16,0.1,0,0.0,0.0,0
0,0,0,16,0.15,0,0.0,0.0,0
0,0,1,16,0.15,0,0.0,0.0,0
0,0,2,16,0.15,0,0.0,0.0,0
0,0,3,16,0.15,0,0.0,0.0,0
0,0,4,16,0.15,0,0.0,0.0,0
0,0,5,16,0.15,0,0.0,0.0,0
0,0,6,16,0.15,0,0.0,0.0,0
0,0,7,16,0.15,0,0.0,0.0,0
0,0,8,16,0.15,0,0.0,0.0,0
0,0,9,16,0.15,0,0.0,0.0,0
0,0,10,16,0.15,0,0.0,0.0,0
0,0,11,16,0.15,0,0.0,0.0,0
0,0,12,16,0.15,0,0.0,0.0,0
0,0,13,16,0.15,0,0.0,0.0,0
0,0,0,16,0.2,0,0.0,0.0,0
0,0,1,16,0.2,0,0.0,0.0,0
0,0,2,16,0.2,0,0.0,0.0,0
0,0,3,16,0.2,0,0.0,0.0,0
0,0,4,16,0.2,0,0.0,0.0,0
0,0,5,16,0.2,0,0.0,0.0,0
0,0,6,16,0.2,0,0.0,0.0,0
0,0,7,16,0.2,0,0.0,0.0,0
0,0,8,16,0.2,0,0.0,0.0,0
0,0,9,16,0.2,0,0.0,0.0,0
0,0,10,16,0.2,0,0.0,0.0,0
0,0,11,16,0.2,0,0.0,0.0,0
0,0,12,16,0.2,0,0.0,0.0,0
0,0,13,16,0.2,0,0.0,0.0,0
0,0,0,16,0.3,0,0.0,0.0,0
0,0,1,16,0.3,0,0.0,0.0,0
0,0,2,16,0.3,0,0.0,0.0,0
0,0,3,16,0.3,0,0.0,0.0,0
0,0,4,16,0.3,0,0.0,0.0,0
0,0,5,16,0.3,0,0.0,0.0,0
0,0,6,16,0.3,0,0.0,0.0,0
0,0,7,16,0.3,0,0.0,0.0,0
0,0,8,16,0.3,0,0.0,0.0,0
0,0,9,16,0.3,0,0.0,0.0,0
0,0,10,16,0.3,0,0.0,0.0,0
0,0,11,16,0.3,0,0.0,0.0,0
0,0,12,16,0.3,0,0.0,0.0,0
0,0,13,16,0.3,0,0.0,0.0,0
0,0,0,16,0.4,0,0.0,0.0,0
0,0,1,16,0.4,0,0.0,0.0,0
0,0,2,16,0.4,0,0.0,0.0,0
0,0,3,16,0.4,0,0.0,0.0,0
0,0,4,16,0.4,0,0.0,0.0,0
0,0,5,16,0.4,0,0.0,0.0,0
0,0,6,16,0.4,0,0.0,0.0,0
0,0,7,16,0.4,0,0.0,0.0,0
0,0,8,16,0.4,0,0.0,0.0,0
0,0,9,16,0.4,0,0.0,0.0,0
0,0,10,16,0.4,0,0.0,0.0,0
0,0,11,16,0.4,0,0.0,0.0,0
0,0,12,16,0.4,0,0.0,0.0,0
0,0,13,16,0.4,0,0.0,0.0,0
0,0,0,32,0.01,0,0.0,0.0,0
0,0,1,32,0.01,0,0.0,0.0,0
0,0,2,32,0.01,0,0.0,0.0,0
0,0,3,32,0.01,0,0.0,0.0,0
0,0,4,32,0.01,0,0.0,0.0,0
0,0,5,32,0.01,0,0.0,0.0,0
0,0,6,32,0.01,0,0.0,0.0,0
0,0,7,32,0.01,0,0.0,0.0,0
0,0,8,32,0.01,0,0.0,0.0,0
0,0,9,32,0.01,0,0.0,0.0,0
0,0,10,32,0.01,0,0.0,0.0,0
0,0,11,32,0.01,0,0.0,0.0,0
0,0,12,32,0.01,0,0.0,0.0,0
0,0,13,32,0.01,0,0.0,0.0,0
0,0,0,32,0.025,0,0.0,0.0,0
0,0,1,32,0.025,0,0.0,0.0,0
0,0,2,32,0.025,0,0.0,0.0,0
0,0,3,32,0.025,0,0.0,0.0,0
0,0,4,32,0.025,0,0.0,0.0,0
0,0,5,32,0.025,0,0.0,0.0,0
0,0,6,32,0.025,0,0.0,0.0,0
0,0,7,32,0.025,0,0.0,0.0,0
0,0,8,32,0.025,0,0.0,0.0,0
0,0,9,32,0.025,0,0.0,0.0,0
0,0,10,32,0.025,0,0.0,0.0,0
0,0,11,32,0.025,0,0.0,0.0,0
0,0,12,32,0.025,0,0.0,0.0,0
0,0,13,32,0.025,0,0.0,0.0,0
0,0,0,32,0.05,0,0.0,0.0,0
0,0,1,32,0.05,0,0.0,0.0,0
0,0,2,32,0.05,0,0.0,0.0,0
0,0,3,32,0.05,0,0.0,0.0,0
0,0,4,32,0.05,0,0.0,0.0,0
0,0,5,32,0.05,0,0.0,0.0,0
0,0,6,32,0.05,0,0.0,0.0,0
0,0,7,32,0.05,0,0.0,0.0,0
0,0,8,32,0.05,0,0.0,0.0,0
0,0,9,32,0.05,0,0.0,0.0,0
0,0,10,32,0.05,0,0.0,0.0,0
0,0,11,32,0.05,0,0.0,0.0,0
0,0,12,32,0.05,0,0.0,0.0,0
0,0,13,32,0.05,0,0.0,0.0,0
0,0,0,32,0.075,0,0.0,0.0,0
0,0,1,32,0.075,0,0.0,0.0,0
0,0,2,32,0.075,0,0.0,0.0,0
0,0,3,32,0.075,0,0.0,0.0,0
0,0,4,32,0.075,0,0.0,0.0,0
0,0,5,32,0.075,0,0.0,0.0,0
0,0,6,32,0.075,0,0.0,0.0,0
0,0,7,32,0.075,0,0.0,0.0,0
0,0,8,32,0.075,0,0.0,0.0,0
0,0,9,32,0.075,0,0.0,0.0,0
0,0,10,32,0.075,0,0.0,0.0,0
0,0,11,32,0.075,0,0.0,0.0,0
0,0,12,32,0.075,0,0.0,0.0,0
0,0,13,32,0.075,0,0.0,0.0,0
0,0,0,32,0.1,0,0.0,0.0,0
0,0,1,32,0.1,0,0.0,0.0,0
0,0,2,32,0.1,0,0.0,0.0,0
0,0,3,32,0.1,0,0.0,0.0,0
0,0,4,32,0.1,0,0.0,0.0,0
0,0,5,32,0.1,0,0.0,0.0,0
0,0,6,32,0.1,0,0.0,0.0,0
0,0,7,32,0.1,0,0.0,0.0,0
0,0,8,32,0.1,0,0.0,0.0,0
0,0,9,32,0.1,0,0.0,0.0,0
0,0,10,32,0.1,0,0.0,0.0,0
0,0,11,32,0.1,0,0.0,0.0,0
0,0,12,32,0.1,0,0.0,0.0,0
0,0,13,32,0.1,0,0.0,0.0,0
0,0,0,32,0.15,0,0.0,0.0,0
0,0,1,32,0.15,0,0.0,0.0,0
0,0,2,32,0.15,0,0.0,0.0,0
0,0,3,32,0.15,0,0.0,0.0,0
0,0,4,32,0.15,0,0.0,0.0,0
0,0,5,32,0.15,0,0.0,0.0,0
0,0,6,32,0.15,0,0.0,0.0,0
0,0,7,32,0.15,0,0.0,0.0,0
0,0,8,32,0.15,0,0.0,0.0,0
0,0,9,32,0.15,0,0.0,0.0,0
0,0,10,32,0.15,0,0.0,0.0,0
0,0,11,32,0.15,0,0.0,0.0,0
0,0,12,32,0.15,0,0.0,0.0,0
0,0,13,32,0.15,0,0.0,0.0,0
0,0,0,32,0.2,0,0.0,0.0,0
0,0,1,32,0.2,0,0.0,0.0,0
0,0,2,32,0.2,0,0.0,0.0,0
0,0,3,32,0.2,0,0.0,0.0,0
0,0,4,32,0.2,0,0.0,0.0,0
0,0,5,32,0.2,0,0.0,0.0,0
0,0,6,32,0.2,0,0.0,0.0,0
0,0,7,32,0.2,0,0.0,0.0,0
0,0,8,32,0.2,0,0.0,0.0,0
0,0,9,32,0.2,0,0.0,0.0,0
0,0,10,32,0.2,0,0.0,0.0,0
0,0,11,32,0.2,0,0.0,0.0,0
0,0,12,32,0.2,0,0.0,0.0,0
0,0,13,32,0.2,0,0.0,0.0,0
0,0,0,32,0.3,0,0.0,0.0,0
0,0,1,32,0.3,0,0.0,0.0,0
0,0,2,32,0.3,0,0.0,0.0,0
0,0,3,32,0.3,0,0.0,0.0,0
0,0,4,32,0.3,0,0.0,0.0,0
0,0,5,32,0.3,0,0.0,0.0,0
0,0,6,32,0.3,0,0.0,0.0,0
0,0,7,32,0.3,0,0.0,0.0,0
0,0,8,32,0.3,0,0.0,0.0,0
0,0,9,32,0.3,0,0.0,0.0,0
0,0,10,32,0.3,0,0.0,0.0,0
0,0,11,32,0.3,0,0.0,0.0,0
0,0,12,32,0.3,0,0.0,0.0,0
0,0,13,32,0.3,0,0.0,0.0,0
0,0,0,32,0.4,0,0.0,0.0,0
0,0,1,32,0.4,0,0.0,0.0,0
0,0,2,32,0.4,0,0.0,0.0,0
0,0,3,32,0.4,0,0.0,0.0,0
0,0,4,32,0.4,0,0.0,0.0,0
0,0,5,32,0.4,0,0.0,0.0,0
0,0,6,32,0.4,0,0.0,0.0,0
0,0,7,32,0.4,0,0.0,0.0,0
0,0,8,32,0.4,0,0.0,0.0,0
0,0,9,32,0.4,0,0.0,0.0,0
0,0,10,32,0.4,0,0.0,0.0,0
0,0,11,32,0.4,0,0.0,0.0,0
0,0,12,32,0.4,0,0.0,0.0,0
0,0,13,32,0.4,0,0.0,0.0,0
0,0,0,64,0.01,0,0.0,0.0,0
0,0,1,64,0.01,0,0.0,0.0,0
0,0,2,64,0.01,0,0.0,0.0,0
0,0,3,64,0.01,0,0.0,0.0,0
0,0,4,64,0.01,0,0.0,0.0,0
0,0,5,64,0.01,0,0.0,0.0,0
0,0,6,64,0.01,0,0.0,0.0,0
0,0,7,64,0.01,0,0.0,0.0,0
0,0,8,64,0.01,0,0.0,0.0,0
0,0,9,64,0.01,0,0.0,0.0,0
0,0,10,64,0.01,0,0.0,0.0,0
0,0,11,64,0.01,0,0.0,0.0,0
0,0,12,64,0.01,0,0.0,0.0,0
0,0,13,64,0.01,0,0.0,0.0,0
0,0,0,64,0.025,0,0.0,0.0,0
0,0,1,64,0.025,0,0.0,0.0,0
0,0,2,64,0.025,0,0.0,0.0,0
0,0,3,64,0.025,0,0.0,0.0,0
0,0,4,64,0.025,0,0.0,0.0,0
0,0,5,64,0.025,0,0.0,0.0,0
0,0,6,64,0.025,0,0.0,0.0,0
0,0,7,64,0.025,0,0.0,0.0,0
0,0,8,64,0.025,0,0.0,0.0,0
0,0,9,64,0.025,0,0.0,0.0,0
0,0,10,64,0.025,0,0.0,0.0,0
0,0,11,64,0.025,0,0.0,0.0,0
0,0,12,64,0.025,0,0.0,0.0,0
0,0,13,64,0.025,0,0.0,0.0,0
0,0,0,64,0.05,0,0.0,0.0,0
0,0,1,64,0.05,0,0.0,0.0,0
0,0,2,64,0.05,0,0.0,0.0,0
0,0,3,64,0.05,0,0.0,0.0,0
0,0,4,64,0.05,0,0.0,0.0,0
0,0,5,64,0.05,0,0.0,0.0,0
0,0,6,64,0.05,0,0.0,0.0,0
0,0,7,64,0.05,0,0.0,0.0,0
0,0,8,64,0.05,0,0.0,0.0,0
0,0,9,64,0.05,0,0.0,0.0,0
0,0,10,64,0.05,0,0.0,0.0,0
0,0,11,64,0.05,0,0.0,0.0,0
0,0,12,64,0.05,0,0.0,0.0,0
0,0,13,64,0.05,0,0.0,0.0,0
0,0,0,64,0.075,0,0.0,0.0,0
0,0,1,64,0.075,0,0.0,0.0,0
0,0,2,64,0.075,0,0.0,0.0,0
0,0,3,64,0.075,0,0.0,0.0,0
0,0,4,64,0.075,0,0.0,0.0,0
0,0,5,64,0.075,0,0.0,0.0,0
0,0,6,64,0.075,0,0.0,0.0,0
0,0,7,64,0.075,0,0.0,0.0,0
0,0,8,64,0.075,0,0.0,0.0,0
0,0,9,64,0.075,0,0.0,0.0,0
0,0,10,64,0.075,0,0.0,0.0,0
0,0,11,64,0.075,0,0.0,0.0,0
0,0,12,64,0.075,0,0.0,0.0,0
0,0,13,64,0.075,0,0.0,0.0,0
0,0,0,64,0.1,0,0.0,0.0,0
0,0,1,64,0.1,0,0.0,0.0,0
0,0,2,64,0.1,0,0.0,0.0,0
0,0,3,64,0.1,0,0.0,0.0,0
0,0,4,64,0.1,0,0.0,0.0,0
0,0,5,64,0.1,0,0.0,0.0,0
0,0,6,64,0.1,0,0.0,0.0,0
0,0,7,64,0.1,0,0.0,0.0,0
0,0,8,64,0.1,0,0.0,0.0,0
0,0,9,64,0.1,0,0.0,0.0,0
0,0,10,64,0.1,0,0.0,0.0,0
0,0,11,64,0.1,0,0.0,0.0,0
0,0,12,64,0.1,0,0.0,0.0,0
0,0,13,64,0.1,0,0.0,0.0,0
0,0,0,64,0.15,0,0.0,0.0,0
0,0,1,64,0.15,0,0.0,0.0,0
0,0,2,64,0.15,0,0.0,0.0,0
0,0,3,64,0.15,0,0.0,0.0,0
0,0,4,64,0.15,0,0.0,0.0,0
0,0,5,64,0.15,0,0.0,0.0,0
0,0,6,64,0.15,0,0.0,0.0,0
0,0,7,64,0.15,0,0.0,0.0,0
0,0,8,64,0.15,0,0.0,0.0,0
0,0,9,64,0.15,0,0.0,0.0,0
0,0,10,64,0.15,0,0.0,0.0,0
0,0,11,64,0.15,0,0.0,0.0,0
0,0,12,64,0.15,0,0.0,0.0,0
0,0,13,64,0.15,0,0.0,0.0,0
0,0,0,64,0.2,0,0.0,0.0,0
0,0,1,64,0.2,0,0.0,0.0,0
0,0,2,64,0.2,0,0.0,0.0,0
0,0,3,64,0.2,0,0.0,0.0,0
0,0,4,64,0.2,0,0.0,0.0,0
0,0,5,64,0.2,0,0.0,0.0,0
0,0,6,64,0.2,0,0.0,0.0,0
0,0,7,64,0.2,0,0.0,0.0,0
0,0,8,64,0.2,0,0.0,0.0,0
0,0,9,64,0.2,0,0.0,0.0,0
0,0,10,64,0.2,0,0.0,0.0,0
0,0,11,64,0.2,0,0.0,0.0,0
0,0,12,64,0.2,0,0.0,0.0,0
0,0,13,64,0.2,0,0.0,0.0,0
0,0,0,64,0.3,0,0.0,0.0,0
0,0,1,64,0.3,0,0.0,0.0,0
0,0,2,64,0.3,0,0.0,0.0,0
0,0,3,64,0.3,0,0.0,0.0,0
0,0,4,64,0.3,0,0.0,0.0,0
0,0,5,64,0.3,0,0.0,0.0,0
0,0,6,64,0.3,0,0.0,0.0,0
0,0,7,64,0.3,0,0.0,0.0,0
0,0,8,64,0.3,0,0.0,0.0,0
0,0,9,64,0.3,0,0.0,0.0,0
0,0,10,64,0.3,0,0.0,0.0,0
0,0,11,64,0.3,0,0.0,0.0,0
0,0,12,64,0.3,0,0.0,0.0,0
0,0,13,64,0.3,0,0.0,0.0,0
0,0,0,64,0.4,0,0.0,0.0,0
0,0,1,64,0.4,0,0.0,0.0,0
0,0,2,64,0.4,0,0.0,0.0,0
0,0,3,64,0.4,0,0.0,0.0,0
0,0,4,64,0.4,0,0.0,0.0,0
0,0,5,64,0.4,0,0.0,0.0,0
0,0,6,64,0.4,0,0.0,0.0,0
0,0,7,64,0.4,0,0.0,0.0,0
0,0,8,64,0.4,0,0.0,0.0,0
0,0,9,64,0.4,0,0.0,0.0,0
0,0,10,64,0.4,0,0.0,0.0,0
0,0,11,64,0.4,0,0.0,0.0,0
0,0,12,64,0.4,0,0.0,0.0,0
0,0,13,64,0.4,0,0.0,0.0,0
0,0,0,128,0.01,0,0.0,0.0,0
0,0,1,128,0.01,0,0.0,0.0,0
0,0,2,128,0.01,0,0.0,0.0,0
0,0,3,128,0.01,0,0.0,0.0,0
0,0,4,128,0.01,0,0.0,0.0,0
0,0,5,128,0.01,0,0.0,0.0,0
0,0,6,128,0.01,0,0.0,0.0,0
0,0,7,128,0.01,0,0.0,0.0,0
0,0,8,128,0.01,0,0.0,0.0,0
0,0,9,128,0.01,0,0.0,0.0,0
0,0,10,128,0.01,0,0.0,0.0,0
0,0,11,128,0.01,0,0.0,0.0,0
0,0,12,128,0.01,0,0.0,0.0,0
0,0,13,128,0.01,0,0.0,0.0,0
0,0,0,128,0.025,0,0.0,0.0,0
0,0,1,128,0.025,0,0.0,0.0,0
0,0,2,128,0.025,0,0.0,0.0,0
0,0,3,128,0.025,0,0.0,0.0,0
0,0,4,128,0.025,0,0.0,0.0,0
0,0,5,128,0.025,0,0.0,0.0,0
0,0,6,128,0.025,0,0.0,0.0,0
0,0,7,128,0.025,0,0.0,0.0,0
0,0,8,128,0.025,0,0.0,0.0,0
0,0,9,128,0.025,0,0.0,0.0,0
0,0,10,128,0.025,0,0.0,0.0,0
0,0,11,128,0.025,0,0.0,0.0,0
0,0,12,128,0.025,0,0.0,0.0,0
0,0,13,128,0.025,0,0.0,0.0,0
0,0,0,128,0.05,0,0.0,0.0,0
0,0,1,128,0.05,0,0.0,0.0,0
0,0,2,128,0.05,0,0.0,0.0,0
0,0,3,128,0.05,0,0.0,0.0,0
0,0,4,128,0.05,0,0.0,0.0,0
0,0,5,128,0.05,0,0.0,0.0,0
0,0,6,128,0.05,0,0.0,0.0,0
0,0,7,128,0.05,0,0.0,0.0,0
0,0,8,128,0.05,0,0.0,0.0,0
0,0,9,128,0.05,0,0.0,0.0,0
0,0,10,128,0.05,0,0.0,0.0,0
0,0,11,128,0.05,0,0.0,0.0,0
0,0,12,128,0.05,0,0.0,0.0,0
0,0,13,128,0.05,0,0.0,0.0,0
0,0,0,128,0.075,0,0.0,0.0,0
0,0,1,128,0.075,0,0.0,0.0,0
0,0,2,128,0.075,0,0.0,0.0,0
0,0,3,128,0.075,0,0.0,0.0,0
0,0,4,128,0.075,0,0.0,0.0,0
0,0,5,128,0.075,0,0.0,0.0,0
0,0,6,128,0.075,0,0.0,0.0,0
0,0,7,128,0.075,0,0.0,0.0,0
0,0,8,128,0.075,0,0.0,0.0,0
0,0,9,128,0.075,0,0.0,0.0,0
0,0,10,128,0.075,0,0.0,0.0,0
0,0,11,128,0.075,0,0.0,0.0,0
0,0,12,128,0.075,0,0.0,0.0,0
0,0,13,128,0.075,0,0.0,0.0,0
0,0,0,128,0.1,0,0.0,0.0,0
0,0,1,128,0.1,0,0.0,0.0,0
0,0,2,128,0.1,0,0.0,0.0,0
0,0,3,128,0.1,0,0.0,0.0,0
0,0,4,128,0.1,0,0.0,0.0,0
0,0,5,128,0.1,0,0.0,0.0,0
0,0,6,128,0.1,0,0.0,0.0,0
0,0,7,128,0.1,0,0.0,0.0,0
0,0,8,128,0.1,0,0.0,0.0,0
0,0,9,128,0.1,0,0.0,0.0,0
0,0,10,128,0.1,0,0.0,0.0,0
0,0,11,128,0.1,0,0.0,0.0,0
0,0,12,128,0.1,0,0.0,0.0,0
0,0,13,128,0.1,0,0.0,0.0,0
0,0,0,128,0.15,0,0.0,0.0,0
0,0,1,128,0.15,0,0.0,0.0,0
0,0,2,128,0.15,0,0.0,0.0,0
0,0,3,128,0.15,0,0.0,0.0,0
0,0,4,128,0.15,0,0.0,0.0,0
0,0,5,128,0.15,0,0.0,0.0,0
0,0,6,128,0.15,0,0.0,0.0,0
0,0,7,128,0.15,0,0.0,0.0,0
0,0,8,128,0.15,0,0.0,0.0,0
0,0,9,128,0.15,0,0.0,0.0,0
0,0,10,128,0.15,0,0.0,0.0,0
0,0,11,128,0.15,0,0.0,0.0,0
0,0,12,128,0.15,0,0.0,0.0,0
0,0,13,128,0.15,0,0.0,0.0,0
0,0,0,128,0.2,0,0.0,0.0,0
0,0,1,128,0.2,0,0.0,0.0,0
0,0,2,128,0.2,0,0.0,0.0,0
0,0,3,128,0.2,0,0.0,0.0,0
0,0,4,128,0.2,0,0.0,0.0,0
0,0,5,128,0.2,0,0.0,0.0,0
0,0,6,128,0.2,0,0.0,0.0,0
0,0,7,128,0.2,0,0.0,0.0,0
0,0,8,128,0.2,0,0.0,0.0,0
0,0,9,128,0.2,0,0.0,0.0,0
0,0,10,128,0.2,0,0.0,0.0,0
0,0,11,128,0.2,0,0.0,0.0,0
0,0,12,128,0.2,0,0.0,0.0,0
0,0,13,128,0.2,0,0.0,0.0,0
0,0,0,128,0.3,0,0.0,0.0,0
0,0,1,128,0.3,0,0.0,0.0,0
0,0,2,128,0.3,0,0.0,0.0,0
0,0,3,128,0.3,0,0.0,0.0,0
0,0,4,128,0.3,0,0.0,0.0,0
0,0,5,128,0.3,0,0.0,0.0,0
0,0,6,128,0.3,0,0.0,0.0,0
0,0,7,128,0.3,0,0.0,0.0,0
0,0,8,128,0.3,0,0.0,0.0,0
0,0,9,128,0.3,0,0.0,0.0,0
0,0,10,128,0.3,0,0.0,0.0,0
0,0,11,128,0.3,0,0.0,0.0,0
0,0,12,128,0.3,0,0.0,0.0,0
0,0,13,128,0.3,0,0.0,0.0,0
0,0,0,128,0.4,0,0.0,0.0,0
0,0,1,128,0.4,0,0.0,0.0,0
0,0,2,128,0.4,0,0.0,0.0,0
0,0,3,128,0.4,0,0.0,0.0,0
0,0,4,128,0.4,0,0.0,0.0,0
0,0,5,128,0.4,0,0.0,0.0,0
0,0,6,128,0.4,0,0.0,0.0,0
0,0,7,128,0.4,0,0.0,0.0,0
0,0,8,128,0.4,0,0.0,0.0,0
0,0,9,128,0.4,0,0.0,0.0,0
0,0,10,128,0.4,0,0.0,0.0,0
0,0,11,128,0.4,0,0.0,0.0,0
0,0,12,128,0.4,0,0.0,0.0,0
0,0,13,128,0.4,0,0.0,0.0,0
0,6,0,4,0.01,0,0.0,0.0,0
0,6,1,4,0.01,0,0.0,0.0,0
0,6,2,4,0.01,0,0.0,0.0,0
0,6,3,4,0.01,0,0.0,0.0,0
0,6,4,4,0.01,0,0.0,0.0,0
0,6,5,4,0.01,0,0.0,0.0,0
0,6,6,4,0.01,0,0.0,0.0,0
0,6,7,4,0.01,0,0.0,0.0,0
0,6,8,4,0.01,0,0.0,0.0,0
0,6,9,4,0.01,0,0.0,0.0,0
0,6,10,4,0.01,0,0.0,0.0,0
0,6,11,4,0.01,0,0.0,0.0,0
0,6,12,4,0.01,0,0.0,0.0,0
0,6,13,4,0.01,0,0.0,0.0,0
0,6,0,4,0.025,0,0.0,0.0,0
0,6,1,4,0.025,0,0.0,0.0,0
0,6,2,4,0.025,0,0.0,0.0,0
0,6,3,4,0.025,0,0.0,0.0,0
0,6,4,4,0.025,0,0.0,0.0,0
0,6,5,4,0.025,0,0.0,0.0,0
0,6,6,4,0.025,0,0.0,0.0,0
0,6,7,4,0.025,0,0.0,0.0,0
0,6,8,4,0.025,0,0.0,0.0,0
0,6,9,4,0.025,0,0.0,0.0,0
0,6,10,4,0.025,0,0.0,0.0,0
0,6,11,4,0.025,0,0.0,0.0,0
0,6,12,4,0.025,0,0.0,0.0,0
0,6,13,4,0.025,0,0.0,0.0,0
0,6,0,4,0.05,0,0.0,0.0,0
0,6,1,4,0.05,0,0.0,0.0,0
0,6,2,4,0.05,0,0.0,0.0,0
0,6,3,4,0.05,0,0.0,0.0,0
0,6,4,4,0.05,0,0.0,0.0,0
0,6,5,4,0.05,0,0.0,0.0,0
0,6,6,4,0.05,0,0.0,0.0,0
0,6,7,4,0.05,0,0.0,0.0,0
0,6,8,4,0.05,0,0.0,0.0,0
0,6,9,4,0.05,0,0.0,0.0,0
0,6,10,4,0.05,0,0.0,0.0,0
0,6,11,4,0.05,0,0.0,0.0,0
0,6,12,4,0.05,0,0.0,0.0,0
0,6,13,4,0.05,0,0.0,0.0,0
0,6,0,4,0.075,0,0.0,0.0,0
0,6,1,4,0.075,0,0.0,0.0,0
0,6,2,4,0.075,0,0.0,0.0,0
0,6,3,4,0.075,0,0.0,0.0,0
0,6,4,4,0.075,0,0.0,0.0,0
0,6,5,4,0.075,0,0.0,0.0,0
0,6,6,4,0.075,0,0.0,0.0,0
0,6,7,4,0.075,0,0.0,0.0,0
0,6,8,4,0.075,0,0.0,0.0,0
0,6,9,4,0.075,0,0.0,0.0,0
0,6,10,4,0.075,0,0.0,0.0,0
0,6,11,4,0.075,0,0.0,0.0,0
0,6,12,4,0.075,0,0.0,0.0,0
0,6,13,4,0.075,0,0.0,0.0,0
0,6,0,4,0.1,0,0.0,0.0,0
0,6,1,4,0.1,0,0.0,0.0,0
0,6,2,4,0.1,0,0.0,0.0,0
0,6,3,4,0.1,0,0.0,0.0,0
0,6,4,4,0.1,0,0.0,0.0,0
0,6,5,4,0.1,0,0.0,0.0,0
0,6,6,4,0.1,0,0.0,0.0,0
0,6,7,4,0.1,0,0.0,0.0,0
0,6,8,4,0.1,0,0.0,0.0,0
0,6,9,4,0.1,0,0.0,0.0,0
0,6,10,4,0.1,0,0.0,0.0,0
0,6,11,4,0.1,0,0.0,0.0,0
0,6,12,4,0.1,0,0.0,0.0,0
0,6,13,4,0.1,0,0.0,0.0,0
0,6,0,4,0.15,0,0.0,0.0,0
0,6,1,4,0.15,0,0.0,0.0,0
0,6,2,4,0.15,0,0.0,0.0,0
0,6,3,4,0.15,0,0.0,0.0,0
0,6,4,4,0.15,0,0.0,0.0,0
0,6,5,4,0.15,0,0.0,0.0,0
0,6,6,4,0.15,0,0.0,0.0,0
0,6,7,4,0.15,0,0.0,0.0,0
0,6,8,4,0.15,0,0.0,0.0,0
0,6,9,4,0.15,0,0.0,0.0,0
0,6,10,4,0.15,0,0.0,0.0,0
0,6,11,4,0.15,0,0.0,0.0,0
0,6,12,4,0.15,0,0.0,0.0,0
0,6,13,4,0.15,0,0.0,0.0,0
0,6,0,4,0.2,0,0.0,0.0,0
0,6,1,4,0.2,0,0.0,0.0,0
0,6,2,4,0.2,0,0.0,0.0,0
0,6,3,4,0.2,0,0.0,0.0,0
0,6,4,4,0.2,0,0.0,0.0,0
0,6,5,4,0.2,0,0.0,0.0,0
0,6,6,4,0.2,0,0.0,0.0,0
0,6,7,4,0.2,0,0.0,0.0,0
0,6,8,4,0.2,0,0.0,0.0,0
0,6,9,4,0.2,0,0.0,0.0,0
0,6,10,4,0.2,0,0.0,0.0,0
0,6,11,4,0.2,0,0.0,0.0,0
0,6,12,4,0.2,0,0.0,0.0,0
0,6,13,4,0.2,0,0.0,0.0,0
0,6,0,4,0.3,0,0.0,0.0,0
0,6,1,4,0.3,0,0.0,0.0,0
0,6,2,4,0.3,0,0.0,0.0,0
0,6,3,4,0.3,0,0.0,0.0,0
0,6,4,4,0.3,0,0.0,0.0,0
0,6,5,4,0.3,0,0.0,0.0,0
0,6,6,4,0.3,0,0.0,0.0,0
0,6,7,4,0.3,0,0.0,0.0,0
0,6,8,4,0.3,0,0.0,0.0,0
0,6,9,4,0.3,0,0.0,0.0,0
0,6,10,4,0.3,0,0.0,0.0,0
0,6,11,4,0.3,0,0.0,0.0,0
0,6,12,4,0.3,0,0.0,0.0,0
0,6,13,4,0.3,0,0.0,0.0,0
0,6,0,4,0.4,0,0.0,0.0,0
0,6,1,4,0.4,0,0.0,0.0,0
0,6,2,4,0.4,0,0.0,0.0,0
0,6,3,4,0.4,0,0.0,0.0,0
0,6,4,4,0.4,0,0.0,0.0,0
0,6,5,4,0.4,0,0.0,0.0,0
0,6,6,4,0.4,0,0.0,0.0,0
0,6,7,4,0.4,0,0.0,0.0,0
0,6,8,4,0.4,0,0.0,0.0,0
0,6,9,4,0.4,0,0.0,0.0,0
0,6,10,4,0.4,0,0.0,0.0,0
0,6,11,4,0.4,0,0.0,0.0,0
0,6,12,4,0.4,0,0.0,0.0,0
0,6,13,4,0.4,0,0.0,0.0,0
0,6,0,8,0.01,0,0.0,0.0,0
0,6,1,8,0.01,0,0.0,0.0,0
0,6,2,8,0.01,0,0.0,0.0,0
0,6,3,8,0.01,0,0.0,0.0,0
0,6,4,8,0.01,0,0.0,0.0,0
0,6,5,8,0.01,0,0.0,0.0,0
0,6,6,8,0.01,0,0.0,0.0,0
0,6,7,8,0.01,0,0.0,0.0,0
0,6,8,8,0.01,0,0.0,0.0,0
0,6,9,8,0.01,0,0.0,0.0,0
0,6,10,8,0.01,0,0.0,0.0,0
0,6,11,8,0.01,0,0.0,0.0,0
0,6,12,8,0.01,0,0.0,0.0,0
0,6,13,8,0.01,0,0.0,0.0,0
0,6,0,8,0.025,0,0.0,0.0,0
0,6,1,8,0.025,0,0.0,0.0,0
0,6,2,8,0.025,0,0.0,0.0,0
0,6,3,8,0.025,0,0.0,0.0,0
0,6,4,8,0.025,0,0.0,0.0,0
0,6,5,8,0.025,0,0.0,0.0,0
0,6,6,8,0.025,0,0.0,0.0,0
0,6,7,8,0.025,0,0.0,0.0,0
0,6,8,8,0.025,0,0.0,0.0,0
0,6,9,8,0.025,0,0.0,0.0,0
0,6,10,8,0.025,0,0.0,0.0,0
0,6,11,8,0.025,0,0.0,0.0,0
0,6,12,8,0.025,0,0.0,0.0,0
0,6,13,8,0.025,0,0.0,0.0,0
0,6,0,8,0.05,0,0.0,0.0,0
0,6,1,8,0.05,0,0.0,0.0,0
0,6,2,8,0.05,0,0.0,0.0,0
0,6,3,8,0.05,0,0.0,0.0,0
0,6,4,8,0.05,0,0.0,0.0,0
0,6,5,8,0.05,0,0.0,0.0,0
0,6,6,8,0.05,0,0.0,0.0,0
0,6,7,8,0.05,0,0.0,0.0,0
0,6,8,8,0.05,0,0.0,0.0,0
0,6,9,8,0.05,0,0.0,0.0,0
0,6,10,8,0.05,0,0.0,0.0,0
0,6,11,8,0.05,0,0.0,0.0,0
0,6,12,8,0.05,0,0.0,0.0,0
0,6,13,8,0.05,0,0.0,0.0,0
0,6,0,8,0.075,0,0.0,0.0,0
0,6,1,8,0.075,0,0.0,0.0,0
0,6,2,8,0.075,0,0.0,0.0,0
0,6,3,8,0.075,0,0.0,0.0,0
0,6,4,8,0.075,0,0.0,0.0,0
0,6,5,8,0.075,0,0.0,0.0,0
0,6,6,8,0.075,0,0.0,0.0,0
0,6,7,8,0.075,0,0.0,0.0,0
0,6,8,8,0.075,0,0.0,0.0,0
0,6,9,8,0.075,0,0.0,0.0,0
0,6,10,8,0.075,0,0.0,0.0,0
0,6,11,8,0.075,0,0.0,0.0,0
0,6,12,8,0.075,0,0.0,0.0,0
0,6,13,8,0.075,0,0.0,0.0,0
0,6,0,8,0.1,0,0.0,0.0,0
0,6,1,8,0.1,0,0.0,0.0,0
0,6,2,8,0.1,0,0.0,0.0,0
0,6,3,8,0.1,0,0.0,0.0,0
0,6,4,8,0.1,0,0.0,0.0,0
0,6,5,8,0.1,0,0.0,0.0,0
0,6,6,8,0.1,0,0.0,0.0,0
0,6,7,8,0.1,0,0.0,0.0,0
0,6,8,8,0.1,0,0.0,0.0,0
0,6,9,8,0.1,0,0.0,0.0,0
0,6,10,8,0.1,0,0.0,0.0,0
0,6,11,8,0.1,0,0.0,0.0,0
0,6,12,8,0.1,0,0.0,0.0,0
0,6,13,8,0.1,0,0.0,0.0,0
0,6,0,8,0.15,0,0.0,0.0,0
0,6,1,8,0.15,0,0.0,0.0,0
0,6,2,8,0.15,0,0.0,0.0,0
0,6,3,8,0.15,0,0.0,0.0,0
0,6,4,8,0.15,0,0.0,0.0,0
0,6,5,8,0.15,0,0.0,0.0,0
0,6,6,8,0.15,0,0.0,0.0,0
0,6,7,8,0.15,0,0.0,0.0,0
0,6,8,8,0.15,0,0.0,0.0,0
0,6,9,8,0.15,0,0.0,0.0,0
0,6,10,8,0.15,0,0.0,0.0,0
0,6,11,8,0.15,0,0.0,0.0,0
0,6,12,8,0.15,0,0.0,0.0,0
0,6,13,8,0.15,0,0.0,0.0,0
0,6,0,8,0.2,0,0.0,0.0,0
0,6,1,8,0.2,0,0.0,0.0,0
0,6,2,8,0.2,0,0.0,0.0,0
0,6,3,8,0.2,0,0.0,0.0,0
0,6,4,8,0.2,0,0.0,0.0,0
0,6,5,8,0.2,0,0.0,0.0,0
0,6,6,8,0.2,0,0.0,0.0,0
0,6,7,8,0.2,0,0.0,0.0,0
0,6,8,8,0.2,0,0.0,0.0,0
0,6,9,8,0.2,0,0.0,0.0,0
0,6,10,8,0.2,0,0.0,0.0,0
0,6,11,8,0.2,0,0.0,0.0,0
0,6,12,8,0.2,0,0.0,0.0,0
0,6,13,8,0.2,0,0.0,0.0,0
0,6,0,8,0.3,0,0.0,0.0,0
0,6,1,8,0.3,0,0.0,0.0,0
0,6,2,8,0.3,0,0.0,0.0,0
0,6,3,8,0.3,0,0.0,0.0,0
0,6,4,8,0.3,0,0.0,0.0,0
0,6,5,8,0.3,0,0.0,0.0,0
0,6,6,8,0.3,0,0.0,0.0,0
0,6,7,8,0.3,0,0.0,0.0,0
0,6,8,8,0.3,0,0.0,0.0,0
0,6,9,8,0.3,0,0.0,0.0,0
0,6,10,8,0.3,0,0.0,0.0,0
0,6,11,8,0.3,0,0.0,0.0,0
0,6,12,8,0.3,0,0.0,0.0,0
0,6,13,8,0.3,0,0.0,0.0,0
0,6,0,8,0.4,0,0.0,0.0,0
0,6,1,8,0.4,0,0.0,0.0,0
0,6,2,8,0.4,0,0.0,0.0,0
0,6,3,8,0.4,0,0.0,0.0,0
0,6,4,8,0.4,0,0.0,0.0,0
0,6,5,8,0.4,0,0.0,0.0,0
0,6,6,8,0.4,0,0.0,0.0,0
0,6,7,8,0.4,0,0.0,0.0,0
0,6,8,8,0.4,0,0.0,0.0,0
0,6,9,8,0.4,0,0.0,0.0,0
0,6,10,8,0.4,0,0.0,0.0,0
0,6,11,8,0.4,0,0.0,0.0,0
0,6,12,8,0.4,0,0.0,0.0,0
0,6,13,8,0.4,0,0.0,0.0,0
0,6,0,16,0.01,0,0.0,0.0,0
0,6,1,16,0.01,0,0.0,0.0,0
0,6,2,16,0.01,0,0.0,0.0,0
0,6,3,16,0.01,0,0.0,0.0,0
0,6,4,16,0.01,0,0.0,0.0,0
0,6,5,16,0.01,0,0.0,0.0,0
0,6,6,16,0.01,0,0.0,0.0,0
0,6,7,16,0.01,0,0.0,0.0,0
0,6,8,16,0.01,0,0.0,0.0,0
0,6,9,16,0.01,0,0.0,0.0,0
0,6,10,16,0.01,0,0.0,0.0,0
0,6,11,16,0.01,0,0.0,0.0,0
0,6,12,16,0.01,0,0.0,0.0,0
0,6,13,16,0.01,0,0.0,0.0,0
0,6,0,16,0.025,0,0.0,0.0,0
0,6,1,16,0.025,0,0.0,0.0,0
0,6,2,16,0.025,0,0.0,0.0,0
0,6,3,16,0.025,0,0.0,0.0,0
0,6,4,16,0.025,0,0.0,0.0,0
0,6,5,16,0.025,0,0.0,0.0,0
0,6,6,16,0.025,0,0.0,0.0,0
0,6,7,16,0.025,0,0.0,0.0,0
0,6,8,16,0.025,0,0.0,0.0,0
0,6,9,16,0.025,0,0.0,0.0,0
0,6,10,16,0.025,0,0.0,0.0,0
0,6,11,16,0.025,0,0.0,0.0,0
0,6,12,16,0.025,0,0.0,0.0,0
0,6,13,16,0.025,0,0.0,0.0,0
0,6,0,16,0.05,0,0.0,0.0,0
0,6,1,16,0.05,0,0.0,0.0,0
0,6,2,16,0.05,0,0.0,0.0,0
0,6,3,16,0.05,0,0.0,0.0,0
0,6,4,16,0.05,0,0.0,0.0,0
0,6,5,16,0.05,0,0.0,0.0,0
0,6,6,16,0.05,0,0.0,0.0,0
0,6,7,16,0.05,0,0.0,0.0,0
0,6,8,16,0.05,0,0.0,0.0,0
0,6,9,16,0.05,0,0.0,0.0,0
0,6,10,16,0.05,0,0.0,0.0,0
0,6,11,16,0.05,0,0.0,0.0,0
0,6,12,16,0.05,0,0.0,0.0,0
0,6,13,16,0.05,0,0.0,0.0,0
0,6,0,16,0.075,0,0.0,0.0,0
0,6,1,16,0.075,0,0.0,0.0,0
0,6,2,16,0.075,0,0.0,0.0,0
0,6,3,16,0.075,0,0.0,0.0,0
0,6,4,16,0.075,0,0.0,0.0,0
0,6,5,16,0.075,0,0.0,0.0,0
0,6,6,16,0.075,0,0.0,0.0,0
0,6,7,16,0.075,0,0.0,0.0,0
0,6,8,16,0.075,0,0.0,0.0,0
0,6,9,16,0.075,0,0.0,0.0,0
0,6,10,16,0.075,0,0.0,0.0,0
0,6,11,16,0.075,0,0.0,0.0,0
0,6,12,16,0.075,0,0.0,0.0,0
0,6,13,16,0.075,0,0.0,0.0,0
0,6,0,16,0.1,0,0.0,0.0,0
0,6,1,16,0.1,0,0.0,0.0,0
0,6,2,16,0.1,0,0.0,0.0,0
0,6,3,16,0.1,0,0.0,0.0,0
0,6,4,16,0.1,0,0.0,0.0,0
0,6,5,16,0.1,0,0.0,0.0,0
0,6,6,16,0.1,0,0.0,0.0,0
0,6,7,16,0.1,0,0.0,0.0,0
0,6,8,16,0.1,0,0.0,0.0,0
0,6,9,16,0.1,0,0.0,0.0,0
0,6,10,16,0.1,0,0.0,0.0,0
0,6,11,16,0.1,0,0.0,0.0,0
0,6,12,16,0.1,0,0.0,0.0,0
0,6,13,16,0.1,0,0.0,0.0,0
0,6,0,16,0.15,0,0.0,0.0,0
0,6,1,16,0.15,0,0.0,0.0,0
0,6,2,16,0.15,0,0.0,0.0,0
0,6,3,16,0.15,0,0.0,0.0,0
0,6,4,16,0.15,0,0.0,0.0,0
0,6,5,16,0.15,0,0.0,0.0,0
0,6,6,16,0.15,0,0.0,0.0,0
0,6,7,16,0.15,0,0.0,0.0,0
0,6,8,16,0.15,0,0.0,0.0,0
0,6,9,16,0.15,0,0.0,0.0,0
0,6,10,16,0.15,0,0.0,0.0,0
0,6,11,16,0.15,0,0.0,0.0,0
0,6,12,16,0.15,0,0.0,0.0,0
0,6,13,16,0.15,0,0.0,0.0,0
0,6,0,16,0.2,0,0.0,0.0,0
0,6,1,16,0.2,0,0.0,0.0,0
0,6,2,16,0.2,0,0.0,0.0,0
0,6,3,16,0.2,0,0.0,0.0,0
0,6,4,16,0.2,0,0.0,0.0,0
0,6,5,16,0.2,0,0.0,0.0,0
0,6,6,16,0.2,0,0.0,0.0,0
0,6,7,16,0.2,0,0.0,0.0,0
0,6,8,16,0.2,0,0.0,0.0,0
0,6,9,16,0.2,0,0.0,0.0,0
0,6,10,16,0.2,0,0.0,0.0,0
0,6,11,16,0.2,0,0.0,0.0,0
0,6,12,16,0.2,0,0.0,0.0,0
0,6,13,16,0.2,0,0.0,0.0,0
0,6,0,16,0.3,0,0.0,0.0,0
0,6,1,16,0.3,0,0.0,0.0,0
0,6,2,16,0.3,0,0.0,0.0,0
0,6,3,16,0.3,0,0.0,0.0,0
0,6,4,16,0.3,0,0.0,0.0,0
0,6,5,16,0.3,0,0.0,0.0,0
0,6,6,16,0.3,0,0.0,0.0,0
0,6,7,16,0.3,0,0.0,0.0,0
0,6,8,16,0.3,0,0.0,0.0,0
0,6,9,16,0.3,0,0.0,0.0,0
0,6,10,16,0.3,0,0.0,0.0,0
0,6,11,16,0.3,0,0.0,0.0,0
0,6,12,16,0.3,0,0.0,0.0,0
0,6,13,16,0.3,0,0.0,0.0,0
0,6,0,16,0.4,0,0.0,0.0,0
0,6,1,16,0.4,0,0.0,0.0,0
0,6,2,16,0.4,0,0.0,0.0,0
0,6,3,16,0.4,0,0.0,0.0,0
0,6,4,16,0.4,0,0.0,0.0,0
0,6,5,16,0.4,0,0.0,0.0,0
0,6,6,16,0.4,0,0.0,0.0,0
0,6,7,16,0.4,0,0.0,0.0,0
0,6,8,16,0.4,0,0.0,0.0,0
0,6,9,16,0.4,0,0.0,0.0,0
0,6,10,16,0.4,0,0.0,0.0,0
0,6,11,16,0.4,0,0.0,0.0,0
0,6,12,16,0.4,0,0.0,0.0,0
0,6,13,16,0.4,0,0.0,0.0,0
0,6,0,32,0.01,0,0.0,0.0,0
0,6,1,32,0.01,0,0.0,0.0,0
0,6,2,32,0.01,0,0.0,0.0,0
0,6,3,32,0.01,0,0.0,0.0,0
0,6,4,32,0.01,0,0.0,0.0,0
0,6,5,32,0.01,0,0.0,0.0,0
0,6,6,32,0.01,0,0.0,0.0,0
0,6,7,32,0.01,0,0.0,0.0,0
0,6,8,32,0.01,0,0.0,0.0,0
0,6,9,32,0.01,0,0.0,0.0,0
0,6,10,32,0.01,0,0.0,0.0,0
0,6,11,32,0.01,0,0.0,0.0,0
0,6,12,32,0.01,0,0.0,0.0,0
0,6,13,32,0.01,0,0.0,0.0,0
0,6,0,32,0.025,0,0.0,0.0,0
0,6,1,32,0.025,0,0.0,0.0,0
0,6,2,32,0.025,0,0.0,0.0,0
0,6,3,32,0.025,0,0.0,0.0,0
0,6,4,32,0.025,0,0.0,0.0,0
0,6,5,32,0.025,0,0.0,0.0,0
0,6,6,32,0.025,0,0.0,0.0,0
0,6,7,32,0.025,0,0.0,0.0,0
0,6,8,32,0.025,0,0.0,0.0,0
0,6,9,32,0.025,0,0.0,0.0,0
0,6,10,32,0.025,0,0.0,0.0,0
0,6,11,32,0.025,0,0.0,0.0,0
0,6,12,32,0.025,0,0.0,0.0,0
0,6,13,32,0.025,0,0.0,0.0,0
0,6,0,32,0.05,0,0.0,0.0,0
0,6,1,32,0.05,0,0.0,0.0,0
0,6,2,32,0.05,0,0.0,0.0,0
0,6,3,32,0.05,0,0.0,0.0,0
0,6,4,32,0.05,0,0.0,0.0,0
0,6,5,32,0.05,0,0.0,0.0,0
0,6,6,32,0.05,0,0.0,0.0,0
0,6,7,32,0.05,0,0.0,0.0,0
0,6,8,32,0.05,0,0.0,0.0,0
0,6,9,32,0.05,0,0.0,0.0,0
0,6,10,32,0.05,0,0.0,0.0,0
0,6,11,32,0.05,0,0.0,0.0,0
0,6,12,32,0.05,0,0.0,0.0,0
0,6,13,32,0.05,0,0.0,0.0,0
0,6,0,32,0.075,0,0.0,0.0,0
0,6,1,32,0.075,0,0.0,0.0,0
0,6,2,32,0.075,0,0.0,0.0,0
0,6,3,32,0.075,0,0.0,0.0,0
0,6,4,32,0.075,0,0.0,0.0,0
0,6,5,32,0.075,0,0.0,0.0,0
0,6,6,32,0.075,0,0.0,0.0,0
0,6,7,32,0.075,0,0.0,0.0,0
0,6,8,32,0.075,0,0.0,0.0,0
0,6,9,32,0.075,0,0.0,0.0,0
0,6,10,32,0.075,0,0.0,0.0,0
0,6,11,32,0.075,0,0.0,0.0,0
0,6,12,32,0.075,0,0.0,0.0,0
0,6,13,32,0.075,0,0.0,0.0,0
0,6,0,32,0.1,0,0.0,0.0,0
0,6,1,32,0.1,0,0.0,0.0,0
0,6,2,32,0.1,0,0.0,0.0,0
0,6,3,32,0.1,0,0.0,0.0,0
0,6,4,32,0.1,0,0.0,0.0,0
0,6,5,32,0.1,0,0.0,0.0,0
0,6,6,32,0.1,0,0.0,0.0,0
0,6,7,32,0.1,0,0.0,0.0,0
0,6,8,32,0.1,0,0.0,0.0,0
0,6,9,32,0.1,0,0.0,0.0,0
0,6,10,32,0.1,0,0.0,0.0,0
0,6,11,32,0.1,0,0.0,0.0,0
0,6,12,32,0.1,0,0.0,0.0,0
0,6,13,32,0.1,0,0.0,0.0,0
0,6,0,32,0.15,0,0.0,0.0,0
0,6,1,32,0.15,0,0.0,0.0,0
0,6,2,32,0.15,0,0.0,0.0,0
0,6,3,32,0.15,0,0.0,0.0,0
0,6,4,32,0.15,0,0.0,0.0,0
0,6,5,32,0.15,0,0.0,0.0,0
0,6,6,32,0.15,0,0.0,0.0,0
0,6,7,32,0.15,0,0.0,0.0,0
0,6,8,32,0.15,0,0.0,0.0,0
0,6,9,32,0.15,0,0.0,0.0,0
0,6,10,32,0.15,0,0.0,0.0,0
0,6,11,32,0.15,0,0.0,0.0,0
0,6,12,32,0.15,0,0.0,0.0,0
0,6,13,32,0.15,0,0.0,0.0,0
0,6,0,32,0.2,0,0.0,0.0,0
0,6,1,32,0.2,0,0.0,0.0,0
0,6,2,32,0.2,0,0.0,0.0,0
0,6,3,32,0.2,0,0.0,0.0,0
0,6,4,32,0.2,0,0.0,0.0,0
0,6,5,32,0.2,0,0.0,0.0,0
0,6,6,32,0.2,0,0.0,0.0,0
0,6,7,32,0.2,0,0.0,0.0,0
0,6,8,32,0.2,0,0.0,0.0,0
0,6,9,32,0.2,0,0.0,0.0,0
0,6,10,32,0.2,0,0.0,0.0,0
0,6,11,32,0.2,0,0.0,0.0,0
0,6,12,32,0.2,0,0.0,0.0,0
0,6,13,32,0.2,0,0.0,0.0,0
0,6,0,32,0.3,0,0.0,0.0,0
0,6,1,32,0.3,0,0.0,0.0,0
0,6,2,32,0.3,0,0.0,0.0,0
0,6,3,32,0.3,0,0.0,0.0,0
0,6,4,32,0.3,0,0.0,0.0,0
0,6,5,32,0.3,0,0.0,0.0,0
0,6,6,32,0.3,0,0.0,0.0,0
0,6,7,32,0.3,0,0.0,0.0,0
0,6,8,32,0.3,0,0.0,0.0,0
0,6,9,32,0.3,0,0.0,0.0,0
0,6,10,32,0.3,0,0.0,0.0,0
0,6,11,32,0.3,0,0.0,0.0,0
0,6,12,32,0.3,0,0.0,0.0,0
0,6,13,32,0.3,0,0.0,0.0,0
0,6,0,32,0.4,0,0.0,0.0,0
0,6,1,32,0.4,0,0.0,0.0,0
0,6,2,32,0.4,0,0.0,0.0,0
0,6,3,32,0.4,0,0.0,0.0,0
0,6,4,32,0.4,0,0.0,0.0,0
0,6,5,32,0.4,0,0.0,0.0,0
0,6,6,32,0.4,0,0.0,0.0,0
0,6,7,32,0.4,0,0.0,0.0,0
0,6,8,32,0.4,0,0.0,0.0,0
0,6,9,32,0.4,0,0.0,0.0,0
0,6,10,32,0.4,0,0.0,0.0,0
0,6,11,32,0.4,0,0.0,0.0,0
0,6,12,32,0.4,0,0.0,0.0,0
0,6,13,32,0.4,0,0.0,0.0,0
0,6,0,64,0.01,0,0.0,0.0,0
0,6,1,64,0.01,0,0.0,0.0,0
0,6,2,64,0.01,0,0.0,0.0,0
0,6,3,64,0.01,0,0.0,0.0,0
0,6,4,64,0.01,0,0.0,0.0,0
0,6,5,64,0.01,0,0.0,0.0,0
0,6,6,64,0.01,0,0.0,0.0,0
0,6,7,64,0.01,0,0.0,0.0,0
0,6,8,64,0.01,0,0.0,0.0,0
0,6,9,64,0.01,0,0.0,0.0,0
0,6,10,64,0.01,0,0.0,0.0,0
0,6,11,64,0.01,0,0.0,0.0,0
0,6,12,64,0.01,0,0.0,0.0,0
0,6,13,64,0.01,0,0.0,0.0,0
0,6,0,64,0.025,0,0.0,0.0,0
0,6,1,64,0.025,0,0.0,0.0,0
0,6,2,64,0.025,0,0.0,0.0,0
0,6,3,64,0.025,0,0.0,0.0,0
0,6,4,64,0.025,0,0.0,0.0,0
0,6,5,64,0.025,0,0.0,0.0,0
0,6,6,64,0.025,0,0.0,0.0,0
0,6,7,64,0.025,0,0.0,0.0,0
0,6,8,64,0.025,0,0.0,0.0,0
0,6,9,64,0.025,0,0.0,0.0,0
0,6,10,64,0.025,0,0.0,0.0,0
0,6,11,64,0.025,0,0.0,0.0,0
0,6,12,64,0.025,0,0.0,0.0,0
0,6,13,64,0.025,0,0.0,0.0,0
0,6,0,64,0.05,0,0.0,0.0,0
0,6,1,64,0.05,0,0.0,0.0,0
0,6,2,64,0.05,0,0.0,0.0,0
0,6,3,64,0.05,0,0.0,0.0,0
0,6,4,64,0.05,0,0.0,0.0,0
0,6,5,64,0.05,0,0.0,0.0,0
0,6,6,64,0.05,0,0.0,0.0,0
0,6,7,64,0.05,0,0.0,0.0,0
0,6,8,64,0.05,0,0.0,0.0,0
0,6,9,64,0.05,0,0.0,0.0,0
0,6,10,64,0.05,0,0.0,0.0,0
0,6,11,64,0.05,0,0.0,0.0,0
0,6,12,64,0.05,0,0.0,0.0,0
0,6,13,64,0.05,0,0.0,0.0,0
0,6,0,64,0.075,0,0.0,0.0,0
0,6,1,64,0.075,0,0.0,0.0,0
0,6,2,64,0.075,0,0.0,0.0,0
0,6,3,64,0.075,0,0.0,0.0,0
0,6,4,64,0.075,0,0.0,0.0,0
0,6,5,64,0.075,0,0.0,0.0,0
0,6,6,64,0.075,0,0.0,0.0,0
0,6,7,64,0.075,0,0.0,0.0,0
0,6,8,64,0.075,0,0.0,0.0,0
0,6,9,64,0.075,0,0.0,0.0,0
0,6,10,64,0.075,0,0.0,0.0,0
0,6,11,64,0.075,0,0.0,0.0,0
0,6,12,64,0.075,0,0.0,0.0,0
0,6,13,64,0.075,0,0.0,0.0,0
0,6,0,64,0.1,0,0.0,0.0,0
0,6,1,64,0.1,0,0.0,0.0,0
0,6,2,64,0.1,0,0.0,0.0,0
0,6,3,64,0.1,0,0.0,0.0,0
0,6,4,64,0.1,0,0.0,0.0,0
0,6,5,64,0.1,0,0.0,0.0,0
0,6,6,64,0.1,0,0.0,0.0,0
0,6,7,64,0.1,0,0.0,0.0,0
0,6,8,64,0.1,0,0.0,0.0,0
0,6,9,64,0.1,0,0.0,0.0,0
0,6,10,64,0.1,0,0.0,0.0,0
0,6,11,64,0.1,0,0.0,0.0,0
0,6,12,64,0.1,0,0.0,0.0,0
0,6,13,64,0.1,0,0.0,0.0,0
0,6,0,64,0.15,0,0.0,0.0,0
0,6,1,64,0.15,0,0.0,0.0,0
0,6,2,64,0.15,0,0.0,0.0,0
0,6,3,64,0.15,0,0.0,0.0,0
0,6,4,64,0.15,0,0.0,0.0,0
0,6,5,64,0.15,0,0.0,0.0,0
0,6,6,64,0.15,0,0.0,0.0,0
0,6,7,64,0.15,0,0.0,0.0,0
0,6,8,64,0.15,0,0.0,0.0,0
0,6,9,64,0.15,0,0.0,0.0,0
0,6,10,64,0.15,0,0.0,0.0,0
0,6,11,64,0.15,0,0.0,0.0,0
0,6,12,64,0.15,0,0.0,0.0,0
0,6,13,64,0.15,0,0.0,0.0,0
0,6,0,64,0.2,0,0.0,0.0,0
0,6,1,64,0.2,0,0.0,0.0,0
0,6,2,64,0.2,0,0.0,0.0,0
0,6,3,64,0.2,0,0.0,0.0,0
0,6,4,64,0.2,0,0.0,0.0,0
0,6,5,64,0.2,0,0.0,0.0,0
0,6,6,64,0.2,0,0.0,0.0,0
0,6,7,64,0.2,0,0.0,0.0,0
0,6,8,64,0.2,0,0.0,0.0,0
0,6,9,64,0.2,0,0.0,0.0,0
0,6,10,64,0.2,0,0.0,0.0,0
0,6,11,64,0.2,0,0.0,0.0,0
0,6,12,64,0.2,0,0.0,0.0,0
0,6,13,64,0.2,0,0.0,0.0,0
0,6,0,64,0.3,0,0.0,0.0,0
0,6,1,64,0.3,0,0.0,0.0,0
0,6,2,64,0.3,0,0.0,0.0,0
0,6,3,64,0.3,0,0.0,0.0,0
0,6,4,64,0.3,0,0.0,0.0,0
0,6,5,64,0.3,0,0.0,0.0,0
0,6,6,64,0.3,0,0.0,0.0,0
0,6,7,64,0.3,0,0.0,0.0,0
0,6,8,64,0.3,0,0.0,0.0,0
0,6,9,64,0.3,0,0.0,0.0,0
0,6,10,64,0.3,0,0.0,0.0,0
0,6,11,64,0.3,0,0.0,0.0,0
0,6,12,64,0.3,0,0.0,0.0,0
0,6,13,64,0.3,0,0.0,0.0,0
0,6,0,64,0.4,0,0.0,0.0,0
0,6,1,64,0.4,0,0.0,0.0,0
0,6,2,64,0.4,0,0.0,0.0,0
0,6,3,64,0.4,0,0.0,0.0,0
0,6,4,64,0.4,0,0.0,0.0,0
0,6,5,64,0.4,0,0.0,0.0,0
0,6,6,64,0.4,0,0.0,0.0,0
0,6,7,64,0.4,0,0.0,0.0,0
0,6,8,64,0.4,0,0.0,0.0,0
0,6,9,64,0.4,0,0.0,0.0,0
0,6,10,64,0.4,0,0.0,0.0,0
0,6,11,64,0.4,0,0.0,0.0,0
0,6,12,64,0.4,0,0.0,0.0,0
0,6,13,64,0.4,0,0.0,0.0,0
0,6,0,128,0.01,0,0.0,0.0,0
0,6,1,128,0.01,0,0.0,0.0,0
0,6,2,128,0.01,0,0.0,0.0,0
0,6,3,128,0.01,0,0.0,0.0,0
0,6,4,128,0.01,0,0.0,0.0,0
0,6,5,128,0.01,0,0.0,0.0,0
0,6,6,128,0.01,0,0.0,0.0,0
0,6,7,128,0.01,0,0.0,0.0,0
0,6,8,128,0.01,0,0.0,0.0,0
0,6,9,128,0.01,0,0.0,0.0,0
0,6,10,128,0.01,0,0.0,0.0,0
0,6,11,128,0.01,0,0.0,0.0,0
0,6,12,128,0.01,0,0.0,0.0,0
0,6,13,128,0.01,0,0.0,0.0,0
0,6,0,128,0.025,0,0.0,0.0,0
0,6,1,128,0.025,0,0.0,0.0,0
0,6,2,128,0.025,0,0.0,0.0,0
0,6,3,128,0.025,0,0.0,0.0,0
0,6,4,128,0.025,0,0.0,0.0,0
0,6,5,128,0.025,0,0.0,0.0,0
0,6,6,128,0.025,0,0.0,0.0,0
0,6,7,128,0.025,0,0.0,0.0,0
0,6,8,128,0.025,0,0.0,0.0,0
0,6,9,128,0.025,0,0.0,0.0,0
0,6,10,128,0.025,0,0.0,0.0,0
0,6,11,128,0.025,0,0.0,0.0,0
0,6,12,128,0.025,0,0.0,0.0,0
0,6,13,128,0.025,0,0.0,0.0,0
0,6,0,128,0.05,0,0.0,0.0,0
0,6,1,128,0.05,0,0.0,0.0,0
0,6,2,128,0.05,0,0.0,0.0,0
0,6,3,128,0.05,0,0.0,0.0,0
0,6,4,128,0.05,0,0.0,0.0,0
0,6,5,128,0.05,0,0.0,0.0,0
0,6,6,128,0.05,0,0.0,0.0,0
0,6,7,128,0.05,0,0.0,0.0,0
0,6,8,128,0.05,0,0.0,0.0,0
0,6,9,128,0.05,0,0.0,0.0,0
0,6,10,128,0.05,0,0.0,0.0,0
0,6,11,128,0.05,0,0.0,0.0,0
0,6,12,128,0.05,0,0.0,0.0,0
0,6,13,128,0.05,0,0.0,0.0,0
0,6,0,128,0.075,0,0.0,0.0,0
0,6,1,128,0.075,0,0.0,0.0,0
0,6,2,128,0.075,0,0.0,0.0,0
0,6,3,128,0.075,0,0.0,0.0,0
0,6,4,128,0.075,0,0.0,0.0,0
0,6,5,128,0.075,0,0.0,0.0,0
0,6,6,128,0.075,0,0.0,0.0,0
0,6,7,128,0.075,0,0.0,0.0,0
0,6,8,128,0.075,0,0.0,0.0,0
0,6,9,128,0.075,0,0.0,0.0,0
0,6,10,128,0.075,0,0.0,0.0,0
0,6,11,128,0.075,0,0.0,0.0,0
0,6,12,128,0.075,0,0.0,0.0,0
0,6,13,128,0.075,0,0.0,0.0,0
0,6,0,128,0.1,0,0.0,0.0,0
0,6,1,128,0.1,0,0.0,0.0,0
0,6,2,128,0.1,0,0.0,0.0,0
0,6,3,128,0.1,0,0.0,0.0,0
0,6,4,128,0.1,0,0.0,0.0,0
0,6,5,128,0.1,0,0.0,0.0,0
0,6,6,128,0.1,0,0.0,0.0,0
0,6,7,128,0.1,0,0.0,0.0,0
0,6,8,128,0.1,0,0.0,0.0,0
0,6,9,128,0.1,0,0.0,0.0,0
0,6,10,128,0.1,0,0.0,0.0,0
0,6,11,128,0.1,0,0.0,0.0,0
0,6,12,128,0.1,0,0.0,0.0,0
0,6,13,128,0.1,0,0.0,0.0,0
0,6,0,128,0.15,0,0.0,0.0,0
0,6,1,128,0.15,0,0.0,0.0,0
0,6,2,128,0.15,0,0.0,0.0,0
0,6,3,128,0.15,0,0.0,0.0,0
0,6,4,128,0.15,0,0.0,0.0,0
0,6,5,128,0.15,0,0.0,0.0,0
0,6,6,128,0.15,0,0.0,0.0,0
0,6,7,128,0.15,0,0.0,0.0,0
0,6,8,128,0.15,0,0.0,0.0,0
0,6,9,128,0.15,0,0.0,0.0,0
0,6,10,128,0.15,0,0.0,0.0,0
0,6,11,128,0.15,0,0.0,0.0,0
0,6,12,128,0.15,0,0.0,0.0,0
0,6,13,128,0.15,0,0.0,0.0,0
0,6,0,128,0.2,0,0.0,0.0,0
0,6,1,128,0.2,0,0.0,0.0,0
0,6,2,128,0.2,0,0.0,0.0,0
0,6,3,128,0.2,0,0.0,0.0,0
0,6,4,128,0.2,0,0.0,0.0,0
0,6,5,128,0.2,0,0.0,0.0,0
0,6,6,128,0.2,0,0.0,0.0,0
0,6,7,128,0.2,0,0.0,0.0,0
0,6,8,128,0.2,0,0.0,0.0,0
0,6,9,128,0.2,0,0.0,0.0,0
0,6,10,128,0.2,0,0.0,0.0,0
0,6,11,128,0.2,0,0.0,0.0,0
0,6,12,128,0.2,0,0.0,0.0,0
0,6,13,128,0.2,0,0.0,0.0,0
0,6,0,128,0.3,0,0.0,0.0,0
0,6,1,128,0.3,0,0.0,0.0,0
0,6,2,128,0.3,0,0.0,0.0,0
0,6,3,128,0.3,0,0.0,0.0,0
0,6,4,128,0.3,0,0.0,0.0,0
0,6,5,128,0.3,0,0.0,0.0,0
0,6,6,128,0.3,0,0.0,0.0,0
0,6,7,128,0.3,0,0.0,0.0,0
0,6,8,128,0.3,0,0.0,0.0,0
0,6,9,128,0.3,0,0.0,0.0,0
0,6,10,128,0.3,0,0.0,0.0,0
0,6,11,128,0.3,0,0.0,0.0,0
0,6,12,128,0.3,0,0.0,0.0,0
0,6,13,128,0.3,0,0.0,0.0,0
0,6,0,128,0.4,0,0.0,0.0,0
0,6,1,128,0.4,0,0.0,0.0,0
0,6,2,128,0.4,0,0.0,0.0,0
0,6,3,128,0.4,0,0.0,0.0,0
0,6,4,128,0.4,0,0.0,0.0,0
0,6,5,128,0.4,0,0.0,0.0,0
0,6,6,128,0.4,0,0.0,0.0,0
0,6,7,128,0.4,0,0.0,0.0,0
0,6,8,128,0.4,0,0.0,0.0,0
0,6,9,128,0.4,0,0.0,0.0,0
0,6,10,128,0.4,0,0.0,0.0,0
0,6,11,128,0.4,0,0.0,0.0,0
0,6,12,128,0.4,0,0.0,0.0,0
0,6,13,128,0.4,0,0.0,0.0,0
0,12,0,4,0.01,0,0.0,0.0,0
0,12,1,4,0.01,0,0.0,0.0,0
0,12,2,4,0.01,0,0.0,0.0,0
0,12,3,4,0.01,0,0.0,0.0,0
0,12,4,4,0.01,0,0.0,0.0,0
0,12,5,4,0.01,0,0.0,0.0,0
0,12,6,4,0.01,0,0.0,0.0,0
0,12,7,4,0.01,0,0.0,0.0,0
0,12,8,4,0.01,0,0.0,0.0,0
0,12,9,4,0.01,0,0.0,0.0,0
0,12,10,4,0.01,0,0.0,0.0,0
0,12,11,4,0.01,0,0.0,0.0,0
0,12,12,4,0.01,0,0.0,0.0,0
0,12,13,4,0.01,0,0.0,0.0,0
0,12,0,4,0.025,0,0.0,0.0,0
0,12,1,4,0.025,0,0.0,0.0,0
0,12,2,4,0.025,0,0.0,0.0,0
0,12,3,4,0.025,0,0.0,0.0,0
0,12,4,4,0.025,0,0.0,0.0,0
0,12,5,4,0.025,0,0.0,0.0,0
0,12,6,4,0.025,0,0.0,0.0,0
0,12,7,4,0.025,0,0.0,0.0,0
0,12,8,4,0.025,0,0.0,0.0,0
0,12,9,4,0.025,0,0.0,0.0,0
0,12,10,4,0.025,0,0.0,0.0,0
0,12,11,4,0.025,0,0.0,0.0,0
0,12,12,4,0.025,0,0.0,0.0,0
0,12,13,4,0.025,0,0.0,0.0,0
0,12,0,4,0.05,0,0.0,0.0,0
0,12,1,4,0.05,0,0.0,0.0,0
0,12,2,4,0.05,0,0.0,0.0,0
0,12,3,4,0.05,0,0.0,0.0,0
0,12,4,4,0.05,0,0.0,0.0,0
0,12,5,4,0.05,0,0.0,0.0,0
0,12,6,4,0.05,0,0.0,0.0,0
0,12,7,4,0.05,0,0.0,0.0,0
0,12,8,4,0.05,0,0.0,0.0,0
0,12,9,4,0.05,0,0.0,0.0,0
0,12,10,4,0.05,0,0.0,0.0,0
0,12,11,4,0.05,0,0.0,0.0,0
0,12,12,4,0.05,0,0.0,0.0,0
0,12,13,4,0.05,0,0.0,0.0,0
0,12,0,4,0.075,0,0.0,0.0,0
0,12,1,4,0.075,0,0.0,0.0,0
0,12,2,4,0.075,0,0.0,0.0,0
0,12,3,4,0.075,0,0.0,0.0,0
0,12,4,4,0.075,0,0.0,0.0,0
0,12,5,4,0.075,0,0.0,0.0,0
0,12,6,4,0.075,0,0.0,0.0,0
0,12,7,4,0.075,0,0.0,0.0,0
0,12,8,4,0.075,0,0.0,0.0,0
0,12,9,4,0.075,0,0.0,0.0,0
0,12,10,4,0.075,0,0.0,0.0,0
0,12,11,4,0.075,0,0.0,0.0,0
0,12,12,4,0.075,0,0.0,0.0,0
0,12,13,4,0.075,0,0.0,0.0,0
0,12,0,4,0.1,0,0.0,0.0,0
0,12,1,4,0.1,0,0.0,0.0,0
0,12,2,4,0.1,0,0.0,0.0,0
0,12,3,4,0.1,0,0.0,0.0,0
0,12,4,4,0.1,0,0.0,0.0,0
0,12,5,4,0.1,0,0.0,0.0,0
0,12,6,4,0.1,0,0.0,0.0,0
0,12,7,4,0.1,0,0.0,0.0,0
0,12,8,4,0.1,0,0.0,0.0,0
0,12,9,4,0.1,0,0.0,0.0,0
0,12,10,4,0.1,0,0.0,0.0,0
0,12,11,4,0.1,0,0.0,0.0,0
0,12,12,4,0.1,0,0.0,0.0,0
0,12,13,4,0.1,0,0.0,0.0,0
0,12,0,4,0.15,0,0.0,0.0,0
0,12,1,4,0.15,0,0.0,0.0,0
0,12,2,4,0.15,0,0.0,0.0,0
0,12,3,4,0.15,0,0.0,0.0,0
0,12,4,4,0.15,0,0.0,0.0,0
0,12,5,4,0.15,0,0.0,0.0,0
0,12,6,4,0.15,0,0.0,0.0,0
0,12,7,4,0.15,0,0.0,0.0,0
0,12,8,4,0.15,0,0.0,0.0,0
0,12,9,4,0.15,0,0.0,0.0,0
0,12,10,4,0.15,0,0.0,0.0,0
0,12,11,4,0.15,0,0.0,0.0,0
0,12,12,4,0.15,0,0.0,0.0,0
0,12,13,4,0.15,0,0.0,0.0,0
0,12,0,4,0.2,0,0.0,0.0,0
0,12,1,4,0.2,0,0.0,0.0,0
0,12,2,4,0.2,0,0.0,0.0,0
0,12,3,4,0.2,0,0.0,0.0,0
0,12,4,4,0.2,0,0.0,0.0,0
0,12,5,4,0.2,0,0.0,0.0,0
0,12,6,4,0.2,0,0.0,0.0,0
0,12,7,4,0.2,0,0.0,0.0,0
0,12,8,4,0.2,0,0.0,0.0,0
0,12,9,4,0.2,0,0.0,0.0,0
0,12,10,4,0.2,0,0.0,0.0,0
0,12,11,4,0.2,0,0.0,0.0,0
0,12,12,4,0.2,0,0.0,0.0,0
0,12,13,4,0.2,0,0.0,0.0,0
0,12,0,4,0.3,0,0.0,0.0,0
0,12,1,4,0.3,0,0.0,0.0,0
0,12,2,4,0.3,0,0.0,0.0,0
0,12,3,4,0.3,0,0.0,0.0,0
0,12,4,4,0.3,0,0.0,0.0,0
0,12,5,4,0.3,0,0.0,0.0,0
0,12,6,4,0.3,0,0.0,0.0,0
0,12,7,4,0.3,0,0.0,0.0,0
0,12,8,4,0.3,0,0.0,0.0,0
0,12,9,4,0.3,0,0.0,0.0,0
0,12,10,4,0.3,0,0.0,0.0,0
0,12,11,4,0.3,0,0.0,0.0,0
0,12,12,4,0.3,0,0.0,0.0,0
0,12,13,4,0.3,0,0.0,0.0,0
0,12,0,4,0.4,0,0.0,0.0,0
0,12,1,4,0.4,0,0.0,0.0,0
0,12,2,4,0.4,0,0.0,0.0,0
0,12,3,4,0.4,0,0.0,0.0,0
0,12,4,4,0.4,0,0.0,0.0,0
0,12,5,4,0.4,0,0.0,0.0,0
0,12,6,4,0.4,0,0.0,0.0,0
0,12,7,4,0.4,0,0.0,0.0,0
0,12,8,4,0.4,0,0.0,0.0,0
0,12,9,4,0.4,0,0.0,0.0,0
0,12,10,4,0.4,0,0.0,0.0,0
0,12,11,4,0.4,0,0.0,0.0,0
0,12,12,4,0.4,0,0.0,0.0,0
0,12,13,4,0.4,0,0.0,0.0,0
0,12,0,8,0.01,0,0.0,0.0,0
0,12,1,8,0.01,0,0.0,0.0,0
0,12,2,8,0.01,0,0.0,0.0,0
0,12,3,8,0.01,0,0.0,0.0,0
0,12,4,8,0.01,0,0.0,0.0,0
0,12,5,8,0.01,0,0.0,0.0,0
0,12,6,8,0.01,0,0.0,0.0,0
0,12,7,8,0.01,0,0.0,0.0,0
0,12,8,8,0.01,0,0.0,0.0,0
0,12,9,8,0.01,0,0.0,0.0,0
0,12,10,8,0.01,0,0.0,0.0,0
0,12,11,8,0.01,0,0.0,0.0,0
0,12,12,8,0.01,0,0.0,0.0,0
0,12,13,8,0.01,0,0.0,0.0,0
0,12,0,8,0.025,0,0.0,0.0,0
0,12,1,8,0.025,0,0.0,0.0,0
0,12,2,8,0.025,0,0.0,0.0,0
0,12,3,8,0.025,0,0.0,0.0,0
0,12,4,8,0.025,0,0.0,0.0,0
0,12,5,8,0.025,0,0.0,0.0,0
0,12,6,8,0.025,0,0.0,0.0,0
0,12,7,8,0.025,0,0.0,0.0,0
0,12,8,8,0.025,0,0.0,0.0,0
0,12,9,8,0.025,0,0.0,0.0,0
0,12,10,8,0.025,0,0.0,0.0,0
0,12,11,8,0.025,0,0.0,0.0,0
0,12,12,8,0.025,0,0.0,0.0,0
0,12,13,8,0.025,0,0.0,0.0,0
0,12,0,8,0.05,0,0.0,0.0,0
0,12,1,8,0.05,0,0.0,0.0,0
0,12,2,8,0.05,0,0.0,0.0,0
0,12,3,8,0.05,0,0.0,0.0,0
0,12,4,8,0.05,0,0.0,0.0,0
0,12,5,8,0.05,0,0.0,0.0,0
0,12,6,8,0.05,0,0.0,0.0,0
0,12,7,8,0.05,0,0.0,0.0,0
0,12,8,8,0.05,0,0.0,0.0,0
0,12,9,8,0.05,0,0.0,0.0,0
0,12,10,8,0.05,0,0.0,0.0,0
0,12,11,8,0.05,0,0.0,0.0,0
0,12,12,8,0.05,0,0.0,0.0,0
0,12,13,8,0.05,0,0.0,0.0,0
0,12,0,8,0.075,0,0.0,0.0,0
0,12,1,8,0.075,0,0.0,0.0,0
0,12,2,8,0.075,0,0.0,0.0,0
0,12,3,8,0.075,0,0.0,0.0,0
0,12,4,8,0.075,0,0.0,0.0,0
0,12,5,8,0.075,0,0.0,0.0,0
0,12,6,8,0.075,0,0.0,0.0,0
0,12,7,8,0.075,0,0.0,0.0,0
0,12,8,8,0.075,0,0.0,0.0,0
0,12,9,8,0.075,0,0.0,0.0,0
0,12,10,8,0.075,0,0.0,0.0,0
0,12,11,8,0.075,0,0.0,0.0,0
0,12,12,8,0.075,0,0.0,0.0,0
0,12,13,8,0.075,0,0.0,0.0,0
0,12,0,8,0.1,0,0.0,0.0,0
0,12,1,8,0.1,0,0.0,0.0,0
0,12,2,8,0.1,0,0.0,0.0,0
0,12,3,8,0.1,0,0.0,0.0,0
0,12,4,8,0.1,0,0.0,0.0,0
0,12,5,8,0.1,0,0.0,0.0,0
0,12,6,8,0.1,0,0.0,0.0,0
0,12,7,8,0.1,0,0.0,0.0,0
0,12,8,8,0.1,0,0.0,0.0,0
0,12,9,8,0.1,0,0.0,0.0,0
0,12,10,8,0.1,0,0.0,0.0,0
0,12,11,8,0.1,0,0.0,0.0,0
0,12,12,8,0.1,0,0.0,0.0,0
0,12,13,8,0.1,0,0.0,0.0,0
0,12,0,8,0.15,0,0.0,0.0,0
0,12,1,8,0.15,0,0.0,0.0,0
0,12,2,8,0.15,0,0.0,0.0,0
0,12,3,8,0.15,0,0.0,0.0,0
0,12,4,8,0.15,0,0.0,0.0,0
0,12,5,8,0.15,0,0.0,0.0,0
0,12,6,8,0.15,0,0.0,0.0,0
0,12,7,8,0.15,0,0.0,0.0,0
0,12,8,8,0.15,0,0.0,0.0,0
0,12,9,8,0.15,0,0.0,0.0,0
0,12,10,8,0.15,0,0.0,0.0,0
0,12,11,8,0.15,0,0.0,0.0,0
0,12,12,8,0.15,0,0.0,0.0,0
0,12,13,8,0.15,0,0.0,0.0,0
0,12,0,8,0.2,0,0.0,0.0,0
0,12,1,8,0.2,0,0.0,0.0,0
0,12,2,8,0.2,0,0.0,0.0,0
0,12,3,8,0.2,0,0.0,0.0,0
0,12,4,8,0.2,0,0.0,0.0,0
0,12,5,8,0.2,0,0.0,0.0,0
0,12,6,8,0.2,0,0.0,0.0,0
0,12,7,8,0.2,0,0.0,0.0,0
0,12,8,8,0.2,0,0.0,0.0,0
0,12,9,8,0.2,0,0.0,0.0,0
0,12,10,8,0.2,0,0.0,0.0,0
0,12,11,8,0.2,0,0.0,0.0,0
0,12,12,8,0.2,0,0.0,0.0,0
0,12,13,8,0.2,0,0.0,0.0,0
0,12,0,8,0.3,0,0.0,0.0,0
0,12,1,8,0.3,0,0.0,0.0,0
0,12,2,8,0.3,0,0.0,0.0,0
0,12,3,8,0.3,0,0.0,0.0,0
0,12,4,8,0.3,0,0.0,0.0,0
0,12,5,8,0.3,0,0.0,0.0,0
0,12,6,8,0.3,0,0.0,0.0,0
0,12,7,8,0.3,0,0.0,0.0,0
0,12,8,8,0.3,0,0.0,0.0,0
0,12,9,8,0.3,0,0.0,0.0,0
0,12,10,8,0.3,0,0.0,0.0,0
0,12,11,8,0.3,0,0.0,0.0,0
0,12,12,8,0.3,0,0.0,0.0,0
0,12,13,8,0.3,0,0.0,0.0,0
0,12,0,8,0.4,0,0.0,0.0,0
0,12,1,8,0.4,0,0.0,0.0,0
0,12,2,8,0.4,0,0.0,0.0,0
0,12,3,8,0.4,0,0.0,0.0,0
0,12,4,8,0.4,0,0.0,0.0,0
0,12,5,8,0.4,0,0.0,0.0,0
0,12,6,8,0.4,0,0.0,0.0,0
0,12,7,8,0.4,0,0.0,0.0,0
0,12,8,8,0.4,0,0.0,0.0,0
0,12,9,8,0.4,0,0.0,0.0,0
0,12,10,8,0.4,0,0.0,0.0,0
0,12,11,8,0.4,0,0.0,0.0,0
0,12,12,8,0.4,0,0.0,0.0,0
0,12,13,8,0.4,0,0.0,0.0,0
0,12,0,16,0.01,0,0.0,0.0,0
0,12,1,16,0.01,0,0.0,0.0,0
0,12,2,16,0.01,0,0.0,0.0,0
0,12,3,16,0.01,0,0.0,0.0,0
0,12,4,16,0.01,0,0.0,0.0,0
0,12,5,16,0.01,0,0.0,0.0,0
0,12,6,16,0.01,0,0.0,0.0,0
0,12,7,16,0.01,0,0.0,0.0,0
0,12,8,16,0.01,0,0.0,0.0,0
0,12,9,16,0.01,0,0.0,0.0,0
0,12,10,16,0.01,0,0.0,0.0,0
0,12,11,16,0.01,0,0.0,0.0,0
0,12,12,16,0.01,0,0.0,0.0,0
0,12,13,16,0.01,0,0.0,0.0,0
0,12,0,16,0.025,0,0.0,0.0,0
0,12,1,16,0.025,0,0.0,0.0,0
0,12,2,16,0.025,0,0.0,0.0,0
0,12,3,16,0.025,0,0.0,0.0,0
0,12,4,16,0.025,0,0.0,0.0,0
0,12,5,16,0.025,0,0.0,0.0,0
0,12,6,16,0.025,0,0.0,0.0,0
0,12,7,16,0.025,0,0.0,0.0,0
0,12,8,16,0.025,0,0.0,0.0,0
0,12,9,16,0.025,0,0.0,0.0,0
0,12,10,16,0.025,0,0.0,0.0,0
0,12,11,16,0.025,0,0.0,0.0,0
0,12,12,16,0.025,0,0.0,0.0,0
0,12,13,16,0.025,0,0.0,0.0,0
0,12,0,16,0.05,0,0.0,0.0,0
0,12,1,16,0.05,0,0.0,0.0,0
0,12,2,16,0.05,0,0.0,0.0,0
0,12,3,16,0.05,0,0.0,0.0,0
0,12,4,16,0.05,0,0.0,0.0,0
0,12,5,16,0.05,0,0.0,0.0,0
0,12,6,16,0.05,0,0.0,0.0,0
0,12,7,16,0.05,0,0.0,0.0,0
0,12,8,16,0.05,0,0.0,0.0,0
0,12,9,16,0.05,0,0.0,0.0,0
0,12,10,16,0.05,0,0.0,0.0,0
0,12,11,16,0.05,0,0.0,0.0,0
0,12,12,16,0.05,0,0.0,0.0,0
0,12,13,16,0.05,0,0.0,0.0,0
0,12,0,16,0.075,0,0.0,0.0,0
0,12,1,16,0.075,0,0.0,0.0,0
0,12,2,16,0.075,0,0.0,0.0,0
0,12,3,16,0.075,0,0.0,0.0,0
0,12,4,16,0.075,0,0.0,0.0,0
0,12,5,16,0.075,0,0.0,0.0,0
0,12,6,16,0.075,0,0.0,0.0,0
0,12,7,16,0.075,0,0.0,0.0,0
0,12,8,16,0.075,0,0.0,0.0,0
0,12,9,16,0.075,0,0.0,0.0,0
0,12,10,16,0.075,0,0.0,0.0,0
0,12,11,16,0.075,0,0.0,0.0,0
0,12,12,16,0.075,0,0.0,0.0,0
0,12,13,16,0.075,0,0.0,0.0,0
0,12,0,16,0.1,0,0.0,0.0,0
0,12,1,16,0.1,0,0.0,0.0,0
0,12,2,16,0.1,0,0.0,0.0,0
0,12,3,16,0.1,0,0.0,0.0,0
0,12,4,16,0.1,0,0.0,0.0,0
0,12,5,16,0.1,0,0.0,0.0,0
0,12,6,16,0.1,0,0.0,0.0,0
0,12,7,16,0.1,0,0.0,0.0,0
0,12,8,16,0.1,0,0.0,0.0,0
0,12,9,16,0.1,0,0.0,0.0,0
0,12,10,16,0.1,0,0.0,0.0,0
0,12,11,16,0.1,0,0.0,0.0,0
0,12,12,16,0.1,0,0.0,0.0,0
0,12,13,16,0.1,0,0.0,0.0,0
0,12,0,16,0.15,0,0.0,0.0,0
0,12,1,16,0.15,0,0.0,0.0,0
0,12,2,16,0.15,0,0.0,0.0,0
0,12,3,16,0.15,0,0.0,0.0,0
0,12,4,16,0.15,0,0.0,0.0,0
0,12,5,16,0.15,0,0.0,0.0,0
0,12,6,16,0.15,0,0.0,0.0,0
0,12,7,16,0.15,0,0.0,0.0,0
0,12,8,16,0.15,0,0.0,0.0,0
0,12,9,16,0.15,0,0.0,0.0,0
0,12,10,16,0.15,0,0.0,0.0,0
0,12,11,16,0.15,0,0.0,0.0,0
0,12,12,16,0.15,0,0.0,0.0,0
0,12,13,16,0.15,0,0.0,0.0,0
0,12,0,16,0.2,0,0.0,0.0,0
0,12,1,16,0.2,0,0.0,0.0,0
0,12,2,16,0.2,0,0.0,0.0,0
0,12,3,16,0.2,0,0.0,0.0,0
0,12,4,16,0.2,0,0.0,0.0,0
0,12,5,16,0.2,0,0.0,0.0,0
0,12,6,16,0.2,0,0.0,0.0,0
0,12,7,16,0.2,0,0.0,0.0,0
0,12,8,16,0.2,0,0.0,0.0,0
0,12,9,16,0.2,0,0.0,0.0,0
0,12,10,16,0.2,0,0.0,0.0,0
0,12,11,16,0.2,0,0.0,0.0,0
0,12,12,16,0.2,0,0.0,0.0,0
0,12,13,16,0.2,0,0.0,0.0,0
0,12,0,16,0.3,0,0.0,0.0,0
0,12,1,16,0.3,0,0.0,0.0,0
0,12,2,16,0.3,0,0.0,0.0,0
0,12,3,16,0.3,0,0.0,0.0,0
0,12,4,16,0.3,0,0.0,0.0,0
0,12,5,16,0.3,0,0.0,0.0,0
0,12,6,16,0.3,0,0.0,0.0,0
0,12,7,16,0.3,0,0.0,0.0,0
0,12,8,16,0.3,0,0.0,0.0,0
0,12,9,16,0.3,0,0.0,0.0,0
0,12,10,16,0.3,0,0.0,0.0,0
0,12,11,16,0.3,0,0.0,0.0,0
0,12,12,16,0.3,0,0.0,0.0,0
0,12,13,16,0.3,0,0.0,0.0,0
0,12,0,16,0.4,0,0.0,0.0,0
0,12,1,16,0.4,0,0.0,0.0,0
0,12,2,16,0.4,0,0.0,0.0,0
0,12,3,16,0.4,0,0.0,0.0,0
0,12,4,16,0.4,0,0.0,0.0,0
0,12,5,16,0.4,0,0.0,0.0,0
0,12,6,16,0.4,0,0.0,0.0,0
0,12,7,16,0.4,0,0.0,0.0,0
0,12,8,16,0.4,0,0.0,0.0,0
0,12,9,16,0.4,0,0.0,0.0,0
0,12,10,16,0.4,0,0.0,0.0,0
0,12,11,16,0.4,0,0.0,0.0,0
0,12,12,16,0.4,0,0.0,0.0,0
0,12,13,16,0.4,0,0.0,0.0,0
0,12,0,32,0.01,0,0.0,0.0,0
0,12,1,32,0.01,0,0.0,0.0,0
0,12,2,32,0.01,0,0.0,0.0,0
0,12,3,32,0.01,0,0.0,0.0,0
0,12,4,32,0.01,0,0.0,0.0,0
0,12,5,32,0.01,0,0.0,0.0,0
0,12,6,32,0.01,0,0.0,0.0,0
0,12,7,32,0.01,0,0.0,0.0,0
0,12,8,32,0.01,0,0.0,0.0,0
0,12,9,32,0.01,0,0.0,0.0,0
0,12,10,32,0.01,0,0.0,0.0,0
0,12,11,32,0.01,0,0.0,0.0,0
0,12,12,32,0.01,0,0.0,0.0,0
0,12,13,32,0.01,0,0.0,0.0,0
0,12,0,32,0.025,0,0.0,0.0,0
0,12,1,32,0.025,0,0.0,0.0,0
0,12,2,32,0.025,0,0.0,0.0,0
0,12,3,32,0.025,0,0.0,0.0,0
0,12,4,32,0.025,0,0.0,0.0,0
0,12,5,32,0.025,0,0.0,0.0,0
0,12,6,32,0.025,0,0.0,0.0,0
0,12,7,32,0.025,0,0.0,0.0,0
0,12,8,32,0.025,0,0.0,0.0,0
0,12,9,32,0.025,0,0.0,0.0,0
0,12,10,32,0.025,0,0.0,0.0,0
0,12,11,32,0.025,0,0.0,0.0,0
0,12,12,32,0.025,0,0.0,0.0,0
0,12,13,32,0.025,0,0.0,0.0,0
0,12,0,32,0.05,0,0.0,0.0,0
0,12,1,32,0.05,0,0.0,0.0,0
0,12,2,32,0.05,0,0.0,0.0,0
0,12,3,32,0.05,0,0.0,0.0,0
0,12,4,32,0.05,0,0.0,0.0,0
0,12,5,32,0.05,0,0.0,0.0,0
0,12,6,32,0.05,0,0.0,0.0,0
0,12,7,32,0.05,0,0.0,0.0,0
0,12,8,32,0.05,0,0.0,0.0,0
0,12,9,32,0.05,0,0.0,0.0,0
0,12,10,32,0.05,0,0.0,0.0,0
0,12,11,32,0.05,0,0.0,0.0,0
0,12,12,32,0.05,0,0.0,0.0,0
0,12,13,32,0.05,0,0.0,0.0,0
0,12,0,32,0.075,0,0.0,0.0,0
0,12,1,32,0.075,0,0.0,0.0,0
0,12,2,32,0.075,0,0.0,0.0,0
0,12,3,32,0.075,0,0.0,0.0,0
0,12,4,32,0.075,0,0.0,0.0,0
0,12,5,32,0.075,0,0.0,0.0,0
0,12,6,32,0.075,0,0.0,0.0,0
0,12,7,32,0.075,0,0.0,0.0,0
0,12,8,32,0.075,0,0.0,0.0,0
0,12,9,32,0.075,0,0.0,0.0,0
0,12,10,32,0.075,0,0.0,0.0,0
0,12,11,32,0.075,0,0.0,0.0,0
0,12,12,32,0.075,0,0.0,0.0,0
0,12,13,32,0.075,0,0.0,0.0,0
0,12,0,32,0.1,0,0.0,0.0,0
0,12,1,32,0.1,0,0.0,0.0,0
0,12,2,32,0.1,0,0.0,0.0,0
0,12,3,32,0.1,0,0.0,0.0,0
0,12,4,32,0.1,0,0.0,0.0,0
0,12,5,32,0.1,0,0.0,0.0,0
0,12,6,32,0.1,0,0.0,0.0,0
0,12,7,32,0.1,0,0.0,0.0,0
0,12,8,32,0.1,0,0.0,0.0,0
0,12,9,32,0.1,0,0.0,0.0,0
0,12,10,32,0.1,0,0.0,0.0,0
0,12,11,32,0.1,0,0.0,0.0,0
0,12,12,32,0.1,0,0.0,0.0,0
0,12,13,32,0.1,0,0.0,0.0,0
0,12,0,32,0.15,0,0.0,0.0,0
0,12,1,32,0.15,0,0.0,0.0,0
0,12,2,32,0.15,0,0.0,0.0,0
0,12,3,32,0.15,0,0.0,0.0,0
0,12,4,32,0.15,0,0.0,0.0,0
0,12,5,32,0.15,0,0.0,0.0,0
0,12,6,32,0.15,0,0.0,0.0,0
0,12,7,32,0.15,0,0.0,0.0,0
0,12,8,32,0.15,0,0.0,0.0,0
0,12,9,32,0.15,0,0.0,0.0,0
0,12,10,32,0.15,0,0.0,0.0,0
0,12,11,32,0.15,0,0.0,0.0,0
0,12,12,32,0.15,0,0.0,0.0,0
0,12,13,32,0.15,0,0.0,0.0,0
0,12,0,32,0.2,0,0.0,0.0,0
0,12,1,32,0.2,0,0.0,0.0,0
0,12,2,32,0.2,0,0.0,0.0,0
0,12,3,32,0.2,0,0.0,0.0,0
0,12,4,32,0.2,0,0.0,0.0,0
0,12,5,32,0.2,0,0.0,0.0,0
0,12,6,32,0.2,0,0.0,0.0,0
0,12,7,32,0.2,0,0.0,0.0,0
0,12,8,32,0.2,0,0.0,0.0,0
0,12,9,32,0.2,0,0.0,0.0,0
0,12,10,32,0.2,0,0.0,0.0,0
0,12,11,32,0.2,0,0.0,0.0,0
0,12,12,32,0.2,0,0.0,0.0,0
0,12,13,32,0.2,0,0.0,0.0,0
0,12,0,32,0.3,0,0.0,0.0,0
0,12,1,32,0.3,0,0.0,0.0,0
0,12,2,32,0.3,0,0.0,0.0,0
0,12,3,32,0.3,0,0.0,0.0,0
0,12,4,32,0.3,0,0.0,0.0,0
0,12,5,32,0.3,0,0.0,0.0,0
0,12,6,32,0.3,0,0.0,0.0,0
0,12,7,32,0.3,0,0.0,0.0,0
0,12,8,32,0.3,0,0.0,0.0,0
0,12,9,32,0.3,0,0.0,0.0,0
0,12,10,32,0.3,0,0.0,0.0,0
0,12,11,32,0.3,0,0.0,0.0,0
0,12,12,32,0.3,0,0.0,0.0,0
0,12,13,32,0.3,0,0.0,0.0,0
0,12,0,32,0.4,0,0.0,0.0,0
0,12,1,32,0.4,0,0.0,0.0,0
0,12,2,32,0.4,0,0.0,0.0,0
0,12,3,32,0.4,0,0.0,0.0,0
0,12,4,32,0.4,0,0.0,0.0,0
0,12,5,32,0.4,0,0.0,0.0,0
0,12,6,32,0.4,0,0.0,0.0,0
0,12,7,32,0.4,0,0.0,0.0,0
0,12,8,32,0.4,0,0.0,0.0,0
0,12,9,32,0.4,0,0.0,0.0,0
0,12,10,32,0.4,0,0.0,0.0,0
0,12,11,32,0.4,0,0.0,0.0,0
0,12,12,32,0.4,0,0.0,0.0,0
0,12,13,32,0.4,0,0.0,0.0,0
0,12,0,64,0.01,0,0.0,0.0,0
0,12,1,64,0.01,0,0.0,0.0,0
0,12,2,64,0.01,0,0.0,0.0,0
0,12,3,64,0.01,0,0.0,0.0,0
0,12,4,64,0.01,0,0.0,0.0,0
0,12,5,64,0.01,0,0.0,0.0,0
0,12,6,64,0.01,0,0.0,0.0,0
0,12,7,64,0.01,0,0.0,0.0,0
0,12,8,64,0.01,0,0.0,0.0,0
0,12,9,64,0.01,0,0.0,0.0,0
0,12,10,64,0.01,0,0.0,0.0,0
0,12,11,64,0.01,0,0.0,0.0,0
0,12,12,64,0.01,0,0.0,0.0,0
0,12,13,64,0.01,0,0.0,0.0,0
0,12,0,64,0.025,0,0.0,0.0,0
0,12,1,64,0.025,0,0.0,0.0,0
0,12,2,64,0.025,0,0.0,0.0,0
0,12,3,64,0.025,0,0.0,0.0,0
0,12,4,64,0.025,0,0.0,0.0,0
0,12,5,64,0.025,0,0.0,0.0,0
0,12,6,64,0.025,0,0.0,0.0,0
0,12,7,64,0.025,0,0.0,0.0,0
0,12,8,64,0.025,0,0.0,0.0,0
0,12,9,64,0.025,0,0.0,0.0,0
0,12,10,64,0.025,0,0.0,0.0,0
0,12,11,64,0.025,0,0.0,0.0,0
0,12,12,64,0.025,0,0.0,0.0,0
0,12,13,64,0.025,0,0.0,0.0,0
0,12,0,64,0.05,0,0.0,0.0,0
0,12,1,64,0.05,0,0.0,0.0,0
0,12,2,64,0.05,0,0.0,0.0,0
0,12,3,64,0.05,0,0.0,0.0,0
0,12,4,64,0.05,0,0.0,0.0,0
0,12,5,64,0.05,0,0.0,0.0,0
0,12,6,64,0.05,0,0.0,0.0,0
0,12,7,64,0.05,0,0.0,0.0,0
0,12,8,64,0.05,0,0.0,0.0,0
0,12,9,64,0.05,0,0.0,0.0,0
0,12,10,64,0.05,0,0.0,0.0,0
0,12,11,64,0.05,0,0.0,0.0,0
0,12,12,64,0.05,0,0.0,0.0,0
0,12,13,64,0.05,0,0.0,0.0,0
0,12,0,64,0.075,0,0.0,0.0,0
0,12,1,64,0.075,0,0.0,0.0,0
0,12,2,64,0.075,0,0.0,0.0,0
0,12,3,64,0.075,0,0.0,0.0,0
0,12,4,64,0.075,0,0.0,0.0,0
0,12,5,64,0.075,0,0.0,0.0,0
0,12,6,64,0.075,0,0.0,0.0,0
0,12,7,64,0.075,0,0.0,0.0,0
0,12,8,64,0.075,0,0.0,0.0,0
0,12,9,64,0.075,0,0.0,0.0,0
0,12,10,64,0.075,0,0.0,0.0,0
0,12,11,64,0.075,0,0.0,0.0,0
0,12,12,64,0.075,0,0.0,0.0,0
0,12,13,64,0.075,0,0.0,0.0,0
0,12,0,64,0.1,0,0.0,0.0,0
0,12,1,64,0.1,0,0.0,0.0,0
0,12,2,64,0.1,0,0.0,0.0,0
0,12,3,64,0.1,0,0.0,0.0,0
0,12,4,64,0.1,0,0.0,0.0,0
0,12,5,64,0.1,0,0.0,0.0,0
0,12,6,64,0.1,0,0.0,0.0,0
0,12,7,64,0.1,0,0.0,0.0,0
0,12,8,64,0.1,0,0.0,0.0,0
0,12,9,64,0.1,0,0.0,0.0,0
0,12,10,64,0.1,0,0.0,0.0,0
0,12,11,64,0.1,0,0.0,0.0,0
0,12,12,64,0.1,0,0.0,0.0,0
0,12,13,64,0.1,0,0.0,0.0,0
0,12,0,64,0.15,0,0.0,0.0,0
0,12,1,64,0.15,0,0.0,0.0,0
0,12,2,64,0.15,0,0.0,0.0,0
0,12,3,64,0.15,0,0.0,0.0,0
0,12,4,64,0.15,0,0.0,0.0,0
0,12,5,64,0.15,0,0.0,0.0,0
0,12,6,64,0.15,0,0.0,0.0,0
0,12,7,64,0.15,0,0.0,0.0,0
0,12,8,64,0.15,0,0.0,0.0,0
0,12,9,64,0.15,0,0.0,0.0,0
0,12,10,64,0.15,0,0.0,0.0,0
0,12,11,64,0.15,0,0.0,0.0,0
0,12,12,64,0.15,0,0.0,0.0,0
0,12,13,64,0.15,0,0.0,0.0,0
0,12,0,64,0.2,0,0.0,0.0,0
0,12,1,64,0.2,0,0.0,0.0,0
0,12,2,64,0.2,0,0.0,0.0,0
0,12,3,64,0.2,0,0.0,0.0,0
0,12,4,64,0.2,0,0.0,0.0,0
0,12,5,64,0.2,0,0.0,0.0,0
0,12,6,64,0.2,0,0.0,0.0,0
0,12,7,64,0.2,0,0.0,0.0,0
0,12,8,64,0.2,0,0.0,0.0,0
0,12,9,64,0.2,0,0.0,0.0,0
0,12,10,64,0.2,0,0.0,0.0,0
0,12,11,64,0.2,0,0.0,0.0,0
0,12,12,64,0.2,0,0.0,0.0,0
0,12,13,64,0.2,0,0.0,0.0,0
0,12,0,64,0.3,0,0.0,0.0,0
0,12,1,64,0.3,0,0.0,0.0,0
0,12,2,64,0.3,0,0.0,0.0,0
0,12,3,64,0.3,0,0.0,0.0,0
0,12,4,64,0.3,0,0.0,0.0,0
0,12,5,64,0.3,0,0.0,0.0,0
0,12,6,64,0.3,0,0.0,0.0,0
0,12,7,64,0.3,0,0.0,0.0,0
0,12,8,64,0.3,0,0.0,0.0,0
0,12,9,64,0.3,0,0.0,0.0,0
0,12,10,64,0.3,0,0.0,0.0,0
0,12,11,64,0.3,0,0.0,0.0,0
0,12,12,64,0.3,0,0.0,0.0,0
0,12,13,64,0.3,0,0.0,0.0,0
0,12,0,64,0.4,0,0.0,0.0,0
0,12,1,64,0.4,0,0.0,0.0,0
0,12,2,64,0.4,0,0.0,0.0,0
0,12,3,64,0.4,0,0.0,0.0,0
0,12,4,64,0.4,0,0.0,0.0,0
0,12,5,64,0.4,0,0.0,0.0,0
0,12,6,64,0.4,0,0.0,0.0,0
0,12,7,64,0.4,0,0.0,0.0,0
0,12,8,64,0.4,0,0.0,0.0,0
0,12,9,64,0.4,0,0.0,0.0,0
0,12,10,64,0.4,0,0.0,0.0,0
0,12,11,64,0.4,0,0.0,0.0,0
0,12,12,64,0.4,0,0.0,0.0,0
0,12,13,64,0.4,0,0.0,0.0,0
0,12,0,128,0.01,0,0.0,0.0,0
0,12,1,128,0.01,0,0.0,0.0,0
0,12,2,128,0.01,0,0.0,0.0,0
0,12,3,128,0.01,0,0.0,0.0,0
0,12,4,128,0.01,0,0.0,0.0,0
0,12,5,128,0.01,0,0.0,0.0,0
0,12,6,128,0.01,0,0.0,0.0,0
0,12,7,128,0.01,0,0.0,0.0,0
0,12,8,128,0.01,0,0.0,0.0,0
0,12,9,128,0.01,0,0.0,0.0,0
0,12,10,128,0.01,0,0.0,0.0,0
0,12,11,128,0.01,0,0.0,0.0,0
0,12,12,128,0.01,0,0.0,0.0,0
0,12,13,128,0.01,0,0.0,0.0,0
0,12,0,128,0.025,0,0.0,0.0,0
0,12,1,128,0.025,0,0.0,0.0,0
0,12,2,128,0.025,0,0.0,0.0,0
0,12,3,128,0.025,0,0.0,0.0,0
0,12,4,128,0.025,0,0.0,0.0,0
0,12,5,128,0.025,0,0.0,0.0,0
0,12,6,128,0.025,0,0.0,0.0,0
0,12,7,128,0.025,0,0.0,0.0,0
0,12,8,128,0.025,0,0.0,0.0,0
0,12,9,128,0.025,0,0.0,0.0,0
0,12,10,128,0.025,0,0.0,0.0,0
0,12,11,128,0.025,0,0.0,0.0,0
0,12,12,128,0.025,0,0.0,0.0,0
0,12,13,128,0.025,0,0.0,0.0,0
0,12,0,128,0.05,0,0.0,0.0,0
0,12,1,128,0.05,0,0.0,0.0,0
0,12,2,128,0.05,0,0.0,0.0,0
0,12,3,128,0.05,0,0.0,0.0,0
0,12,4,128,0.05,0,0.0,0.0,0
0,12,5,128,0.05,0,0.0,0.0,0
0,12,6,128,0.05,0,0.0,0.0,0
0,12,7,128,0.05,0,0.0,0.0,0
0,12,8,128,0.05,0,0.0,0.0,0
0,12,9,128,0.05,0,0.0,0.0,0
0,12,10,128,0.05,0,0.0,0.0,0
0,12,11,128,0.05,0,0.0,0.0,0
0,12,12,128,0.05,0,0.0,0.0,0
0,12,13,128,0.05,0,0.0,0.0,0
0,12,0,128,0.075,0,0.0,0.0,0
0,12,1,128,0.075,0,0.0,0.0,0
0,12,2,128,0.075,0,0.0,0.0,0
0,12,3,128,0.075,0,0.0,0.0,0
0,12,4,128,0.075,0,0.0,0.0,0
0,12,5,128,0.075,0,0.0,0.0,0
0,12,6,128,0.075,0,0.0,0.0,0
0,12,7,128,0.075,0,0.0,0.0,0
0,12,8,128,0.075,0,0.0,0.0,0
0,12,9,128,0.075,0,0.0,0.0,0
0,12,10,128,0.075,0,0.0,0.0,0
0,12,11,128,0.075,0,0.0,0.0,0
0,12,12,128,0.075,0,0.0,0.0,0
0,12,13,128,0.075,0,0.0,0.0,0
0,12,0,128,0.1,0,0.0,0.0,0
0,12,1,128,0.1,0,0.0,0.0,0
0,12,2,128,0.1,0,0.0,0.0,0
0,12,3,128,0.1,0,0.0,0.0,0
0,12,4,128,0.1,0,0.0,0.0,0
0,12,5,128,0.1,0,0.0,0.0,0
0,12,6,128,0.1,0,0.0,0.0,0
0,12,7,128,0.1,0,0.0,0.0,0
0,12,8,128,0.1,0,0.0,0.0,0
0,12,9,128,0.1,0,0.0,0.0,0
0,12,10,128,0.1,0,0.0,0.0,0
0,12,11,128,0.1,0,0.0,0.0,0
0,12,12,128,0.1,0,0.0,0.0,0
0,12,13,128,0.1,0,0.0,0.0,0
0,12,0,128,0.15,0,0.0,0.0,0
0,12,1,128,0.15,0,0.0,0.0,0
0,12,2,128,0.15,0,0.0,0.0,0
0,12,3,128,0.15,0,0.0,0.0,0
0,12,4,128,0.15,0,0.0,0.0,0
0,12,5,128,0.15,0,0.0,0.0,0
0,12,6,128,0.15,0,0.0,0.0,0
0,12,7,128,0.15,0,0.0,0.0,0
0,12,8,128,0.15,0,0.0,0.0,0
0,12,9,128,0.15,0,0.0,0.0,0
0,12,10,128,0.15,0,0.0,0.0,0
0,12,11,128,0.15,0,0.0,0.0,0
0,12,12,128,0.15,0,0.0,0.0,0
0,12,13,128,0.15,0,0.0,0.0,0
0,12,0,128,0.2,0,0.0,0.0,0
0,12,1,128,0.2,0,0.0,0.0,0
0,12,2,128,0.2,0,0.0,0.0,0
0,12,3,128,0.2,0,0.0,0.0,0
0,12,4,128,0.2,0,0.0,0.0,0
0,12,5,128,0.2,0,0.0,0.0,0
0,12,6,128,0.2,0,0.0,0.0,0
0,12,7,128,0.2,0,0.0,0.0,0
0,12,8,128,0.2,0,0.0,0.0,0
0,12,9,128,0.2,0,0.0,0.0,0
0,12,10,128,0.2,0,0.0,0.0,0
0,12,11,128,0.2,0,0.0,0.0,0
0,12,12,128,0.2,0,0.0,0.0,0
0,12,13,128,0.2,0,0.0,0.0,0
0,12,0,128,0.3,0,0.0,0.0,0
0,12,1,128,0.3,0,0.0,0.0,0
0,12,2,128,0.3,0,0.0,0.0,0
0,12,3,128,0.3,0,0.0,0.0,0
0,12,4,128,0.3,0,0.0,0.0,0
0,12,5,128,0.3,0,0.0,0.0,0
0,12,6,128,0.3,0,0.0,0.0,0
0,12,7,128,0.3,0,0.0,0.0,0
0,12,8,128,0.3,0,0.0,0.0,0
0,12,9,128,0.3,0,0.0,0.0,0
0,12,10,128,0.3,0,0.0,0.0,0
0,12,11,128,0.3,0,0.0,0.0,0
0,12,12,128,0.3,0,0.0,0.0,0
0,12,13,128,0.3,0,0.0,0.0,0
0,12,0,128,0.4,0,0.0,0.0,0
0,12,1,128,0.4,0,0.0,0.0,0
0,12,2,128,0.4,0,0.0,0.0,0
0,12,3,128,0.4,0,0.0,0.0,0
0,12,4,128,0.4,0,0.0,0.0,0
0,12,5,128,0.4,0,0.0,0.0,0
0,12,6,128,0.4,0,0.0,0.0,0
0,12,7,128,0.4,0,0.0,0.0,0
0,12,8,128,0.4,0,0.0,0.0,0
0,12,9,128,0.4,0,0.0,0.0,0
0,12,10,128,0.4,0,0.0,0.0,0
0,12,11,128,0.4,0,0.0,0.0,0
0,12,12,128,0.4,0,0.0,0.0,0
0,12,13,128,0.4,0,0.0,0.0,0
0,18,0,4,0.01,0,0.0,0.0,0
0,18,1,4,0.01,0,0.0,0.0,0
0,18,2,4,0.01,0,0.0,0.0,0
0,18,3,4,0.01,0,0.0,0.0,0
0,18,4,4,0.01,0,0.0,0.0,0
0,18,5,4,0.01,0,0.0,0.0,0
0,18,6,4,0.01,0,0.0,0.0,0
0,18,7,4,0.01,0,0.0,0.0,0
0,18,8,4,0.01,0,0.0,0.0,0
0,18,9,4,0.01,0,0.0,0.0,0
0,18,10,4,0.01,0,0.0,0.0,0
0,18,11,4,0.01,0,0.0,0.0,0
0,18,12,4,0.01,0,0.0,0.0,0
0,18,13,4,0.01,0,0.0,0.0,0
0,18,0,4,0.025,0,0.0,0.0,0
0,18,1,4,0.025,0,0.0,0.0,0
0,18,2,4,0.025,0,0.0,0.0,0
0,18,3,4,0.025,0,0.0,0.0,0
0,18,4,4,0.025,0,0.0,0.0,0
0,18,5,4,0.025,0,0.0,0.0,0
0,18,6,4,0.025,0,0.0,0.0,0
0,18,7,4,0.025,0,0.0,0.0,0
0,18,8,4,0.025,0,0.0,0.0,0
0,18,9,4,0.025,0,0.0,0.0,0
0,18,10,4,0.025,0,0.0,0.0,0
0,18,11,4,0.025,0,0.0,0.0,0
0,18,12,4,0.025,0,0.0,0.0,0
0,18,13,4,0.025,0,0.0,0.0,0
0,18,0,4,0.05,0,0.0,0.0,0
0,18,1,4,0.05,0,0.0,0.0,0
0,18,2,4,0.05,0,0.0,0.0,0
0,18,3,4,0.05,0,0.0,0.0,0
0,18,4,4,0.05,0,0.0,0.0,0
0,18,5,4,0.05,0,0.0,0.0,0
0,18,6,4,0.05,0,0.0,0.0,0
0,18,7,4,0.05,0,0.0,0.0,0
0,18,8,4,0.05,0,0.0,0.0,0
0,18,9,4,0.05,0,0.0,0.0,0
0,18,10,4,0.05,0,0.0,0.0,0
0,18,11,4,0.05,0,0.0,0.0,0
0,18,12,4,0.05,0,0.0,0.0,0
0,18,13,4,0.05,0,0.0,0.0,0
0,18,0,4,0.075,0,0.0,0.0,0
0,18,1,4,0.075,0,0.0,0.0,0
0,18,2,4,0.075,0,0.0,0.0,0
0,18,3,4,0.075,0,0.0,0.0,0
0,18,4,4,0.075,0,0.0,0.0,0
0,18,5,4,0.075,0,0.0,0.0,0
0,18,6,4,0.075,0,0.0,0.0,0
0,18,7,4,0.075,0,0.0,0.0,0
0,18,8,4,0.075,0,0.0,0.0,0
0,18,9,4,0.075,0,0.0,0.0,0
0,18,10,4,0.075,0,0.0,0.0,0
0,18,11,4,0.075,0,0.0,0.0,0
0,18,12,4,0.075,0,0.0,0.0,0
0,18,13,4,0.075,0,0.0,0.0,0
0,18,0,4,0.1,0,0.0,0.0,0
0,18,1,4,0.1,0,0.0,0.0,0
0,18,2,4,0.1,0,0.0,0.0,0
0,18,3,4,0.1,0,0.0,0.0,0
0,18,4,4,0.1,0,0.0,0.0,0
0,18,5,4,0.1,0,0.0,0.0,0
0,18,6,4,0.1,0,0.0,0.0,0
0,18,7,4,0.1,0,0.0,0.0,0
0,18,8,4,0.1,0,0.0,0.0,0
0,18,9,4,0.1,0,0.0,0.0,0
0,18,10,4,0.1,0,0.0,0.0,0
0,18,11,4,0.1,0,0.0,0.0,0
0,18,12,4,0.1,0,0.0,0.0,0
0,18,13,4,0.1,0,0.0,0.0,0
0,18,0,4,0.15,0,0.0,0.0,0
0,18,1,4,0.15,0,0.0,0.0,0
0,18,2,4,0.15,0,0.0,0.0,0
0,18,3,4,0.15,0,0.0,0.0,0
0,18,4,4,0.15,0,0.0,0.0,0
0,18,5,4,0.15,0,0.0,0.0,0
0,18,6,4,0.15,0,0.0,0.0,0
0,18,7,4,0.15,0,0.0,0.0,0
0,18,8,4,0.15,0,0.0,0.0,0
0,18,9,4,0.15,0,0.0,0.0,0
0,18,10,4,0.15,0,0.0,0.0,0
0,18,11,4,0.15,0,0.0,0.0,0
0,18,12,4,0.15,0,0.0,0.0,0
0,18,13,4,0.15,0,0.0,0.0,0
0,18,0,4,0.2,0,0.0,0.0,0
0,18,1,4,0.2,0,0.0,0.0,0
0,18,2,4,0.2,0,0.0,0.0,0
0,18,3,4,0.2,0,0.0,0.0,0
0,18,4,4,0.2,0,0.0,0.0,0
0,18,5,4,0.2,0,0.0,0.0,0
0,18,6,4,0.2,0,0.0,0.0,0
0,18,7,4,0.2,0,0.0,0.0,0
0,18,8,4,0.2,0,0.0,0.0,0
0,18,9,4,0.2,0,0.0,0.0,0
0,18,10,4,0.2,0,0.0,0.0,0
0,18,11,4,0.2,0,0.0,0.0,0
0,18,12,4,0.2,0,0.0,0.0,0
0,18,13,4,0.2,0,0.0,0.0,0
0,18,0,4,0.3,0,0.0,0.0,0
0,18,1,4,0.3,0,0.0,0.0,0
0,18,2,4,0.3,0,0.0,0.0,0
0,18,3,4,0.3,0,0.0,0.0,0
0,18,4,4,0.3,0,0.0,0.0,0
0,18,5,4,0.3,0,0.0,0.0,0
0,18,6,4,0.3,0,0.0,0.0,0
0,18,7,4,0.3,0,0.0,0.0,0
0,18,8,4,0.3,0,0.0,0.0,0
0,18,9,4,0.3,0,0.0,0.0,0
0,18,10,4,0.3,0,0.0,0.0,0
0,18,11,4,0.3,0,0.0,0.0,0
0,18,12,4,0.3,0,0.0,0.0,0
0,18,13,4,0.3,0,0.0,0.0,0
0,18,0,4,0.4,0,0.0,0.0,0
0,18,1,4,0.4,0,0.0,0.0,0
0,18,2,4,0.4,0,0.0,0.0,0
0,18,3,4,0.4,0,0.0,0.0,0
0,18,4,4,0.4,0,0.0,0.0,0
0,18,5,4,0.4,0,0.0,0.0,0
0,18,6,4,0.4,0,0.0,0.0,0
0,18,7,4,0.4,0,0.0,0.0,0
0,18,8,4,0.4,0,0.0,0.0,0
0,18,9,4,0.4,0,0.0,0.0,0
0,18,10,4,0.4,0,0.0,0.0,0
0,18,11,4,0.4,0,0.0,0.0,0
0,18,12,4,0.4,0,0.0,0.0,0
0,18,13,4,0.4,0,0.0,0.0,0
0,18,0,8,0.01,0,0.0,0.0,0
0,18,1,8,0.01,0,0.0,0.0,0
0,18,2,8,0.01,0,0.0,0.0,0
0,18,3,8,0.01,0,0.0,0.0,0
0,18,4,8,0.01,0,0.0,0.0,0
0,18,5,8,0.01,0,0.0,0.0,0
0,18,6,8,0.01,0,0.0,0.0,0
0,18,7,8,0.01,0,0.0,0.0,0
0,18,8,8,0.01,0,0.0,0.0,0
0,18,9,8,0.01,0,0.0,0.0,0
0,18,10,8,0.01,0,0.0,0.0,0
0,18,11,8,0.01,0,0.0,0.0,0
0,18,12,8,0.01,0,0.0,0.0,0
0,18,13,8,0.01,0,0.0,0.0,0
0,18,0,8,0.025,0,0.0,0.0,0
0,18,1,8,0.025,0,0.0,0.0,0
0,18,2,8,0.025,0,0.0,0.0,0
0,18,3,8,0.025,0,0.0,0.0,0
0,18,4,8,0.025,0,0.0,0.0,0
0,18,5,8,0.025,0,0.0,0.0,0
0,18,6,8,0.025,0,0.0,0.0,0
0,18,7,8,0.025,0,0.0,0.0,0
0,18,8,8,0.025,0,0.0,0.0,0
0,18,9,8,0.025,0,0.0,0.0,0
0,18,10,8,0.025,0,0.0,0.0,0
0,18,11,8,0.025,0,0.0,0.0,0
0,18,12,8,0.025,0,0.0,0.0,0
0,18,13,8,0.025,0,0.0,0.0,0
0,18,0,8,0.05,0,0.0,0.0,0
0,18,1,8,0.05,0,0.0,0.0,0
0,18,2,8,0.05,0,0.0,0.0,0
0,18,3,8,0.05,0,0.0,0.0,0
0,18,4,8,0.05,0,0.0,0.0,0
0,18,5,8,0.05,0,0.0,0.0,0
0,18,6,8,0.05,0,0.0,0.0,0
0,18,7,8,0.05,0,0.0,0.0,0
0,18,8,8,0.05,0,0.0,0.0,0
0,18,9,8,0.05,0,0.0,0.0,0
0,18,10,8,0.05,0,0.0,0.0,0
0,18,11,8,0.05,0,0.0,0.0,0
0,18,12,8,0.05,0,0.0,0.0,0
0,18,13,8,0.05,0,0.0,0.0,0
0,18,0,8,0.075,0,0.0,0.0,0
0,18,1,8,0.075,0,0.0,0.0,0
0,18,2,8,0.075,0,0.0,0.0,0
0,18,3,8,0.075,0,0.0,0.0,0
0,18,4,8,0.075,0,0.0,0.0,0
0,18,5,8,0.075,0,0.0,0.0,0
0,18,6,8,0.075,0,0.0,0.0,0
0,18,7,8,0.075,0,0.0,0.0,0
0,18,8,8,0.075,0,0.0,0.0,0
0,18,9,8,0.075,0,0.0,0.0,0
0,18,10,8,0.075,0,0.0,0.0,0
0,18,11,8,0.075,0,0.0,0.0,0
0,18,12,8,0.075,0,0.0,0.0,0
0,18,13,8,0.075,0,0.0,0.0,0
0,18,0,8,0.1,0,0.0,0.0,0
0,18,1,8,0.1,0,0.0,0.0,0
0,18,2,8,0.1,0,0.0,0.0,0
0,18,3,8,0.1,0,0.0,0.0,0
0,18,4,8,0.1,0,0.0,0.0,0
0,18,5,8,0.1,0,0.0,0.0,0
0,18,6,8,0.1,0,0.0,0.0,0
0,18,7,8,0.1,0,0.0,0.0,0
0,18,8,8,0.1,0,0.0,0.0,0
0,18,9,8,0.1,0,0.0,0.0,0
0,18,10,8,0.1,0,0.0,0.0,0
0,18,11,8,0.1,0,0.0,0.0,0
0,18,12,8,0.1,0,0.0,0.0,0
0,18,13,8,0.1,0,0.0,0.0,0
0,18,0,8,0.15,0,0.0,0.0,0
0,18,1,8,0.15,0,0.0,0.0,0
0,18,2,8,0.15,0,0.0,0.0,0
0,18,3,8,0.15,0,0.0,0.0,0
0,18,4,8,0.15,0,0.0,0.0,0
0,18,5,8,0.15,0,0.0,0.0,0
0,18,6,8,0.15,0,0.0,0.0,0
0,18,7,8,0.15,0,0.0,0.0,0
0,18,8,8,0.15,0,0.0,0.0,0
0,18,9,8,0.15,0,0.0,0.0,0
0,18,10,8,0.15,0,0.0,0.0,0
0,18,11,8,0.15,0,0.0,0.0,0
0,18,12,8,0.15,0,0.0,0.0,0
0,18,13,8,0.15,0,0.0,0.0,0
0,18,0,8,0.2,0,0.0,0.0,0
0,18,1,8,0.2,0,0.0,0.0,0
0,18,2,8,0.2,0,0.0,0.0,0
0,18,3,8,0.2,0,0.0,0.0,0
0,18,4,8,0.2,0,0.0,0.0,0
0,18,5,8,0.2,0,0.0,0.0,0
0,18,6,8,0.2,0,0.0,0.0,0
0,18,7,8,0.2,0,0.0,0.0,0
0,18,8,8,0.2,0,0.0,0.0,0
0,18,9,8,0.2,0,0.0,0.0,0
0,18,10,8,0.2,0,0.0,0.0,0
0,18,11,8,0.2,0,0.0,0.0,0
0,18,12,8,0.2,0,0.0,0.0,0
0,18,13,8,0.2,0,0.0,0.0,0
0,18,0,8,0.3,0,0.0,0.0,0
0,18,1,8,0.3,0,0.0,0.0,0
0,18,2,8,0.3,0,0.0,0.0,0
0,18,3,8,0.3,0,0.0,0.0,0
0,18,4,8,0.3,0,0.0,0.0,0
0,18,5,8,0.3,0,0.0,0.0,0
0,18,6,8,0.3,0,0.0,0.0,0
0,18,7,8,0.3,0,0.0,0.0,0
0,18,8,8,0.3,0,0.0,0.0,0
0,18,9,8,0.3,0,0.0,0.0,0
0,18,10,8,0.3,0,0.0,0.0,0
0,18,11,8,0.3,0,0.0,0.0,0
0,18,12,8,0.3,0,0.0,0.0,0
0,18,13,8,0.3,0,0.0,0.0,0
0,18,0,8,0.4,0,0.0,0.0,0
0,18,1,8,0.4,0,0.0,0.0,0
0,18,2,8,0.4,0,0.0,0.0,0
0,18,3,8,0.4,0,0.0,0.0,0
0,18,4,8,0.4,0,0.0,0.0,0
0,18,5,8,0.4,0,0.0,0.0,0
0,18,6,8,0.4,0,0.0,0.0,0
0,18,7,8,0.4,0,0.0,0.0,0
0,18,8,8,0.4,0,0.0,0.0,0
0,18,9,8,0.4,0,0.0,0.0,0
0,18,10,8,0.4,0,0.0,0.0,0
0,18,11,8,0.4,0,0.0,0.0,0
0,18,12,8,0.4,0,0.0,0.0,0
0,18,13,8,0.4,0,0.0,0.0,0
0,18,0,16,0.01,0,0.0,0.0,0
0,18,1,16,0.01,0,0.0,0.0,0
0,18,2,16,0.01,0,0.0,0.0,0
0,18,3,16,0.01,0,0.0,0.0,0
0,18,4,16,0.01,0,0.0,0.0,0
0,18,5,16,0.01,0,0.0,0.0,0
0,18,6,16,0.01,0,0.0,0.0,0
0,18,7,16,0.01,0,0.0,0.0,0
0,18,8,16,0.01,0,0.0,0.0,0
0,18,9,16,0.01,0,0.0,0.0,0
0,18,10,16,0.01,0,0.0,0.0,0
0,18,11,16,0.01,0,0.0,0.0,0
0,18,12,16,0.01,0,0.0,0.0,0
0,18,13,16,0.01,0,0.0,0.0,0
0,18,0,16,0.025,0,0.0,0.0,0
0,18,1,16,0.025,0,0.0,0.0,0
0,18,2,16,0.025,0,0.0,0.0,0
0,18,3,16,0.025,0,0.0,0.0,0
0,18,4,16,0.025,0,0.0,0.0,0
0,18,5,16,0.025,0,0.0,0.0,0
0,18,6,16,0.025,0,0.0,0.0,0
0,18,7,16,0.025,0,0.0,0.0,0
0,18,8,16,0.025,0,0.0,0.0,0
0,18,9,16,0.025,0,0.0,0.0,0
0,18,10,16,0.025,0,0.0,0.0,0
0,18,11,16,0.025,0,0.0,0.0,0
0,18,12,16,0.025,0,0.0,0.0,0
0,18,13,16,0.025,0,0.0,0.0,0
0,18,0,16,0.05,0,0.0,0.0,0
0,18,1,16,0.05,0,0.0,0.0,0
0,18,2,16,0.05,0,0.0,0.0,0
0,18,3,16,0.05,0,0.0,0.0,0
0,18,4,16,0.05,0,0.0,0.0,0
0,18,5,16,0.05,0,0.0,0.0,0
0,18,6,16,0.05,0,0.0,0.0,0
0,18,7,16,0.05,0,0.0,0.0,0
0,18,8,16,0.05,0,0.0,0.0,0
0,18,9,16,0.05,0,0.0,0.0,0
0,18,10,16,0.05,0,0.0,0.0,0
0,18,11,16,0.05,0,0.0,0.0,0
0,18,12,16,0.05,0,0.0,0.0,0
0,18,13,16,0.05,0,0.0,0.0,0
0,18,0,16,0.075,0,0.0,0.0,0
0,18,1,16,0.075,0,0.0,0.0,0
0,18,2,16,0.075,0,0.0,0.0,0
0,18,3,16,0.075,0,0.0,0.0,0
0,18,4,16,0.075,0,0.0,0.0,0
0,18,5,16,0.075,0,0.0,0.0,0
0,18,6,16,0.075,0,0.0,0.0,0
0,18,7,16,0.075,0,0.0,0.0,0
0,18,8,16,0.075,0,0.0,0.0,0
0,18,9,16,0.075,0,0.0,0.0,0
0,18,10,16,0.075,0,0.0,0.0,0
0,18,11,16,0.075,0,0.0,0.0,0
0,18,12,16,0.075,0,0.0,0.0,0
0,18,13,16,0.075,0,0.0,0.0,0
0,18,0,16,0.1,0,0.0,0.0,0
0,18,1,16,0.1,0,0.0,0.0,0
0,18,2,16,0.1,0,0.0,0.0,0
0,18,3,16,0.1,0,0.0,0.0,0
0,18,4,16,0.1,0,0.0,0.0,0
0,18,5,16,0.1,0,0.0,0.0,0
0,18,6,16,0.1,0,0.0,0.0,0
0,18,7,16,0.1,0,0.0,0.0,0
0,18,8,16,0.1,0,0.0,0.0,0
0,18,9,16,0.1,0,0.0,0.0,0
0,18,10,16,0.1,0,0.0,0.0,0
0,18,11,16,0.1,0,0.0,0.0,0
0,18,12,16,0.1,0,0.0,0.0,0
0,18,13,16,0.1,0,0.0,0.0,0
0,18,0,16,0.15,0,0.0,0.0,0
0,18,1,16,0.15,0,0.0,0.0,0
0,18,2,16,0.15,0,0.0,0.0,0
0,18,3,16,0.15,0,0.0,0.0,0
0,18,4,16,0.15,0,0.0,0.0,0
0,18,5,16,0.15,0,0.0,0.0,0
0,18,6,16,0.15,0,0.0,0.0,0
0,18,7,16,0.15,0,0.0,0.0,0
0,18,8,16,0.15,0,0.0,0.0,0
0,18,9,16,0.15,0,0.0,0.0,0
0,18,10,16,0.15,0,0.0,0.0,0
0,18,11,16,0.15,0,0.0,0.0,0
0,18,12,16,0.15,0,0.0,0.0,0
0,18,13,16,0.15,0,0.0,0.0,0
0,18,0,16,0.2,0,0.0,0.0,0
0,18,1,16,0.2,0,0.0,0.0,0
0,18,2,16,0.2,0,0.0,0.0,0
0,18,3,16,0.2,0,0.0,0.0,0
0,18,4,16,0.2,0,0.0,0.0,0
0,18,5,16,0.2,0,0.0,0.0,0
0,18,6,16,0.2,0,0.0,0.0,0
0,18,7,16,0.2,0,0.0,0.0,0
0,18,8,16,0.2,0,0.0,0.0,0
0,18,9,16,0.2,0,0.0,0.0,0
0,18,10,16,0.2,0,0.0,0.0,0
0,18,11,16,0.2,0,0.0,0.0,0
0,18,12,16,0.2,0,0.0,0.0,0
0,18,13,16,0.2,0,0.0,0.0,0
0,18,0,16,0.3,0,0.0,0.0,0
0,18,1,16,0.3,0,0.0,0.0,0
0,18,2,16,0.3,0,0.0,0.0,0
0,18,3,16,0.3,0,0.0,0.0,0
0,18,4,16,0.3,0,0.0,0.0,0
0,18,5,16,0.3,0,0.0,0.0,0
0,18,6,16,0.3,0,0.0,0.0,0
0,18,7,16,0.3,0,0.0,0.0,0
0,18,8,16,0.3,0,0.0,0.0,0
0,18,9,16,0.3,0,0.0,0.0,0
0,18,10,16,0.3,0,0.0,0.0,0
0,18,11,16,0.3,0,0.0,0.0,0
0,18,12,16,0.3,0,0.0,0.0,0
0,18,13,16,0.3,0,0.0,0.0,0
0,18,0,16,0.4,0,0.0,0.0,0
0,18,1,16,0.4,0,0.0,0.0,0
0,18,2,16,0.4,0,0.0,0.0,0
0,18,3,16,0.4,0,0.0,0.0,0
0,18,4,16,0.4,0,0.0,0.0,0
0,18,5,16,0.4,0,0.0,0.0,0
0,18,6,16,0.4,0,0.0,0.0,0
0,18,7,16,0.4,0,0.0,0.0,0
0,18,8,16,0.4,0,0.0,0.0,0
0,18,9,16,0.4,0,0.0,0.0,0
0,18,10,16,0.4,0,0.0,0.0,0
0,18,11,16,0.4,0,0.0,0.0,0
0,18,12,16,0.4,0,0.0,0.0,0
0,18,13,16,0.4,0,0.0,0.0,0
0,18,0,32,0.01,0,0.0,0.0,0
0,18,1,32,0.01,0,0.0,0.0,0
0,18,2,32,0.01,0,0.0,0.0,0
0,18,3,32,0.01,0,0.0,0.0,0
0,18,4,32,0.01,0,0.0,0.0,0
0,18,5,32,0.01,0,0.0,0.0,0
0,18,6,32,0.01,0,0.0,0.0,0
0,18,7,32,0.01,0,0.0,0.0,0
0,18,8,32,0.01,0,0.0,0.0,0
0,18,9,32,0.01,0,0.0,0.0,0
0,18,10,32,0.01,0,0.0,0.0,0
0,18,11,32,0.01,0,0.0,0.0,0
0,18,12,32,0.01,0,0.0,0.0,0
0,18,13,32,0.01,0,0.0,0.0,0
0,18,0,32,0.025,0,0.0,0.0,0
0,18,1,32,0.025,0,0.0,0.0,0
0,18,2,32,0.025,0,0.0,0.0,0
0,18,3,32,0.025,0,0.0,0.0,0
0,18,4,32,0.025,0,0.0,0.0,0
0,18,5,32,0.025,0,0.0,0.0,0
0,18,6,32,0.025,0,0.0,0.0,0
0,18,7,32,0.025,0,0.0,0.0,0
0,18,8,32,0.025,0,0.0,0.0,0
0,18,9,32,0.025,0,0.0,0.0,0
0,18,10,32,0.025,0,0.0,0.0,0
0,18,11,32,0.025,0,0.0,0.0,0
0,18,12,32,0.025,0,0.0,0.0,0
0,18,13,32,0.025,0,0.0,0.0,0
0,18,0,32,0.05,0,0.0,0.0,0
0,18,1,32,0.05,0,0.0,0.0,0
0,18,2,32,0.05,0,0.0,0.0,0
0,18,3,32,0.05,0,0.0,0.0,0
0,18,4,32,0.05,0,0.0,0.0,0
0,18,5,32,0.05,0,0.0,0.0,0
0,18,6,32,0.05,0,0.0,0.0,0
0,18,7,32,0.05,0,0.0,0.0,0
0,18,8,32,0.05,0,0.0,0.0,0
0,18,9,32,0.05,0,0.0,0.0,0
0,18,10,32,0.05,0,0.0,0.0,0
0,18,11,32,0.05,0,0.0,0.0,0
0,18,12,32,0.05,0,0.0,0.0,0
0,18,13,32,0.05,0,0.0,0.0,0
0,18,0,32,0.075,0,0.0,0.0,0
0,18,1,32,0.075,0,0.0,0.0,0
0,18,2,32,0.075,0,0.0,0.0,0
0,18,3,32,0.075,0,0.0,0.0,0
0,18,4,32,0.075,0,0.0,0.0,0
0,18,5,32,0.075,0,0.0,0.0,0
0,18,6,32,0.075,0,0.0,0.0,0
0,18,7,32,0.075,0,0.0,0.0,0
0,18,8,32,0.075,0,0.0,0.0,0
0,18,9,32,0.075,0,0.0,0.0,0
0,18,10,32,0.075,0,0.0,0.0,0
0,18,11,32,0.075,0,0.0,0.0,0
0,18,12,32,0.075,0,0.0,0.0,0
0,18,13,32,0.075,0,0.0,0.0,0
0,18,0,32,0.1,0,0.0,0.0,0
0,18,1,32,0.1,0,0.0,0.0,0
0,18,2,32,0.1,0,0.0,0.0,0
0,18,3,32,0.1,0,0.0,0.0,0
0,18,4,32,0.1,0,0.0,0.0,0
0,18,5,32,0.1,0,0.0,0.0,0
0,18,6,32,0.1,0,0.0,0.0,0
0,18,7,32,0.1,0,0.0,0.0,0
0,18,8,32,0.1,0,0.0,0.0,0
0,18,9,32,0.1,0,0.0,0.0,0
0,18,10,32,0.1,0,0.0,0.0,0
0,18,11,32,0.1,0,0.0,0.0,0
0,18,12,32,0.1,0,0.0,0.0,0
0,18,13,32,0.1,0,0.0,0.0,0
0,18,0,32,0.15,0,0.0,0.0,0
0,18,1,32,0.15,0,0.0,0.0,0
0,18,2,32,0.15,0,0.0,0.0,0
0,18,3,32,0.15,0,0.0,0.0,0
0,18,4,32,0.15,0,0.0,0.0,0
0,18,5,32,0.15,0,0.0,0.0,0
0,18,6,32,0.15,0,0.0,0.0,0
0,18,7,32,0.15,0,0.0,0.0,0
0,18,8,32,0.15,0,0.0,0.0,0
0,18,9,32,0.15,0,0.0,0.0,0
0,18,10,32,0.15,0,0.0,0.0,0
0,18,11,32,0.15,0,0.0,0.0,0
0,18,12,32,0.15,0,0.0,0.0,0
0,18,13,32,0.15,0,0.0,0.0,0
0,18,0,32,0.2,0,0.0,0.0,0
0,18,1,32,0.2,0,0.0,0.0,0
0,18,2,32,0.2,0,0.0,0.0,0
0,18,3,32,0.2,0,0.0,0.0,0
0,18,4,32,0.2,0,0.0,0.0,0
0,18,5,32,0.2,0,0.0,0.0,0
0,18,6,32,0.2,0,0.0,0.0,0
0,18,7,32,0.2,0,0.0,0.0,0
0,18,8,32,0.2,0,0.0,0.0,0
0,18,9,32,0.2,0,0.0,0.0,0
0,18,10,32,0.2,0,0.0,0.0,0
0,18,11,32,0.2,0,0.0,0.0,0
0,18,12,32,0.2,0,0.0,0.0,0
0,18,13,32,0.2,0,0.0,0.0,0
0,18,0,32,0.3,0,0.0,0.0,0
0,18,1,32,0.3,0,0.0,0.0,0
0,18,2,32,0.3,0,0.0,0.0,0
0,18,3,32,0.3,0,0.0,0.0,0
0,18,4,32,0.3,0,0.0,0.0,0
0,18,5,32,0.3,0,0.0,0.0,0
0,18,6,32,0.3,0,0.0,0.0,0
0,18,7,32,0.3,0,0.0,0.0,0
0,18,8,32,0.3,0,0.0,0.0,0
0,18,9,32,0.3,0,0.0,0.0,0
0,18,10,32,0.3,0,0.0,0.0,0
0,18,11,32,0.3,0,0.0,0.0,0
0,18,12,32,0.3,0,0.0,0.0,0
0,18,13,32,0.3,0,0.0,0.0,0
0,18,0,32,0.4,0,0.0,0.0,0
0,18,1,32,0.4,0,0.0,0.0,0
0,18,2,32,0.4,0,0.0,0.0,0
0,18,3,32,0.4,0,0.0,0.0,0
0,18,4,32,0.4,0,0.0,0.0,0
0,18,5,32,0.4,0,0.0,0.0,0
0,18,6,32,0.4,0,0.0,0.0,0
0,18,7,32,0.4,0,0.0,0.0,0
0,18,8,32,0.4,0,0.0,0.0,0
0,18,9,32,0.4,0,0.0,0.0,0
0,18,10,32,0.4,0,0.0,0.0,0
0,18,11,32,0.4,0,0.0,0.0,0
0,18,12,32,0.4,0,0.0,0.0,0
0,18,13,32,0.4,0,0.0,0.0,0
0,18,0,64,0.01,0,0.0,0.0,0
0,18,1,64,0.01,0,0.0,0.0,0
0,18,2,64,0.01,0,0.0,0.0,0
0,18,3,64,0.01,0,0.0,0.0,0
0,18,4,64,0.01,0,0.0,0.0,0
0,18,5,64,0.01,0,0.0,0.0,0
0,18,6,64,0.01,0,0.0,0.0,0
0,18,7,64,0.01,0,0.0,0.0,0
0,18,8,64,0.01,0,0.0,0.0,0
0,18,9,64,0.01,0,0.0,0.0,0
0,18,10,64,0.01,0,0.0,0.0,0
0,18,11,64,0.01,0,0.0,0.0,0
0,18,12,64,0.01,0,0.0,0.0,0
0,18,13,64,0.01,0,0.0,0.0,0
0,18,0,64,0.025,0,0.0,0.0,0
0,18,1,64,0.025,0,0.0,0.0,0
0,18,2,64,0.025,0,0.0,0.0,0
0,18,3,64,0.025,0,0.0,0.0,0
0,18,4,64,0.025,0,0.0,0.0,0
0,18,5,64,0.025,0,0.0,0.0,0
0,18,6,64,0.025,0,0.0,0.0,0
0,18,7,64,0.025,0,0.0,0.0,0
0,18,8,64,0.025,0,0.0,0.0,0
0,18,9,64,0.025,0,0.0,0.0,0
0,18,10,64,0.025,0,0.0,0.0,0
0,18,11,64,0.025,0,0.0,0.0,0
0,18,12,64,0.025,0,0.0,0.0,0
0,18,13,64,0.025,0,0.0,0.0,0
0,18,0,64,0.05,0,0.0,0.0,0
0,18,1,64,0.05,0,0.0,0.0,0
0,18,2,64,0.05,0,0.0,0.0,0
0,18,3,64,0.05,0,0.0,0.0,0
0,18,4,64,0.05,0,0.0,0.0,0
0,18,5,64,0.05,0,0.0,0.0,0
0,18,6,64,0.05,0,0.0,0.0,0
0,18,7,64,0.05,0,0.0,0.0,0
0,18,8,64,0.05,0,0.0,0.0,0
0,18,9,64,0.05,0,0.0,0.0,0
0,18,10,64,0.05,0,0.0,0.0,0
0,18,11,64,0.05,0,0.0,0.0,0
0,18,12,64,0.05,0,0.0,0.0,0
0,18,13,64,0.05,0,0.0,0.0,0
0,18,0,64,0.075,0,0.0,0.0,0
0,18,1,64,0.075,0,0.0,0.0,0
0,18,2,64,0.075,0,0.0,0.0,0
0,18,3,64,0.075,0,0.0,0.0,0
0,18,4,64,0.075,0,0.0,0.0,0
0,18,5,64,0.075,0,0.0,0.0,0
0,18,6,64,0.075,0,0.0,0.0,0
0,18,7,64,0.075,0,0.0,0.0,0
0,18,8,64,0.075,0,0.0,0.0,0
0,18,9,64,0.075,0,0.0,0.0,0
0,18,10,64,0.075,0,0.0,0.0,0
0,18,11,64,0.075,0,0.0,0.0,0
0,18,12,64,0.075,0,0.0,0.0,0
0,18,13,64,0.075,0,0.0,0.0,0
0,18,0,64,0.1,0,0.0,0.0,0
0,18,1,64,0.1,0,0.0,0.0,0
0,18,2,64,0.1,0,0.0,0.0,0
0,18,3,64,0.1,0,0.0,0.0,0
0,18,4,64,0.1,0,0.0,0.0,0
0,18,5,64,0.1,0,0.0,0.0,0
0,18,6,64,0.1,0,0.0,0.0,0
0,18,7,64,0.1,0,0.0,0.0,0
0,18,8,64,0.1,0,0.0,0.0,0
0,18,9,64,0.1,0,0.0,0.0,0
0,18,10,64,0.1,0,0.0,0.0,0
0,18,11,64,0.1,0,0.0,0.0,0
0,18,12,64,0.1,0,0.0,0.0,0
0,18,13,64,0.1,0,0.0,0.0,0
0,18,0,64,0.15,0,0.0,0.0,0
0,18,1,64,0.15,0,0.0,0.0,0
0,18,2,64,0.15,0,0.0,0.0,0
0,18,3,64,0.15,0,0.0,0.0,0
0,18,4,64,0.15,0,0.0,0.0,0
0,18,5,64,0.15,0,0.0,0.0,0
0,18,6,64,0.15,0,0.0,0.0,0
0,18,7,64,0.15,0,0.0,0.0,0
0,18,8,64,0.15,0,0.0,0.0,0
0,18,9,64,0.15,0,0.0,0.0,0
0,18,10,64,0.15,0,0.0,0.0,0
0,18,11,64,0.15,0,0.0,0.0,0
0,18,12,64,0.15,0,0.0,0.0,0
0,18,13,64,0.15,0,0.0,0.0,0
0,18,0,64,0.2,0,0.0,0.0,0
0,18,1,64,0.2,0,0.0,0.0,0
0,18,2,64,0.2,0,0.0,0.0,0
0,18,3,64,0.2,0,0.0,0.0,0
0,18,4,64,0.2,0,0.0,0.0,0
0,18,5,64,0.2,0,0.0,0.0,0
0,18,6,64,0.2,0,0.0,0.0,0
0,18,7,64,0.2,0,0.0,0.0,0
0,18,8,64,0.2,0,0.0,0.0,0
0,18,9,64,0.2,0,0.0,0.0,0
0,18,10,64,0.2,0,0.0,0.0,0
0,18,11,64,0.2,0,0.0,0.0,0
0,18,12,64,0.2,0,0.0,0.0,0
0,18,13,64,0.2,0,0.0,0.0,0
0,18,0,64,0.3,0,0.0,0.0,0
0,18,1,64,0.3,0,0.0,0.0,0
0,18,2,64,0.3,0,0.0,0.0,0
0,18,3,64,0.3,0,0.0,0.0,0
0,18,4,64,0.3,0,0.0,0.0,0
0,18,5,64,0.3,0,0.0,0.0,0
0,18,6,64,0.3,0,0.0,0.0,0
0,18,7,64,0.3,0,0.0,0.0,0
0,18,8,64,0.3,0,0.0,0.0,0
0,18,9,64,0.3,0,0.0,0.0,0
0,18,10,64,0.3,0,0.0,0.0,0
0,18,11,64,0.3,0,0.0,0.0,0
0,18,12,64,0.3,0,0.0,0.0,0
0,18,13,64,0.3,0,0.0,0.0,0
0,18,0,64,0.4,0,0.0,0.0,0
0,18,1,64,0.4,0,0.0,0.0,0
0,18,2,64,0.4,0,0.0,0.0,0
0,18,3,64,0.4,0,0.0,0.0,0
0,18,4,64,0.4,0,0.0,0.0,0
0,18,5,64,0.4,0,0.0,0.0,0
0,18,6,64,0.4,0,0.0,0.0,0
0,18,7,64,0.4,0,0.0,0.0,0
0,18,8,64,0.4,0,0.0,0.0,0
0,18,9,64,0.4,0,0.0,0.0,0
0,18,10,64,0.4,0,0.0,0.0,0
0,18,11,64,0.4,0,0.0,0.0,0
0,18,12,64,0.4,0,0.0,0.0,0
0,18,13,64,0.4,0,0.0,0.0,0
0,18,0,128,0.01,0,0.0,0.0,0
0,18,1,128,0.01,0,0.0,0.0,0
0,18,2,128,0.01,0,0.0,0.0,0
0,18,3,128,0.01,0,0.0,0.0,0
0,18,4,128,0.01,0,0.0,0.0,0
0,18,5,128,0.01,0,0.0,0.0,0
0,18,6,128,0.01,0,0.0,0.0,0
0,18,7,128,0.01,0,0.0,0.0,0
0,18,8,128,0.01,0,0.0,0.0,0
0,18,9,128,0.01,0,0.0,0.0,0
0,18,10,128,0.01,0,0.0,0.0,0
0,18,11,128,0.01,0,0.0,0.0,0
0,18,12,128,0.01,0,0.0,0.0,0
0,18,13,128,0.01,0,0.0,0.0,0
0,18,0,128,0.025,0,0.0,0.0,0
0,18,1,128,0.025,0,0.0,0.0,0
0,18,2,128,0.025,0,0.0,0.0,0
0,18,3,128,0.025,0,0.0,0.0,0
0,18,4,128,0.025,0,0.0,0.0,0
0,18,5,128,0.025,0,0.0,0.0,0
0,18,6,128,0.025,0,0.0,0.0,0
0,18,7,128,0.025,0,0.0,0.0,0
0,18,8,128,0.025,0,0.0,0.0,0
0,18,9,128,0.025,0,0.0,0.0,0
0,18,10,128,0.025,0,0.0,0.0,0
0,18,11,128,0.025,0,0.0,0.0,0
0,18,12,128,0.025,0,0.0,0.0,0
0,18,13,128,0.025,0,0.0,0.0,0
0,18,0,128,0.05,0,0.0,0.0,0
0,18,1,128,0.05,0,0.0,0.0,0
0,18,2,128,0.05,0,0.0,0.0,0
0,18,3,128,0.05,0,0.0,0.0,0
0,18,4,128,0.05,0,0.0,0.0,0
0,18,5,128,0.05,0,0.0,0.0,0
0,18,6,128,0.05,0,0.0,0.0,0
0,18,7,128,0.05,0,0.0,0.0,0
0,18,8,128,0.05,0,0.0,0.0,0
0,18,9,128,0.05,0,0.0,0.0,0
0,18,10,128,0.05,0,0.0,0.0,0
0,18,11,128,0.05,0,0.0,0.0,0
0,18,12,128,0.05,0,0.0,0.0,0
0,18,13,128,0.05,0,0.0,0.0,0
0,18,0,128,0.075,0,0.0,0.0,0
0,18,1,128,0.075,0,0.0,0.0,0
0,18,2,128,0.075,0,0.0,0.0,0
0,18,3,128,0.075,0,0.0,0.0,0
0,18,4,128,0.075,0,0.0,0.0,0
0,18,5,128,0.075,0,0.0,0.0,0
0,18,6,128,0.075,0,0.0,0.0,0
0,18,7,128,0.075,0,0.0,0.0,0
0,18,8,128,0.075,0,0.0,0.0,0
0,18,9,128,0.075,0,0.0,0.0,0
0,18,10,128,0.075,0,0.0,0.0,0
0,18,11,128,0.075,0,0.0,0.0,0
0,18,12,128,0.075,0,0.0,0.0,0
0,18,13,128,0.075,0,0.0,0.0,0
0,18,0,128,0.1,0,0.0,0.0,0
0,18,1,128,0.1,0,0.0,0.0,0
0,18,2,128,0.1,0,0.0,0.0,0
0,18,3,128,0.1,0,0.0,0.0,0
0,18,4,128,0.1,0,0.0,0.0,0
0,18,5,128,0.1,0,0.0,0.0,0
0,18,6,128,0.1,0,0.0,0.0,0
0,18,7,128,0.1,0,0.0,0.0,0
0,18,8,128,0.1,0,0.0,0.0,0
0,18,9,128,0.1,0,0.0,0.0,0
0,18,10,128,0.1,0,0.0,0.0,0
0,18,11,128,0.1,0,0.0,0.0,0
0,18,12,128,0.1,0,0.0,0.0,0
0,18,13,128,0.1,0,0.0,0.0,0
0,18,0,128,0.15,0,0.0,0.0,0
0,18,1,128,0.15,0,0.0,0.0,0
0,18,2,128,0.15,0,0.0,0.0,0
0,18,3,128,0.15,0,0.0,0.0,0
0,18,4,128,0.15,0,0.0,0.0,0
0,18,5,128,0.15,0,0.0,0.0,0
0,18,6,128,0.15,0,0.0,0.0,0
0,18,7,128,0.15,0,0.0,0.0,0
0,18,8,128,0.15,0,0.0,0.0,0
0,18,9,128,0.15,0,0.0,0.0,0
0,18,10,128,0.15,0,0.0,0.0,0
0,18,11,128,0.15,0,0.0,0.0,0
0,18,12,128,0.15,0,0.0,0.0,0
0,18,13,128,0.15,0,0.0,0.0,0
0,18,0,128,0.2,0,0.0,0.0,0
0,18,1,128,0.2,0,0.0,0.0,0
0,18,2,128,0.2,0,0.0,0.0,0
0,18,3,128,0.2,0,0.0,0.0,0
0,18,4,128,0.2,0,0.0,0.0,0
0,18,5,128,0.2,0,0.0,0.0,0
0,18,6,128,0.2,0,0.0,0.0,0
0,18,7,128,0.2,0,0.0,0.0,0
0,18,8,128,0.2,0,0.0,0.0,0
0,18,9,128,0.2,0,0.0,0.0,0
0,18,10,128,0.2,0,0.0,0.0,0
0,18,11,128,0.2,0,0.0,0.0,0
0,18,12,128,0.2,0,0.0,0.0,0
0,18,13,128,0.2,0,0.0,0.0,0
0,18,0,128,0.3,0,0.0,0.0,0
0,18,1,128,0.3,0,0.0,0.0,0
0,18,2,128,0.3,0,0.0,0.0,0
0,18,3,128,0.3,0,0.0,0.0,0
0,18,4,128,0.3,0,0.0,0.0,0
0,18,5,128,0.3,0,0.0,0.0,0
0,18,6,128,0.3,0,0.0,0.0,0
0,18,7,128,0.3,0,0.0,0.0,0
0,18,8,128,0.3,0,0.0,0.0,0
0,18,9,128,0.3,0,0.0,0.0,0
0,18,10,128,0.3,0,0.0,0.0,0
0,18,11,128,0.3,0,0.0,0.0,0
0,18,12,128,0.3,0,0.0,0.0,0
0,18,13,128,0.3,0,0.0,0.0,0
0,18,0,128,0.4,0,0.0,0.0,0
0,18,1,128,0.4,0,0.0,0.0,0
0,18,2,128,0.4,0,0.0,0.0,0
0,18,3,128,0.4,0,0.0,0.0,0
0,18,4,128,0.4,0,0.0,0.0,0
0,18,5,128,0.4,0,0.0,0.0,0
0,18,6,128,0.4,0,0.0,0.0,0
0,18,7,128,0.4,0,0.0,0.0,0
0,18,8,128,0.4,0,0.0,0.0,0
0,18,9,128,0.4,0,0.0,0.0,0
0,18,10,128,0.4,0,0.0,0.0,0
0,18,11,128,0.4,0,0.0,0.0,0
0,18,12,128,0.4,0,0.0,0.0,0
0,18,13,128,0.4,0,0.0,0.0,0
0,23,0,4,0.01,0,0.0,0.0,0
0,23,1,4,0.01,0,0.0,0.0,0
0,23,2,4,0.01,0,0.0,0.0,0
0,23,3,4,0.01,0,0.0,0.0,0
0,23,4,4,0.01,0,0.0,0.0,0
0,23,5,4,0.01,0,0.0,0.0,0
0,23,6,4,0.01,0,0.0,0.0,0
0,23,7,4,0.01,0,0.0,0.0,0
0,23,8,4,0.01,0,0.0,0.0,0
0,23,9,4,0.01,0,0.0,0.0,0
0,23,10,4,0.01,0,0.0,0.0,0
0,23,11,4,0.01,0,0.0,0.0,0
0,23,12,4,0.01,0,0.0,0.0,0
0,23,13,4,0.01,0,0.0,0.0,0
0,23,0,4,0.025,0,0.0,0.0,0
0,23,1,4,0.025,0,0.0,0.0,0
0,23,2,4,0.025,0,0.0,0.0,0
0,23,3,4,0.025,0,0.0,0.0,0
0,23,4,4,0.025,0,0.0,0.0,0
0,23,5,4,0.025,0,0.0,0.0,0
0,23,6,4,0.025,0,0.0,0.0,0
0,23,7,4,0.025,0,0.0,0.0,0
0,23,8,4,0.025,0,0.0,0.0,0
0,23,9,4,0.025,0,0.0,0.0,0
0,23,10,4,0.025,0,0.0,0.0,0
0,23,11,4,0.025,0,0.0,0.0,0
0,23,12,4,0.025,0,0.0,0.0,0
0,23,13,4,0.025,0,0.0,0.0,0
0,23,0,4,0.05,0,0.0,0.0,0
0,23,1,4,0.05,0,0.0,0.0,0
0,23,2,4,0.05,0,0.0,0.0,0
0,23,3,4,0.05,0,0.0,0.0,0
0,23,4,4,0.05,0,0.0,0.0,0
0,23,5,4,0.05,0,0.0,0.0,0
0,23,6,4,0.05,0,0.0,0.0,0
0,23,7,4,0.05,0,0.0,0.0,0
0,23,8,4,0.05,0,0.0,0.0,0
0,23,9,4,0.05,0,0.0,0.0,0
0,23,10,4,0.05,0,0.0,0.0,0
0,23,11,4,0.05,0,0.0,0.0,0
0,23,12,4,0.05,0,0.0,0.0,0
0,23,13,4,0.05,0,0.0,0.0,0
0,23,0,4,0.075,0,0.0,0.0,0
0,23,1,4,0.075,0,0.0,0.0,0
0,23,2,4,0.075,0,0.0,0.0,0
0,23,3,4,0.075,0,0.0,0.0,0
0,23,4,4,0.075,0,0.0,0.0,0
0,23,5,4,0.075,0,0.0,0.0,0
0,23,6,4,0.075,0,0.0,0.0,0
0,23,7,4,0.075,0,0.0,0.0,0
0,23,8,4,0.075,0,0.0,0.0,0
0,23,9,4,0.075,0,0.0,0.0,0
0,23,10,4,0.075,0,0.0,0.0,0
0,23,11,4,0.075,0,0.0,0.0,0
0,23,12,4,0.075,0,0.0,0.0,0
0,23,13,4,0.075,0,0.0,0.0,0
0,23,0,4,0.1,0,0.0,0.0,0
0,23,1,4,0.1,0,0.0,0.0,0
0,23,2,4,0.1,0,0.0,0.0,0
0,23,3,4,0.1,0,0.0,0.0,0
0,23,4,4,0.1,0,0.0,0.0,0
0,23,5,4,0.1,0,0.0,0.0,0
0,23,6,4,0.1,0,0.0,0.0,0
0,23,7,4,0.1,0,0.0,0.0,0
0,23,8,4,0.1,0,0.0,0.0,0
0,23,9,4,0.1,0,0.0,0.0,0
0,23,10,4,0.1,0,0.0,0.0,0
0,23,11,4,0.1,0,0.0,0.0,0
0,23,12,4,0.1,0,0.0,0.0,0
0,23,13,4,0.1,0,0.0,0.0,0
0,23,0,4,0.15,0,0.0,0.0,0
0,23,1,4,0.15,0,0.0,0.0,0
0,23,2,4,0.15,0,0.0,0.0,0
0,23,3,4,0.15,0,0.0,0.0,0
0,23,4,4,0.15,0,0.0,0.0,0
0,23,5,4,0.15,0,0.0,0.0,0
0,23,6,4,0.15,0,0.0,0.0,0
0,23,7,4,0.15,0,0.0,0.0,0
0,23,8,4,0.15,0,0.0,0.0,0
0,23,9,4,0.15,0,0.0,0.0,0
0,23,10,4,0.15,0,0.0,0.0,0
0,23,11,4,0.15,0,0.0,0.0,0
0,23,12,4,0.15,0,0.0,0.0,0
0,23,13,4,0.15,0,0.0,0.0,0
0,23,0,4,0.2,0,0.0,0.0,0
0,23,1,4,0.2,0,0.0,0.0,0
0,23,2,4,0.2,0,0.0,0.0,0
0,23,3,4,0.2,0,0.0,0.0,0
0,23,4,4,0.2,0,0.0,0.0,0
0,23,5,4,0.2,0,0.0,0.0,0
0,23,6,4,0.2,0,0.0,0.0,0
0,23,7,4,0.2,0,0.0,0.0,0
0,23,8,4,0.2,0,0.0,0.0,0
0,23,9,4,0.2,0,0.0,0.0,0
0,23,10,4,0.2,0,0.0,0.0,0
0,23,11,4,0.2,0,0.0,0.0,0
0,23,12,4,0.2,0,0.0,0.0,0
0,23,13,4,0.2,0,0.0,0.0,0
0,23,0,4,0.3,0,0.0,0.0,0
0,23,1,4,0.3,0,0.0,0.0,0
0,23,2,4,0.3,0,0.0,0.0,0
0,23,3,4,0.3,0,0.0,0.0,0
0,23,4,4,0.3,0,0.0,0.0,0
0,23,5,4,0.3,0,0.0,0.0,0
0,23,6,4,0.3,0,0.0,0.0,0
0,23,7,4,0.3,0,0.0,0.0,0
0,23,8,4,0.3,0,0.0,0.0,0
0,23,9,4,0.3,0,0.0,0.0,0
0,23,10,4,0.3,0,0.0,0.0,0
0,23,11,4,0.3,0,0.0,0.0,0
0,23,12,4,0.3,0,0.0,0.0,0
0,23,13,4,0.3,0,0.0,0.0,0
0,23,0,4,0.4,0,0.0,0.0,0
0,23,1,4,0.4,0,0.0,0.0,0
0,23,2,4,0.4,0,0.0,0.0,0
0,23,3,4,0.4,0,0.0,0.0,0
0,23,4,4,0.4,0,0.0,0.0,0
0,23,5,4,0.4,0,0.0,0.0,0
0,23,6,4,0.4,0,0.0,0.0,0
0,23,7,4,0.4,0,0.0,0.0,0
0,23,8,4,0.4,0,0.0,0.0,0
0,23,9,4,0.4,0,0.0,0.0,0
0,23,10,4,0.4,0,0.0,0.0,0
0,23,11,4,0.4,0,0.0,0.0,0
0,23,12,4,0.4,0,0.0,0.0,0
0,23,13,4,0.4,0,0.0,0.0,0
0,23,0,8,0.01,0,0.0,0.0,0
0,23,1,8,0.01,0,0.0,0.0,0
0,23,2,8,0.01,0,0.0,0.0,0
0,23,3,8,0.01,0,0.0,0.0,0
0,23,4,8,0.01,0,0.0,0.0,0
0,23,5,8,0.01,0,0.0,0.0,0
0,23,6,8,0.01,0,0.0,0.0,0
0,23,7,8,0.01,0,0.0,0.0,0
0,23,8,8,0.01,0,0.0,0.0,0
0,23,9,8,0.01,0,0.0,0.0,0
0,23,10,8,0.01,0,0.0,0.0,0
0,23,11,8,0.01,0,0.0,0.0,0
0,23,12,8,0.01,0,0.0,0.0,0
0,23,13,8,0.01,0,0.0,0.0,0
0,23,0,8,0.025,0,0.0,0.0,0
0,23,1,8,0.025,0,0.0,0.0,0
0,23,2,8,0.025,0,0.0,0.0,0
0,23,3,8,0.025,0,0.0,0.0,0
0,23,4,8,0.025,0,0.0,0.0,0
0,23,5,8,0.025,0,0.0,0.0,0
0,23,6,8,0.025,0,0.0,0.0,0
0,23,7,8,0.025,0,0.0,0.0,0
0,23,8,8,0.025,0,0.0,0.0,0
0,23,9,8,0.025,0,0.0,0.0,0
0,23,10,8,0.025,0,0.0,0.0,0
0,23,11,8,0.025,0,0.0,0.0,0
0,23,12,8,0.025,0,0.0,0.0,0
0,23,13,8,0.025,0,0.0,0.0,0
0,23,0,8,0.05,0,0.0,0.0,0
0,23,1,8,0.05,0,0.0,0.0,0
0,23,2,8,0.05,0,0.0,0.0,0
0,23,3,8,0.05,0,0.0,0.0,0
0,23,4,8,0.05,0,0.0,0.0,0
0,23,5,8,0.05,0,0.0,0.0,0
0,23,6,8,0.05,0,0.0,0.0,0
0,23,7,8,0.05,0,0.0,0.0,0
0,23,8,8,0.05,0,0.0,0.0,0
0,23,9,8,0.05,0,0.0,0.0,0
0,23,10,8,0.05,0,0.0,0.0,0
0,23,11,8,0.05,0,0.0,0.0,0
0,23,12,8,0.05,0,0.0,0.0,0
0,23,13,8,0.05,0,0.0,0.0,0
0,23,0,8,0.075,0,0.0,0.0,0
0,23,1,8,0.075,0,0.0,0.0,0
0,23,2,8,0.075,0,0.0,0.0,0
0,23,3,8,0.075,0,0.0,0.0,0
0,23,4,8,0.075,0,0.0,0.0,0
0,23,5,8,0.075,0,0.0,0.0,0
0,23,6,8,0.075,0,0.0,0.0,0
0,23,7,8,0.075,0,0.0,0.0,0
0,23,8,8,0.075,0,0.0,0.0,0
0,23,9,8,0.075,0,0.0,0.0,0
0,23,10,8,0.075,0,0.0,0.0,0
0,23,11,8,0.075,0,0.0,0.0,0
0,23,12,8,0.075,0,0.0,0.0,0
0,23,13,8,0.075,0,0.0,0.0,0
0,23,0,8,0.1,0,0.0,0.0,0
0,23,1,8,0.1,0,0.0,0.0,0
0,23,2,8,0.1,0,0.0,0.0,0
0,23,3,8,0.1,0,0.0,0.0,0
0,23,4,8,0.1,0,0.0,0.0,0
0,23,5,8,0.1,0,0.0,0.0,0
0,23,6,8,0.1,0,0.0,0.0,0
0,23,7,8,0.1,0,0.0,0.0,0
0,23,8,8,0.1,0,0.0,0.0,0
0,23,9,8,0.1,0,0.0,0.0,0
0,23,10,8,0.1,0,0.0,0.0,0
0,23,11,8,0.1,0,0.0,0.0,0
0,23,12,8,0.1,0,0.0,0.0,0
0,23,13,8,0.1,0,0.0,0.0,0
0,23,0,8,0.15,0,0.0,0.0,0
0,23,1,8,0.15,0,0.0,0.0,0
0,23,2,8,0.15,0,0.0,0.0,0
0,23,3,8,0.15,0,0.0,0.0,0
0,23,4,8,0.15,0,0.0,0.0,0
0,23,5,8,0.15,0,0.0,0.0,0
0,23,6,8,0.15,0,0.0,0.0,0
0,23,7,8,0.15,0,0.0,0.0,0
0,23,8,8,0.15,0,0.0,0.0,0
0,23,9,8,0.15,0,0.0,0.0,0
0,23,10,8,0.15,0,0.0,0.0,0
0,23,11,8,0.15,0,0.0,0.0,0
0,23,12,8,0.15,0,0.0,0.0,0
0,23,13,8,0.15,0,0.0,0.0,0
0,23,0,8,0.2,0,0.0,0.0,0
0,23,1,8,0.2,0,0.0,0.0,0
0,23,2,8,0.2,0,0.0,0.0,0
0,23,3,8,0.2,0,0.0,0.0,0
0,23,4,8,0.2,0,0.0,0.0,0
0,23,5,8,0.2,0,0.0,0.0,0
0,23,6,8,0.2,0,0.0,0.0,0
0,23,7,8,0.2,0,0.0,0.0,0
0,23,8,8,0.2,0,0.0,0.0,0
0,23,9,8,0.2,0,0.0,0.0,0
0,23,10,8,0.2,0,0.0,0.0,0
0,23,11,8,0.2,0,0.0,0.0,0
0,23,12,8,0.2,0,0.0,0.0,0
0,23,13,8,0.2,0,0.0,0.0,0
0,23,0,8,0.3,0,0.0,0.0,0
0,23,1,8,0.3,0,0.0,0.0,0
0,23,2,8,0.3,0,0.0,0.0,0
0,23,3,8,0.3,0,0.0,0.0,0
0,23,4,8,0.3,0,0.0,0.0,0
0,23,5,8,0.3,0,0.0,0.0,0
0,23,6,8,0.3,0,0.0,0.0,0
0,23,7,8,0.3,0,0.0,0.0,0
0,23,8,8,0.3,0,0.0,0.0,0
0,23,9,8,0.3,0,0.0,0.0,0
0,23,10,8,0.3,0,0.0,0.0,0
0,23,11,8,0.3,0,0.0,0.0,0
0,23,12,8,0.3,0,0.0,0.0,0
0,23,13,8,0.3,0,0.0,0.0,0
0,23,0,8,0.4,0,0.0,0.0,0
0,23,1,8,0.4,0,0.0,0.0,0
0,23,2,8,0.4,0,0.0,0.0,0
0,23,3,8,0.4,0,0.0,0.0,0
0,23,4,8,0.4,0,0.0,0.0,0
0,23,5,8,0.4,0,0.0,0.0,0
0,23,6,8,0.4,0,0.0,0.0,0
0,23,7,8,0.4,0,0.0,0.0,0
0,23,8,8,0.4,0,0.0,0.0,0
0,23,9,8,0.4,0,0.0,0.0,0
0,23,10,8,0.4,0,0.0,0.0,0
0,23,11,8,0.4,0,0.0,0.0,0
0,23,12,8,0.4,0,0.0,0.0,0
0,23,13,8,0.4,0,0.0,0.0,0
0,23,0,16,0.01,0,0.0,0.0,0
0,23,1,16,0.01,0,0.0,0.0,0
0,23,2,16,0.01,0,0.0,0.0,0
0,23,3,16,0.01,0,0.0,0.0,0
0,23,4,16,0.01,0,0.0,0.0,0
0,23,5,16,0.01,0,0.0,0.0,0
0,23,6,16,0.01,0,0.0,0.0,0
0,23,7,16,0.01,0,0.0,0.0,0
0,23,8,16,0.01,0,0.0,0.0,0
0,23,9,16,0.01,0,0.0,0.0,0
0,23,10,16,0.01,0,0.0,0.0,0
0,23,11,16,0.01,0,0.0,0.0,0
0,23,12,16,0.01,0,0.0,0.0,0
0,23,13,16,0.01,0,0.0,0.0,0
0,23,0,16,0.025,0,0.0,0.0,0
0,23,1,16,0.025,0,0.0,0.0,0
0,23,2,16,0.025,0,0.0,0.0,0
0,23,3,16,0.025,0,0.0,0.0,0
0,23,4,16,0.025,0,0.0,0.0,0
0,23,5,16,0.025,0,0.0,0.0,0
0,23,6,16,0.025,0,0.0,0.0,0
0,23,7,16,0.025,0,0.0,0.0,0
0,23,8,16,0.025,0,0.0,0.0,0
0,23,9,16,0.025,0,0.0,0.0,0
0,23,10,16,0.025,0,0.0,0.0,0
0,23,11,16,0.025,0,0.0,0.0,0
0,23,12,16,0.025,0,0.0,0.0,0
0,23,13,16,0.025,0,0.0,0.0,0
0,23,0,16,0.05,0,0.0,0.0,0
0,23,1,16,0.05,0,0.0,0.0,0
0,23,2,16,0.05,0,0.0,0.0,0
0,23,3,16,0.05,0,0.0,0.0,0
0,23,4,16,0.05,0,0.0,0.0,0
0,23,5,16,0.05,0,0.0,0.0,0
0,23,6,16,0.05,0,0.0,0.0,0
0,23,7,16,0.05,0,0.0,0.0,0
0,23,8,16,0.05,0,0.0,0.0,0
0,23,9,16,0.05,0,0.0,0.0,0
0,23,10,16,0.05,0,0.0,0.0,0
0,23,11,16,0.05,0,0.0,0.0,0
0,23,12,16,0.05,0,0.0,0.0,0
0,23,13,16,0.05,0,0.0,0.0,0
0,23,0,16,0.075,0,0.0,0.0,0
0,23,1,16,0.075,0,0.0,0.0,0
0,23,2,16,0.075,0,0.0,0.0,0
0,23,3,16,0.075,0,0.0,0.0,0
0,23,4,16,0.075,0,0.0,0.0,0
0,23,5,16,0.075,0,0.0,0.0,0
0,23,6,16,0.075,0,0.0,0.0,0
0,23,7,16,0.075,0,0.0,0.0,0
0,23,8,16,0.075,0,0.0,0.0,0
0,23,9,16,0.075,0,0.0,0.0,0
0,23,10,16,0.075,0,0.0,0.0,0
0,23,11,16,0.075,0,0.0,0.0,0
0,23,12,16,0.075,0,0.0,0.0,0
0,23,13,16,0.075,0,0.0,0.0,0
0,23,0,16,0.1,0,0.0,0.0,0
0,23,1,16,0.1,0,0.0,0.0,0
0,23,2,16,0.1,0,0.0,0.0,0
0,23,3,16,0.1,0,0.0,0.0,0
0,23,4,16,0.1,0,0.0,0.0,0
0,23,5,16,0.1,0,0.0,0.0,0
0,23,6,16,0.1,0,0.0,0.0,0
0,23,7,16,0.1,0,0.0,0.0,0
0,23,8,16,0.1,0,0.0,0.0,0
0,23,9,16,0.1,0,0.0,0.0,0
0,23,10,16,0.1,0,0.0,0.0,0
0,23,11,16,0.1,0,0.0,0.0,0
0,23,12,16,0.1,0,0.0,0.0,0
0,23,13,16,0.1,0,0.0,0.0,0
0,23,0,16,0.15,0,0.0,0.0,0
0,23,1,16,0.15,0,0.0,0.0,0
0,23,2,16,0.15,0,0.0,0.0,0
0,23,3,16,0.15,0,0.0,0.0,0
0,23,4,16,0.15,0,0.0,0.0,0
0,23,5,16,0.15,0,0.0,0.0,0
0,23,6,16,0.15,0,0.0,0.0,0
0,23,7,16,0.15,0,0.0,0.0,0
0,23,8,16,0.15,0,0.0,0.0,0
0,23,9,16,0.15,0,0.0,0.0,0
0,23,10,16,0.15,0,0.0,0.0,0
0,23,11,16,0.15,0,0.0,0.0,0
0,23,12,16,0.15,0,0.0,0.0,0
0,23,13,16,0.15,0,0.0,0.0,0
0,23,0,16,0.2,0,0.0,0.0,0
0,23,1,16,0.2,0,0.0,0.0,0
0,23,2,16,0.2,0,0.0,0.0,0
0,23,3,16,0.2,0,0.0,0.0,0
0,23,4,16,0.2,0,0.0,0.0,0
0,23,5,16,0.2,0,0.0,0.0,0
0,23,6,16,0.2,0,0.0,0.0,0
0,23,7,16,0.2,0,0.0,0.0,0
0,23,8,16,0.2,0,0.0,0.0,0
0,23,9,16,0.2,0,0.0,0.0,0
0,23,10,16,0.2,0,0.0,0.0,0
0,23,11,16,0.2,0,0.0,0.0,0
0,23,12,16,0.2,0,0.0,0.0,0
0,23,13,16,0.2,0,0.0,0.0,0
0,23,0,16,0.3,0,0.0,0.0,0
0,23,1,16,0.3,0,0.0,0.0,0
0,23,2,16,0.3,0,0.0,0.0,0
0,23,3,16,0.3,0,0.0,0.0,0
0,23,4,16,0.3,0,0.0,0.0,0
0,23,5,16,0.3,0,0.0,0.0,0
0,23,6,16,0.3,0,0.0,0.0,0
0,23,7,16,0.3,0,0.0,0.0,0
0,23,8,16,0.3,0,0.0,0.0,0
0,23,9,16,0.3,0,0.0,0.0,0
0,23,10,16,0.3,0,0.0,0.0,0
0,23,11,16,0.3,0,0.0,0.0,0
0,23,12,16,0.3,0,0.0,0.0,0
0,23,13,16,0.3,0,0.0,0.0,0
0,23,0,16,0.4,0,0.0,0.0,0
0,23,1,16,0.4,0,0.0,0.0,0
0,23,2,16,0.4,0,0.0,0.0,0
0,23,3,16,0.4,0,0.0,0.0,0
0,23,4,16,0.4,0,0.0,0.0,0
0,23,5,16,0.4,0,0.0,0.0,0
0,23,6,16,0.4,0,0.0,0.0,0
0,23,7,16,0.4,0,0.0,0.0,0
0,23,8,16,0.4,0,0.0,0.0,0
0,23,9,16,0.4,0,0.0,0.0,0
0,23,10,16,0.4,0,0.0,0.0,0
0,23,11,16,0.4,0,0.0,0.0,0
0,23,12,16,0.4,0,0.0,0.0,0
0,23,13,16,0.4,0,0.0,0.0,0
0,23,0,32,0.01,0,0.0,0.0,0
0,23,1,32,0.01,0,0.0,0.0,0
0,23,2,32,0.01,0,0.0,0.0,0
0,23,3,32,0.01,0,0.0,0.0,0
0,23,4,32,0.01,0,0.0,0.0,0
0,23,5,32,0.01,0,0.0,0.0,0
0,23,6,32,0.01,0,0.0,0.0,0
0,23,7,32,0.01,0,0.0,0.0,0
0,23,8,32,0.01,0,0.0,0.0,0
0,23,9,32,0.01,0,0.0,0.0,0
0,23,10,32,0.01,0,0.0,0.0,0
0,23,11,32,0.01,0,0.0,0.0,0
0,23,12,32,0.01,0,0.0,0.0,0
0,23,13,32,0.01,0,0.0,0.0,0
0,23,0,32,0.025,0,0.0,0.0,0
0,23,1,32,0.025,0,0.0,0.0,0
0,23,2,32,0.025,0,0.0,0.0,0
0,23,3,32,0.025,0,0.0,0.0,0
0,23,4,32,0.025,0,0.0,0.0,0
0,23,5,32,0.025,0,0.0,0.0,0
0,23,6,32,0.025,0,0.0,0.0,0
0,23,7,32,0.025,0,0.0,0.0,0
0,23,8,32,0.025,0,0.0,0.0,0
0,23,9,32,0.025,0,0.0,0.0,0
0,23,10,32,0.025,0,0.0,0.0,0
0,23,11,32,0.025,0,0.0,0.0,0
0,23,12,32,0.025,0,0.0,0.0,0
0,23,13,32,0.025,0,0.0,0.0,0
0,23,0,32,0.05,0,0.0,0.0,0
0,23,1,32,0.05,0,0.0,0.0,0
0,23,2,32,0.05,0,0.0,0.0,0
0,23,3,32,0.05,0,0.0,0.0,0
0,23,4,32,0.05,0,0.0,0.0,0
0,23,5,32,0.05,0,0.0,0.0,0
0,23,6,32,0.05,0,0.0,0.0,0
0,23,7,32,0.05,0,0.0,0.0,0
0,23,8,32,0.05,0,0.0,0.0,0
0,23,9,32,0.05,0,0.0,0.0,0
0,23,10,32,0.05,0,0.0,0.0,0
0,23,11,32,0.05,0,0.0,0.0,0
0,23,12,32,0.05,0,0.0,0.0,0
0,23,13,32,0.05,0,0.0,0.0,0
0,23,0,32,0.075,0,0.0,0.0,0
0,23,1,32,0.075,0,0.0,0.0,0
0,23,2,32,0.075,0,0.0,0.0,0
0,23,3,32,0.075,0,0.0,0.0,0
0,23,4,32,0.075,0,0.0,0.0,0
0,23,5,32,0.075,0,0.0,0.0,0
0,23,6,32,0.075,0,0.0,0.0,0
0,23,7,32,0.075,0,0.0,0.0,0
0,23,8,32,0.075,0,0.0,0.0,0
0,23,9,32,0.075,0,0.0,0.0,0
0,23,10,32,0.075,0,0.0,0.0,0
0,23,11,32,0.075,0,0.0,0.0,0
0,23,12,32,0.075,0,0.0,0.0,0
0,23,13,32,0.075,0,0.0,0.0,0
0,23,0,32,0.1,0,0.0,0.0,0
0,23,1,32,0.1,0,0.0,0.0,0
0,23,2,32,0.1,0,0.0,0.0,0
0,23,3,32,0.1,0,0.0,0.0,0
0,23,4,32,0.1,0,0.0,0.0,0
0,23,5,32,0.1,0,0.0,0.0,0
0,23,6,32,0.1,0,0.0,0.0,0
0,23,7,32,0.1,0,0.0,0.0,0
0,23,8,32,0.1,0,0.0,0.0,0
0,23,9,32,0.1,0,0.0,0.0,0
0,23,10,32,0.1,0,0.0,0.0,0
0,23,11,32,0.1,0,0.0,0.0,0
0,23,12,32,0.1,0,0.0,0.0,0
0,23,13,32,0.1,0,0.0,0.0,0
0,23,0,32,0.15,0,0.0,0.0,0
0,23,1,32,0.15,0,0.0,0.0,0
0,23,2,32,0.15,0,0.0,0.0,0
0,23,3,32,0.15,0,0.0,0.0,0
0,23,4,32,0.15,0,0.0,0.0,0
0,23,5,32,0.15,0,0.0,0.0,0
0,23,6,32,0.15,0,0.0,0.0,0
0,23,7,32,0.15,0,0.0,0.0,0
0,23,8,32,0.15,0,0.0,0.0,0
0,23,9,32,0.15,0,0.0,0.0,0
0,23,10,32,0.15,0,0.0,0.0,0
0,23,11,32,0.15,0,0.0,0.0,0
0,23,12,32,0.15,0,0.0,0.0,0
0,23,13,32,0.15,0,0.0,0.0,0
0,23,0,32,0.2,0,0.0,0.0,0
0,23,1,32,0.2,0,0.0,0.0,0
0,23,2,32,0.2,0,0.0,0.0,0
0,23,3,32,0.2,0,0.0,0.0,0
0,23,4,32,0.2,0,0.0,0.0,0
0,23,5,32,0.2,0,0.0,0.0,0
0,23,6,32,0.2,0,0.0,0.0,0
0,23,7,32,0.2,0,0.0,0.0,0
0,23,8,32,0.2,0,0.0,0.0,0
0,23,9,32,0.2,0,0.0,0.0,0
0,23,10,32,0.2,0,0.0,0.0,0
0,23,11,32,0.2,0,0.0,0.0,0
0,23,12,32,0.2,0,0.0,0.0,0
0,23,13,32,0.2,0,0.0,0.0,0
0,23,0,32,0.3,0,0.0,0.0,0
0,23,1,32,0.3,0,0.0,0.0,0
0,23,2,32,0.3,0,0.0,0.0,0
0,23,3,32,0.3,0,0.0,0.0,0
0,23,4,32,0.3,0,0.0,0.0,0
0,23,5,32,0.3,0,0.0,0.0,0
0,23,6,32,0.3,0,0.0,0.0,0
0,23,7,32,0.3,0,0.0,0.0,0
0,23,8,32,0.3,0,0.0,0.0,0
0,23,9,32,0.3,0,0.0,0.0,0
0,23,10,32,0.3,0,0.0,0.0,0
0,23,11,32,0.3,0,0.0,0.0,0
0,23,12,32,0.3,0,0.0,0.0,0
0,23,13,32,0.3,0,0.0,0.0,0
0,23,0,32,0.4,0,0.0,0.0,0
0,23,1,32,0.4,0,0.0,0.0,0
0,23,2,32,0.4,0,0.0,0.0,0
0,23,3,32,0.4,0,0.0,0.0,0
0,23,4,32,0.4,0,0.0,0.0,0
0,23,5,32,0.4,0,0.0,0.0,0
0,23,6,32,0.4,0,0.0,0.0,0
0,23,7,32,0.4,0,0.0,0.0,0
0,23,8,32,0.4,0,0.0,0.0,0
0,23,9,32,0.4,0,0.0,0.0,0
0,23,10,32,0.4,0,0.0,0.0,0
0,23,11,32,0.4,0,0.0,0.0,0
0,23,12,32,0.4,0,0.0,0.0,0
0,23,13,32,0.4,0,0.0,0.0,0
0,23,0,64,0.01,0,0.0,0.0,0
0,23,1,64,0.01,0,0.0,0.0,0
0,23,2,64,0.01,0,0.0,0.0,0
0,23,3,64,0.01,0,0.0,0.0,0
0,23,4,64,0.01,0,0.0,0.0,0
0,23,5,64,0.01,0,0.0,0.0,0
0,23,6,64,0.01,0,0.0,0.0,0
0,23,7,64,0.01,0,0.0,0.0,0
0,23,8,64,0.01,0,0.0,0.0,0
0,23,9,64,0.01,0,0.0,0.0,0
0,23,10,64,0.01,0,0.0,0.0,0
0,23,11,64,0.01,0,0.0,0.0,0
0,23,12,64,0.01,0,0.0,0.0,0
0,23,13,64,0.01,0,0.0,0.0,0
0,23,0,64,0.025,0,0.0,0.0,0
0,23,1,64,0.025,0,0.0,0.0,0
0,23,2,64,0.025,0,0.0,0.0,0
0,23,3,64,0.025,0,0.0,0.0,0
0,23,4,64,0.025,0,0.0,0.0,0
0,23,5,64,0.025,0,0.0,0.0,0
0,23,6,64,0.025,0,0.0,0.0,0
0,23,7,64,0.025,0,0.0,0.0,0
0,23,8,64,0.025,0,0.0,0.0,0
0,23,9,64,0.025,0,0.0,0.0,0
0,23,10,64,0.025,0,0.0,0.0,0
0,23,11,64,0.025,0,0.0,0.0,0
0,23,12,64,0.025,0,0.0,0.0,0
0,23,13,64,0.025,0,0.0,0.0,0
0,23,0,64,0.05,0,0.0,0.0,0
0,23,1,64,0.05,0,0.0,0.0,0
0,23,2,64,0.05,0,0.0,0.0,0
0,23,3,64,0.05,0,0.0,0.0,0
0,23,4,64,0.05,0,0.0,0.0,0
0,23,5,64,0.05,0,0.0,0.0,0
0,23,6,64,0.05,0,0.0,0.0,0
0,23,7,64,0.05,0,0.0,0.0,0
0,23,8,64,0.05,0,0.0,0.0,0
0,23,9,64,0.05,0,0.0,0.0,0
0,23,10,64,0.05,0,0.0,0.0,0
0,23,11,64,0.05,0,0.0,0.0,0
0,23,12,64,0.05,0,0.0,0.0,0
0,23,13,64,0.05,0,0.0,0.0,0
0,23,0,64,0.075,0,0.0,0.0,0
0,23,1,64,0.075,0,0.0,0.0,0
0,23,2,64,0.075,0,0.0,0.0,0
0,23,3,64,0.075,0,0.0,0.0,0
0,23,4,64,0.075,0,0.0,0.0,0
0,23,5,64,0.075,0,0.0,0.0,0
0,23,6,64,0.075,0,0.0,0.0,0
0,23,7,64,0.075,0,0.0,0.0,0
0,23,8,64,0.075,0,0.0,0.0,0
0,23,9,64,0.075,0,0.0,0.0,0
0,23,10,64,0.075,0,0.0,0.0,0
0,23,11,64,0.075,0,0.0,0.0,0
0,23,12,64,0.075,0,0.0,0.0,0
0,23,13,64,0.075,0,0.0,0.0,0
0,23,0,64,0.1,0,0.0,0.0,0
0,23,1,64,0.1,0,0.0,0.0,0
0,23,2,64,0.1,0,0.0,0.0,0
0,23,3,64,0.1,0,0.0,0.0,0
0,23,4,64,0.1,0,0.0,0.0,0
0,23,5,64,0.1,0,0.0,0.0,0
0,23,6,64,0.1,0,0.0,0.0,0
0,23,7,64,0.1,0,0.0,0.0,0
0,23,8,64,0.1,0,0.0,0.0,0
0,23,9,64,0.1,0,0.0,0.0,0
0,23,10,64,0.1,0,0.0,0.0,0
0,23,11,64,0.1,0,0.0,0.0,0
0,23,12,64,0.1,0,0.0,0.0,0
0,23,13,64,0.1,0,0.0,0.0,0
0,23,0,64,0.15,0,0.0,0.0,0
0,23,1,64,0.15,0,0.0,0.0,0
0,23,2,64,0.15,0,0.0,0.0,0
0,23,3,64,0.15,0,0.0,0.0,0
0,23,4,64,0.15,0,0.0,0.0,0
0,23,5,64,0.15,0,0.0,0.0,0
0,23,6,64,0.15,0,0.0,0.0,0
0,23,7,64,0.15,0,0.0,0.0,0
0,23,8,64,0.15,0,0.0,0.0,0
0,23,9,64,0.15,0,0.0,0.0,0
0,23,10,64,0.15,0,0.0,0.0,0
0,23,11,64,0.15,0,0.0,0.0,0
0,23,12,64,0.15,0,0.0,0.0,0
0,23,13,64,0.15,0,0.0,0.0,0
0,23,0,64,0.2,0,0.0,0.0,0
0,23,1,64,0.2,0,0.0,0.0,0
0,23,2,64,0.2,0,0.0,0.0,0
0,23,3,64,0.2,0,0.0,0.0,0
0,23,4,64,0.2,0,0.0,0.0,0
0,23,5,64,0.2,0,0.0,0.0,0
0,23,6,64,0.2,0,0.0,0.0,0
0,23,7,64,0.2,0,0.0,0.0,0
0,23,8,64,0.2,0,0.0,0.0,0
0,23,9,64,0.2,0,0.0,0.0,0
0,23,10,64,0.2,0,0.0,0.0,0
0,23,11,64,0.2,0,0.0,0.0,0
0,23,12,64,0.2,0,0.0,0.0,0
0,23,13,64,0.2,0,0.0,0.0,0
0,23,0,64,0.3,0,0.0,0.0,0
0,23,1,64,0.3,0,0.0,0.0,0
0,23,2,64,0.3,0,0.0,0.0,0
0,23,3,64,0.3,0,0.0,0.0,0
0,23,4,64,0.3,0,0.0,0.0,0
0,23,5,64,0.3,0,0.0,0.0,0
0,23,6,64,0.3,0,0.0,0.0,0
0,23,7,64,0.3,0,0.0,0.0,0
0,23,8,64,0.3,0,0.0,0.0,0
0,23,9,64,0.3,0,0.0,0.0,0
0,23,10,64,0.3,0,0.0,0.0,0
0,23,11,64,0.3,0,0.0,0.0,0
0,23,12,64,0.3,0,0.0,0.0,0
0,23,13,64,0.3,0,0.0,0.0,0
0,23,0,64,0.4,0,0.0,0.0,0
0,23,1,64,0.4,0,0.0,0.0,0
0,23,2,64,0.4,0,0.0,0.0,0
0,23,3,64,0.4,0,0.0,0.0,0
0,23,4,64,0.4,0,0.0,0.0,0
0,23,5,64,0.4,0,0.0,0.0,0
0,23,6,64,0.4,0,0.0,0.0,0
0,23,7,64,0.4,0,0.0,0.0,0
0,23,8,64,0.4,0,0.0,0.0,0
0,23,9,64,0.4,0,0.0,0.0,0
0,23,10,64,0.4,0,0.0,0.0,0
0,23,11,64,0.4,0,0.0,0.0,0
0,23,12,64,0.4,0,0.0,0.0,0
0,23,13,64,0.4,0,0.0,0.0,0
0,23,0,128,0.01,0,0.0,0.0,0
0,23,1,128,0.01,0,0.0,0.0,0
0,23,2,128,0.01,0,0.0,0.0,0
0,23,3,128,0.01,0,0.0,0.0,0
0,23,4,128,0.01,0,0.0,0.0,0
0,23,5,128,0.01,0,0.0,0.0,0
0,23,6,128,0.01,0,0.0,0.0,0
0,23,7,128,0.01,0,0.0,0.0,0
0,23,8,128,0.01,0,0.0,0.0,0
0,23,9,128,0.01,0,0.0,0.0,0
0,23,10,128,0.01,0,0.0,0.0,0
0,23,11,128,0.01,0,0.0,0.0,0
0,23,12,128,0.01,0,0.0,0.0,0
0,23,13,128,0.01,0,0.0,0.0,0
0,23,0,128,0.025,0,0.0,0.0,0
0,23,1,128,0.025,0,0.0,0.0,0
0,23,2,128,0.025,0,0.0,0.0,0
0,23,3,128,0.025,0,0.0,0.0,0
0,23,4,128,0.025,0,0.0,0.0,0
0,23,5,128,0.025,0,0.0,0.0,0
0,23,6,128,0.025,0,0.0,0.0,0
0,23,7,128,0.025,0,0.0,0.0,0
0,23,8,128,0.025,0,0.0,0.0,0
0,23,9,128,0.025,0,0.0,0.0,0
0,23,10,128,0.025,0,0.0,0.0,0
0,23,11,128,0.025,0,0.0,0.0,0
0,23,12,128,0.025,0,0.0,0.0,0
0,23,13,128,0.025,0,0.0,0.0,0
0,23,0,128,0.05,0,0.0,0.0,0
0,23,1,128,0.05,0,0.0,0.0,0
0,23,2,128,0.05,0,0.0,0.0,0
0,23,3,128,0.05,0,0.0,0.0,0
0,23,4,128,0.05,0,0.0,0.0,0
0,23,5,128,0.05,0,0.0,0.0,0
0,23,6,128,0.05,0,0.0,0.0,0
0,23,7,128,0.05,0,0.0,0.0,0
0,23,8,128,0.05,0,0.0,0.0,0
0,23,9,128,0.05,0,0.0,0.0,0
0,23,10,128,0.05,0,0.0,0.0,0
0,23,11,128,0.05,0,0.0,0.0,0
0,23,12,128,0.05,0,0.0,0.0,0
0,23,13,128,0.05,0,0.0,0.0,0
0,23,0,128,0.075,0,0.0,0.0,0
0,23,1,128,0.075,0,0.0,0.0,0
0,23,2,128,0.075,0,0.0,0.0,0
0,23,3,128,0.075,0,0.0,0.0,0
0,23,4,128,0.075,0,0.0,0.0,0
0,23,5,128,0.075,0,0.0,0.0,0
0,23,6,128,0.075,0,0.0,0.0,0
0,23,7,128,0.075,0,0.0,0.0,0
0,23,8,128,0.075,0,0.0,0.0,0
0,23,9,128,0.075,0,0.0,0.0,0
0,23,10,128,0.075,0,0.0,0.0,0
0,23,11,128,0.075,0,0.0,0.0,0
0,23,12,128,0.075,0,0.0,0.0,0
0,23,13,128,0.075,0,0.0,0.0,0
0,23,0,128,0.1,0,0.0,0.0,0
0,23,1,128,0.1,0,0.0,0.0,0
0,23,2,128,0.1,0,0.0,0.0,0
0,23,3,128,0.1,0,0.0,0.0,0
0,23,4,128,0.1,0,0.0,0.0,0
0,23,5,128,0.1,0,0.0,0.0,0
0,23,6,128,0.1,0,0.0,0.0,0
0,23,7,128,0.1,0,0.0,0.0,0
0,23,8,128,0.1,0,0.0,0.0,0
0,23,9,128,0.1,0,0.0,0.0,0
0,23,10,128,0.1,0,0.0,0.0,0
0,23,11,128,0.1,0,0.0,0.0,0
0,23,12,128,0.1,0,0.0,0.0,0
0,23,13,128,0.1,0,0.0,0.0,0
0,23,0,128,0.15,0,0.0,0.0,0
0,23,1,128,0.15,0,0.0,0.0,0
0,23,2,128,0.15,0,0.0,0.0,0
0,23,3,128,0.15,0,0.0,0.0,0
0,23,4,128,0.15,0,0.0,0.0,0
0,23,5,128,0.15,0,0.0,0.0,0
0,23,6,128,0.15,0,0.0,0.0,0
0,23,7,128,0.15,0,0.0,0.0,0
0,23,8,128,0.15,0,0.0,0.0,0
0,23,9,128,0.15,0,0.0,0.0,0
0,23,10,128,0.15,0,0.0,0.0,0
0,23,11,128,0.15,0,0.0,0.0,0
0,23,12,128,0.15,0,0.0,0.0,0
0,23,13,128,0.15,0,0.0,0.0,0
0,23,0,128,0.2,0,0.0,0.0,0
0,23,1,128,0.2,0,0.0,0.0,0
0,23,2,128,0.2,0,0.0,0.0,0
0,23,3,128,0.2,0,0.0,0.0,0
0,23,4,128,0.2,0,0.0,0.0,0
0,23,5,128,0.2,0,0.0,0.0,0
0,23,6,128,0.2,0,0.0,0.0,0
0,23,7,128,0.2,0,0.0,0.0,0
0,23,8,128,0.2,0,0.0,0.0,0
0,23,9,128,0.2,0,0.0,0.0,0
0,23,10,128,0.2,0,0.0,0.0,0
0,23,11,128,0.2,0,0.0,0.0,0
0,23,12,128,0.2,0,0.0,0.0,0
0,23,13,128,0.2,0,0.0,0.0,0
0,23,0,128,0.3,0,0.0,0.0,0
0,23,1,128,0.3,0,0.0,0.0,0
0,23,2,128,0.3,0,0.0,0.0,0
0,23,3,128,0.3,0,0.0,0.0,0
0,23,4,128,0.3,0,0.0,0.0,0
0,23,5,128,0.3,0,0.0,0.0,0
0,23,6,128,0.3,0,0.0,0.0,0
0,23,7,128,0.3,0,0.0,0.0,0
0,23,8,128,0.3,0,0.0,0.0,0
0,23,9,128,0.3,0,0.0,0.0,0
0,23,10,128,0.3,0,0.0,0.0,0
0,23,11,128,0.3,0,0.0,0.0,0
0,23,12,128,0.3,0,0.0,0.0,0
0,23,13,128,0.3,0,0.0,0.0,0
0,23,0,128,0.4,0,0.0,0.0,0
0,23,1,128,0.4,0,0.0,0.0,0
0,23,2,128,0.4,0,0.0,0.0,0
0,23,3,128,0.4,0,0.0,0.0,0
0,23,4,128,0.4,0,0.0,0.0,0
0,23,5,128,0.4,0,0.0,0.0,0
0,23,6,128,0.4,0,0.0,0.0,0
0,23,7,128,0.4,0,0.0,0.0,0
0,23,8,128,0.4,0,0.0,0.0,0
0,23,9,128,0.4,0,0.0,0.0,0
0,23,10,128,0.4,0,0.0,0.0,0
0,23,11,128,0.4,0,0.0,0.0,0
0,23,12,128,0.4,0,0.0,0.0,0
0,23,13,128,0.4,0,0.0,0.0,0
1,0,0,4,0.01,0,0.0,0.0,0
1,0,1,4,0.01,0,0.0,0.0,0
1,0,2,4,0.01,0,0.0,0.0,0
1,0,3,4,0.01,0,0.0,0.0,0
1,0,4,4,0.01,0,0.0,0.0,0
1,0,5,4,0.01,0,0.0,0.0,0
1,0,6,4,0.01,0,0.0,0.0,0
1,0,7,4,0.01,0,0.0,0.0,0
1,0,8,4,0.01,0,0.0,0.0,0
1,0,9,4,0.01,0,0.0,0.0,0
1,0,10,4,0.01,0,0.0,0.0,0
1,0,11,4,0.01,0,0.0,0.0,0
1,0,12,4,0.01,0,0.0,0.0,0
1,0,13,4,0.01,0,0.0,0.0,0
1,0,0,4,0.025,0,0.0,0.0,0
1,0,1,4,0.025,0,0.0,0.0,0
1,0,2,4,0.025,0,0.0,0.0,0
1,0,3,4,0.025,0,0.0,0.0,0
1,0,4,4,0.025,0,0.0,0.0,0
1,0,5,4,0.025,0,0.0,0.0,0
1,0,6,4,0.025,0,0.0,0.0,0
1,0,7,4,0.025,0,0.0,0.0,0
1,0,8,4,0.025,0,0.0,0.0,0
1,0,9,4,0.025,0,0.0,0.0,0
1,0,10,4,0.025,0,0.0,0.0,0
1,0,11,4,0.025,0,0.0,0.0,0
1,0,12,4,0.025,0,0.0,0.0,0
1,0,13,4,0.025,0,0.0,0.0,0
1,0,0,4,0.05,0,0.0,0.0,0
1,0,1,4,0.05,0,0.0,0.0,0
1,0,2,4,0.05,0,0.0,0.0,0
1,0,3,4,0.05,0,0.0,0.0,0
1,0,4,4,0.05,0,0.0,0.0,0
1,0,5,4,0.05,0,0.0,0.0,0
1,0,6,4,0.05,0,0.0,0.0,0
1,0,7,4,0.05,0,0.0,0.0,0
1,0,8,4,0.05,0,0.0,0.0,0
1,0,9,4,0.05,0,0.0,0.0,0
1,0,10,4,0.05,0,0.0,0.0,0
1,0,11,4,0.05,0,0.0,0.0,0
1,0,12,4,0.05,0,0.0,0.0,0
1,0,13,4,0.05,0,0.0,0.0,0
1,0,0,4,0.075,0,0.0,0.0,0
1,0,1,4,0.075,0,0.0,0.0,0
1,0,2,4,0.075,0,0.0,0.0,0
1,0,3,4,0.075,0,0.0,0.0,0
1,0,4,4,0.075,0,0.0,0.0,0
1,0,5,4,0.075,0,0.0,0.0,0
1,0,6,4,0.075,0,0.0,0.0,0
1,0,7,4,0.075,0,0.0,0.0,0
1,0,8,4,0.075,0,0.0,0.0,0
1,0,9,4,0.075,0,0.0,0.0,0
1,0,10,4,0.075,0,0.0,0.0,0
1,0,11,4,0.075,0,0.0,0.0,0
1,0,12,4,0.075,0,0.0,0.0,0
1,0,13,4,0.075,0,0.0,0.0,0
1,0,0,4,0.1,0,0.0,0.0,0
1,0,1,4,0.1,0,0.0,0.0,0
1,0,2,4,0.1,0,0.0,0.0,0
1,0,3,4,0.1,0,0.0,0.0,0
1,0,4,4,0.1,0,0.0,0.0,0
1,0,5,4,0.1,0,0.0,0.0,0
1,0,6,4,0.1,0,0.0,0.0,0
1,0,7,4,0.1,0,0.0,0.0,0
1,0,8,4,0.1,0,0.0,0.0,0
1,0,9,4,0.1,0,0.0,0.0,0
1,0,10,4,0.1,0,0.0,0.0,0
1,0,11,4,0.1,0,0.0,0.0,0
1,0,12,4,0.1,0,0.0,0.0,0
1,0,13,4,0.1,0,0.0,0.0,0
1,0,0,4,0.15,0,0.0,0.0,0
1,0,1,4,0.15,0,0.0,0.0,0
1,0,2,4,0.15,0,0.0,0.0,0
1,0,3,4,0.15,0,0.0,0.0,0
1,0,4,4,0.15,0,0.0,0.0,0
1,0,5,4,0.15,0,0.0,0.0,0
1,0,6,4,0.15,0,0.0,0.0,0
1,0,7,4,0.15,0,0.0,0.0,0
1,0,8,4,0.15,0,0.0,0.0,0
1,0,9,4,0.15,0,0.0,0.0,0
1,0,10,4,0.15,0,0.0,0.0,0
1,0,11,4,0.15,0,0.0,0.0,0
1,0,12,4,0.15,0,0.0,0.0,0
1,0,13,4,0.15,0,0.0,0.0,0
1,0,0,4,0.2,0,0.0,0.0,0
1,0,1,4,0.2,0,0.0,0.0,0
1,0,2,4,0.2,0,0.0,0.0,0
1,0,3,4,0.2,0,0.0,0.0,0
1,0,4,4,0.2,0,0.0,0.0,0
1,0,5,4,0.2,0,0.0,0.0,0
1,0,6,4,0.2,0,0.0,0.0,0
1,0,7,4,0.2,0,0.0,0.0,0
1,0,8,4,0.2,0,0.0,0.0,0
1,0,9,4,0.2,0,0.0,0.0,0
1,0,10,4,0.2,0,0.0,0.0,0
1,0,11,4,0.2,0,0.0,0.0,0
1,0,12,4,0.2,0,0.0,0.0,0
1,0,13,4,0.2,0,0.0,0.0,0
1,0,0,4,0.3,0,0.0,0.0,0
1,0,1,4,0.3,0,0.0,0.0,0
1,0,2,4,0.3,0,0.0,0.0,0
1,0,3,4,0.3,0,0.0,0.0,0
1,0,4,4,0.3,0,0.0,0.0,0
1,0,5,4,0.3,0,0.0,0.0,0
1,0,6,4,0.3,0,0.0,0.0,0
1,0,7,4,0.3,0,0.0,0.0,0
1,0,8,4,0.3,0,0.0,0.0,0
1,0,9,4,0.3,0,0.0,0.0,0
1,0,10,4,0.3,0,0.0,0.0,0
1,0,11,4,0.3,0,0.0,0.0,0
1,0,12,4,0.3,0,0.0,0.0,0
1,0,13,4,0.3,0,0.0,0.0,0
1,0,0,4,0.4,0,0.0,0.0,0
1,0,1,4,0.4,0,0.0,0.0,0
1,0,2,4,0.4,0,0.0,0.0,0
1,0,3,4,0.4,0,0.0,0.0,0
1,0,4,4,0.4,0,0.0,0.0,0
1,0,5,4,0.4,0,0.0,0.0,0
1,0,6,4,0.4,0,0.0,0.0,0
1,0,7,4,0.4,0,0.0,0.0,0
1,0,8,4,0.4,0,0.0,0.0,0
1,0,9,4,0.4,0,0.0,0.0,0
1,0,10,4,0.4,0,0.0,0.0,0
1,0,11,4,0.4,0,0.0,0.0,0
1,0,12,4,0.4,0,0.0,0.0,0
1,0,13,4,0.4,0,0.0,0.0,0
1,0,0,8,0.01,0,0.0,0.0,0
1,0,1,8,0.01,0,0.0,0.0,0
1,0,2,8,0.01,0,0.0,0.0,0
1,0,3,8,0.01,0,0.0,0.0,0
1,0,4,8,0.01,0,0.0,0.0,0
1,0,5,8,0.01,0,0.0,0.0,0
1,0,6,8,0.01,0,0.0,0.0,0
1,0,7,8,0.01,0,0.0,0.0,0
1,0,8,8,0.01,0,0.0,0.0,0
1,0,9,8,0.01,0,0.0,0.0,0
1,0,10,8,0.01,0,0.0,0.0,0
1,0,11,8,0.01,0,0.0,0.0,0
1,0,12,8,0.01,0,0.0,0.0,0
1,0,13,8,0.01,0,0.0,0.0,0
1,0,0,8,0.025,0,0.0,0.0,0
1,0,1,8,0.025,0,0.0,0.0,0
1,0,2,8,0.025,0,0.0,0.0,0
1,0,3,8,0.025,0,0.0,0.0,0
1,0,4,8,0.025,0,0.0,0.0,0
1,0,5,8,0.025,0,0.0,0.0,0
1,0,6,8,0.025,0,0.0,0.0,0
1,0,7,8,0.025,0,0.0,0.0,0
1,0,8,8,0.025,0,0.0,0.0,0
1,0,9,8,0.025,0,0.0,0.0,0
1,0,10,8,0.025,0,0.0,0.0,0
1,0,11,8,0.025,0,0.0,0.0,0
1,0,12,8,0.025,0,0.0,0.0,0
1,0,13,8,0.025,0,0.0,0.0,0
1,0,0,8,0.05,0,0.0,0.0,0
1,0,1,8,0.05,0,0.0,0.0,0
1,0,2,8,0.05,0,0.0,0.0,0
1,0,3,8,0.05,0,0.0,0.0,0
1,0,4,8,0.05,0,0.0,0.0,0
1,0,5,8,0.05,0,0.0,0.0,0
1,0,6,8,0.05,0,0.0,0.0,0
1,0,7,8,0.05,0,0.0,0.0,0
1,0,8,8,0.05,0,0.0,0.0,0
1,0,9,8,0.05,0,0.0,0.0,0
1,0,10,8,0.05,0,0.0,0.0,0
1,0,11,8,0.05,0,0.0,0.0,0
1,0,12,8,0.05,0,0.0,0.0,0
1,0,13,8,0.05,0,0.0,0.0,0
1,0,0,8,0.075,0,0.0,0.0,0
1,0,1,8,0.075,0,0.0,0.0,0
1,0,2,8,0.075,0,0.0,0.0,0
1,0,3,8,0.075,0,0.0,0.0,0
1,0,4,8,0.075,0,0.0,0.0,0
1,0,5,8,0.075,0,0.0,0.0,0
1,0,6,8,0.075,0,0.0,0.0,0
1,0,7,8,0.075,0,0.0,0.0,0
1,0,8,8,0.075,0,0.0,0.0,0
1,0,9,8,0.075,0,0.0,0.0,0
1,0,10,8,0.075,0,0.0,0.0,0
1,0,11,8,0.075,0,0.0,0.0,0
1,0,12,8,0.075,0,0.0,0.0,0
1,0,13,8,0.075,0,0.0,0.0,0
1,0,0,8,0.1,0,0.0,0.0,0
1,0,1,8,0.1,0,0.0,0.0,0
1,0,2,8,0.1,0,0.0,0.0,0
1,0,3,8,0.1,0,0.0,0.0,0
1,0,4,8,0.1,0,0.0,0.0,0
1,0,5,8,0.1,0,0.0,0.0,0
1,0,6,8,0.1,0,0.0,0.0,0
1,0,7,8,0.1,0,0.0,0.0,0
1,0,8,8,0.1,0,0.0,0.0,0
1,0,9,8,0.1,0,0.0,0.0,0
1,0,10,8,0.1,0,0.0,0.0,0
1,0,11,8,0.1,0,0.0,0.0,0
1,0,12,8,0.1,0,0.0,0.0,0
1,0,13,8,0.1,0,0.0,0.0,0
1,0,0,8,0.15,0,0.0,0.0,0
1,0,1,8,0.15,0,0.0,0.0,0
1,0,2,8,0.15,0,0.0,0.0,0
1,0,3,8,0.15,0,0.0,0.0,0
1,0,4,8,0.15,0,0.0,0.0,0
1,0,5,8,0.15,0,0.0,0.0,0
1,0,6,8,0.15,0,0.0,0.0,0
1,0,7,8,0.15,0,0.0,0.0,0
1,0,8,8,0.15,0,0.0,0.0,0
1,0,9,8,0.15,0,0.0,0.0,0
1,0,10,8,0.15,0,0.0,0.0,0
1,0,11,8,0.15,0,0.0,0.0,0
1,0,12,8,0.15,0,0.0,0.0,0
1,0,13,8,0.15,0,0.0,0.0,0
1,0,0,8,0.2,0,0.0,0.0,0
1,0,1,8,0.2,0,0.0,0.0,0
1,0,2,8,0.2,0,0.0,0.0,0
1,0,3,8,0.2,0,0.0,0.0,0
1,0,4,8,0.2,0,0.0,0.0,0
1,0,5,8,0.2,0,0.0,0.0,0
1,0,6,8,0.2,0,0.0,0.0,0
1,0,7,8,0.2,0,0.0,0.0,0
1,0,8,8,0.2,0,0.0,0.0,0
1,0,9,8,0.2,0,0.0,0.0,0
1,0,10,8,0.2,0,0.0,0.0,0
1,0,11,8,0.2,0,0.0,0.0,0
1,0,12,8,0.2,0,0.0,0.0,0
1,0,13,8,0.2,0,0.0,0.0,0
1,0,0,8,0.3,0,0.0,0.0,0
1,0,1,8,0.3,0,0.0,0.0,0
1,0,2,8,0.3,0,0.0,0.0,0
1,0,3,8,0.3,0,0.0,0.0,0
1,0,4,8,0.3,0,0.0,0.0,0
1,0,5,8,0.3,0,0.0,0.0,0
1,0,6,8,0.3,0,0.0,0.0,0
1,0,7,8,0.3,0,0.0,0.0,0
1,0,8,8,0.3,0,0.0,0.0,0
1,0,9,8,0.3,0,0.0,0.0,0
1,0,10,8,0.3,0,0.0,0.0,0
1,0,11,8,0.3,0,0.0,0.0,0
1,0,12,8,0.3,0,0.0,0.0,0
1,0,13,8,0.3,0,0.0,0.0,0
1,0,0,8,0.4,0,0.0,0.0,0
1,0,1,8,0.4,0,0.0,0.0,0
1,0,2,8,0.4,0,0.0,0.0,0
1,0,3,8,0.4,0,0.0,0.0,0
1,0,4,8,0.4,0,0.0,0.0,0
1,0,5,8,0.4,0,0.0,0.0,0
1,0,6,8,0.4,0,0.0,0.0,0
1,0,7,8,0.4,0,0.0,0.0,0
1,0,8,8,0.4,0,0.0,0.0,0
1,0,9,8,0.4,0,0.0,0.0,0
1,0,10,8,0.4,0,0.0,0.0,0
1,0,11,8,0.4,0,0.0,0.0,0
1,0,12,8,0.4,0,0.0,0.0,0
1,0,13,8,0.4,0,0.0,0.0,0
1,0,0,16,0.01,0,0.0,0.0,0
1,0,1,16,0.01,0,0.0,0.0,0
1,0,2,16,0.01,0,0.0,0.0,0
1,0,3,16,0.01,0,0.0,0.0,0
1,0,4,16,0.01,0,0.0,0.0,0
1,0,5,16,0.01,0,0.0,0.0,0
1,0,6,16,0.01,0,0.0,0.0,0
1,0,7,16,0.01,0,0.0,0.0,0
1,0,8,16,0.01,0,0.0,0.0,0
1,0,9,16,0.01,0,0.0,0.0,0
1,0,10,16,0.01,0,0.0,0.0,0
1,0,11,16,0.01,0,0.0,0.0,0
1,0,12,16,0.01,0,0.0,0.0,0
1,0,13,16,0.01,0,0.0,0.0,0
1,0,0,16,0.025,0,0.0,0.0,0
1,0,1,16,0.025,0,0.0,0.0,0
1,0,2,16,0.025,0,0.0,0.0,0
1,0,3,16,0.025,0,0.0,0.0,0
1,0,4,16,0.025,0,0.0,0.0,0
1,0,5,16,0.025,0,0.0,0.0,0
1,0,6,16,0.025,0,0.0,0.0,0
1,0,7,16,0.025,0,0.0,0.0,0
1,0,8,16,0.025,0,0.0,0.0,0
1,0,9,16,0.025,0,0.0,0.0,0
1,0,10,16,0.025,0,0.0,0.0,0
1,0,11,16,0.025,0,0.0,0.0,0
1,0,12,16,0.025,0,0.0,0.0,0
1,0,13,16,0.025,0,0.0,0.0,0
1,0,0,16,0.05,0,0.0,0.0,0
1,0,1,16,0.05,0,0.0,0.0,0
1,0,2,16,0.05,0,0.0,0.0,0
1,0,3,16,0.05,0,0.0,0.0,0
1,0,4,16,0.05,0,0.0,0.0,0
1,0,5,16,0.05,0,0.0,0.0,0
1,0,6,16,0.05,0,0.0,0.0,0
1,0,7,16,0.05,0,0.0,0.0,0
1,0,8,16,0.05,0,0.0,0.0,0
1,0,9,16,0.05,0,0.0,0.0,0
1,0,10,16,0.05,0,0.0,0.0,0
1,0,11,16,0.05,0,0.0,0.0,0
1,0,12,16,0.05,0,0.0,0.0,0
1,0,13,16,0.05,0,0.0,0.0,0
1,0,0,16,0.075,0,0.0,0.0,0
1,0,1,16,0.075,0,0.0,0.0,0
1,0,2,16,0.075,0,0.0,0.0,0
1,0,3,16,0.075,0,0.0,0.0,0
1,0,4,16,0.075,0,0.0,0.0,0
1,0,5,16,0.075,0,0.0,0.0,0
1,0,6,16,0.075,0,0.0,0.0,0
1,0,7,16,0.075,0,0.0,0.0,0
1,0,8,16,0.075,0,0.0,0.0,0
1,0,9,16,0.075,0,0.0,0.0,0
1,0,10,16,0.075,0,0.0,0.0,0
1,0,11,16,0.075,0,0.0,0.0,0
1,0,12,16,0.075,0,0.0,0.0,0
1,0,13,16,0.075,0,0.0,0.0,0
1,0,0,16,0.1,0,0.0,0.0,0
1,0,1,16,0.1,0,0.0,0.0,0
1,0,2,16,0.1,0,0.0,0.0,0
1,0,3,16,0.1,0,0.0,0.0,0
1,0,4,16,0.1,0,0.0,0.0,0
1,0,5,16,0.1,0,0.0,0.0,0
1,0,6,16,0.1,0,0.0,0.0,0
1,0,7,16,0.1,0,0.0,0.0,0
1,0,8,16,0.1,0,0.0,0.0,0
1,0,9,16,0.1,0,0.0,0.0,0
1,0,10,16,0.1,0,0.0,0.0,0
1,0,11,16,0.1,0,0.0,0.0,0
1,0,12,16,0.1,0,0.0,0.0,0
1,0,13,16,0.1,0,0.0,0.0,0
1,0,0,16,0.15,0,0.0,0.0,0
1,0,1,16,0.15,0,0.0,0.0,0
1,0,2,16,0.15,0,0.0,0.0,0
1,0,3,16,0.15,0,0.0,0.0,0
1,0,4,16,0.15,0,0.0,0.0,0
1,0,5,16,0.15,0,0.0,0.0,0
1,0,6,16,0.15,0,0.0,0.0,0
1,0,7,16,0.15,0,0.0,0.0,0
1,0,8,16,0.15,0,0.0,0.0,0
1,0,9,16,0.15,0,0.0,0.0,0
1,0,10,16,0.15,0,0.0,0.0,0
1,0,11,16,0.15,0,0.0,0.0,0
1,0,12,16,0.15,0,0.0,0.0,0
1,0,13,16,0.15,0,0.0,0.0,0
1,0,0,16,0.2,0,0.0,0.0,0
1,0,1,16,0.2,0,0.0,0.0,0
1,0,2,16,0.2,0,0.0,0.0,0
1,0,3,16,0.2,0,0.0,0.0,0
1,0,4,16,0.2,0,0.0,0.0,0
1,0,5,16,0.2,0,0.0,0.0,0
1,0,6,16,0.2,0,0.0,0.0,0
1,0,7,16,0.2,0,0.0,0.0,0
1,0,8,16,0.2,0,0.0,0.0,0
1,0,9,16,0.2,0,0.0,0.0,0
1,0,10,16,0.2,0,0.0,0.0,0
1,0,11,16,0.2,0,0.0,0.0,0
1,0,12,16,0.2,0,0.0,0.0,0
1,0,13,16,0.2,0,0.0,0.0,0
1,0,0,16,0.3,0,0.0,0.0,0
1,0,1,16,0.3,0,0.0,0.0,0
1,0,2,16,0.3,0,0.0,0.0,0
1,0,3,16,0.3,0,0.0,0.0,0
1,0,4,16,0.3,0,0.0,0.0,0
1,0,5,16,0.3,0,0.0,0.0,0
1,0,6,16,0.3,0,0.0,0.0,0
1,0,7,16,0.3,0,0.0,0.0,0
1,0,8,16,0.3,0,0.0,0.0,0
1,0,9,16,0.3,0,0.0,0.0,0
1,0,10,16,0.3,0,0.0,0.0,0
1,0,11,16,0.3,0,0.0,0.0,0
1,0,12,16,0.3,0,0.0,0.0,0
1,0,13,16,0.3,0,0.0,0.0,0
1,0,0,16,0.4,0,0.0,0.0,0
1,0,1,16,0.4,0,0.0,0.0,0
1,0,2,16,0.4,0,0.0,0.0,0
1,0,3,16,0.4,0,0.0,0.0,0
1,0,4,16,0.4,0,0.0,0.0,0
1,0,5,16,0.4,0,0.0,0.0,0
1,0,6,16,0.4,0,0.0,0.0,0
1,0,7,16,0.4,0,0.0,0.0,0
1,0,8,16,0.4,0,0.0,0.0,0
1,0,9,16,0.4,0,0.0,0.0,0
1,0,10,16,0.4,0,0.0,0.0,0
1,0,11,16,0.4,0,0.0,0.0,0
1,0,12,16,0.4,0,0.0,0.0,0
1,0,13,16,0.4,0,0.0,0.0,0
1,0,0,32,0.01,0,0.0,0.0,0
1,0,1,32,0.01,0,0.0,0.0,0
1,0,2,32,0.01,0,0.0,0.0,0
1,0,3,32,0.01,0,0.0,0.0,0
1,0,4,32,0.01,0,0.0,0.0,0
1,0,5,32,0.01,0,0.0,0.0,0
1,0,6,32,0.01,0,0.0,0.0,0
1,0,7,32,0.01,0,0.0,0.0,0
1,0,8,32,0.01,0,0.0,0.0,0
1,0,9,32,0.01,0,0.0,0.0,0
1,0,10,32,0.01,0,0.0,0.0,0
1,0,11,32,0.01,0,0.0,0.0,0
1,0,12,32,0.01,0,0.0,0.0,0
1,0,13,32,0.01,0,0.0,0.0,0
1,0,0,32,0.025,0,0.0,0.0,0
1,0,1,32,0.025,0,0.0,0.0,0
1,0,2,32,0.025,0,0.0,0.0,0
1,0,3,32,0.025,0,0.0,0.0,0
1,0,4,32,0.025,0,0.0,0.0,0
1,0,5,32,0.025,0,0.0,0.0,0
1,0,6,32,0.025,0,0.0,0.0,0
1,0,7,32,0.025,0,0.0,0.0,0
1,0,8,32,0.025,0,0.0,0.0,0
1,0,9,32,0.025,0,0.0,0.0,0
1,0,10,32,0.025,0,0.0,0.0,0
1,0,11,32,0.025,0,0.0,0.0,0
1,0,12,32,0.025,0,0.0,0.0,0
1,0,13,32,0.025,0,0.0,0.0,0
1,0,0,32,0.05,0,0.0,0.0,0
1,0,1,32,0.05,0,0.0,0.0,0
1,0,2,32,0.05,0,0.0,0.0,0
1,0,3,32,0.05,0,0.0,0.0,0
1,0,4,32,0.05,0,0.0,0.0,0
1,0,5,32,0.05,0,0.0,0.0,0
1,0,6,32,0.05,0,0.0,0.0,0
1,0,7,32,0.05,0,0.0,0.0,0
1,0,8,32,0.05,0,0.0,0.0,0
1,0,9,32,0.05,0,0.0,0.0,0
1,0,10,32,0.05,0,0.0,0.0,0
1,0,11,32,0.05,0,0.0,0.0,0
1,0,12,32,0.05,0,0.0,0.0,0
1,0,13,32,0.05,0,0.0,0.0,0
1,0,0,32,0.075,0,0.0,0.0,0
1,0,1,32,0.075,0,0.0,0.0,0
1,0,2,32,0.075,0,0.0,0.0,0
1,0,3,32,0.075,0,0.0,0.0,0
1,0,4,32,0.075,0,0.0,0.0,0
1,0,5,32,0.075,0,0.0,0.0,0
1,0,6,32,0.075,0,0.0,0.0,0
1,0,7,32,0.075,0,0.0,0.0,0
1,0,8,32,0.075,0,0.0,0.0,0
1,0,9,32,0.075,0,0.0,0.0,0
1,0,10,32,0.075,0,0.0,0.0,0
1,0,11,32,0.075,0,0.0,0.0,0
1,0,12,32,0.075,0,0.0,0.0,0
1,0,13,32,0.075,0,0.0,0.0,0
1,0,0,32,0.1,0,0.0,0.0,0
1,0,1,32,0.1,0,0.0,0.0,0
1,0,2,32,0.1,0,0.0,0.0,0
1,0,3,32,0.1,0,0.0,0.0,0
1,0,4,32,0.1,0,0.0,0.0,0
1,0,5,32,0.1,0,0.0,0.0,0
1,0,6,32,0.1,0,0.0,0.0,0
1,0,7,32,0.1,0,0.0,0.0,0
1,0,8,32,0.1,0,0.0,0.0,0
1,0,9,32,0.1,0,0.0,0.0,0
1,0,10,32,0.1,0,0.0,0.0,0
1,0,11,32,0.1,0,0.0,0.0,0
1,0,12,32,0.1,0,0.0,0.0,0
1,0,13,32,0.1,0,0.0,0.0,0
1,0,0,32,0.15,0,0.0,0.0,0
1,0,1,32,0.15,0,0.0,0.0,0
1,0,2,32,0.15,0,0.0,0.0,0
1,0,3,32,0.15,0,0.0,0.0,0
1,0,4,32,0.15,0,0.0,0.0,0
1,0,5,32,0.15,0,0.0,0.0,0
1,0,6,32,0.15,0,0.0,0.0,0
1,0,7,32,0.15,0,0.0,0.0,0
1,0,8,32,0.15,0,0.0,0.0,0
1,0,9,32,0.15,0,0.0,0.0,0
1,0,10,32,0.15,0,0.0,0.0,0
1,0,11,32,0.15,0,0.0,0.0,0
1,0,12,32,0.15,0,0.0,0.0,0
1,0,13,32,0.15,0,0.0,0.0,0
1,0,0,32,0.2,0,0.0,0.0,0
1,0,1,32,0.2,0,0.0,0.0,0
1,0,2,32,0.2,0,0.0,0.0,0
1,0,3,32,0.2,0,0.0,0.0,0
1,0,4,32,0.2,0,0.0,0.0,0
1,0,5,32,0.2,0,0.0,0.0,0
1,0,6,32,0.2,0,0.0,0.0,0
1,0,7,32,0.2,0,0.0,0.0,0
1,0,8,32,0.2,0,0.0,0.0,0
1,0,9,32,0.2,0,0.0,0.0,0
1,0,10,32,0.2,0,0.0,0.0,0
1,0,11,32,0.2,0,0.0,0.0,0
1,0,12,32,0.2,0,0.0,0.0,0
1,0,13,32,0.2,0,0.0,0.0,0
1,0,0,32,0.3,0,0.0,0.0,0
1,0,1,32,0.3,0,0.0,0.0,0
1,0,2,32,0.3,0,0.0,0.0,0
1,0,3,32,0.3,0,0.0,0.0,0
1,0,4,32,0.3,0,0.0,0.0,0
1,0,5,32,0.3,0,0.0,0.0,0
1,0,6,32,0.3,0,0.0,0.0,0
1,0,7,32,0.3,0,0.0,0.0,0
1,0,8,32,0.3,0,0.0,0.0,0
1,0,9,32,0.3,0,0.0,0.0,0
1,0,10,32,0.3,0,0.0,0.0,0
1,0,11,32,0.3,0,0.0,0.0,0
1,0,12,32,0.3,0,0.0,0.0,0
1,0,13,32,0.3,0,0.0,0.0,0
1,0,0,32,0.4,0,0.0,0.0,0
1,0,1,32,0.4,0,0.0,0.0,0
1,0,2,32,0.4,0,0.0,0.0,0
1,0,3,32,0.4,0,0.0,0.0,0
1,0,4,32,0.4,0,0.0,0.0,0
1,0,5,32,0.4,0,0.0,0.0,0
1,0,6,32,0.4,0,0.0,0.0,0
1,0,7,32,0.4,0,0.0,0.0,0
1,0,8,32,0.4,0,0.0,0.0,0
1,0,9,32,0.4,0,0.0,0.0,0
1,0,10,32,0.4,0,0.0,0.0,0
1,0,11,32,0.4,0,0.0,0.0,0
1,0,12,32,0.4,0,0.0,0.0,0
1,0,13,32,0.4,0,0.0,0.0,0
1,0,0,64,0.01,0,0.0,0.0,0
1,0,1,64,0.01,0,0.0,0.0,0
1,0,2,64,0.01,0,0.0,0.0,0
1,0,3,64,0.01,0,0.0,0.0,0
1,0,4,64,0.01,0,0.0,0.0,0
1,0,5,64,0.01,0,0.0,0.0,0
1,0,6,64,0.01,0,0.0,0.0,0
1,0,7,64,0.01,0,0.0,0.0,0
1,0,8,64,0.01,0,0.0,0.0,0
1,0,9,64,0.01,0,0.0,0.0,0
1,0,10,64,0.01,0,0.0,0.0,0
1,0,11,64,0.01,0,0.0,0.0,0
1,0,12,64,0.01,0,0.0,0.0,0
1,0,13,64,0.01,0,0.0,0.0,0
1,0,0,64,0.025,0,0.0,0.0,0
1,0,1,64,0.025,0,0.0,0.0,0
1,0,2,64,0.025,0,0.0,0.0,0
1,0,3,64,0.025,0,0.0,0.0,0
1,0,4,64,0.025,0,0.0,0.0,0
1,0,5,64,0.025,0,0.0,0.0,0
1,0,6,64,0.025,0,0.0,0.0,0
1,0,7,64,0.025,0,0.0,0.0,0
1,0,8,64,0.025,0,0.0,0.0,0
1,0,9,64,0.025,0,0.0,0.0,0
1,0,10,64,0.025,0,0.0,0.0,0
1,0,11,64,0.025,0,0.0,0.0,0
1,0,12,64,0.025,0,0.0,0.0,0
1,0,13,64,0.025,0,0.0,0.0,0
1,0,0,64,0.05,0,0.0,0.0,0
1,0,1,64,0.05,0,0.0,0.0,0
1,0,2,64,0.05,0,0.0,0.0,0
1,0,3,64,0.05,0,0.0,0.0,0
1,0,4,64,0.05,0,0.0,0.0,0
1,0,5,64,0.05,0,0.0,0.0,0
1,0,6,64,0.05,0,0.0,0.0,0
1,0,7,64,0.05,0,0.0,0.0,0
1,0,8,64,0.05,0,0.0,0.0,0
1,0,9,64,0.05,0,0.0,0.0,0
1,0,10,64,0.05,0,0.0,0.0,0
1,0,11,64,0.05,0,0.0,0.0,0
1,0,12,64,0.05,0,0.0,0.0,0
1,0,13,64,0.05,0,0.0,0.0,0
1,0,0,64,0.075,0,0.0,0.0,0
1,0,1,64,0.075,0,0.0,0.0,0
1,0,2,64,0.075,0,0.0,0.0,0
1,0,3,64,0.075,0,0.0,0.0,0
1,0,4,64,0.075,0,0.0,0.0,0
1,0,5,64,0.075,0,0.0,0.0,0
1,0,6,64,0.075,0,0.0,0.0,0
1,0,7,64,0.075,0,0.0,0.0,0
1,0,8,64,0.075,0,0.0,0.0,0
1,0,9,64,0.075,0,0.0,0.0,0
1,0,10,64,0.075,0,0.0,0.0,0
1,0,11,64,0.075,0,0.0,0.0,0
1,0,12,64,0.075,0,0.0,0.0,0
1,0,13,64,0.075,0,0.0,0.0,0
1,0,0,64,0.1,0,0.0,0.0,0
1,0,1,64,0.1,0,0.0,0.0,0
1,0,2,64,0.1,0,0.0,0.0,0
1,0,3,64,0.1,0,0.0,0.0,0
1,0,4,64,0.1,0,0.0,0.0,0
1,0,5,64,0.1,0,0.0,0.0,0
1,0,6,64,0.1,0,0.0,0.0,0
1,0,7,64,0.1,0,0.0,0.0,0
1,0,8,64,0.1,0,0.0,0.0,0
1,0,9,64,0.1,0,0.0,0.0,0
1,0,10,64,0.1,0,0.0,0.0,0
1,0,11,64,0.1,0,0.0,0.0,0
1,0,12,64,0.1,0,0.0,0.0,0
1,0,13,64,0.1,0,0.0,0.0,0
1,0,0,64,0.15,0,0.0,0.0,0
1,0,1,64,0.15,0,0.0,0.0,0
1,0,2,64,0.15,0,0.0,0.0,0
1,0,3,64,0.15,0,0.0,0.0,0
1,0,4,64,0.15,0,0.0,0.0,0
1,0,5,64,0.15,0,0.0,0.0,0
1,0,6,64,0.15,0,0.0,0.0,0
1,0,7,64,0.15,0,0.0,0.0,0
1,0,8,64,0.15,0,0.0,0.0,0
1,0,9,64,0.15,0,0.0,0.0,0
1,0,10,64,0.15,0,0.0,0.0,0
1,0,11,64,0.15,0,0.0,0.0,0
1,0,12,64,0.15,0,0.0,0.0,0
1,0,13,64,0.15,0,0.0,0.0,0
1,0,0,64,0.2,0,0.0,0.0,0
1,0,1,64,0.2,0,0.0,0.0,0
1,0,2,64,0.2,0,0.0,0.0,0
1,0,3,64,0.2,0,0.0,0.0,0
1,0,4,64,0.2,0,0.0,0.0,0
1,0,5,64,0.2,0,0.0,0.0,0
1,0,6,64,0.2,0,0.0,0.0,0
1,0,7,64,0.2,0,0.0,0.0,0
1,0,8,64,0.2,0,0.0,0.0,0
1,0,9,64,0.2,0,0.0,0.0,0
1,0,10,64,0.2,0,0.0,0.0,0
1,0,11,64,0.2,0,0.0,0.0,0
1,0,12,64,0.2,0,0.0,0.0,0
1,0,13,64,0.2,0,0.0,0.0,0
1,0,0,64,0.3,0,0.0,0.0,0
1,0,1,64,0.3,0,0.0,0.0,0
1,0,2,64,0.3,0,0.0,0.0,0
1,0,3,64,0.3,0,0.0,0.0,0
1,0,4,64,0.3,0,0.0,0.0,0
1,0,5,64,0.3,0,0.0,0.0,0
1,0,6,64,0.3,0,0.0,0.0,0
1,0,7,64,0.3,0,0.0,0.0,0
1,0,8,64,0.3,0,0.0,0.0,0
1,0,9,64,0.3,0,0.0,0.0,0
1,0,10,64,0.3,0,0.0,0.0,0
1,0,11,64,0.3,0,0.0,0.0,0
1,0,12,64,0.3,0,0.0,0.0,0
1,0,13,64,0.3,0,0.0,0.0,0
1,0,0,64,0.4,0,0.0,0.0,0
1,0,1,64,0.4,0,0.0,0.0,0
1,0,2,64,0.4,0,0.0,0.0,0
1,0,3,64,0.4,0,0.0,0.0,0
1,0,4,64,0.4,0,0.0,0.0,0
1,0,5,64,0.4,0,0.0,0.0,0
1,0,6,64,0.4,0,0.0,0.0,0
1,0,7,64,0.4,0,0.0,0.0,0
1,0,8,64,0.4,0,0.0,0.0,0
1,0,9,64,0.4,0,0.0,0.0,0
1,0,10,64,0.4,0,0.0,0.0,0
1,0,11,64,0.4,0,0.0,0.0,0
1,0,12,64,0.4,0,0.0,0.0,0
1,0,13,64,0.4,0,0.0,0.0,0
1,0,0,128,0.01,0,0.0,0.0,0
1,0,1,128,0.01,0,0.0,0.0,0
1,0,2,128,0.01,0,0.0,0.0,0
1,0,3,128,0.01,0,0.0,0.0,0
1,0,4,128,0.01,0,0.0,0.0,0
1,0,5,128,0.01,0,0.0,0.0,0
1,0,6,128,0.01,0,0.0,0.0,0
1,0,7,128,0.01,0,0.0,0.0,0
1,0,8,128,0.01,0,0.0,0.0,0
1,0,9,128,0.01,0,0.0,0.0,0
1,0,10,128,0.01,0,0.0,0.0,0
1,0,11,128,0.01,0,0.0,0.0,0
1,0,12,128,0.01,0,0.0,0.0,0
1,0,13,128,0.01,0,0.0,0.0,0
1,0,0,128,0.025,0,0.0,0.0,0
1,0,1,128,0.025,0,0.0,0.0,0
1,0,2,128,0.025,0,0.0,0.0,0
1,0,3,128,0.025,0,0.0,0.0,0
1,0,4,128,0.025,0,0.0,0.0,0
1,0,5,128,0.025,0,0.0,0.0,0
1,0,6,128,0.025,0,0.0,0.0,0
1,0,7,128,0.025,0,0.0,0.0,0
1,0,8,128,0.025,0,0.0,0.0,0
1,0,9,128,0.025,0,0.0,0.0,0
1,0,10,128,0.025,0,0.0,0.0,0
1,0,11,128,0.025,0,0.0,0.0,0
1,0,12,128,0.025,0,0.0,0.0,0
1,0,13,128,0.025,0,0.0,0.0,0
1,0,0,128,0.05,0,0.0,0.0,0
1,0,1,128,0.05,0,0.0,0.0,0
1,0,2,128,0.05,0,0.0,0.0,0
1,0,3,128,0.05,0,0.0,0.0,0
1,0,4,128,0.05,0,0.0,0.0,0
1,0,5,128,0.05,0,0.0,0.0,0
1,0,6,128,0.05,0,0.0,0.0,0
1,0,7,128,0.05,0,0.0,0.0,0
1,0,8,128,0.05,0,0.0,0.0,0
1,0,9,128,0.05,0,0.0,0.0,0
1,0,10,128,0.05,0,0.0,0.0,0
1,0,11,128,0.05,0,0.0,0.0,0
1,0,12,128,0.05,0,0.0,0.0,0
1,0,13,128,0.05,0,0.0,0.0,0
1,0,0,128,0.075,0,0.0,0.0,0
1,0,1,128,0.075,0,0.0,0.0,0
1,0,2,128,0.075,0,0.0,0.0,0
1,0,3,128,0.075,0,0.0,0.0,0
1,0,4,128,0.075,0,0.0,0.0,0
1,0,5,128,0.075,0,0.0,0.0,0
1,0,6,128,0.075,0,0.0,0.0,0
1,0,7,128,0.075,0,0.0,0.0,0
1,0,8,128,0.075,0,0.0,0.0,0
1,0,9,128,0.075,0,0.0,0.0,0
1,0,10,128,0.075,0,0.0,0.0,0
1,0,11,128,0.075,0,0.0,0.0,0
1,0,12,128,0.075,0,0.0,0.0,0
1,0,13,128,0.075,0,0.0,0.0,0
1,0,0,128,0.1,0,0.0,0.0,0
1,0,1,128,0.1,0,0.0,0.0,0
1,0,2,128,0.1,0,0.0,0.0,0
1,0,3,128,0.1,0,0.0,0.0,0
1,0,4,128,0.1,0,0.0,0.0,0
1,0,5,128,0.1,0,0.0,0.0,0
1,0,6,128,0.1,0,0.0,0.0,0
1,0,7,128,0.1,0,0.0,0.0,0
1,0,8,128,0.1,0,0.0,0.0,0
1,0,9,128,0.1,0,0.0,0.0,0
1,0,10,128,0.1,0,0.0,0.0,0
1,0,11,128,0.1,0,0.0,0.0,0
1,0,12,128,0.1,0,0.0,0.0,0
1,0,13,128,0.1,0,0.0,0.0,0
1,0,0,128,0.15,0,0.0,0.0,0
1,0,1,128,0.15,0,0.0,0.0,0
1,0,2,128,0.15,0,0.0,0.0,0
1,0,3,128,0.15,0,0.0,0.0,0
1,0,4,128,0.15,0,0.0,0.0,0
1,0,5,128,0.15,0,0.0,0.0,0
1,0,6,128,0.15,0,0.0,0.0,0
1,0,7,128,0.15,0,0.0,0.0,0
1,0,8,128,0.15,0,0.0,0.0,0
1,0,9,128,0.15,0,0.0,0.0,0
1,0,10,128,0.15,0,0.0,0.0,0
1,0,11,128,0.15,0,0.0,0.0,0
1,0,12,128,0.15,0,0.0,0.0,0
1,0,13,128,0.15,0,0.0,0.0,0
1,0,0,128,0.2,0,0.0,0.0,0
1,0,1,128,0.2,0,0.0,0.0,0
1,0,2,128,0.2,0,0.0,0.0,0
1,0,3,128,0.2,0,0.0,0.0,0
1,0,4,128,0.2,0,0.0,0.0,0
1,0,5,128,0.2,0,0.0,0.0,0
1,0,6,128,0.2,0,0.0,0.0,0
1,0,7,128,0.2,0,0.0,0.0,0
1,0,8,128,0.2,0,0.0,0.0,0
1,0,9,128,0.2,0,0.0,0.0,0
1,0,10,128,0.2,0,0.0,0.0,0
1,0,11,128,0.2,0,0.0,0.0,0
1,0,12,128,0.2,0,0.0,0.0,0
1,0,13,128,0.2,0,0.0,0.0,0
1,0,0,128,0.3,0,0.0,0.0,0
1,0,1,128,0.3,0,0.0,0.0,0
1,0,2,128,0.3,0,0.0,0.0,0
1,0,3,128,0.3,0,0.0,0.0,0
1,0,4,128,0.3,0,0.0,0.0,0
1,0,5,128,0.3,0,0.0,0.0,0
1,0,6,128,0.3,0,0.0,0.0,0
1,0,7,128,0.3,0,0.0,0.0,0
1,0,8,128,0.3,0,0.0,0.0,0
1,0,9,128,0.3,0,0.0,0.0,0
1,0,10,128,0.3,0,0.0,0.0,0
1,0,11,128,0.3,0,0.0,0.0,0
1,0,12,128,0.3,0,0.0,0.0,0
1,0,13,128,0.3,0,0.0,0.0,0
1,0,0,128,0.4,0,0.0,0.0,0
1,0,1,128,0.4,0,0.0,0.0,0
1,0,2,128,0.4,0,0.0,0.0,0
1,0,3,128,0.4,0,0.0,0.0,0
1,0,4,128,0.4,0,0.0,0.0,0
1,0,5,128,0.4,0,0.0,0.0,0
1,0,6,128,0.4,0,0.0,0.0,0
1,0,7,128,0.4,0,0.0,0.0,0
1,0,8,128,0.4,0,0.0,0.0,0
1,0,9,128,0.4,0,0.0,0.0,0
1,0,10,128,0.4,0,0.0,0.0,0
1,0,11,128,0.4,0,0.0,0.0,0
1,0,12,128,0.4,0,0.0,0.0,0
1,0,13,128,0.4,0,0.0,0.0,0
1,6,0,4,0.01,0,0.0,0.0,0
1,6,1,4,0.01,0,0.0,0.0,0
1,6,2,4,0.01,0,0.0,0.0,0
1,6,3,4,0.01,0,0.0,0.0,0
1,6,4,4,0.01,0,0.0,0.0,0
1,6,5,4,0.01,0,0.0,0.0,0
1,6,6,4,0.01,0,0.0,0.0,0
1,6,7,4,0.01,0,0.0,0.0,0
1,6,8,4,0.01,0,0.0,0.0,0
1,6,9,4,0.01,0,0.0,0.0,0
1,6,10,4,0.01,0,0.0,0.0,0
1,6,11,4,0.01,0,0.0,0.0,0
1,6,12,4,0.01,0,0.0,0.0,0
1,6,13,4,0.01,0,0.0,0.0,0
1,6,0,4,0.025,0,0.0,0.0,0
1,6,1,4,0.025,0,0.0,0.0,0
1,6,2,4,0.025,0,0.0,0.0,0
1,6,3,4,0.025,0,0.0,0.0,0
1,6,4,4,0.025,0,0.0,0.0,0
1,6,5,4,0.025,0,0.0,0.0,0
1,6,6,4,0.025,0,0.0,0.0,0
1,6,7,4,0.025,0,0.0,0.0,0
1,6,8,4,0.025,0,0.0,0.0,0
1,6,9,4,0.025,0,0.0,0.0,0
1,6,10,4,0.025,0,0.0,0.0,0
1,6,11,4,0.025,0,0.0,0.0,0
1,6,12,4,0.025,0,0.0,0.0,0
1,6,13,4,0.025,0,0.0,0.0,0
1,6,0,4,0.05,0,0.0,0.0,0
1,6,1,4,0.05,0,0.0,0.0,0
1,6,2,4,0.05,0,0.0,0.0,0
1,6,3,4,0.05,0,0.0,0.0,0
1,6,4,4,0.05,0,0.0,0.0,0
1,6,5,4,0.05,0,0.0,0.0,0
1,6,6,4,0.05,0,0.0,0.0,0
1,6,7,4,0.05,0,0.0,0.0,0
1,6,8,4,0.05,0,0.0,0.0,0
1,6,9,4,0.05,0,0.0,0.0,0
1,6,10,4,0.05,0,0.0,0.0,0
1,6,11,4,0.05,0,0.0,0.0,0
1,6,12,4,0.05,0,0.0,0.0,0
1,6,13,4,0.05,0,0.0,0.0,0
1,6,0,4,0.075,0,0.0,0.0,0
1,6,1,4,0.075,0,0.0,0.0,0
1,6,2,4,0.075,0,0.0,0.0,0
1,6,3,4,0.075,0,0.0,0.0,0
1,6,4,4,0.075,0,0.0,0.0,0
1,6,5,4,0.075,0,0.0,0.0,0
1,6,6,4,0.075,0,0.0,0.0,0
1,6,7,4,0.075,0,0.0,0.0,0
1,6,8,4,0.075,0,0.0,0.0,0
1,6,9,4,0.075,0,0.0,0.0,0
1,6,10,4,0.075,0,0.0,0.0,0
1,6,11,4,0.075,0,0.0,0.0,0
1,6,12,4,0.075,0,0.0,0.0,0
1,6,13,4,0.075,0,0.0,0.0,0
1,6,0,4,0.1,0,0.0,0.0,0
1,6,1,4,0.1,0,0.0,0.0,0
1,6,2,4,0.1,0,0.0,0.0,0
1,6,3,4,0.1,0,0.0,0.0,0
1,6,4,4,0.1,0,0.0,0.0,0
1,6,5,4,0.1,0,0.0,0.0,0
1,6,6,4,0.1,0,0.0,0.0,0
1,6,7,4,0.1,0,0.0,0.0,0
1,6,8,4,0.1,0,0.0,0.0,0
1,6,9,4,0.1,0,0.0,0.0,0
1,6,10,4,0.1,0,0.0,0.0,0
1,6,11,4,0.1,0,0.0,0.0,0
1,6,12,4,0.1,0,0.0,0.0,0
1,6,13,4,0.1,0,0.0,0.0,0
1,6,0,4,0.15,0,0.0,0.0,0
1,6,1,4,0.15,0,0.0,0.0,0
1,6,2,4,0.15,0,0.0,0.0,0
1,6,3,4,0.15,0,0.0,0.0,0
1,6,4,4,0.15,0,0.0,0.0,0
1,6,5,4,0.15,0,0.0,0.0,0
1,6,6,4,0.15,0,0.0,0.0,0
1,6,7,4,0.15,0,0.0,0.0,0
1,6,8,4,0.15,0,0.0,0.0,0
1,6,9,4,0.15,0,0.0,0.0,0
1,6,10,4,0.15,0,0.0,0.0,0
1,6,11,4,0.15,0,0.0,0.0,0
1,6,12,4,0.15,0,0.0,0.0,0
1,6,13,4,0.15,0,0.0,0.0,0
1,6,0,4,0.2,0,0.0,0.0,0
1,6,1,4,0.2,0,0.0,0.0,0
1,6,2,4,0.2,0,0.0,0.0,0
1,6,3,4,0.2,0,0.0,0.0,0
1,6,4,4,0.2,0,0.0,0.0,0
1,6,5,4,0.2,0,0.0,0.0,0
1,6,6,4,0.2,0,0.0,0.0,0
1,6,7,4,0.2,0,0.0,0.0,0
1,6,8,4,0.2,0,0.0,0.0,0
1,6,9,4,0.2,0,0.0,0.0,0
1,6,10,4,0.2,0,0.0,0.0,0
1,6,11,4,0.2,0,0.0,0.0,0
1,6,12,4,0.2,0,0.0,0.0,0
1,6,13,4,0.2,0,0.0,0.0,0
1,6,0,4,0.3,0,0.0,0.0,0
1,6,1,4,0.3,0,0.0,0.0,0
1,6,2,4,0.3,0,0.0,0.0,0
1,6,3,4,0.3,0,0.0,0.0,0
1,6,4,4,0.3,0,0.0,0.0,0
1,6,5,4,0.3,0,0.0,0.0,0
1,6,6,4,0.3,0,0.0,0.0,0
1,6,7,4,0.3,0,0.0,0.0,0
1,6,8,4,0.3,0,0.0,0.0,0
1,6,9,4,0.3,0,0.0,0.0,0
1,6,10,4,0.3,0,0.0,0.0,0
1,6,11,4,0.3,0,0.0,0.0,0
1,6,12,4,0.3,0,0.0,0.0,0
1,6,13,4,0.3,0,0.0,0.0,0
1,6,0,4,0.4,0,0.0,0.0,0
1,6,1,4,0.4,0,0.0,0.0,0
1,6,2,4,0.4,0,0.0,0.0,0
1,6,3,4,0.4,0,0.0,0.0,0
1,6,4,4,0.4,0,0.0,0.0,0
1,6,5,4,0.4,0,0.0,0.0,0
1,6,6,4,0.4,0,0.0,0.0,0
1,6,7,4,0.4,0,0.0,0.0,0
1,6,8,4,0.4,0,0.0,0.0,0
1,6,9,4,0.4,0,0.0,0.0,0
1,6,10,4,0.4,0,0.0,0.0,0
1,6,11,4,0.4,0,0.0,0.0,0
1,6,12,4,0.4,0,0.0,0.0,0
1,6,13,4,0.4,0,0.0,0.0,0
1,6,0,8,0.01,0,0.0,0.0,0
1,6,1,8,0.01,0,0.0,0.0,0
1,6,2,8,0.01,0,0.0,0.0,0
1,6,3,8,0.01,0,0.0,0.0,0
1,6,4,8,0.01,0,0.0,0.0,0
1,6,5,8,0.01,0,0.0,0.0,0
1,6,6,8,0.01,0,0.0,0.0,0
1,6,7,8,0.01,0,0.0,0.0,0
1,6,8,8,0.01,0,0.0,0.0,0
1,6,9,8,0.01,0,0.0,0.0,0
1,6,10,8,0.01,0,0.0,0.0,0
1,6,11,8,0.01,0,0.0,0.0,0
1,6,12,8,0.01,0,0.0,0.0,0
1,6,13,8,0.01,0,0.0,0.0,0
1,6,0,8,0.025,0,0.0,0.0,0
1,6,1,8,0.025,0,0.0,0.0,0
1,6,2,8,0.025,0,0.0,0.0,0
1,6,3,8,0.025,0,0.0,0.0,0
1,6,4,8,0.025,0,0.0,0.0,0
1,6,5,8,0.025,0,0.0,0.0,0
1,6,6,8,0.025,0,0.0,0.0,0
1,6,7,8,0.025,0,0.0,0.0,0
1,6,8,8,0.025,0,0.0,0.0,0
1,6,9,8,0.025,0,0.0,0.0,0
1,6,10,8,0.025,0,0.0,0.0,0
1,6,11,8,0.025,0,0.0,0.0,0
1,6,12,8,0.025,0,0.0,0.0,0
1,6,13,8,0.025,0,0.0,0.0,0
1,6,0,8,0.05,0,0.0,0.0,0
1,6,1,8,0.05,0,0.0,0.0,0
1,6,2,8,0.05,0,0.0,0.0,0
1,6,3,8,0.05,0,0.0,0.0,0
1,6,4,8,0.05,0,0.0,0.0,0
1,6,5,8,0.05,0,0.0,0.0,0
1,6,6,8,0.05,0,0.0,0.0,0
1,6,7,8,0.05,0,0.0,0.0,0
1,6,8,8,0.05,0,0.0,0.0,0
1,6,9,8,0.05,0,0.0,0.0,0
1,6,10,8,0.05,0,0.0,0.0,0
1,6,11,8,0.05,0,0.0,0.0,0
1,6,12,8,0.05,0,0.0,0.0,0
1,6,13,8,0.05,0,0.0,0.0,0
1,6,0,8,0.075,0,0.0,0.0,0
1,6,1,8,0.075,0,0.0,0.0,0
1,6,2,8,0.075,0,0.0,0.0,0
1,6,3,8,0.075,0,0.0,0.0,0
1,6,4,8,0.075,0,0.0,0.0,0
1,6,5,8,0.075,0,0.0,0.0,0
1,6,6,8,0.075,0,0.0,0.0,0
1,6,7,8,0.075,0,0.0,0.0,0
1,6,8,8,0.075,0,0.0,0.0,0
1,6,9,8,0.075,0,0.0,0.0,0
1,6,10,8,0.075,0,0.0,0.0,0
1,6,11,8,0.075,0,0.0,0.0,0
1,6,12,8,0.075,0,0.0,0.0,0
1,6,13,8,0.075,0,0.0,0.0,0
1,6,0,8,0.1,0,0.0,0.0,0
1,6,1,8,0.1,0,0.0,0.0,0
1,6,2,8,0.1,0,0.0,0.0,0
1,6,3,8,0.1,0,0.0,0.0,0
1,6,4,8,0.1,0,0.0,0.0,0
1,6,5,8,0.1,0,0.0,0.0,0
1,6,6,8,0.1,0,0.0,0.0,0
1,6,7,8,0.1,0,0.0,0.0,0
1,6,8,8,0.1,0,0.0,0.0,0
1,6,9,8,0.1,0,0.0,0.0,0
1,6,10,8,0.1,0,0.0,0.0,0
1,6,11,8,0.1,0,0.0,0.0,0
1,6,12,8,0.1,0,0.0,0.0,0
1,6,13,8,0.1,0,0.0,0.0,0
1,6,0,8,0.15,0,0.0,0.0,0
1,6,1,8,0.15,0,0.0,0.0,0
1,6,2,8,0.15,0,0.0,0.0,0
1,6,3,8,0.15,0,0.0,0.0,0
1,6,4,8,0.15,0,0.0,0.0,0
1,6,5,8,0.15,0,0.0,0.0,0
1,6,6,8,0.15,0,0.0,0.0,0
1,6,7,8,0.15,0,0.0,0.0,0
1,6,8,8,0.15,0,0.0,0.0,0
1,6,9,8,0.15,0,0.0,0.0,0
1,6,10,8,0.15,0,0.0,0.0,0
1,6,11,8,0.15,0,0.0,0.0,0
1,6,12,8,0.15,0,0.0,0.0,0
1,6,13,8,0.15,0,0.0,0.0,0
1,6,0,8,0.2,0,0.0,0.0,0
1,6,1,8,0.2,0,0.0,0.0,0
1,6,2,8,0.2,0,0.0,0.0,0
1,6,3,8,0.2,0,0.0,0.0,0
1,6,4,8,0.2,0,0.0,0.0,0
1,6,5,8,0.2,0,0.0,0.0,0
1,6,6,8,0.2,0,0.0,0.0,0
1,6,7,8,0.2,0,0.0,0.0,0
1,6,8,8,0.2,0,0.0,0.0,0
1,6,9,8,0.2,0,0.0,0.0,0
1,6,10,8,0.2,0,0.0,0.0,0
1,6,11,8,0.2,0,0.0,0.0,0
1,6,12,8,0.2,0,0.0,0.0,0
1,6,13,8,0.2,0,0.0,0.0,0
1,6,0,8,0.3,0,0.0,0.0,0
1,6,1,8,0.3,0,0.0,0.0,0
1,6,2,8,0.3,0,0.0,0.0,0
1,6,3,8,0.3,0,0.0,0.0,0
1,6,4,8,0.3,0,0.0,0.0,0
1,6,5,8,0.3,0,0.0,0.0,0
1,6,6,8,0.3,0,0.0,0.0,0
1,6,7,8,0.3,0,0.0,0.0,0
1,6,8,8,0.3,0,0.0,0.0,0
1,6,9,8,0.3,0,0.0,0.0,0
1,6,10,8,0.3,0,0.0,0.0,0
1,6,11,8,0.3,0,0.0,0.0,0
1,6,12,8,0.3,0,0.0,0.0,0
1,6,13,8,0.3,0,0.0,0.0,0
1,6,0,8,0.4,0,0.0,0.0,0
1,6,1,8,0.4,0,0.0,0.0,0
1,6,2,8,0.4,0,0.0,0.0,0
1,6,3,8,0.4,0,0.0,0.0,0
1,6,4,8,0.4,0,0.0,0.0,0
1,6,5,8,0.4,0,0.0,0.0,0
1,6,6,8,0.4,0,0.0,0.0,0
1,6,7,8,0.4,0,0.0,0.0,0
1,6,8,8,0.4,0,0.0,0.0,0
1,6,9,8,0.4,0,0.0,0.0,0
1,6,10,8,0.4,0,0.0,0.0,0
1,6,11,8,0.4,0,0.0,0.0,0
1,6,12,8,0.4,0,0.0,0.0,0
1,6,13,8,0.4,0,0.0,0.0,0
1,6,0,16,0.01,0,0.0,0.0,0
1,6,1,16,0.01,0,0.0,0.0,0
1,6,2,16,0.01,0,0.0,0.0,0
1,6,3,16,0.01,0,0.0,0.0,0
1,6,4,16,0.01,0,0.0,0.0,0
1,6,5,16,0.01,0,0.0,0.0,0
1,6,6,16,0.01,0,0.0,0.0,0
1,6,7,16,0.01,0,0.0,0.0,0
1,6,8,16,0.01,0,0.0,0.0,0
1,6,9,16,0.01,0,0.0,0.0,0
1,6,10,16,0.01,0,0.0,0.0,0
1,6,11,16,0.01,0,0.0,0.0,0
1,6,12,16,0.01,0,0.0,0.0,0
1,6,13,16,0.01,0,0.0,0.0,0
1,6,0,16,0.025,0,0.0,0.0,0
1,6,1,16,0.025,0,0.0,0.0,0
1,6,2,16,0.025,0,0.0,0.0,0
1,6,3,16,0.025,0,0.0,0.0,0
1,6,4,16,0.025,0,0.0,0.0,0
1,6,5,16,0.025,0,0.0,0.0,0
1,6,6,16,0.025,0,0.0,0.0,0
1,6,7,16,0.025,0,0.0,0.0,0
1,6,8,16,0.025,0,0.0,0.0,0
1,6,9,16,0.025,0,0.0,0.0,0
1,6,10,16,0.025,0,0.0,0.0,0
1,6,11,16,0.025,0,0.0,0.0,0
1,6,12,16,0.025,0,0.0,0.0,0
1,6,13,16,0.025,0,0.0,0.0,0
1,6,0,16,0.05,0,0.0,0.0,0
1,6,1,16,0.05,0,0.0,0.0,0
1,6,2,16,0.05,0,0.0,0.0,0
1,6,3,16,0.05,0,0.0,0.0,0
1,6,4,16,0.05,0,0.0,0.0,0
1,6,5,16,0.05,0,0.0,0.0,0
1,6,6,16,0.05,0,0.0,0.0,0
1,6,7,16,0.05,0,0.0,0.0,0
1,6,8,16,0.05,0,0.0,0.0,0
1,6,9,16,0.05,0,0.0,0.0,0
1,6,10,16,0.05,0,0.0,0.0,0
1,6,11,16,0.05,0,0.0,0.0,0
1,6,12,16,0.05,0,0.0,0.0,0
1,6,13,16,0.05,0,0.0,0.0,0
1,6,0,16,0.075,0,0.0,0.0,0
1,6,1,16,0.075,0,0.0,0.0,0
1,6,2,16,0.075,0,0.0,0.0,0
1,6,3,16,0.075,0,0.0,0.0,0
1,6,4,16,0.075,0,0.0,0.0,0
1,6,5,16,0.075,0,0.0,0.0,0
1,6,6,16,0.075,0,0.0,0.0,0
1,6,7,16,0.075,0,0.0,0.0,0
1,6,8,16,0.075,0,0.0,0.0,0
1,6,9,16,0.075,0,0.0,0.0,0
1,6,10,16,0.075,0,0.0,0.0,0
1,6,11,16,0.075,0,0.0,0.0,0
1,6,12,16,0.075,0,0.0,0.0,0
1,6,13,16,0.075,0,0.0,0.0,0
1,6,0,16,0.1,0,0.0,0.0,0
1,6,1,16,0.1,0,0.0,0.0,0
1,6,2,16,0.1,0,0.0,0.0,0
1,6,3,16,0.1,0,0.0,0.0,0
1,6,4,16,0.1,0,0.0,0.0,0
1,6,5,16,0.1,0,0.0,0.0,0
1,6,6,16,0.1,0,0.0,0.0,0
1,6,7,16,0.1,0,0.0,0.0,0
1,6,8,16,0.1,0,0.0,0.0,0
1,6,9,16,0.1,0,0.0,0.0,0
1,6,10,16,0.1,0,0.0,0.0,0
1,6,11,16,0.1,0,0.0,0.0,0
1,6,12,16,0.1,0,0.0,0.0,0
1,6,13,16,0.1,0,0.0,0.0,0
1,6,0,16,0.15,0,0.0,0.0,0
1,6,1,16,0.15,0,0.0,0.0,0
1,6,2,16,0.15,0,0.0,0.0,0
1,6,3,16,0.15,0,0.0,0.0,0
1,6,4,16,0.15,0,0.0,0.0,0
1,6,5,16,0.15,0,0.0,0.0,0
1,6,6,16,0.15,0,0.0,0.0,0
1,6,7,16,0.15,0,0.0,0.0,0
1,6,8,16,0.15,0,0.0,0.0,0
1,6,9,16,0.15,0,0.0,0.0,0
1,6,10,16,0.15,0,0.0,0.0,0
1,6,11,16,0.15,0,0.0,0.0,0
1,6,12,16,0.15,0,0.0,0.0,0
1,6,13,16,0.15,0,0.0,0.0,0
1,6,0,16,0.2,0,0.0,0.0,0
1,6,1,16,0.2,0,0.0,0.0,0
1,6,2,16,0.2,0,0.0,0.0,0
1,6,3,16,0.2,0,0.0,0.0,0
1,6,4,16,0.2,0,0.0,0.0,0
1,6,5,16,0.2,0,0.0,0.0,0
1,6,6,16,0.2,0,0.0,0.0,0
1,6,7,16,0.2,0,0.0,0.0,0
1,6,8,16,0.2,0,0.0,0.0,0
1,6,9,16,0.2,0,0.0,0.0,0
1,6,10,16,0.2,0,0.0,0.0,0
1,6,11,16,0.2,0,0.0,0.0,0
1,6,12,16,0.2,0,0.0,0.0,0
1,6,13,16,0.2,0,0.0,0.0,0
1,6,0,16,0.3,0,0.0,0.0,0
1,6,1,16,0.3,0,0.0,0.0,0
1,6,2,16,0.3,0,0.0,0.0,0
1,6,3,16,0.3,0,0.0,0.0,0
1,6,4,16,0.3,0,0.0,0.0,0
1,6,5,16,0.3,0,0.0,0.0,0
1,6,6,16,0.3,0,0.0,0.0,0
1,6,7,16,0.3,0,0.0,0.0,0
1,6,8,16,0.3,0,0.0,0.0,0
1,6,9,16,0.3,0,0.0,0.0,0
1,6,10,16,0.3,0,0.0,0.0,0
1,6,11,16,0.3,0,0.0,0.0,0
1,6,12,16,0.3,0,0.0,0.0,0
1,6,13,16,0.3,0,0.0,0.0,0
1,6,0,16,0.4,0,0.0,0.0,0
1,6,1,16,0.4,0,0.0,0.0,0
1,6,2,16,0.4,0,0.0,0.0,0
1,6,3,16,0.4,0,0.0,0.0,0
1,6,4,16,0.4,0,0.0,0.0,0
1,6,5,16,0.4,0,0.0,0.0,0
1,6,6,16,0.4,0,0.0,0.0,0
1,6,7,16,0.4,0,0.0,0.0,0
1,6,8,16,0.4,0,0.0,0.0,0
1,6,9,16,0.4,0,0.0,0.0,0
1,6,10,16,0.4,0,0.0,0.0,0
1,6,11,16,0.4,0,0.0,0.0,0
1,6,12,16,0.4,0,0.0,0.0,0
1,6,13,16,0.4,0,0.0,0.0,0
1,6,0,32,0.01,0,0.0,0.0,0
1,6,1,32,0.01,0,0.0,0.0,0
1,6,2,32,0.01,0,0.0,0.0,0
1,6,3,32,0.01,0,0.0,0.0,0
1,6,4,32,0.01,0,0.0,0.0,0
1,6,5,32,0.01,0,0.0,0.0,0
1,6,6,32,0.01,0,0.0,0.0,0
1,6,7,32,0.01,0,0.0,0.0,0
1,6,8,32,0.01,0,0.0,0.0,0
1,6,9,32,0.01,0,0.0,0.0,0
1,6,10,32,0.01,0,0.0,0.0,0
1,6,11,32,0.01,0,0.0,0.0,0
1,6,12,32,0.01,0,0.0,0.0,0
1,6,13,32,0.01,0,0.0,0.0,0
1,6,0,32,0.025,0,0.0,0.0,0
1,6,1,32,0.025,0,0.0,0.0,0
1,6,2,32,0.025,0,0.0,0.0,0
1,6,3,32,0.025,0,0.0,0.0,0
1,6,4,32,0.025,0,0.0,0.0,0
1,6,5,32,0.025,0,0.0,0.0,0
1,6,6,32,0.025,0,0.0,0.0,0
1,6,7,32,0.025,0,0.0,0.0,0
1,6,8,32,0.025,0,0.0,0.0,0
1,6,9,32,0.025,0,0.0,0.0,0
1,6,10,32,0.025,0,0.0,0.0,0
1,6,11,32,0.025,0,0.0,0.0,0
1,6,12,32,0.025,0,0.0,0.0,0
1,6,13,32,0.025,0,0.0,0.0,0
1,6,0,32,0.05,0,0.0,0.0,0
1,6,1,32,0.05,0,0.0,0.0,0
1,6,2,32,0.05,0,0.0,0.0,0
1,6,3,32,0.05,0,0.0,0.0,0
1,6,4,32,0.05,0,0.0,0.0,0
1,6,5,32,0.05,0,0.0,0.0,0
1,6,6,32,0.05,0,0.0,0.0,0
1,6,7,32,0.05,0,0.0,0.0,0
1,6,8,32,0.05,0,0.0,0.0,0
1,6,9,32,0.05,0,0.0,0.0,0
1,6,10,32,0.05,0,0.0,0.0,0
1,6,11,32,0.05,0,0.0,0.0,0
1,6,12,32,0.05,0,0.0,0.0,0
1,6,13,32,0.05,0,0.0,0.0,0
1,6,0,32,0.075,0,0.0,0.0,0
1,6,1,32,0.075,0,0.0,0.0,0
1,6,2,32,0.075,0,0.0,0.0,0
1,6,3,32,0.075,0,0.0,0.0,0
1,6,4,32,0.075,0,0.0,0.0,0
1,6,5,32,0.075,0,0.0,0.0,0
1,6,6,32,0.075,0,0.0,0.0,0
1,6,7,32,0.075,0,0.0,0.0,0
1,6,8,32,0.075,0,0.0,0.0,0
1,6,9,32,0.075,0,0.0,0.0,0
1,6,10,32,0.075,0,0.0,0.0,0
1,6,11,32,0.075,0,0.0,0.0,0
1,6,12,32,0.075,0,0.0,0.0,0
1,6,13,32,0.075,0,0.0,0.0,0
1,6,0,32,0.1,0,0.0,0.0,0
1,6,1,32,0.1,0,0.0,0.0,0
1,6,2,32,0.1,0,0.0,0.0,0
1,6,3,32,0.1,0,0.0,0.0,0
1,6,4,32,0.1,0,0.0,0.0,0
1,6,5,32,0.1,0,0.0,0.0,0
1,6,6,32,0.1,0,0.0,0.0,0
1,6,7,32,0.1,0,0.0,0.0,0
1,6,8,32,0.1,0,0.0,0.0,0
1,6,9,32,0.1,0,0.0,0.0,0
1,6,10,32,0.1,0,0.0,0.0,0
1,6,11,32,0.1,0,0.0,0.0,0
1,6,12,32,0.1,0,0.0,0.0,0
1,6,13,32,0.1,0,0.0,0.0,0
1,6,0,32,0.15,0,0.0,0.0,0
1,6,1,32,0.15,0,0.0,0.0,0
1,6,2,32,0.15,0,0.0,0.0,0
1,6,3,32,0.15,0,0.0,0.0,0
1,6,4,32,0.15,0,0.0,0.0,0
1,6,5,32,0.15,0,0.0,0.0,0
1,6,6,32,0.15,0,0.0,0.0,0
1,6,7,32,0.15,0,0.0,0.0,0
1,6,8,32,0.15,0,0.0,0.0,0
1,6,9,32,0.15,0,0.0,0.0,0
1,6,10,32,0.15,0,0.0,0.0,0
1,6,11,32,0.15,0,0.0,0.0,0
1,6,12,32,0.15,0,0.0,0.0,0
1,6,13,32,0.15,0,0.0,0.0,0
1,6,0,32,0.2,0,0.0,0.0,0
1,6,1,32,0.2,0,0.0,0.0,0
1,6,2,32,0.2,0,0.0,0.0,0
1,6,3,32,0.2,0,0.0,0.0,0
1,6,4,32,0.2,0,0.0,0.0,0
1,6,5,32,0.2,0,0.0,0.0,0
1,6,6,32,0.2,0,0.0,0.0,0
1,6,7,32,0.2,0,0.0,0.0,0
1,6,8,32,0.2,0,0.0,0.0,0
1,6,9,32,0.2,0,0.0,0.0,0
1,6,10,32,0.2,0,0.0,0.0,0
1,6,11,32,0.2,0,0.0,0.0,0
1,6,12,32,0.2,0,0.0,0.0,0
1,6,13,32,0.2,0,0.0,0.0,0
1,6,0,32,0.3,0,0.0,0.0,0
1,6,1,32,0.3,0,0.0,0.0,0
1,6,2,32,0.3,0,0.0,0.0,0
1,6,3,32,0.3,0,0.0,0.0,0
1,6,4,32,0.3,0,0.0,0.0,0
1,6,5,32,0.3,0,0.0,0.0,0
1,6,6,32,0.3,0,0.0,0.0,0
1,6,7,32,0.3,0,0.0,0.0,0
1,6,8,32,0.3,0,0.0,0.0,0
1,6,9,32,0.3,0,0.0,0.0,0
1,6,10,32,0.3,0,0.0,0.0,0
1,6,11,32,0.3,0,0.0,0.0,0
1,6,12,32,0.3,0,0.0,0.0,0
1,6,13,32,0.3,0,0.0,0.0,0
1,6,0,32,0.4,0,0.0,0.0,0
1,6,1,32,0.4,0,0.0,0.0,0
1,6,2,32,0.4,0,0.0,0.0,0
1,6,3,32,0.4,0,0.0,0.0,0
1,6,4,32,0.4,0,0.0,0.0,0
1,6,5,32,0.4,0,0.0,0.0,0
1,6,6,32,0.4,0,0.0,0.0,0
1,6,7,32,0.4,0,0.0,0.0,0
1,6,8,32,0.4,0,0.0,0.0,0
1,6,9,32,0.4,0,0.0,0.0,0
1,6,10,32,0.4,0,0.0,0.0,0
1,6,11,32,0.4,0,0.0,0.0,0
1,6,12,32,0.4,0,0.0,0.0,0
1,6,13,32,0.4,0,0.0,0.0,0
1,6,0,64,0.01,0,0.0,0.0,0
1,6,1,64,0.01,0,0.0,0.0,0
1,6,2,64,0.01,0,0.0,0.0,0
1,6,3,64,0.01,0,0.0,0.0,0
1,6,4,64,0.01,0,0.0,0.0,0
1,6,5,64,0.01,0,0.0,0.0,0
1,6,6,64,0.01,0,0.0,0.0,0
1,6,7,64,0.01,0,0.0,0.0,0
1,6,8,64,0.01,0,0.0,0.0,0
1,6,9,64,0.01,0,0.0,0.0,0
1,6,10,64,0.01,0,0.0,0.0,0
1,6,11,64,0.01,0,0.0,0.0,0
1,6,12,64,0.01,0,0.0,0.0,0
1,6,13,64,0.01,0,0.0,0.0,0
1,6,0,64,0.025,0,0.0,0.0,0
1,6,1,64,0.025,0,0.0,0.0,0
1,6,2,64,0.025,0,0.0,0.0,0
1,6,3,64,0.025,0,0.0,0.0,0
1,6,4,64,0.025,0,0.0,0.0,0
1,6,5,64,0.025,0,0.0,0.0,0
1,6,6,64,0.025,0,0.0,0.0,0
1,6,7,64,0.025,0,0.0,0.0,0
1,6,8,64,0.025,0,0.0,0.0,0
1,6,9,64,0.025,0,0.0,0.0,0
1,6,10,64,0.025,0,0.0,0.0,0
1,6,11,64,0.025,0,0.0,0.0,0
1,6,12,64,0.025,0,0.0,0.0,0
1,6,13,64,0.025,0,0.0,0.0,0
1,6,0,64,0.05,0,0.0,0.0,0
1,6,1,64,0.05,0,0.0,0.0,0
1,6,2,64,0.05,0,0.0,0.0,0
1,6,3,64,0.05,0,0.0,0.0,0
1,6,4,64,0.05,0,0.0,0.0,0
1,6,5,64,0.05,0,0.0,0.0,0
1,6,6,64,0.05,0,0.0,0.0,0
1,6,7,64,0.05,0,0.0,0.0,0
1,6,8,64,0.05,0,0.0,0.0,0
1,6,9,64,0.05,0,0.0,0.0,0
1,6,10,64,0.05,0,0.0,0.0,0
1,6,11,64,0.05,0,0.0,0.0,0
1,6,12,64,0.05,0,0.0,0.0,0
1,6,13,64,0.05,0,0.0,0.0,0
1,6,0,64,0.075,0,0.0,0.0,0
1,6,1,64,0.075,0,0.0,0.0,0
1,6,2,64,0.075,0,0.0,0.0,0
1,6,3,64,0.075,0,0.0,0.0,0
1,6,4,64,0.075,0,0.0,0.0,0
1,6,5,64,0.075,0,0.0,0.0,0
1,6,6,64,0.075,0,0.0,0.0,0
1,6,7,64,0.075,0,0.0,0.0,0
1,6,8,64,0.075,0,0.0,0.0,0
1,6,9,64,0.075,0,0.0,0.0,0
1,6,10,64,0.075,0,0.0,0.0,0
1,6,11,64,0.075,0,0.0,0.0,0
1,6,12,64,0.075,0,0.0,0.0,0
1,6,13,64,0.075,0,0.0,0.0,0
1,6,0,64,0.1,0,0.0,0.0,0
1,6,1,64,0.1,0,0.0,0.0,0
1,6,2,64,0.1,0,0.0,0.0,0
1,6,3,64,0.1,0,0.0,0.0,0
1,6,4,64,0.1,0,0.0,0.0,0
1,6,5,64,0.1,0,0.0,0.0,0
1,6,6,64,0.1,0,0.0,0.0,0
1,6,7,64,0.1,0,0.0,0.0,0
1,6,8,64,0.1,0,0.0,0.0,0
1,6,9,64,0.1,0,0.0,0.0,0
1,6,10,64,0.1,0,0.0,0.0,0
1,6,11,64,0.1,0,0.0,0.0,0
1,6,12,64,0.1,0,0.0,0.0,0
1,6,13,64,0.1,0,0.0,0.0,0
1,6,0,64,0.15,0,0.0,0.0,0
1,6,1,64,0.15,0,0.0,0.0,0
1,6,2,64,0.15,0,0.0,0.0,0
1,6,3,64,0.15,0,0.0,0.0,0
1,6,4,64,0.15,0,0.0,0.0,0
1,6,5,64,0.15,0,0.0,0.0,0
1,6,6,64,0.15,0,0.0,0.0,0
1,6,7,64,0.15,0,0.0,0.0,0
1,6,8,64,0.15,0,0.0,0.0,0
1,6,9,64,0.15,0,0.0,0.0,0
1,6,10,64,0.15,0,0.0,0.0,0
1,6,11,64,0.15,0,0.0,0.0,0
1,6,12,64,0.15,0,0.0,0.0,0
1,6,13,64,0.15,0,0.0,0.0,0
1,6,0,64,0.2,0,0.0,0.0,0
1,6,1,64,0.2,0,0.0,0.0,0
1,6,2,64,0.2,0,0.0,0.0,0
1,6,3,64,0.2,0,0.0,0.0,0
1,6,4,64,0.2,0,0.0,0.0,0
1,6,5,64,0.2,0,0.0,0.0,0
1,6,6,64,0.2,0,0.0,0.0,0
1,6,7,64,0.2,0,0.0,0.0,0
1,6,8,64,0.2,0,0.0,0.0,0
1,6,9,64,0.2,0,0.0,0.0,0
1,6,10,64,0.2,0,0.0,0.0,0
1,6,11,64,0.2,0,0.0,0.0,0
1,6,12,64,0.2,0,0.0,0.0,0
1,6,13,64,0.2,0,0.0,0.0,0
1,6,0,64,0.3,0,0.0,0.0,0
1,6,1,64,0.3,0,0.0,0.0,0
1,6,2,64,0.3,0,0.0,0.0,0
1,6,3,64,0.3,0,0.0,0.0,0
1,6,4,64,0.3,0,0.0,0.0,0
1,6,5,64,0.3,0,0.0,0.0,0
1,6,6,64,0.3,0,0.0,0.0,0
1,6,7,64,0.3,0,0.0,0.0,0
1,6,8,64,0.3,0,0.0,0.0,0
1,6,9,64,0.3,0,0.0,0.0,0
1,6,10,64,0.3,0,0.0,0.0,0
1,6,11,64,0.3,0,0.0,0.0,0
1,6,12,64,0.3,0,0.0,0.0,0
1,6,13,64,0.3,0,0.0,0.0,0
1,6,0,64,0.4,0,0.0,0.0,0
1,6,1,64,0.4,0,0.0,0.0,0
1,6,2,64,0.4,0,0.0,0.0,0
1,6,3,64,0.4,0,0.0,0.0,0
1,6,4,64,0.4,0,0.0,0.0,0
1,6,5,64,0.4,0,0.0,0.0,0
1,6,6,64,0.4,0,0.0,0.0,0
1,6,7,64,0.4,0,0.0,0.0,0
1,6,8,64,0.4,0,0.0,0.0,0
1,6,9,64,0.4,0,0.0,0.0,0
1,6,10,64,0.4,0,0.0,0.0,0
1,6,11,64,0.4,0,0.0,0.0,0
1,6,12,64,0.4,0,0.0,0.0,0
1,6,13,64,0.4,0,0.0,0.0,0
1,6,0,128,0.01,0,0.0,0.0,0
1,6,1,128,0.01,0,0.0,0.0,0
1,6,2,128,0.01,0,0.0,0.0,0
1,6,3,128,0.01,0,0.0,0.0,0
1,6,4,128,0.01,0,0.0,0.0,0
1,6,5,128,0.01,0,0.0,0.0,0
1,6,6,128,0.01,0,0.0,0.0,0
1,6,7,128,0.01,0,0.0,0.0,0
1,6,8,128,0.01,0,0.0,0.0,0
1,6,9,128,0.01,0,0.0,0.0,0
1,6,10,128,0.01,0,0.0,0.0,0
1,6,11,128,0.01,0,0.0,0.0,0
1,6,12,128,0.01,0,0.0,0.0,0
1,6,13,128,0.01,0,0.0,0.0,0
1,6,0,128,0.025,0,0.0,0.0,0
1,6,1,128,0.025,0,0.0,0.0,0
1,6,2,128,0.025,0,0.0,0.0,0
1,6,3,128,0.025,0,0.0,0.0,0
1,6,4,128,0.025,0,0.0,0.0,0
1,6,5,128,0.025,0,0.0,0.0,0
1,6,6,128,0.025,0,0.0,0.0,0
1,6,7,128,0.025,0,0.0,0.0,0
1,6,8,128,0.025,0,0.0,0.0,0
1,6,9,128,0.025,0,0.0,0.0,0
1,6,10,128,0.025,0,0.0,0.0,0
1,6,11,128,0.025,0,0.0,0.0,0
1,6,12,128,0.025,0,0.0,0.0,0
1,6,13,128,0.025,0,0.0,0.0,0
1,6,0,128,0.05,0,0.0,0.0,0
1,6,1,128,0.05,0,0.0,0.0,0
1,6,2,128,0.05,0,0.0,0.0,0
1,6,3,128,0.05,0,0.0,0.0,0
1,6,4,128,0.05,0,0.0,0.0,0
1,6,5,128,0.05,0,0.0,0.0,0
1,6,6,128,0.05,0,0.0,0.0,0
1,6,7,128,0.05,0,0.0,0.0,0
1,6,8,128,0.05,0,0.0,0.0,0
1,6,9,128,0.05,0,0.0,0.0,0
1,6,10,128,0.05,0,0.0,0.0,0
1,6,11,128,0.05,0,0.0,0.0,0
1,6,12,128,0.05,0,0.0,0.0,0
1,6,13,128,0.05,0,0.0,0.0,0
1,6,0,128,0.075,0,0.0,0.0,0
1,6,1,128,0.075,0,0.0,0.0,0
1,6,2,128,0.075,0,0.0,0.0,0
1,6,3,128,0.075,0,0.0,0.0,0
1,6,4,128,0.075,0,0.0,0.0,0
1,6,5,128,0.075,0,0.0,0.0,0
1,6,6,128,0.075,0,0.0,0.0,0
1,6,7,128,0.075,0,0.0,0.0,0
1,6,8,128,0.075,0,0.0,0.0,0
1,6,9,128,0.075,0,0.0,0.0,0
1,6,10,128,0.075,0,0.0,0.0,0
1,6,11,128,0.075,0,0.0,0.0,0
1,6,12,128,0.075,0,0.0,0.0,0
1,6,13,128,0.075,0,0.0,0.0,0
1,6,0,128,0.1,0,0.0,0.0,0
1,6,1,128,0.1,0,0.0,0.0,0
1,6,2,128,0.1,0,0.0,0.0,0
1,6,3,128,0.1,0,0.0,0.0,0
1,6,4,128,0.1,0,0.0,0.0,0
1,6,5,128,0.1,0,0.0,0.0,0
1,6,6,128,0.1,0,0.0,0.0,0
1,6,7,128,0.1,0,0.0,0.0,0
1,6,8,128,0.1,0,0.0,0.0,0
1,6,9,128,0.1,0,0.0,0.0,0
1,6,10,128,0.1,0,0.0,0.0,0
1,6,11,128,0.1,0,0.0,0.0,0
1,6,12,128,0.1,0,0.0,0.0,0
1,6,13,128,0.1,0,0.0,0.0,0
1,6,0,128,0.15,0,0.0,0.0,0
1,6,1,128,0.15,0,0.0,0.0,0
1,6,2,128,0.15,0,0.0,0.0,0
1,6,3,128,0.15,0,0.0,0.0,0
1,6,4,128,0.15,0,0.0,0.0,0
1,6,5,128,0.15,0,0.0,0.0,0
1,6,6,128,0.15,0,0.0,0.0,0
1,6,7,128,0.15,0,0.0,0.0,0
1,6,8,128,0.15,0,0.0,0.0,0
1,6,9,128,0.15,0,0.0,0.0,0
1,6,10,128,0.15,0,0.0,0.0,0
1,6,11,128,0.15,0,0.0,0.0,0
1,6,12,128,0.15,0,0.0,0.0,0
1,6,13,128,0.15,0,0.0,0.0,0
1,6,0,128,0.2,0,0.0,0.0,0
1,6,1,128,0.2,0,0.0,0.0,0
1,6,2,128,0.2,0,0.0,0.0,0
1,6,3,128,0.2,0,0.0,0.0,0
1,6,4,128,0.2,0,0.0,0.0,0
1,6,5,128,0.2,0,0.0,0.0,0
1,6,6,128,0.2,0,0.0,0.0,0
1,6,7,128,0.2,0,0.0,0.0,0
1,6,8,128,0.2,0,0.0,0.0,0
1,6,9,128,0.2,0,0.0,0.0,0
1,6,10,128,0.2,0,0.0,0.0,0
1,6,11,128,0.2,0,0.0,0.0,0
1,6,12,128,0.2,0,0.0,0.0,0
1,6,13,128,0.2,0,0.0,0.0,0
1,6,0,128,0.3,0,0.0,0.0,0
1,6,1,128,0.3,0,0.0,0.0,0
1,6,2,128,0.3,0,0.0,0.0,0
1,6,3,128,0.3,0,0.0,0.0,0
1,6,4,128,0.3,0,0.0,0.0,0
1,6,5,128,0.3,0,0.0,0.0,0
1,6,6,128,0.3,0,0.0,0.0,0
1,6,7,128,0.3,0,0.0,0.0,0
1,6,8,128,0.3,0,0.0,0.0,0
1,6,9,128,0.3,0,0.0,0.0,0
1,6,10,128,0.3,0,0.0,0.0,0
1,6,11,128,0.3,0,0.0,0.0,0
1,6,12,128,0.3,0,0.0,0.0,0
1,6,13,128,0.3,0,0.0,0.0,0
1,6,0,128,0.4,0,0.0,0.0,0
1,6,1,128,0.4,0,0.0,0.0,0
1,6,2,128,0.4,0,0.0,0.0,0
1,6,3,128,0.4,0,0.0,0.0,0
1,6,4,128,0.4,0,0.0,0.0,0
1,6,5,128,0.4,0,0.0,0.0,0
1,6,6,128,0.4,0,0.0,0.0,0
1,6,7,128,0.4,0,0.0,0.0,0
1,6,8,128,0.4,0,0.0,0.0,0
1,6,9,128,0.4,0,0.0,0.0,0
1,6,10,128,0.4,0,0.0,0.0,0
1,6,11,128,0.4,0,0.0,0.0,0
1,6,12,128,0.4,0,0.0,0.0,0
1,6,13,128,0.4,0,0.0,0.0,0
1,12,0,4,0.01,0,0.0,0.0,0
1,12,1,4,0.01,0,0.0,0.0,0
1,12,2,4,0.01,0,0.0,0.0,0
1,12,3,4,0.01,0,0.0,0.0,0
1,12,4,4,0.01,0,0.0,0.0,0
1,12,5,4,0.01,0,0.0,0.0,0
1,12,6,4,0.01,0,0.0,0.0,0
1,12,7,4,0.01,0,0.0,0.0,0
1,12,8,4,0.01,0,0.0,0.0,0
1,12,9,4,0.01,0,0.0,0.0,0
1,12,10,4,0.01,0,0.0,0.0,0
1,12,11,4,0.01,0,0.0,0.0,0
1,12,12,4,0.01,0,0.0,0.0,0
1,12,13,4,0.01,0,0.0,0.0,0
1,12,0,4,0.025,0,0.0,0.0,0
1,12,1,4,0.025,0,0.0,0.0,0
1,12,2,4,0.025,0,0.0,0.0,0
1,12,3,4,0.025,0,0.0,0.0,0
1,12,4,4,0.025,0,0.0,0.0,0
1,12,5,4,0.025,0,0.0,0.0,0
1,12,6,4,0.025,0,0.0,0.0,0
1,12,7,4,0.025,0,0.0,0.0,0
1,12,8,4,0.025,0,0.0,0.0,0
1,12,9,4,0.025,0,0.0,0.0,0
1,12,10,4,0.025,0,0.0,0.0,0
1,12,11,4,0.025,0,0.0,0.0,0
1,12,12,4,0.025,0,0.0,0.0,0
1,12,13,4,0.025,0,0.0,0.0,0
1,12,0,4,0.05,0,0.0,0.0,0
1,12,1,4,0.05,0,0.0,0.0,0
1,12,2,4,0.05,0,0.0,0.0,0
1,12,3,4,0.05,0,0.0,0.0,0
1,12,4,4,0.05,0,0.0,0.0,0
1,12,5,4,0.05,0,0.0,0.0,0
1,12,6,4,0.05,0,0.0,0.0,0
1,12,7,4,0.05,0,0.0,0.0,0
1,12,8,4,0.05,0,0.0,0.0,0
1,12,9,4,0.05,0,0.0,0.0,0
1,12,10,4,0.05,0,0.0,0.0,0
1,12,11,4,0.05,0,0.0,0.0,0
1,12,12,4,0.05,0,0.0,0.0,0
1,12,13,4,0.05,0,0.0,0.0,0
1,12,0,4,0.075,0,0.0,0.0,0
1,12,1,4,0.075,0,0.0,0.0,0
1,12,2,4,0.075,0,0.0,0.0,0
1,12,3,4,0.075,0,0.0,0.0,0
1,12,4,4,0.075,0,0.0,0.0,0
1,12,5,4,0.075,0,0.0,0.0,0
1,12,6,4,0.075,0,0.0,0.0,0
1,12,7,4,0.075,0,0.0,0.0,0
1,12,8,4,0.075,0,0.0,0.0,0
1,12,9,4,0.075,0,0.0,0.0,0
1,12,10,4,0.075,0,0.0,0.0,0
1,12,11,4,0.075,0,0.0,0.0,0
1,12,12,4,0.075,0,0.0,0.0,0
1,12,13,4,0.075,0,0.0,0.0,0
1,12,0,4,0.1,0,0.0,0.0,0
1,12,1,4,0.1,0,0.0,0.0,0
1,12,2,4,0.1,0,0.0,0.0,0
1,12,3,4,0.1,0,0.0,0.0,0
1,12,4,4,0.1,0,0.0,0.0,0
1,12,5,4,0.1,0,0.0,0.0,0
1,12,6,4,0.1,0,0.0,0.0,0
1,12,7,4,0.1,0,0.0,0.0,0
1,12,8,4,0.1,0,0.0,0.0,0
1,12,9,4,0.1,0,0.0,0.0,0
1,12,10,4,0.1,0,0.0,0.0,0
1,12,11,4,0.1,0,0.0,0.0,0
1,12,12,4,0.1,0,0.0,0.0,0
1,12,13,4,0.1,0,0.0,0.0,0
1,12,0,4,0.15,0,0.0,0.0,0
1,12,1,4,0.15,0,0.0,0.0,0
1,12,2,4,0.15,0,0.0,0.0,0
1,12,3,4,0.15,0,0.0,0.0,0
1,12,4,4,0.15,0,0.0,0.0,0
1,12,5,4,0.15,0,0.0,0.0,0
1,12,6,4,0.15,0,0.0,0.0,0
1,12,7,4,0.15,0,0.0,0.0,0
1,12,8,4,0.15,0,0.0,0.0,0
1,12,9,4,0.15,0,0.0,0.0,0
1,12,10,4,0.15,0,0.0,0.0,0
1,12,11,4,0.15,0,0.0,0.0,0
1,12,12,4,0.15,0,0.0,0.0,0
1,12,13,4,0.15,0,0.0,0.0,0
1,12,0,4,0.2,0,0.0,0.0,0
1,12,1,4,0.2,0,0.0,0.0,0
1,12,2,4,0.2,0,0.0,0.0,0
1,12,3,4,0.2,0,0.0,0.0,0
1,12,4,4,0.2,0,0.0,0.0,0
1,12,5,4,0.2,0,0.0,0.0,0
1,12,6,4,0.2,0,0.0,0.0,0
1,12,7,4,0.2,0,0.0,0.0,0
1,12,8,4,0.2,0,0.0,0.0,0
1,12,9,4,0.2,0,0.0,0.0,0
1,12,10,4,0.2,0,0.0,0.0,0
1,12,11,4,0.2,0,0.0,0.0,0
1,12,12,4,0.2,0,0.0,0.0,0
1,12,13,4,0.2,0,0.0,0.0,0
1,12,0,4,0.3,0,0.0,0.0,0
1,12,1,4,0.3,0,0.0,0.0,0
1,12,2,4,0.3,0,0.0,0.0,0
1,12,3,4,0.3,0,0.0,0.0,0
1,12,4,4,0.3,0,0.0,0.0,0
1,12,5,4,0.3,0,0.0,0.0,0
1,12,6,4,0.3,0,0.0,0.0,0
1,12,7,4,0.3,0,0.0,0.0,0
1,12,8,4,0.3,0,0.0,0.0,0
1,12,9,4,0.3,0,0.0,0.0,0
1,12,10,4,0.3,0,0.0,0.0,0
1,12,11,4,0.3,0,0.0,0.0,0
1,12,12,4,0.3,0,0.0,0.0,0
1,12,13,4,0.3,0,0.0,0.0,0
1,12,0,4,0.4,0,0.0,0.0,0
1,12,1,4,0.4,0,0.0,0.0,0
1,12,2,4,0.4,0,0.0,0.0,0
1,12,3,4,0.4,0,0.0,0.0,0
1,12,4,4,0.4,0,0.0,0.0,0
1,12,5,4,0.4,0,0.0,0.0,0
1,12,6,4,0.4,0,0.0,0.0,0
1,12,7,4,0.4,0,0.0,0.0,0
1,12,8,4,0.4,0,0.0,0.0,0
1,12,9,4,0.4,0,0.0,0.0,0
1,12,10,4,0.4,0,0.0,0.0,0
1,12,11,4,0.4,0,0.0,0.0,0
1,12,12,4,0.4,0,0.0,0.0,0
1,12,13,4,0.4,0,0.0,0.0,0
1,12,0,8,0.01,0,0.0,0.0,0
1,12,1,8,0.01,0,0.0,0.0,0
1,12,2,8,0.01,0,0.0,0.0,0
1,12,3,8,0.01,0,0.0,0.0,0
1,12,4,8,0.01,0,0.0,0.0,0
1,12,5,8,0.01,0,0.0,0.0,0
1,12,6,8,0.01,0,0.0,0.0,0
1,12,7,8,0.01,0,0.0,0.0,0
1,12,8,8,0.01,0,0.0,0.0,0
1,12,9,8,0.01,0,0.0,0.0,0
1,12,10,8,0.01,0,0.0,0.0,0
1,12,11,8,0.01,0,0.0,0.0,0
1,12,12,8,0.01,0,0.0,0.0,0
1,12,13,8,0.01,0,0.0,0.0,0
1,12,0,8,0.025,0,0.0,0.0,0
1,12,1,8,0.025,0,0.0,0.0,0
1,12,2,8,0.025,0,0.0,0.0,0
1,12,3,8,0.025,0,0.0,0.0,0
1,12,4,8,0.025,0,0.0,0.0,0
1,12,5,8,0.025,0,0.0,0.0,0
1,12,6,8,0.025,0,0.0,0.0,0
1,12,7,8,0.025,0,0.0,0.0,0
1,12,8,8,0.025,0,0.0,0.0,0
1,12,9,8,0.025,0,0.0,0.0,0
1,12,10,8,0.025,0,0.0,0.0,0
1,12,11,8,0.025,0,0.0,0.0,0
1,12,12,8,0.025,0,0.0,0.0,0
1,12,13,8,0.025,0,0.0,0.0,0
1,12,0,8,0.05,0,0.0,0.0,0
1,12,1,8,0.05,0,0.0,0.0,0
1,12,2,8,0.05,0,0.0,0.0,0
1,12,3,8,0.05,0,0.0,0.0,0
1,12,4,8,0.05,0,0.0,0.0,0
1,12,5,8,0.05,0,0.0,0.0,0
1,12,6,8,0.05,0,0.0,0.0,0
1,12,7,8,0.05,0,0.0,0.0,0
1,12,8,8,0.05,0,0.0,0.0,0
1,12,9,8,0.05,0,0.0,0.0,0
1,12,10,8,0.05,0,0.0,0.0,0
1,12,11,8,0.05,0,0.0,0.0,0
1,12,12,8,0.05,0,0.0,0.0,0
1,12,13,8,0.05,0,0.0,0.0,0
1,12,0,8,0.075,0,0.0,0.0,0
1,12,1,8,0.075,0,0.0,0.0,0
1,12,2,8,0.075,0,0.0,0.0,0
1,12,3,8,0.075,0,0.0,0.0,0
1,12,4,8,0.075,0,0.0,0.0,0
1,12,5,8,0.075,0,0.0,0.0,0
1,12,6,8,0.075,0,0.0,0.0,0
1,12,7,8,0.075,0,0.0,0.0,0
1,12,8,8,0.075,0,0.0,0.0,0
1,12,9,8,0.075,0,0.0,0.0,0
1,12,10,8,0.075,0,0.0,0.0,0
1,12,11,8,0.075,0,0.0,0.0,0
1,12,12,8,0.075,0,0.0,0.0,0
1,12,13,8,0.075,0,0.0,0.0,0
1,12,0,8,0.1,0,0.0,0.0,0
1,12,1,8,0.1,0,0.0,0.0,0
1,12,2,8,0.1,0,0.0,0.0,0
1,12,3,8,0.1,0,0.0,0.0,0
1,12,4,8,0.1,0,0.0,0.0,0
1,12,5,8,0.1,0,0.0,0.0,0
1,12,6,8,0.1,0,0.0,0.0,0
1,12,7,8,0.1,0,0.0,0.0,0
1,12,8,8,0.1,0,0.0,0.0,0
1,12,9,8,0.1,0,0.0,0.0,0
1,12,10,8,0.1,0,0.0,0.0,0
1,12,11,8,0.1,0,0.0,0.0,0
1,12,12,8,0.1,0,0.0,0.0,0
1,12,13,8,0.1,0,0.0,0.0,0
1,12,0,8,0.15,0,0.0,0.0,0
1,12,1,8,0.15,0,0.0,0.0,0
1,12,2,8,0.15,0,0.0,0.0,0
1,12,3,8,0.15,0,0.0,0.0,0
1,12,4,8,0.15,0,0.0,0.0,0
1,12,5,8,0.15,0,0.0,0.0,0
1,12,6,8,0.15,0,0.0,0.0,0
1,12,7,8,0.15,0,0.0,0.0,0
1,12,8,8,0.15,0,0.0,0.0,0
1,12,9,8,0.15,0,0.0,0.0,0
1,12,10,8,0.15,0,0.0,0.0,0
1,12,11,8,0.15,0,0.0,0.0,0
1,12,12,8,0.15,0,0.0,0.0,0
1,12,13,8,0.15,0,0.0,0.0,0
1,12,0,8,0.2,0,0.0,0.0,0
1,12,1,8,0.2,0,0.0,0.0,0
1,12,2,8,0.2,0,0.0,0.0,0
1,12,3,8,0.2,0,0.0,0.0,0
1,12,4,8,0.2,0,0.0,0.0,0
1,12,5,8,0.2,0,0.0,0.0,0
1,12,6,8,0.2,0,0.0,0.0,0
1,12,7,8,0.2,0,0.0,0.0,0
1,12,8,8,0.2,0,0.0,0.0,0
1,12,9,8,0.2,0,0.0,0.0,0
1,12,10,8,0.2,0,0.0,0.0,0
1,12,11,8,0.2,0,0.0,0.0,0
1,12,12,8,0.2,0,0.0,0.0,0
1,12,13,8,0.2,0,0.0,0.0,0
1,12,0,8,0.3,0,0.0,0.0,0
1,12,1,8,0.3,0,0.0,0.0,0
1,12,2,8,0.3,0,0.0,0.0,0
1,12,3,8,0.3,0,0.0,0.0,0
1,12,4,8,0.3,0,0.0,0.0,0
1,12,5,8,0.3,0,0.0,0.0,0
1,12,6,8,0.3,0,0.0,0.0,0
1,12,7,8,0.3,0,0.0,0.0,0
1,12,8,8,0.3,0,0.0,0.0,0
1,12,9,8,0.3,0,0.0,0.0,0
1,12,10,8,0.3,0,0.0,0.0,0
1,12,11,8,0.3,0,0.0,0.0,0
1,12,12,8,0.3,0,0.0,0.0,0
1,12,13,8,0.3,0,0.0,0.0,0
1,12,0,8,0.4,0,0.0,0.0,0
1,12,1,8,0.4,0,0.0,0.0,0
1,12,2,8,0.4,0,0.0,0.0,0
1,12,3,8,0.4,0,0.0,0.0,0
1,12,4,8,0.4,0,0.0,0.0,0
1,12,5,8,0.4,0,0.0,0.0,0
1,12,6,8,0.4,0,0.0,0.0,0
1,12,7,8,0.4,0,0.0,0.0,0
1,12,8,8,0.4,0,0.0,0.0,0
1,12,9,8,0.4,0,0.0,0.0,0
1,12,10,8,0.4,0,0.0,0.0,0
1,12,11,8,0.4,0,0.0,0.0,0
1,12,12,8,0.4,0,0.0,0.0,0
1,12,13,8,0.4,0,0.0,0.0,0
1,12,0,16,0.01,0,0.0,0.0,0
1,12,1,16,0.01,0,0.0,0.0,0
1,12,2,16,0.01,0,0.0,0.0,0
1,12,3,16,0.01,0,0.0,0.0,0
1,12,4,16,0.01,0,0.0,0.0,0
1,12,5,16,0.01,0,0.0,0.0,0
1,12,6,16,0.01,0,0.0,0.0,0
1,12,7,16,0.01,0,0.0,0.0,0
1,12,8,16,0.01,0,0.0,0.0,0
1,12,9,16,0.01,0,0.0,0.0,0
1,12,10,16,0.01,0,0.0,0.0,0
1,12,11,16,0.01,0,0.0,0.0,0
1,12,12,16,0.01,0,0.0,0.0,0
1,12,13,16,0.01,0,0.0,0.0,0
1,12,0,16,0.025,0,0.0,0.0,0
1,12,1,16,0.025,0,0.0,0.0,0
1,12,2,16,0.025,0,0.0,0.0,0
1,12,3,16,0.025,0,0.0,0.0,0
1,12,4,16,0.025,0,0.0,0.0,0
1,12,5,16,0.025,0,0.0,0.0,0
1,12,6,16,0.025,0,0.0,0.0,0
1,12,7,16,0.025,0,0.0,0.0,0
1,12,8,16,0.025,0,0.0,0.0,0
1,12,9,16,0.025,0,0.0,0.0,0
1,12,10,16,0.025,0,0.0,0.0,0
1,12,11,16,0.025,0,0.0,0.0,0
1,12,12,16,0.025,0,0.0,0.0,0
1,12,13,16,0.025,0,0.0,0.0,0
1,12,0,16,0.05,0,0.0,0.0,0
1,12,1,16,0.05,0,0.0,0.0,0
1,12,2,16,0.05,0,0.0,0.0,0
1,12,3,16,0.05,0,0.0,0.0,0
1,12,4,16,0.05,0,0.0,0.0,0
1,12,5,16,0.05,0,0.0,0.0,0
1,12,6,16,0.05,0,0.0,0.0,0
1,12,7,16,0.05,0,0.0,0.0,0
1,12,8,16,0.05,0,0.0,0.0,0
1,12,9,16,0.05,0,0.0,0.0,0
1,12,10,16,0.05,0,0.0,0.0,0
1,12,11,16,0.05,0,0.0,0.0,0
1,12,12,16,0.05,0,0.0,0.0,0
1,12,13,16,0.05,0,0.0,0.0,0
1,12,0,16,0.075,0,0.0,0.0,0
1,12,1,16,0.075,0,0.0,0.0,0
1,12,2,16,0.075,0,0.0,0.0,0
1,12,3,16,0.075,0,0.0,0.0,0
1,12,4,16,0.075,0,0.0,0.0,0
1,12,5,16,0.075,0,0.0,0.0,0
1,12,6,16,0.075,0,0.0,0.0,0
1,12,7,16,0.075,0,0.0,0.0,0
1,12,8,16,0.075,0,0.0,0.0,0
1,12,9,16,0.075,0,0.0,0.0,0
1,12,10,16,0.075,0,0.0,0.0,0
1,12,11,16,0.075,0,0.0,0.0,0
1,12,12,16,0.075,0,0.0,0.0,0
1,12,13,16,0.075,0,0.0,0.0,0
1,12,0,16,0.1,0,0.0,0.0,0
1,12,1,16,0.1,0,0.0,0.0,0
1,12,2,16,0.1,0,0.0,0.0,0
1,12,3,16,0.1,0,0.0,0.0,0
1,12,4,16,0.1,0,0.0,0.0,0
1,12,5,16,0.1,0,0.0,0.0,0
1,12,6,16,0.1,0,0.0,0.0,0
1,12,7,16,0.1,0,0.0,0.0,0
1,12,8,16,0.1,0,0.0,0.0,0
1,12,9,16,0.1,0,0.0,0.0,0
1,12,10,16,0.1,0,0.0,0.0,0
1,12,11,16,0.1,0,0.0,0.0,0
1,12,12,16,0.1,0,0.0,0.0,0
1,12,13,16,0.1,0,0.0,0.0,0
1,12,0,16,0.15,0,0.0,0.0,0
1,12,1,16,0.15,0,0.0,0.0,0
1,12,2,16,0.15,0,0.0,0.0,0
1,12,3,16,0.15,0,0.0,0.0,0
1,12,4,16,0.15,0,0.0,0.0,0
1,12,5,16,0.15,0,0.0,0.0,0
1,12,6,16,0.15,0,0.0,0.0,0
1,12,7,16,0.15,0,0.0,0.0,0
1,12,8,16,0.15,0,0.0,0.0,0
1,12,9,16,0.15,0,0.0,0.0,0
1,12,10,16,0.15,0,0.0,0.0,0
1,12,11,16,0.15,0,0.0,0.0,0
1,12,12,16,0.15,0,0.0,0.0,0
1,12,13,16,0.15,0,0.0,0.0,0
1,12,0,16,0.2,0,0.0,0.0,0
1,12,1,16,0.2,0,0.0,0.0,0
1,12,2,16,0.2,0,0.0,0.0,0
1,12,3,16,0.2,0,0.0,0.0,0
1,12,4,16,0.2,0,0.0,0.0,0
1,12,5,16,0.2,0,0.0,0.0,0
1,12,6,16,0.2,0,0.0,0.0,0
1,12,7,16,0.2,0,0.0,0.0,0
1,12,8,16,0.2,0,0.0,0.0,0
1,12,9,16,0.2,0,0.0,0.0,0
1,12,10,16,0.2,0,0.0,0.0,0
1,12,11,16,0.2,0,0.0,0.0,0
1,12,12,16,0.2,0,0.0,0.0,0
1,12,13,16,0.2,0,0.0,0.0,0
1,12,0,16,0.3,0,0.0,0.0,0
1,12,1,16,0.3,0,0.0,0.0,0
1,12,2,16,0.3,0,0.0,0.0,0
1,12,3,16,0.3,0,0.0,0.0,0
1,12,4,16,0.3,0,0.0,0.0,0
1,12,5,16,0.3,0,0.0,0.0,0
1,12,6,16,0.3,0,0.0,0.0,0
1,12,7,16,0.3,0,0.0,0.0,0
1,12,8,16,0.3,0,0.0,0.0,0
1,12,9,16,0.3,0,0.0,0.0,0
1,12,10,16,0.3,0,0.0,0.0,0
1,12,11,16,0.3,0,0.0,0.0,0
1,12,12,16,0.3,0,0.0,0.0,0
1,12,13,16,0.3,0,0.0,0.0,0
1,12,0,16,0.4,0,0.0,0.0,0
1,12,1,16,0.4,0,0.0,0.0,0
1,12,2,16,0.4,0,0.0,0.0,0
1,12,3,16,0.4,0,0.0,0.0,0
1,12,4,16,0.4,0,0.0,0.0,0
1,12,5,16,0.4,0,0.0,0.0,0
1,12,6,16,0.4,0,0.0,0.0,0
1,12,7,16,0.4,0,0.0,0.0,0
1,12,8,16,0.4,0,0.0,0.0,0
1,12,9,16,0.4,0,0.0,0.0,0
1,12,10,16,0.4,0,0.0,0.0,0
1,12,11,16,0.4,0,0.0,0.0,0
1,12,12,16,0.4,0,0.0,0.0,0
1,12,13,16,0.4,0,0.0,0.0,0
1,12,0,32,0.01,0,0.0,0.0,0
1,12,1,32,0.01,0,0.0,0.0,0
1,12,2,32,0.01,0,0.0,0.0,0
1,12,3,32,0.01,0,0.0,0.0,0
1,12,4,32,0.01,0,0.0,0.0,0
1,12,5,32,0.01,0,0.0,0.0,0
1,12,6,32,0.01,0,0.0,0.0,0
1,12,7,32,0.01,0,0.0,0.0,0
1,12,8,32,0.01,0,0.0,0.0,0
1,12,9,32,0.01,0,0.0,0.0,0
1,12,10,32,0.01,0,0.0,0.0,0
1,12,11,32,0.01,0,0.0,0.0,0
1,12,12,32,0.01,0,0.0,0.0,0
1,12,13,32,0.01,0,0.0,0.0,0
1,12,0,32,0.025,0,0.0,0.0,0
1,12,1,32,0.025,0,0.0,0.0,0
1,12,2,32,0.025,0,0.0,0.0,0
1,12,3,32,0.025,0,0.0,0.0,0
1,12,4,32,0.025,0,0.0,0.0,0
1,12,5,32,0.025,0,0.0,0.0,0
1,12,6,32,0.025,0,0.0,0.0,0
1,12,7,32,0.025,0,0.0,0.0,0
1,12,8,32,0.025,0,0.0,0.0,0
1,12,9,32,0.025,0,0.0,0.0,0
1,12,10,32,0.025,0,0.0,0.0,0
1,12,11,32,0.025,0,0.0,0.0,0
1,12,12,32,0.025,0,0.0,0.0,0
1,12,13,32,0.025,0,0.0,0.0,0
1,12,0,32,0.05,0,0.0,0.0,0
1,12,1,32,0.05,0,0.0,0.0,0
1,12,2,32,0.05,0,0.0,0.0,0
1,12,3,32,0.05,0,0.0,0.0,0
1,12,4,32,0.05,0,0.0,0.0,0
1,12,5,32,0.05,0,0.0,0.0,0
1,12,6,32,0.05,0,0.0,0.0,0
1,12,7,32,0.05,0,0.0,0.0,0
1,12,8,32,0.05,0,0.0,0.0,0
1,12,9,32,0.05,0,0.0,0.0,0
1,12,10,32,0.05,0,0.0,0.0,0
1,12,11,32,0.05,0,0.0,0.0,0
1,12,12,32,0.05,0,0.0,0.0,0
1,12,13,32,0.05,0,0.0,0.0,0
1,12,0,32,0.075,0,0.0,0.0,0
1,12,1,32,0.075,0,0.0,0.0,0
1,12,2,32,0.075,0,0.0,0.0,0
1,12,3,32,0.075,0,0.0,0.0,0
1,12,4,32,0.075,0,0.0,0.0,0
1,12,5,32,0.075,0,0.0,0.0,0
1,12,6,32,0.075,0,0.0,0.0,0
1,12,7,32,0.075,0,0.0,0.0,0
1,12,8,32,0.075,0,0.0,0.0,0
1,12,9,32,0.075,0,0.0,0.0,0
1,12,10,32,0.075,0,0.0,0.0,0
1,12,11,32,0.075,0,0.0,0.0,0
1,12,12,32,0.075,0,0.0,0.0,0
1,12,13,32,0.075,0,0.0,0.0,0
1,12,0,32,0.1,0,0.0,0.0,0
1,12,1,32,0.1,0,0.0,0.0,0
1,12,2,32,0.1,0,0.0,0.0,0
1,12,3,32,0.1,0,0.0,0.0,0
1,12,4,32,0.1,0,0.0,0.0,0
1,12,5,32,0.1,0,0.0,0.0,0
1,12,6,32,0.1,0,0.0,0.0,0
1,12,7,32,0.1,0,0.0,0.0,0
1,12,8,32,0.1,0,0.0,0.0,0
1,12,9,32,0.1,0,0.0,0.0,0
1,12,10,32,0.1,0,0.0,0.0,0
1,12,11,32,0.1,0,0.0,0.0,0
1,12,12,32,0.1,0,0.0,0.0,0
1,12,13,32,0.1,0,0.0,0.0,0
1,12,0,32,0.15,0,0.0,0.0,0
1,12,1,32,0.15,0,0.0,0.0,0
1,12,2,32,0.15,0,0.0,0.0,0
1,12,3,32,0.15,0,0.0,0.0,0
1,12,4,32,0.15,0,0.0,0.0,0
1,12,5,32,0.15,0,0.0,0.0,0
1,12,6,32,0.15,0,0.0,0.0,0
1,12,7,32,0.15,0,0.0,0.0,0
1,12,8,32,0.15,0,0.0,0.0,0
1,12,9,32,0.15,0,0.0,0.0,0
1,12,10,32,0.15,0,0.0,0.0,0
1,12,11,32,0.15,0,0.0,0.0,0
1,12,12,32,0.15,0,0.0,0.0,0
1,12,13,32,0.15,0,0.0,0.0,0
1,12,0,32,0.2,0,0.0,0.0,0
1,12,1,32,0.2,0,0.0,0.0,0
1,12,2,32,0.2,0,0.0,0.0,0
1,12,3,32,0.2,0,0.0,0.0,0
1,12,4,32,0.2,0,0.0,0.0,0
1,12,5,32,0.2,0,0.0,0.0,0
1,12,6,32,0.2,0,0.0,0.0,0
1,12,7,32,0.2,0,0.0,0.0,0
1,12,8,32,0.2,0,0.0,0.0,0
1,12,9,32,0.2,0,0.0,0.0,0
1,12,10,32,0.2,0,0.0,0.0,0
1,12,11,32,0.2,0,0.0,0.0,0
1,12,12,32,0.2,0,0.0,0.0,0
1,12,13,32,0.2,0,0.0,0.0,0
1,12,0,32,0.3,0,0.0,0.0,0
1,12,1,32,0.3,0,0.0,0.0,0
1,12,2,32,0.3,0,0.0,0.0,0
1,12,3,32,0.3,0,0.0,0.0,0
1,12,4,32,0.3,0,0.0,0.0,0
1,12,5,32,0.3,0,0.0,0.0,0
1,12,6,32,0.3,0,0.0,0.0,0
1,12,7,32,0.3,0,0.0,0.0,0
1,12,8,32,0.3,0,0.0,0.0,0
1,12,9,32,0.3,0,0.0,0.0,0
1,12,10,32,0.3,0,0.0,0.0,0
1,12,11,32,0.3,0,0.0,0.0,0
1,12,12,32,0.3,0,0.0,0.0,0
1,12,13,32,0.3,0,0.0,0.0,0
1,12,0,32,0.4,0,0.0,0.0,0
1,12,1,32,0.4,0,0.0,0.0,0
1,12,2,32,0.4,0,0.0,0.0,0
1,12,3,32,0.4,0,0.0,0.0,0
1,12,4,32,0.4,0,0.0,0.0,0
1,12,5,32,0.4,0,0.0,0.0,0
1,12,6,32,0.4,0,0.0,0.0,0
1,12,7,32,0.4,0,0.0,0.0,0
1,12,8,32,0.4,0,0.0,0.0,0
1,12,9,32,0.4,0,0.0,0.0,0
1,12,10,32,0.4,0,0.0,0.0,0
1,12,11,32,0.4,0,0.0,0.0,0
1,12,12,32,0.4,0,0.0,0.0,0
1,12,13,32,0.4,0,0.0,0.0,0
1,12,0,64,0.01,0,0.0,0.0,0
1,12,1,64,0.01,0,0.0,0.0,0
1,12,2,64,0.01,0,0.0,0.0,0
1,12,3,64,0.01,0,0.0,0.0,0
1,12,4,64,0.01,0,0.0,0.0,0
1,12,5,64,0.01,0,0.0,0.0,0
1,12,6,64,0.01,0,0.0,0.0,0
1,12,7,64,0.01,0,0.0,0.0,0
1,12,8,64,0.01,0,0.0,0.0,0
1,12,9,64,0.01,0,0.0,0.0,0
1,12,10,64,0.01,0,0.0,0.0,0
1,12,11,64,0.01,0,0.0,0.0,0
1,12,12,64,0.01,0,0.0,0.0,0
1,12,13,64,0.01,0,0.0,0.0,0
1,12,0,64,0.025,0,0.0,0.0,0
1,12,1,64,0.025,0,0.0,0.0,0
1,12,2,64,0.025,0,0.0,0.0,0
1,12,3,64,0.025,0,0.0,0.0,0
1,12,4,64,0.025,0,0.0,0.0,0
1,12,5,64,0.025,0,0.0,0.0,0
1,12,6,64,0.025,0,0.0,0.0,0
1,12,7,64,0.025,0,0.0,0.0,0
1,12,8,64,0.025,0,0.0,0.0,0
1,12,9,64,0.025,0,0.0,0.0,0
1,12,10,64,0.025,0,0.0,0.0,0
1,12,11,64,0.025,0,0.0,0.0,0
1,12,12,64,0.025,0,0.0,0.0,0
1,12,13,64,0.025,0,0.0,0.0,0
1,12,0,64,0.05,0,0.0,0.0,0
1,12,1,64,0.05,0,0.0,0.0,0
1,12,2,64,0.05,0,0.0,0.0,0
1,12,3,64,0.05,0,0.0,0.0,0
1,12,4,64,0.05,0,0.0,0.0,0
1,12,5,64,0.05,0,0.0,0.0,0
1,12,6,64,0.05,0,0.0,0.0,0
1,12,7,64,0.05,0,0.0,0.0,0
1,12,8,64,0.05,0,0.0,0.0,0
1,12,9,64,0.05,0,0.0,0.0,0
1,12,10,64,0.05,0,0.0,0.0,0
1,12,11,64,0.05,0,0.0,0.0,0
1,12,12,64,0.05,0,0.0,0.0,0
1,12,13,64,0.05,0,0.0,0.0,0
1,12,0,64,0.075,0,0.0,0.0,0
1,12,1,64,0.075,0,0.0,0.0,0
1,12,2,64,0.075,0,0.0,0.0,0
1,12,3,64,0.075,0,0.0,0.0,0
1,12,4,64,0.075,0,0.0,0.0,0
1,12,5,64,0.075,0,0.0,0.0,0
1,12,6,64,0.075,0,0.0,0.0,0
1,12,7,64,0.075,0,0.0,0.0,0
1,12,8,64,0.075,0,0.0,0.0,0
1,12,9,64,0.075,0,0.0,0.0,0
1,12,10,64,0.075,0,0.0,0.0,0
1,12,11,64,0.075,0,0.0,0.0,0
1,12,12,64,0.075,0,0.0,0.0,0
1,12,13,64,0.075,0,0.0,0.0,0
1,12,0,64,0.1,0,0.0,0.0,0
1,12,1,64,0.1,0,0.0,0.0,0
1,12,2,64,0.1,0,0.0,0.0,0
1,12,3,64,0.1,0,0.0,0.0,0
1,12,4,64,0.1,0,0.0,0.0,0
1,12,5,64,0.1,0,0.0,0.0,0
1,12,6,64,0.1,0,0.0,0.0,0
1,12,7,64,0.1,0,0.0,0.0,0
1,12,8,64,0.1,0,0.0,0.0,0
1,12,9,64,0.1,0,0.0,0.0,0
1,12,10,64,0.1,0,0.0,0.0,0
1,12,11,64,0.1,0,0.0,0.0,0
1,12,12,64,0.1,0,0.0,0.0,0
1,12,13,64,0.1,0,0.0,0.0,0
1,12,0,64,0.15,0,0.0,0.0,0
1,12,1,64,0.15,0,0.0,0.0,0
1,12,2,64,0.15,0,0.0,0.0,0
1,12,3,64,0.15,0,0.0,0.0,0
1,12,4,64,0.15,0,0.0,0.0,0
1,12,5,64,0.15,0,0.0,0.0,0
1,12,6,64,0.15,0,0.0,0.0,0
1,12,7,64,0.15,0,0.0,0.0,0
1,12,8,64,0.15,0,0.0,0.0,0
1,12,9,64,0.15,0,0.0,0.0,0
1,12,10,64,0.15,0,0.0,0.0,0
1,12,11,64,0.15,0,0.0,0.0,0
1,12,12,64,0.15,0,0.0,0.0,0
1,12,13,64,0.15,0,0.0,0.0,0
1,12,0,64,0.2,0,0.0,0.0,0
1,12,1,64,0.2,0,0.0,0.0,0
1,12,2,64,0.2,0,0.0,0.0,0
1,12,3,64,0.2,0,0.0,0.0,0
1,12,4,64,0.2,0,0.0,0.0,0
1,12,5,64,0.2,0,0.0,0.0,0
1,12,6,64,0.2,0,0.0,0.0,0
1,12,7,64,0.2,0,0.0,0.0,0
1,12,8,64,0.2,0,0.0,0.0,0
1,12,9,64,0.2,0,0.0,0.0,0
1,12,10,64,0.2,0,0.0,0.0,0
1,12,11,64,0.2,0,0.0,0.0,0
1,12,12,64,0.2,0,0.0,0.0,0
1,12,13,64,0.2,0,0.0,0.0,0
1,12,0,64,0.3,0,0.0,0.0,0
1,12,1,64,0.3,0,0.0,0.0,0
1,12,2,64,0.3,0,0.0,0.0,0
1,12,3,64,0.3,0,0.0,0.0,0
1,12,4,64,0.3,0,0.0,0.0,0
1,12,5,64,0.3,0,0.0,0.0,0
1,12,6,64,0.3,0,0.0,0.0,0
1,12,7,64,0.3,0,0.0,0.0,0
1,12,8,64,0.3,0,0.0,0.0,0
1,12,9,64,0.3,0,0.0,0.0,0
1,12,10,64,0.3,0,0.0,0.0,0
1,12,11,64,0.3,0,0.0,0.0,0
1,12,12,64,0.3,0,0.0,0.0,0
1,12,13,64,0.3,0,0.0,0.0,0
1,12,0,64,0.4,0,0.0,0.0,0
1,12,1,64,0.4,0,0.0,0.0,0
1,12,2,64,0.4,0,0.0,0.0,0
1,12,3,64,0.4,0,0.0,0.0,0
1,12,4,64,0.4,0,0.0,0.0,0
1,12,5,64,0.4,0,0.0,0.0,0
1,12,6,64,0.4,0,0.0,0.0,0
1,12,7,64,0.4,0,0.0,0.0,0
1,12,8,64,0.4,0,0.0,0.0,0
1,12,9,64,0.4,0,0.0,0.0,0
1,12,10,64,0.4,0,0.0,0.0,0
1,12,11,64,0.4,0,0.0,0.0,0
1,12,12,64,0.4,0,0.0,0.0,0
1,12,13,64,0.4,0,0.0,0.0,0
1,12,0,128,0.01,0,0.0,0.0,0
1,12,1,128,0.01,0,0.0,0.0,0
1,12,2,128,0.01,0,0.0,0.0,0
1,12,3,128,0.01,0,0.0,0.0,0
1,12,4,128,0.01,0,0.0,0.0,0
1,12,5,128,0.01,0,0.0,0.0,0
1,12,6,128,0.01,0,0.0,0.0,0
1,12,7,128,0.01,0,0.0,0.0,0
1,12,8,128,0.01,0,0.0,0.0,0
1,12,9,128,0.01,0,0.0,0.0,0
1,12,10,128,0.01,0,0.0,0.0,0
1,12,11,128,0.01,0,0.0,0.0,0
1,12,12,128,0.01,0,0.0,0.0,0
1,12,13,128,0.01,0,0.0,0.0,0
1,12,0,128,0.025,0,0.0,0.0,0
1,12,1,128,0.025,0,0.0,0.0,0
1,12,2,128,0.025,0,0.0,0.0,0
1,12,3,128,0.025,0,0.0,0.0,0
1,12,4,128,0.025,0,0.0,0.0,0
1,12,5,128,0.025,0,0.0,0.0,0
1,12,6,128,0.025,0,0.0,0.0,0
1,12,7,128,0.025,0,0.0,0.0,0
1,12,8,128,0.025,0,0.0,0.0,0
1,12,9,128,0.025,0,0.0,0.0,0
1,12,10,128,0.025,0,0.0,0.0,0
1,12,11,128,0.025,0,0.0,0.0,0
1,12,12,128,0.025,0,0.0,0.0,0
1,12,13,128,0.025,0,0.0,0.0,0
1,12,0,128,0.05,0,0.0,0.0,0
1,12,1,128,0.05,0,0.0,0.0,0
1,12,2,128,0.05,0,0.0,0.0,0
1,12,3,128,0.05,0,0.0,0.0,0
1,12,4,128,0.05,0,0.0,0.0,0
1,12,5,128,0.05,0,0.0,0.0,0
1,12,6,128,0.05,0,0.0,0.0,0
1,12,7,128,0.05,0,0.0,0.0,0
1,12,8,128,0.05,0,0.0,0.0,0
1,12,9,128,0.05,0,0.0,0.0,0
1,12,10,128,0.05,0,0.0,0.0,0
1,12,11,128,0.05,0,0.0,0.0,0
1,12,12,128,0.05,0,0.0,0.0,0
1,12,13,128,0.05,0,0.0,0.0,0
1,12,0,128,0.075,0,0.0,0.0,0
1,12,1,128,0.075,0,0.0,0.0,0
1,12,2,128,0.075,0,0.0,0.0,0
1,12,3,128,0.075,0,0.0,0.0,0
1,12,4,128,0.075,0,0.0,0.0,0
1,12,5,128,0.075,0,0.0,0.0,0
1,12,6,128,0.075,0,0.0,0.0,0
1,12,7,128,0.075,0,0.0,0.0,0
1,12,8,128,0.075,0,0.0,0.0,0
1,12,9,128,0.075,0,0.0,0.0,0
1,12,10,128,0.075,0,0.0,0.0,0
1,12,11,128,0.075,0,0.0,0.0,0
1,12,12,128,0.075,0,0.0,0.0,0
1,12,13,128,0.075,0,0.0,0.0,0
1,12,0,128,0.1,0,0.0,0.0,0
1,12,1,128,0.1,0,0.0,0.0,0
1,12,2,128,0.1,0,0.0,0.0,0
1,12,3,128,0.1,0,0.0,0.0,0
1,12,4,128,0.1,0,0.0,0.0,0
1,12,5,128,0.1,0,0.0,0.0,0
1,12,6,128,0.1,0,0.0,0.0,0
1,12,7,128,0.1,0,0.0,0.0,0
1,12,8,128,0.1,0,0.0,0.0,0
1,12,9,128,0.1,0,0.0,0.0,0
1,12,10,128,0.1,0,0.0,0.0,0
1,12,11,128,0.1,0,0.0,0.0,0
1,12,12,128,0.1,0,0.0,0.0,0
1,12,13,128,0.1,0,0.0,0.0,0
1,12,0,128,0.15,0,0.0,0.0,0
1,12,1,128,0.15,0,0.0,0.0,0
1,12,2,128,0.15,0,0.0,0.0,0
1,12,3,128,0.15,0,0.0,0.0,0
1,12,4,128,0.15,0,0.0,0.0,0
1,12,5,128,0.15,0,0.0,0.0,0
1,12,6,128,0.15,0,0.0,0.0,0
1,12,7,128,0.15,0,0.0,0.0,0
1,12,8,128,0.15,0,0.0,0.0,0
1,12,9,128,0.15,0,0.0,0.0,0
1,12,10,128,0.15,0,0.0,0.0,0
1,12,11,128,0.15,0,0.0,0.0,0
1,12,12,128,0.15,0,0.0,0.0,0
1,12,13,128,0.15,0,0.0,0.0,0
1,12,0,128,0.2,0,0.0,0.0,0
1,12,1,128,0.2,0,0.0,0.0,0
1,12,2,128,0.2,0,0.0,0.0,0
1,12,3,128,0.2,0,0.0,0.0,0
1,12,4,128,0.2,0,0.0,0.0,0
1,12,5,128,0.2,0,0.0,0.0,0
1,12,6,128,0.2,0,0.0,0.0,0
1,12,7,128,0.2,0,0.0,0.0,0
1,12,8,128,0.2,0,0.0,0.0,0
1,12,9,128,0.2,0,0.0,0.0,0
1,12,10,128,0.2,0,0.0,0.0,0
1,12,11,128,0.2,0,0.0,0.0,0
1,12,12,128,0.2,0,0.0,0.0,0
1,12,13,128,0.2,0,0.0,0.0,0
1,12,0,128,0.3,0,0.0,0.0,0
1,12,1,128,0.3,0,0.0,0.0,0
1,12,2,128,0.3,0,0.0,0.0,0
1,12,3,128,0.3,0,0.0,0.0,0
1,12,4,128,0.3,0,0.0,0.0,0
1,12,5,128,0.3,0,0.0,0.0,0
1,12,6,128,0.3,0,0.0,0.0,0
1,12,7,128,0.3,0,0.0,0.0,0
1,12,8,128,0.3,0,0.0,0.0,0
1,12,9,128,0.3,0,0.0,0.0,0
1,12,10,128,0.3,0,0.0,0.0,0
1,12,11,128,0.3,0,0.0,0.0,0
1,12,12,128,0.3,0,0.0,0.0,0
1,12,13,128,0.3,0,0.0,0.0,0
1,12,0,128,0.4,0,0.0,0.0,0
1,12,1,128,0.4,0,0.0,0.0,0
1,12,2,128,0.4,0,0.0,0.0,0
1,12,3,128,0.4,0,0.0,0.0,0
1,12,4,128,0.4,0,0.0,0.0,0
1,12,5,128,0.4,0,0.0,0.0,0
1,12,6,128,0.4,0,0.0,0.0,0
1,12,7,128,0.4,0,0.0,0.0,0
1,12,8,128,0.4,0,0.0,0.0,0
1,12,9,128,0.4,0,0.0,0.0,0
1,12,10,128,0.4,0,0.0,0.0,0
1,12,11,128,0.4,0,0.0,0.0,0
1,12,12,128,0.4,0,0.0,0.0,0
1,12,13,128,0.4,0,0.0,0.0,0
1,18,0,4,0.01,0,0.0,0.0,0
1,18,1,4,0.01,0,0.0,0.0,0
1,18,2,4,0.01,0,0.0,0.0,0
1,18,3,4,0.01,0,0.0,0.0,0
1,18,4,4,0.01,0,0.0,0.0,0
1,18,5,4,0.01,0,0.0,0.0,0
1,18,6,4,0.01,0,0.0,0.0,0
1,18,7,4,0.01,0,0.0,0.0,0
1,18,8,4,0.01,0,0.0,0.0,0
1,18,9,4,0.01,0,0.0,0.0,0
1,18,10,4,0.01,0,0.0,0.0,0
1,18,11,4,0.01,0,0.0,0.0,0
1,18,12,4,0.01,0,0.0,0.0,0
1,18,13,4,0.01,0,0.0,0.0,0
1,18,0,4,0.025,0,0.0,0.0,0
1,18,1,4,0.025,0,0.0,0.0,0
1,18,2,4,0.025,0,0.0,0.0,0
1,18,3,4,0.025,0,0.0,0.0,0
1,18,4,4,0.025,0,0.0,0.0,0
1,18,5,4,0.025,0,0.0,0.0,0
1,18,6,4,0.025,0,0.0,0.0,0
1,18,7,4,0.025,0,0.0,0.0,0
1,18,8,4,0.025,0,0.0,0.0,0
1,18,9,4,0.025,0,0.0,0.0,0
1,18,10,4,0.025,0,0.0,0.0,0
1,18,11,4,0.025,0,0.0,0.0,0
1,18,12,4,0.025,0,0.0,0.0,0
1,18,13,4,0.025,0,0.0,0.0,0
1,18,0,4,0.05,0,0.0,0.0,0
1,18,1,4,0.05,0,0.0,0.0,0
1,18,2,4,0.05,0,0.0,0.0,0
1,18,3,4,0.05,0,0.0,0.0,0
1,18,4,4,0.05,0,0.0,0.0,0
1,18,5,4,0.05,0,0.0,0.0,0
1,18,6,4,0.05,0,0.0,0.0,0
1,18,7,4,0.05,0,0.0,0.0,0
1,18,8,4,0.05,0,0.0,0.0,0
1,18,9,4,0.05,0,0.0,0.0,0
1,18,10,4,0.05,0,0.0,0.0,0
1,18,11,4,0.05,0,0.0,0.0,0
1,18,12,4,0.05,0,0.0,0.0,0
1,18,13,4,0.05,0,0.0,0.0,0
1,18,0,4,0.075,0,0.0,0.0,0
1,18,1,4,0.075,0,0.0,0.0,0
1,18,2,4,0.075,0,0.0,0.0,0
1,18,3,4,0.075,0,0.0,0.0,0
1,18,4,4,0.075,0,0.0,0.0,0
1,18,5,4,0.075,0,0.0,0.0,0
1,18,6,4,0.075,0,0.0,0.0,0
1,18,7,4,0.075,0,0.0,0.0,0
1,18,8,4,0.075,0,0.0,0.0,0
1,18,9,4,0.075,0,0.0,0.0,0
1,18,10,4,0.075,0,0.0,0.0,0
1,18,11,4,0.075,0,0.0,0.0,0
1,18,12,4,0.075,0,0.0,0.0,0
1,18,13,4,0.075,0,0.0,0.0,0
1,18,0,4,0.1,0,0.0,0.0,0
1,18,1,4,0.1,0,0.0,0.0,0
1,18,2,4,0.1,0,0.0,0.0,0
1,18,3,4,0.1,0,0.0,0.0,0
1,18,4,4,0.1,0,0.0,0.0,0
1,18,5,4,0.1,0,0.0,0.0,0
1,18,6,4,0.1,0,0.0,0.0,0
1,18,7,4,0.1,0,0.0,0.0,0
1,18,8,4,0.1,0,0.0,0.0,0
1,18,9,4,0.1,0,0.0,0.0,0
1,18,10,4,0.1,0,0.0,0.0,0
1,18,11,4,0.1,0,0.0,0.0,0
1,18,12,4,0.1,0,0.0,0.0,0
1,18,13,4,0.1,0,0.0,0.0,0
1,18,0,4,0.15,0,0.0,0.0,0
1,18,1,4,0.15,0,0.0,0.0,0
1,18,2,4,0.15,0,0.0,0.0,0
1,18,3,4,0.15,0,0.0,0.0,0
1,18,4,4,0.15,0,0.0,0.0,0
1,18,5,4,0.15,0,0.0,0.0,0
1,18,6,4,0.15,0,0.0,0.0,0
1,18,7,4,0.15,0,0.0,0.0,0
1,18,8,4,0.15,0,0.0,0.0,0
1,18,9,4,0.15,0,0.0,0.0,0
1,18,10,4,0.15,0,0.0,0.0,0
1,18,11,4,0.15,0,0.0,0.0,0
1,18,12,4,0.15,0,0.0,0.0,0
1,18,13,4,0.15,0,0.0,0.0,0
1,18,0,4,0.2,0,0.0,0.0,0
1,18,1,4,0.2,0,0.0,0.0,0
1,18,2,4,0.2,0,0.0,0.0,0
1,18,3,4,0.2,0,0.0,0.0,0
1,18,4,4,0.2,0,0.0,0.0,0
1,18,5,4,0.2,0,0.0,0.0,0
1,18,6,4,0.2,0,0.0,0.0,0
1,18,7,4,0.2,0,0.0,0.0,0
1,18,8,4,0.2,0,0.0,0.0,0
1,18,9,4,0.2,0,0.0,0.0,0
1,18,10,4,0.2,0,0.0,0.0,0
1,18,11,4,0.2,0,0.0,0.0,0
1,18,12,4,0.2,0,0.0,0.0,0
1,18,13,4,0.2,0,0.0,0.0,0
1,18,0,4,0.3,0,0.0,0.0,0
1,18,1,4,0.3,0,0.0,0.0,0
1,18,2,4,0.3,0,0.0,0.0,0
1,18,3,4,0.3,0,0.0,0.0,0
1,18,4,4,0.3,0,0.0,0.0,0
1,18,5,4,0.3,0,0.0,0.0,0
1,18,6,4,0.3,0,0.0,0.0,0
1,18,7,4,0.3,0,0.0,0.0,0
1,18,8,4,0.3,0,0.0,0.0,0
1,18,9,4,0.3,0,0.0,0.0,0
1,18,10,4,0.3,0,0.0,0.0,0
1,18,11,4,0.3,0,0.0,0.0,0
1,18,12,4,0.3,0,0.0,0.0,0
1,18,13,4,0.3,0,0.0,0.0,0
1,18,0,4,0.4,0,0.0,0.0,0
1,18,1,4,0.4,0,0.0,0.0,0
1,18,2,4,0.4,0,0.0,0.0,0
1,18,3,4,0.4,0,0.0,0.0,0
1,18,4,4,0.4,0,0.0,0.0,0
1,18,5,4,0.4,0,0.0,0.0,0
1,18,6,4,0.4,0,0.0,0.0,0
1,18,7,4,0.4,0,0.0,0.0,0
1,18,8,4,0.4,0,0.0,0.0,0
1,18,9,4,0.4,0,0.0,0.0,0
1,18,10,4,0.4,0,0.0,0.0,0
1,18,11,4,0.4,0,0.0,0.0,0
1,18,12,4,0.4,0,0.0,0.0,0
1,18,13,4,0.4,0,0.0,0.0,0
1,18,0,8,0.01,0,0.0,0.0,0
1,18,1,8,0.01,0,0.0,0.0,0
1,18,2,8,0.01,0,0.0,0.0,0
1,18,3,8,0.01,0,0.0,0.0,0
1,18,4,8,0.01,0,0.0,0.0,0
1,18,5,8,0.01,0,0.0,0.0,0
1,18,6,8,0.01,0,0.0,0.0,0
1,18,7,8,0.01,0,0.0,0.0,0
1,18,8,8,0.01,0,0.0,0.0,0
1,18,9,8,0.01,0,0.0,0.0,0
1,18,10,8,0.01,0,0.0,0.0,0
1,18,11,8,0.01,0,0.0,0.0,0
1,18,12,8,0.01,0,0.0,0.0,0
1,18,13,8,0.01,0,0.0,0.0,0
1,18,0,8,0.025,0,0.0,0.0,0
1,18,1,8,0.025,0,0.0,0.0,0
1,18,2,8,0.025,0,0.0,0.0,0
1,18,3,8,0.025,0,0.0,0.0,0
1,18,4,8,0.025,0,0.0,0.0,0
1,18,5,8,0.025,0,0.0,0.0,0
1,18,6,8,0.025,0,0.0,0.0,0
1,18,7,8,0.025,0,0.0,0.0,0
1,18,8,8,0.025,0,0.0,0.0,0
1,18,9,8,0.025,0,0.0,0.0,0
1,18,10,8,0.025,0,0.0,0.0,0
1,18,11,8,0.025,0,0.0,0.0,0
1,18,12,8,0.025,0,0.0,0.0,0
1,18,13,8,0.025,0,0.0,0.0,0
1,18,0,8,0.05,0,0.0,0.0,0
1,18,1,8,0.05,0,0.0,0.0,0
1,18,2,8,0.05,0,0.0,0.0,0
1,18,3,8,0.05,0,0.0,0.0,0
1,18,4,8,0.05,0,0.0,0.0,0
1,18,5,8,0.05,0,0.0,0.0,0
1,18,6,8,0.05,0,0.0,0.0,0
1,18,7,8,0.05,0,0.0,0.0,0
1,18,8,8,0.05,0,0.0,0.0,0
1,18,9,8,0.05,0,0.0,0.0,0
1,18,10,8,0.05,0,0.0,0.0,0
1,18,11,8,0.05,0,0.0,0.0,0
1,18,12,8,0.05,0,0.0,0.0,0
1,18,13,8,0.05,0,0.0,0.0,0
1,18,0,8,0.075,0,0.0,0.0,0
1,18,1,8,0.075,0,0.0,0.0,0
1,18,2,8,0.075,0,0.0,0.0,0
1,18,3,8,0.075,0,0.0,0.0,0
1,18,4,8,0.075,0,0.0,0.0,0
1,18,5,8,0.075,0,0.0,0.0,0
1,18,6,8,0.075,0,0.0,0.0,0
1,18,7,8,0.075,0,0.0,0.0,0
1,18,8,8,0.075,0,0.0,0.0,0
1,18,9,8,0.075,0,0.0,0.0,0
1,18,10,8,0.075,0,0.0,0.0,0
1,18,11,8,0.075,0,0.0,0.0,0
1,18,12,8,0.075,0,0.0,0.0,0
1,18,13,8,0.075,0,0.0,0.0,0
1,18,0,8,0.1,0,0.0,0.0,0
1,18,1,8,0.1,0,0.0,0.0,0
1,18,2,8,0.1,0,0.0,0.0,0
1,18,3,8,0.1,0,0.0,0.0,0
1,18,4,8,0.1,0,0.0,0.0,0
1,18,5,8,0.1,0,0.0,0.0,0
1,18,6,8,0.1,0,0.0,0.0,0
1,18,7,8,0.1,0,0.0,0.0,0
1,18,8,8,0.1,0,0.0,0.0,0
1,18,9,8,0.1,0,0.0,0.0,0
1,18,10,8,0.1,0,0.0,0.0,0
1,18,11,8,0.1,0,0.0,0.0,0
1,18,12,8,0.1,0,0.0,0.0,0
1,18,13,8,0.1,0,0.0,0.0,0
1,18,0,8,0.15,0,0.0,0.0,0
1,18,1,8,0.15,0,0.0,0.0,0
1,18,2,8,0.15,0,0.0,0.0,0
1,18,3,8,0.15,0,0.0,0.0,0
1,18,4,8,0.15,0,0.0,0.0,0
1,18,5,8,0.15,0,0.0,0.0,0
1,18,6,8,0.15,0,0.0,0.0,0
1,18,7,8,0.15,0,0.0,0.0,0
1,18,8,8,0.15,0,0.0,0.0,0
1,18,9,8,0.15,0,0.0,0.0,0
1,18,10,8,0.15,0,0.0,0.0,0
1,18,11,8,0.15,0,0.0,0.0,0
1,18,12,8,0.15,0,0.0,0.0,0
1,18,13,8,0.15,0,0.0,0.0,0
1,18,0,8,0.2,0,0.0,0.0,0
1,18,1,8,0.2,0,0.0,0.0,0
1,18,2,8,0.2,0,0.0,0.0,0
1,18,3,8,0.2,0,0.0,0.0,0
1,18,4,8,0.2,0,0.0,0.0,0
1,18,5,8,0.2,0,0.0,0.0,0
1,18,6,8,0.2,0,0.0,0.0,0
1,18,7,8,0.2,0,0.0,0.0,0
1,18,8,8,0.2,0,0.0,0.0,0
1,18,9,8,0.2,0,0.0,0.0,0
1,18,10,8,0.2,0,0.0,0.0,0
1,18,11,8,0.2,0,0.0,0.0,0
1,18,12,8,0.2,0,0.0,0.0,0
1,18,13,8,0.2,0,0.0,0.0,0
1,18,0,8,0.3,0,0.0,0.0,0
1,18,1,8,0.3,0,0.0,0.0,0
1,18,2,8,0.3,0,0.0,0.0,0
1,18,3,8,0.3,0,0.0,0.0,0
1,18,4,8,0.3,0,0.0,0.0,0
1,18,5,8,0.3,0,0.0,0.0,0
1,18,6,8,0.3,0,0.0,0.0,0
1,18,7,8,0.3,0,0.0,0.0,0
1,18,8,8,0.3,0,0.0,0.0,0
1,18,9,8,0.3,0,0.0,0.0,0
1,18,10,8,0.3,0,0.0,0.0,0
1,18,11,8,0.3,0,0.0,0.0,0
1,18,12,8,0.3,0,0.0,0.0,0
1,18,13,8,0.3,0,0.0,0.0,0
1,18,0,8,0.4,0,0.0,0.0,0
1,18,1,8,0.4,0,0.0,0.0,0
1,18,2,8,0.4,0,0.0,0.0,0
1,18,3,8,0.4,0,0.0,0.0,0
1,18,4,8,0.4,0,0.0,0.0,0
1,18,5,8,0.4,0,0.0,0.0,0
1,18,6,8,0.4,0,0.0,0.0,0
1,18,7,8,0.4,0,0.0,0.0,0
1,18,8,8,0.4,0,0.0,0.0,0
1,18,9,8,0.4,0,0.0,0.0,0
1,18,10,8,0.4,0,0.0,0.0,0
1,18,11,8,0.4,0,0.0,0.0,0
1,18,12,8,0.4,0,0.0,0.0,0
1,18,13,8,0.4,0,0.0,0.0,0
1,18,0,16,0.01,0,0.0,0.0,0
1,18,1,16,0.01,0,0.0,0.0,0
1,18,2,16,0.01,0,0.0,0.0,0
1,18,3,16,0.01,0,0.0,0.0,0
1,18,4,16,0.01,0,0.0,0.0,0
1,18,5,16,0.01,0,0.0,0.0,0
1,18,6,16,0.01,0,0.0,0.0,0
1,18,7,16,0.01,0,0.0,0.0,0
1,18,8,16,0.01,0,0.0,0.0,0
1,18,9,16,0.01,0,0.0,0.0,0
1,18,10,16,0.01,0,0.0,0.0,0
1,18,11,16,0.01,0,0.0,0.0,0
1,18,12,16,0.01,0,0.0,0.0,0
1,18,13,16,0.01,0,0.0,0.0,0
1,18,0,16,0.025,0,0.0,0.0,0
1,18,1,16,0.025,0,0.0,0.0,0
1,18,2,16,0.025,0,0.0,0.0,0
1,18,3,16,0.025,0,0.0,0.0,0
1,18,4,16,0.025,0,0.0,0.0,0
1,18,5,16,0.025,0,0.0,0.0,0
1,18,6,16,0.025,0,0.0,0.0,0
1,18,7,16,0.025,0,0.0,0.0,0
1,18,8,16,0.025,0,0.0,0.0,0
1,18,9,16,0.025,0,0.0,0.0,0
1,18,10,16,0.025,0,0.0,0.0,0
1,18,11,16,0.025,0,0.0,0.0,0
1,18,12,16,0.025,0,0.0,0.0,0
1,18,13,16,0.025,0,0.0,0.0,0
1,18,0,16,0.05,0,0.0,0.0,0
1,18,1,16,0.05,0,0.0,0.0,0
1,18,2,16,0.05,0,0.0,0.0,0
1,18,3,16,0.05,0,0.0,0.0,0
1,18,4,16,0.05,0,0.0,0.0,0
1,18,5,16,0.05,0,0.0,0.0,0
1,18,6,16,0.05,0,0.0,0.0,0
1,18,7,16,0.05,0,0.0,0.0,0
1,18,8,16,0.05,0,0.0,0.0,0
1,18,9,16,0.05,0,0.0,0.0,0
1,18,10,16,0.05,0,0.0,0.0,0
1,18,11,16,0.05,0,0.0,0.0,0
1,18,12,16,0.05,0,0.0,0.0,0
1,18,13,16,0.05,0,0.0,0.0,0
1,18,0,16,0.075,0,0.0,0.0,0
1,18,1,16,0.075,0,0.0,0.0,0
1,18,2,16,0.075,0,0.0,0.0,0
1,18,3,16,0.075,0,0.0,0.0,0
1,18,4,16,0.075,0,0.0,0.0,0
1,18,5,16,0.075,0,0.0,0.0,0
1,18,6,16,0.075,0,0.0,0.0,0
1,18,7,16,0.075,0,0.0,0.0,0
1,18,8,16,0.075,0,0.0,0.0,0
1,18,9,16,0.075,0,0.0,0.0,0
1,18,10,16,0.075,0,0.0,0.0,0
1,18,11,16,0.075,0,0.0,0.0,0
1,18,12,16,0.075,0,0.0,0.0,0
1,18,13,16,0.075,0,0.0,0.0,0
1,18,0,16,0.1,0,0.0,0.0,0
1,18,1,16,0.1,0,0.0,0.0,0
1,18,2,16,0.1,0,0.0,0.0,0
1,18,3,16,0.1,0,0.0,0.0,0
1,18,4,16,0.1,0,0.0,0.0,0
1,18,5,16,0.1,0,0.0,0.0,0
1,18,6,16,0.1,0,0.0,0.0,0
1,18,7,16,0.1,0,0.0,0.0,0
1,18,8,16,0.1,0,0.0,0.0,0
1,18,9,16,0.1,0,0.0,0.0,0
1,18,10,16,0.1,0,0.0,0.0,0
1,18,11,16,0.1,0,0.0,0.0,0
1,18,12,16,0.1,0,0.0,0.0,0
1,18,13,16,0.1,0,0.0,0.0,0
1,18,0,16,0.15,0,0.0,0.0,0
1,18,1,16,0.15,0,0.0,0.0,0
1,18,2,16,0.15,0,0.0,0.0,0
1,18,3,16,0.15,0,0.0,0.0,0
1,18,4,16,0.15,0,0.0,0.0,0
1,18,5,16,0.15,0,0.0,0.0,0
1,18,6,16,0.15,0,0.0,0.0,0
1,18,7,16,0.15,0,0.0,0.0,0
1,18,8,16,0.15,0,0.0,0.0,0
1,18,9,16,0.15,0,0.0,0.0,0
1,18,10,16,0.15,0,0.0,0.0,0
1,18,11,16,0.15,0,0.0,0.0,0
1,18,12,16,0.15,0,0.0,0.0,0
1,18,13,16,0.15,0,0.0,0.0,0
1,18,0,16,0.2,0,0.0,0.0,0
1,18,1,16,0.2,0,0.0,0.0,0
1,18,2,16,0.2,0,0.0,0.0,0
1,18,3,16,0.2,0,0.0,0.0,0
1,18,4,16,0.2,0,0.0,0.0,0
1,18,5,16,0.2,0,0.0,0.0,0
1,18,6,16,0.2,0,0.0,0.0,0
1,18,7,16,0.2,0,0.0,0.0,0
1,18,8,16,0.2,0,0.0,0.0,0
1,18,9,16,0.2,0,0.0,0.0,0
1,18,10,16,0.2,0,0.0,0.0,0
1,18,11,16,0.2,0,0.0,0.0,0
1,18,12,16,0.2,0,0.0,0.0,0
1,18,13,16,0.2,0,0.0,0.0,0
1,18,0,16,0.3,0,0.0,0.0,0
1,18,1,16,0.3,0,0.0,0.0,0
1,18,2,16,0.3,0,0.0,0.0,0
1,18,3,16,0.3,0,0.0,0.0,0
1,18,4,16,0.3,0,0.0,0.0,0
1,18,5,16,0.3,0,0.0,0.0,0
1,18,6,16,0.3,0,0.0,0.0,0
1,18,7,16,0.3,0,0.0,0.0,0
1,18,8,16,0.3,0,0.0,0.0,0
1,18,9,16,0.3,0,0.0,0.0,0
1,18,10,16,0.3,0,0.0,0.0,0
1,18,11,16,0.3,0,0.0,0.0,0
1,18,12,16,0.3,0,0.0,0.0,0
1,18,13,16,0.3,0,0.0,0.0,0
1,18,0,16,0.4,0,0.0,0.0,0
1,18,1,16,0.4,0,0.0,0.0,0
1,18,2,16,0.4,0,0.0,0.0,0
1,18,3,16,0.4,0,0.0,0.0,0
1,18,4,16,0.4,0,0.0,0.0,0
1,18,5,16,0.4,0,0.0,0.0,0
1,18,6,16,0.4,0,0.0,0.0,0
1,18,7,16,0.4,0,0.0,0.0,0
1,18,8,16,0.4,0,0.0,0.0,0
1,18,9,16,0.4,0,0.0,0.0,0
1,18,10,16,0.4,0,0.0,0.0,0
1,18,11,16,0.4,0,0.0,0.0,0
1,18,12,16,0.4,0,0.0,0.0,0
1,18,13,16,0.4,0,0.0,0.0,0
1,18,0,32,0.01,0,0.0,0.0,0
1,18,1,32,0.01,0,0.0,0.0,0
1,18,2,32,0.01,0,0.0,0.0,0
1,18,3,32,0.01,0,0.0,0.0,0
1,18,4,32,0.01,0,0.0,0.0,0
1,18,5,32,0.01,0,0.0,0.0,0
1,18,6,32,0.01,0,0.0,0.0,0
1,18,7,32,0.01,0,0.0,0.0,0
1,18,8,32,0.01,0,0.0,0.0,0
1,18,9,32,0.01,0,0.0,0.0,0
1,18,10,32,0.01,0,0.0,0.0,0
1,18,11,32,0.01,0,0.0,0.0,0
1,18,12,32,0.01,0,0.0,0.0,0
1,18,13,32,0.01,0,0.0,0.0,0
1,18,0,32,0.025,0,0.0,0.0,0
1,18,1,32,0.025,0,0.0,0.0,0
1,18,2,32,0.025,0,0.0,0.0,0
1,18,3,32,0.025,0,0.0,0.0,0
1,18,4,32,0.025,0,0.0,0.0,0
1,18,5,32,0.025,0,0.0,0.0,0
1,18,6,32,0.025,0,0.0,0.0,0
1,18,7,32,0.025,0,0.0,0.0,0
1,18,8,32,0.025,0,0.0,0.0,0
1,18,9,32,0.025,0,0.0,0.0,0
1,18,10,32,0.025,0,0.0,0.0,0
1,18,11,32,0.025,0,0.0,0.0,0
1,18,12,32,0.025,0,0.0,0.0,0
1,18,13,32,0.025,0,0.0,0.0,0
1,18,0,32,0.05,0,0.0,0.0,0
1,18,1,32,0.05,0,0.0,0.0,0
1,18,2,32,0.05,0,0.0,0.0,0
1,18,3,32,0.05,0,0.0,0.0,0
1,18,4,32,0.05,0,0.0,0.0,0
1,18,5,32,0.05,0,0.0,0.0,0
1,18,6,32,0.05,0,0.0,0.0,0
1,18,7,32,0.05,0,0.0,0.0,0
1,18,8,32,0.05,0,0.0,0.0,0
1,18,9,32,0.05,0,0.0,0.0,0
1,18,10,32,0.05,0,0.0,0.0,0
1,18,11,32,0.05,0,0.0,0.0,0
1,18,12,32,0.05,0,0.0,0.0,0
1,18,13,32,0.05,0,0.0,0.0,0
1,18,0,32,0.075,0,0.0,0.0,0
1,18,1,32,0.075,0,0.0,0.0,0
1,18,2,32,0.075,0,0.0,0.0,0
1,18,3,32,0.075,0,0.0,0.0,0
1,18,4,32,0.075,0,0.0,0.0,0
1,18,5,32,0.075,0,0.0,0.0,0
1,18,6,32,0.075,0,0.0,0.0,0
1,18,7,32,0.075,0,0.0,0.0,0
1,18,8,32,0.075,0,0.0,0.0,0
1,18,9,32,0.075,0,0.0,0.0,0
1,18,10,32,0.075,0,0.0,0.0,0
1,18,11,32,0.075,0,0.0,0.0,0
1,18,12,32,0.075,0,0.0,0.0,0
1,18,13,32,0.075,0,0.0,0.0,0
1,18,0,32,0.1,0,0.0,0.0,0
1,18,1,32,0.1,0,0.0,0.0,0
1,18,2,32,0.1,0,0.0,0.0,0
1,18,3,32,0.1,0,0.0,0.0,0
1,18,4,32,0.1,0,0.0,0.0,0
1,18,5,32,0.1,0,0.0,0.0,0
1,18,6,32,0.1,0,0.0,0.0,0
1,18,7,32,0.1,0,0.0,0.0,0
1,18,8,32,0.1,0,0.0,0.0,0
1,18,9,32,0.1,0,0.0,0.0,0
1,18,10,32,0.1,0,0.0,0.0,0
1,18,11,32,0.1,0,0.0,0.0,0
1,18,12,32,0.1,0,0.0,0.0,0
1,18,13,32,0.1,0,0.0,0.0,0
1,18,0,32,0.15,0,0.0,0.0,0
1,18,1,32,0.15,0,0.0,0.0,0
1,18,2,32,0.15,0,0.0,0.0,0
1,18,3,32,0.15,0,0.0,0.0,0
1,18,4,32,0.15,0,0.0,0.0,0
1,18,5,32,0.15,0,0.0,0.0,0
1,18,6,32,0.15,0,0.0,0.0,0
1,18,7,32,0.15,0,0.0,0.0,0
1,18,8,32,0.15,0,0.0,0.0,0
1,18,9,32,0.15,0,0.0,0.0,0
1,18,10,32,0.15,0,0.0,0.0,0
1,18,11,32,0.15,0,0.0,0.0,0
1,18,12,32,0.15,0,0.0,0.0,0
1,18,13,32,0.15,0,0.0,0.0,0
1,18,0,32,0.2,0,0.0,0.0,0
1,18,1,32,0.2,0,0.0,0.0,0
1,18,2,32,0.2,0,0.0,0.0,0
1,18,3,32,0.2,0,0.0,0.0,0
1,18,4,32,0.2,0,0.0,0.0,0
1,18,5,32,0.2,0,0.0,0.0,0
1,18,6,32,0.2,0,0.0,0.0,0
1,18,7,32,0.2,0,0.0,0.0,0
1,18,8,32,0.2,0,0.0,0.0,0
1,18,9,32,0.2,0,0.0,0.0,0
1,18,10,32,0.2,0,0.0,0.0,0
1,18,11,32,0.2,0,0.0,0.0,0
1,18,12,32,0.2,0,0.0,0.0,0
1,18,13,32,0.2,0,0.0,0.0,0
1,18,0,32,0.3,0,0.0,0.0,0
1,18,1,32,0.3,0,0.0,0.0,0
1,18,2,32,0.3,0,0.0,0.0,0
1,18,3,32,0.3,0,0.0,0.0,0
1,18,4,32,0.3,0,0.0,0.0,0
1,18,5,32,0.3,0,0.0,0.0,0
1,18,6,32,0.3,0,0.0,0.0,0
1,18,7,32,0.3,0,0.0,0.0,0
1,18,8,32,0.3,0,0.0,0.0,0
1,18,9,32,0.3,0,0.0,0.0,0
1,18,10,32,0.3,0,0.0,0.0,0
1,18,11,32,0.3,0,0.0,0.0,0
1,18,12,32,0.3,0,0.0,0.0,0
1,18,13,32,0.3,0,0.0,0.0,0
1,18,0,32,0.4,0,0.0,0.0,0
1,18,1,32,0.4,0,0.0,0.0,0
1,18,2,32,0.4,0,0.0,0.0,0
1,18,3,32,0.4,0,0.0,0.0,0
1,18,4,32,0.4,0,0.0,0.0,0
1,18,5,32,0.4,0,0.0,0.0,0
1,18,6,32,0.4,0,0.0,0.0,0
1,18,7,32,0.4,0,0.0,0.0,0
1,18,8,32,0.4,0,0.0,0.0,0
1,18,9,32,0.4,0,0.0,0.0,0
1,18,10,32,0.4,0,0.0,0.0,0
1,18,11,32,0.4,0,0.0,0.0,0
1,18,12,32,0.4,0,0.0,0.0,0
1,18,13,32,0.4,0,0.0,0.0,0
1,18,0,64,0.01,0,0.0,0.0,0
1,18,1,64,0.01,0,0.0,0.0,0
1,18,2,64,0.01,0,0.0,0.0,0
1,18,3,64,0.01,0,0.0,0.0,0
1,18,4,64,0.01,0,0.0,0.0,0
1,18,5,64,0.01,0,0.0,0.0,0
1,18,6,64,0.01,0,0.0,0.0,0
1,18,7,64,0.01,0,0.0,0.0,0
1,18,8,64,0.01,0,0.0,0.0,0
1,18,9,64,0.01,0,0.0,0.0,0
1,18,10,64,0.01,0,0.0,0.0,0
1,18,11,64,0.01,0,0.0,0.0,0
1,18,12,64,0.01,0,0.0,0.0,0
1,18,13,64,0.01,0,0.0,0.0,0
1,18,0,64,0.025,0,0.0,0.0,0
1,18,1,64,0.025,0,0.0,0.0,0
1,18,2,64,0.025,0,0.0,0.0,0
1,18,3,64,0.025,0,0.0,0.0,0
1,18,4,64,0.025,0,0.0,0.0,0
1,18,5,64,0.025,0,0.0,0.0,0
1,18,6,64,0.025,0,0.0,0.0,0
1,18,7,64,0.025,0,0.0,0.0,0
1,18,8,64,0.025,0,0.0,0.0,0
1,18,9,64,0.025,0,0.0,0.0,0
1,18,10,64,0.025,0,0.0,0.0,0
1,18,11,64,0.025,0,0.0,0.0,0
1,18,12,64,0.025,0,0.0,0.0,0
1,18,13,64,0.025,0,0.0,0.0,0
1,18,0,64,0.05,0,0.0,0.0,0
1,18,1,64,0.05,0,0.0,0.0,0
1,18,2,64,0.05,0,0.0,0.0,0
1,18,3,64,0.05,0,0.0,0.0,0
1,18,4,64,0.05,0,0.0,0.0,0
1,18,5,64,0.05,0,0.0,0.0,0
1,18,6,64,0.05,0,0.0,0.0,0
1,18,7,64,0.05,0,0.0,0.0,0
1,18,8,64,0.05,0,0.0,0.0,0
1,18,9,64,0.05,0,0.0,0.0,0
1,18,10,64,0.05,0,0.0,0.0,0
1,18,11,64,0.05,0,0.0,0.0,0
1,18,12,64,0.05,0,0.0,0.0,0
1,18,13,64,0.05,0,0.0,0.0,0
1,18,0,64,0.075,0,0.0,0.0,0
1,18,1,64,0.075,0,0.0,0.0,0
1,18,2,64,0.075,0,0.0,0.0,0
1,18,3,64,0.075,0,0.0,0.0,0
1,18,4,64,0.075,0,0.0,0.0,0
1,18,5,64,0.075,0,0.0,0.0,0
1,18,6,64,0.075,0,0.0,0.0,0
1,18,7,64,0.075,0,0.0,0.0,0
1,18,8,64,0.075,0,0.0,0.0,0
1,18,9,64,0.075,0,0.0,0.0,0
1,18,10,64,0.075,0,0.0,0.0,0
1,18,11,64,0.075,0,0.0,0.0,0
1,18,12,64,0.075,0,0.0,0.0,0
1,18,13,64,0.075,0,0.0,0.0,0
1,18,0,64,0.1,0,0.0,0.0,0
1,18,1,64,0.1,0,0.0,0.0,0
1,18,2,64,0.1,0,0.0,0.0,0
1,18,3,64,0.1,0,0.0,0.0,0
1,18,4,64,0.1,0,0.0,0.0,0
1,18,5,64,0.1,0,0.0,0.0,0
1,18,6,64,0.1,0,0.0,0.0,0
1,18,7,64,0.1,0,0.0,0.0,0
1,18,8,64,0.1,0,0.0,0.0,0
1,18,9,64,0.1,0,0.0,0.0,0
1,18,10,64,0.1,0,0.0,0.0,0
1,18,11,64,0.1,0,0.0,0.0,0
1,18,12,64,0.1,0,0.0,0.0,0
1,18,13,64,0.1,0,0.0,0.0,0
1,18,0,64,0.15,0,0.0,0.0,0
1,18,1,64,0.15,0,0.0,0.0,0
1,18,2,64,0.15,0,0.0,0.0,0
1,18,3,64,0.15,0,0.0,0.0,0
1,18,4,64,0.15,0,0.0,0.0,0
1,18,5,64,0.15,0,0.0,0.0,0
1,18,6,64,0.15,0,0.0,0.0,0
1,18,7,64,0.15,0,0.0,0.0,0
1,18,8,64,0.15,0,0.0,0.0,0
1,18,9,64,0.15,0,0.0,0.0,0
1,18,10,64,0.15,0,0.0,0.0,0
1,18,11,64,0.15,0,0.0,0.0,0
1,18,12,64,0.15,0,0.0,0.0,0
1,18,13,64,0.15,0,0.0,0.0,0
1,18,0,64,0.2,0,0.0,0.0,0
1,18,1,64,0.2,0,0.0,0.0,0
1,18,2,64,0.2,0,0.0,0.0,0
1,18,3,64,0.2,0,0.0,0.0,0
1,18,4,64,0.2,0,0.0,0.0,0
1,18,5,64,0.2,0,0.0,0.0,0
1,18,6,64,0.2,0,0.0,0.0,0
1,18,7,64,0.2,0,0.0,0.0,0
1,18,8,64,0.2,0,0.0,0.0,0
1,18,9,64,0.2,0,0.0,0.0,0
1,18,10,64,0.2,0,0.0,0.0,0
1,18,11,64,0.2,0,0.0,0.0,0
1,18,12,64,0.2,0,0.0,0.0,0
1,18,13,64,0.2,0,0.0,0.0,0
1,18,0,64,0.3,0,0.0,0.0,0
1,18,1,64,0.3,0,0.0,0.0,0
1,18,2,64,0.3,0,0.0,0.0,0
1,18,3,64,0.3,0,0.0,0.0,0
1,18,4,64,0.3,0,0.0,0.0,0
1,18,5,64,0.3,0,0.0,0.0,0
1,18,6,64,0.3,0,0.0,0.0,0
1,18,7,64,0.3,0,0.0,0.0,0
1,18,8,64,0.3,0,0.0,0.0,0
1,18,9,64,0.3,0,0.0,0.0,0
1,18,10,64,0.3,0,0.0,0.0,0
1,18,11,64,0.3,0,0.0,0.0,0
1,18,12,64,0.3,0,0.0,0.0,0
1,18,13,64,0.3,0,0.0,0.0,0
1,18,0,64,0.4,0,0.0,0.0,0
1,18,1,64,0.4,0,0.0,0.0,0
1,18,2,64,0.4,0,0.0,0.0,0
1,18,3,64,0.4,0,0.0,0.0,0
1,18,4,64,0.4,0,0.0,0.0,0
1,18,5,64,0.4,0,0.0,0.0,0
1,18,6,64,0.4,0,0.0,0.0,0
1,18,7,64,0.4,0,0.0,0.0,0
1,18,8,64,0.4,0,0.0,0.0,0
1,18,9,64,0.4,0,0.0,0.0,0
1,18,10,64,0.4,0,0.0,0.0,0
1,18,11,64,0.4,0,0.0,0.0,0
1,18,12,64,0.4,0,0.0,0.0,0
1,18,13,64,0.4,0,0.0,0.0,0
1,18,0,128,0.01,0,0.0,0.0,0
1,18,1,128,0.01,0,0.0,0.0,0
1,18,2,128,0.01,0,0.0,0.0,0
1,18,3,128,0.01,0,0.0,0.0,0
1,18,4,128,0.01,0,0.0,0.0,0
1,18,5,128,0.01,0,0.0,0.0,0
1,18,6,128,0.01,0,0.0,0.0,0
1,18,7,128,0.01,0,0.0,0.0,0
1,18,8,128,0.01,0,0.0,0.0,0
1,18,9,128,0.01,0,0.0,0.0,0
1,18,10,128,0.01,0,0.0,0.0,0
1,18,11,128,0.01,0,0.0,0.0,0
1,18,12,128,0.01,0,0.0,0.0,0
1,18,13,128,0.01,0,0.0,0.0,0
1,18,0,128,0.025,0,0.0,0.0,0
1,18,1,128,0.025,0,0.0,0.0,0
1,18,2,128,0.025,0,0.0,0.0,0
1,18,3,128,0.025,0,0.0,0.0,0
1,18,4,128,0.025,0,0.0,0.0,0
1,18,5,128,0.025,0,0.0,0.0,0
1,18,6,128,0.025,0,0.0,0.0,0
1,18,7,128,0.025,0,0.0,0.0,0
1,18,8,128,0.025,0,0.0,0.0,0
1,18,9,128,0.025,0,0.0,0.0,0
1,18,10,128,0.025,0,0.0,0.0,0
1,18,11,128,0.025,0,0.0,0.0,0
1,18,12,128,0.025,0,0.0,0.0,0
1,18,13,128,0.025,0,0.0,0.0,0
1,18,0,128,0.05,0,0.0,0.0,0
1,18,1,128,0.05,0,0.0,0.0,0
1,18,2,128,0.05,0,0.0,0.0,0
1,18,3,128,0.05,0,0.0,0.0,0
1,18,4,128,0.05,0,0.0,0.0,0
1,18,5,128,0.05,0,0.0,0.0,0
1,18,6,128,0.05,0,0.0,0.0,0
1,18,7,128,0.05,0,0.0,0.0,0
1,18,8,128,0.05,0,0.0,0.0,0
1,18,9,128,0.05,0,0.0,0.0,0
1,18,10,128,0.05,0,0.0,0.0,0
1,18,11,128,0.05,0,0.0,0.0,0
1,18,12,128,0.05,0,0.0,0.0,0
1,18,13,128,0.05,0,0.0,0.0,0
1,18,0,128,0.075,0,0.0,0.0,0
1,18,1,128,0.075,0,0.0,0.0,0
1,18,2,128,0.075,0,0.0,0.0,0
1,18,3,128,0.075,0,0.0,0.0,0
1,18,4,128,0.075,0,0.0,0.0,0
1,18,5,128,0.075,0,0.0,0.0,0
1,18,6,128,0.075,0,0.0,0.0,0
1,18,7,128,0.075,0,0.0,0.0,0
1,18,8,128,0.075,0,0.0,0.0,0
1,18,9,128,0.075,0,0.0,0.0,0
1,18,10,128,0.075,0,0.0,0.0,0
1,18,11,128,0.075,0,0.0,0.0,0
1,18,12,128,0.075,0,0.0,0.0,0
1,18,13,128,0.075,0,0.0,0.0,0
1,18,0,128,0.1,0,0.0,0.0,0
1,18,1,128,0.1,0,0.0,0.0,0
1,18,2,128,0.1,0,0.0,0.0,0
1,18,3,128,0.1,0,0.0,0.0,0
1,18,4,128,0.1,0,0.0,0.0,0
1,18,5,128,0.1,0,0.0,0.0,0
1,18,6,128,0.1,0,0.0,0.0,0
1,18,7,128,0.1,0,0.0,0.0,0
1,18,8,128,0.1,0,0.0,0.0,0
1,18,9,128,0.1,0,0.0,0.0,0
1,18,10,128,0.1,0,0.0,0.0,0
1,18,11,128,0.1,0,0.0,0.0,0
1,18,12,128,0.1,0,0.0,0.0,0
1,18,13,128,0.1,0,0.0,0.0,0
1,18,0,128,0.15,0,0.0,0.0,0
1,18,1,128,0.15,0,0.0,0.0,0
1,18,2,128,0.15,0,0.0,0.0,0
1,18,3,128,0.15,0,0.0,0.0,0
1,18,4,128,0.15,0,0.0,0.0,0
1,18,5,128,0.15,0,0.0,0.0,0
1,18,6,128,0.15,0,0.0,0.0,0
1,18,7,128,0.15,0,0.0,0.0,0
1,18,8,128,0.15,0,0.0,0.0,0
1,18,9,128,0.15,0,0.0,0.0,0
1,18,10,128,0.15,0,0.0,0.0,0
1,18,11,128,0.15,0,0.0,0.0,0
1,18,12,128,0.15,0,0.0,0.0,0
1,18,13,128,0.15,0,0.0,0.0,0
1,18,0,128,0.2,0,0.0,0.0,0
1,18,1,128,0.2,0,0.0,0.0,0
1,18,2,128,0.2,0,0.0,0.0,0
1,18,3,128,0.2,0,0.0,0.0,0
1,18,4,128,0.2,0,0.0,0.0,0
1,18,5,128,0.2,0,0.0,0.0,0
1,18,6,128,0.2,0,0.0,0.0,0
1,18,7,128,0.2,0,0.0,0.0,0
1,18,8,128,0.2,0,0.0,0.0,0
1,18,9,128,0.2,0,0.0,0.0,0
1,18,10,128,0.2,0,0.0,0.0,0
1,18,11,128,0.2,0,0.0,0.0,0
1,18,12,128,0.2,0,0.0,0.0,0
1,18,13,128,0.2,0,0.0,0.0,0
1,18,0,128,0.3,0,0.0,0.0,0
1,18,1,128,0.3,0,0.0,0.0,0
1,18,2,128,0.3,0,0.0,0.0,0
1,18,3,128,0.3,0,0.0,0.0,0
1,18,4,128,0.3,0,0.0,0.0,0
1,18,5,128,0.3,0,0.0,0.0,0
1,18,6,128,0.3,0,0.0,0.0,0
1,18,7,128,0.3,0,0.0,0.0,0
1,18,8,128,0.3,0,0.0,0.0,0
1,18,9,128,0.3,0,0.0,0.0,0
1,18,10,128,0.3,0,0.0,0.0,0
1,18,11,128,0.3,0,0.0,0.0,0
1,18,12,128,0.3,0,0.0,0.0,0
1,18,13,128,0.3,0,0.0,0.0,0
1,18,0,128,0.4,0,0.0,0.0,0
1,18,1,128,0.4,0,0.0,0.0,0
1,18,2,128,0.4,0,0.0,0.0,0
1,18,3,128,0.4,0,0.0,0.0,0
1,18,4,128,0.4,0,0.0,0.0,0
1,18,5,128,0.4,0,0.0,0.0,0
1,18,6,128,0.4,0,0.0,0.0,0
1,18,7,128,0.4,0,0.0,0.0,0
1,18,8,128,0.4,0,0.0,0.0,0
1,18,9,128,0.4,0,0.0,0.0,0
1,18,10,128,0.4,0,0.0,0.0,0
1,18,11,128,0.4,0,0.0,0.0,0
1,18,12,128,0.4,0,0.0,0.0,0
1,18,13,128,0.4,0,0.0,0.0,0
1,23,0,4,0.01,0,0.0,0.0,0
1,23,1,4,0.01,0,0.0,0.0,0
1,23,2,4,0.01,0,0.0,0.0,0
1,23,3,4,0.01,0,0.0,0.0,0
1,23,4,4,0.01,0,0.0,0.0,0
1,23,5,4,0.01,0,0.0,0.0,0
1,23,6,4,0.01,0,0.0,0.0,0
1,23,7,4,0.01,0,0.0,0.0,0
1,23,8,4,0.01,0,0.0,0.0,0
1,23,9,4,0.01,0,0.0,0.0,0
1,23,10,4,0.01,0,0.0,0.0,0
1,23,11,4,0.01,0,0.0,0.0,0
1,23,12,4,0.01,0,0.0,0.0,0
1,23,13,4,0.01,0,0.0,0.0,0
1,23,0,4,0.025,0,0.0,0.0,0
1,23,1,4,0.025,0,0.0,0.0,0
1,23,2,4,0.025,0,0.0,0.0,0
1,23,3,4,0.025,0,0.0,0.0,0
1,23,4,4,0.025,0,0.0,0.0,0
1,23,5,4,0.025,0,0.0,0.0,0
1,23,6,4,0.025,0,0.0,0.0,0
1,23,7,4,0.025,0,0.0,0.0,0
1,23,8,4,0.025,0,0.0,0.0,0
1,23,9,4,0.025,0,0.0,0.0,0
1,23,10,4,0.025,0,0.0,0.0,0
1,23,11,4,0.025,0,0.0,0.0,0
1,23,12,4,0.025,0,0.0,0.0,0
1,23,13,4,0.025,0,0.0,0.0,0
1,23,0,4,0.05,0,0.0,0.0,0
1,23,1,4,0.05,0,0.0,0.0,0
1,23,2,4,0.05,0,0.0,0.0,0
1,23,3,4,0.05,0,0.0,0.0,0
1,23,4,4,0.05,0,0.0,0.0,0
1,23,5,4,0.05,0,0.0,0.0,0
1,23,6,4,0.05,0,0.0,0.0,0
1,23,7,4,0.05,0,0.0,0.0,0
1,23,8,4,0.05,0,0.0,0.0,0
1,23,9,4,0.05,0,0.0,0.0,0
1,23,10,4,0.05,0,0.0,0.0,0
1,23,11,4,0.05,0,0.0,0.0,0
1,23,12,4,0.05,0,0.0,0.0,0
1,23,13,4,0.05,0,0.0,0.0,0
1,23,0,4,0.075,0,0.0,0.0,0
1,23,1,4,0.075,0,0.0,0.0,0
1,23,2,4,0.075,0,0.0,0.0,0
1,23,3,4,0.075,0,0.0,0.0,0
1,23,4,4,0.075,0,0.0,0.0,0
1,23,5,4,0.075,0,0.0,0.0,0
1,23,6,4,0.075,0,0.0,0.0,0
1,23,7,4,0.075,0,0.0,0.0,0
1,23,8,4,0.075,0,0.0,0.0,0
1,23,9,4,0.075,0,0.0,0.0,0
1,23,10,4,0.075,0,0.0,0.0,0
1,23,11,4,0.075,0,0.0,0.0,0
1,23,12,4,0.075,0,0.0,0.0,0
1,23,13,4,0.075,0,0.0,0.0,0
1,23,0,4,0.1,0,0.0,0.0,0
1,23,1,4,0.1,0,0.0,0.0,0
1,23,2,4,0.1,0,0.0,0.0,0
1,23,3,4,0.1,0,0.0,0.0,0
1,23,4,4,0.1,0,0.0,0.0,0
1,23,5,4,0.1,0,0.0,0.0,0
1,23,6,4,0.1,0,0.0,0.0,0
1,23,7,4,0.1,0,0.0,0.0,0
1,23,8,4,0.1,0,0.0,0.0,0
1,23,9,4,0.1,0,0.0,0.0,0
1,23,10,4,0.1,0,0.0,0.0,0
1,23,11,4,0.1,0,0.0,0.0,0
1,23,12,4,0.1,0,0.0,0.0,0
1,23,13,4,0.1,0,0.0,0.0,0
1,23,0,4,0.15,0,0.0,0.0,0
1,23,1,4,0.15,0,0.0,0.0,0
1,23,2,4,0.15,0,0.0,0.0,0
1,23,3,4,0.15,0,0.0,0.0,0
1,23,4,4,0.15,0,0.0,0.0,0
1,23,5,4,0.15,0,0.0,0.0,0
1,23,6,4,0.15,0,0.0,0.0,0
1,23,7,4,0.15,0,0.0,0.0,0
1,23,8,4,0.15,0,0.0,0.0,0
1,23,9,4,0.15,0,0.0,0.0,0
1,23,10,4,0.15,0,0.0,0.0,0
1,23,11,4,0.15,0,0.0,0.0,0
1,23,12,4,0.15,0,0.0,0.0,0
1,23,13,4,0.15,0,0.0,0.0,0
1,23,0,4,0.2,0,0.0,0.0,0
1,23,1,4,0.2,0,0.0,0.0,0
1,23,2,4,0.2,0,0.0,0.0,0
1,23,3,4,0.2,0,0.0,0.0,0
1,23,4,4,0.2,0,0.0,0.0,0
1,23,5,4,0.2,0,0.0,0.0,0
1,23,6,4,0.2,0,0.0,0.0,0
1,23,7,4,0.2,0,0.0,0.0,0
1,23,8,4,0.2,0,0.0,0.0,0
1,23,9,4,0.2,0,0.0,0.0,0
1,23,10,4,0.2,0,0.0,0.0,0
1,23,11,4,0.2,0,0.0,0.0,0
1,23,12,4,0.2,0,0.0,0.0,0
1,23,13,4,0.2,0,0.0,0.0,0
1,23,0,4,0.3,0,0.0,0.0,0
1,23,1,4,0.3,0,0.0,0.0,0
1,23,2,4,0.3,0,0.0,0.0,0
1,23,3,4,0.3,0,0.0,0.0,0
1,23,4,4,0.3,0,0.0,0.0,0
1,23,5,4,0.3,0,0.0,0.0,0
1,23,6,4,0.3,0,0.0,0.0,0
1,23,7,4,0.3,0,0.0,0.0,0
1,23,8,4,0.3,0,0.0,0.0,0
1,23,9,4,0.3,0,0.0,0.0,0
1,23,10,4,0.3,0,0.0,0.0,0
1,23,11,4,0.3,0,0.0,0.0,0
1,23,12,4,0.3,0,0.0,0.0,0
1,23,13,4,0.3,0,0.0,0.0,0
1,23,0,4,0.4,0,0.0,0.0,0
1,23,1,4,0.4,0,0.0,0.0,0
1,23,2,4,0.4,0,0.0,0.0,0
1,23,3,4,0.4,0,0.0,0.0,0
1,23,4,4,0.4,0,0.0,0.0,0
1,23,5,4,0.4,0,0.0,0.0,0
1,23,6,4,0.4,0,0.0,0.0,0
1,23,7,4,0.4,0,0.0,0.0,0
1,23,8,4,0.4,0,0.0,0.0,0
1,23,9,4,0.4,0,0.0,0.0,0
1,23,10,4,0.4,0,0.0,0.0,0
1,23,11,4,0.4,0,0.0,0.0,0
1,23,12,4,0.4,0,0.0,0.0,0
1,23,13,4,0.4,0,0.0,0.0,0
1,23,0,8,0.01,0,0.0,0.0,0
1,23,1,8,0.01,0,0.0,0.0,0
1,23,2,8,0.01,0,0.0,0.0,0
1,23,3,8,0.01,0,0.0,0.0,0
1,23,4,8,0.01,0,0.0,0.0,0
1,23,5,8,0.01,0,0.0,0.0,0
1,23,6,8,0.01,0,0.0,0.0,0
1,23,7,8,0.01,0,0.0,0.0,0
1,23,8,8,0.01,0,0.0,0.0,0
1,23,9,8,0.01,0,0.0,0.0,0
1,23,10,8,0.01,0,0.0,0.0,0
1,23,11,8,0.01,0,0.0,0.0,0
1,23,12,8,0.01,0,0.0,0.0,0
1,23,13,8,0.01,0,0.0,0.0,0
1,23,0,8,0.025,0,0.0,0.0,0
1,23,1,8,0.025,0,0.0,0.0,0
1,23,2,8,0.025,0,0.0,0.0,0
1,23,3,8,0.025,0,0.0,0.0,0
1,23,4,8,0.025,0,0.0,0.0,0
1,23,5,8,0.025,0,0.0,0.0,0
1,23,6,8,0.025,0,0.0,0.0,0
1,23,7,8,0.025,0,0.0,0.0,0
1,23,8,8,0.025,0,0.0,0.0,0
1,23,9,8,0.025,0,0.0,0.0,0
1,23,10,8,0.025,0,0.0,0.0,0
1,23,11,8,0.025,0,0.0,0.0,0
1,23,12,8,0.025,0,0.0,0.0,0
1,23,13,8,0.025,0,0.0,0.0,0
1,23,0,8,0.05,0,0.0,0.0,0
1,23,1,8,0.05,0,0.0,0.0,0
1,23,2,8,0.05,0,0.0,0.0,0
1,23,3,8,0.05,0,0.0,0.0,0
1,23,4,8,0.05,0,0.0,0.0,0
1,23,5,8,0.05,0,0.0,0.0,0
1,23,6,8,0.05,0,0.0,0.0,0
1,23,7,8,0.05,0,0.0,0.0,0
1,23,8,8,0.05,0,0.0,0.0,0
1,23,9,8,0.05,0,0.0,0.0,0
1,23,10,8,0.05,0,0.0,0.0,0
1,23,11,8,0.05,0,0.0,0.0,0
1,23,12,8,0.05,0,0.0,0.0,0
1,23,13,8,0.05,0,0.0,0.0,0
1,23,0,8,0.075,0,0.0,0.0,0
1,23,1,8,0.075,0,0.0,0.0,0
1,23,2,8,0.075,0,0.0,0.0,0
1,23,3,8,0.075,0,0.0,0.0,0
1,23,4,8,0.075,0,0.0,0.0,0
1,23,5,8,0.075,0,0.0,0.0,0
1,23,6,8,0.075,0,0.0,0.0,0
1,23,7,8,0.075,0,0.0,0.0,0
1,23,8,8,0.075,0,0.0,0.0,0
1,23,9,8,0.075,0,0.0,0.0,0
1,23,10,8,0.075,0,0.0,0.0,0
1,23,11,8,0.075,0,0.0,0.0,0
1,23,12,8,0.075,0,0.0,0.0,0
1,23,13,8,0.075,0,0.0,0.0,0
1,23,0,8,0.1,0,0.0,0.0,0
1,23,1,8,0.1,0,0.0,0.0,0
1,23,2,8,0.1,0,0.0,0.0,0
1,23,3,8,0.1,0,0.0,0.0,0
1,23,4,8,0.1,0,0.0,0.0,0
1,23,5,8,0.1,0,0.0,0.0,0
1,23,6,8,0.1,0,0.0,0.0,0
1,23,7,8,0.1,0,0.0,0.0,0
1,23,8,8,0.1,0,0.0,0.0,0
1,23,9,8,0.1,0,0.0,0.0,0
1,23,10,8,0.1,0,0.0,0.0,0
1,23,11,8,0.1,0,0.0,0.0,0
1,23,12,8,0.1,0,0.0,0.0,0
1,23,13,8,0.1,0,0.0,0.0,0
1,23,0,8,0.15,0,0.0,0.0,0
1,23,1,8,0.15,0,0.0,0.0,0
1,23,2,8,0.15,0,0.0,0.0,0
1,23,3,8,0.15,0,0.0,0.0,0
1,23,4,8,0.15,0,0.0,0.0,0
1,23,5,8,0.15,0,0.0,0.0,0
1,23,6,8,0.15,0,0.0,0.0,0
1,23,7,8,0.15,0,0.0,0.0,0
1,23,8,8,0.15,0,0.0,0.0,0
1,23,9,8,0.15,0,0.0,0.0,0
1,23,10,8,0.15,0,0.0,0.0,0
1,23,11,8,0.15,0,0.0,0.0,0
1,23,12,8,0.15,0,0.0,0.0,0
1,23,13,8,0.15,0,0.0,0.0,0
1,23,0,8,0.2,0,0.0,0.0,0
1,23,1,8,0.2,0,0.0,0.0,0
1,23,2,8,0.2,0,0.0,0.0,0
1,23,3,8,0.2,0,0.0,0.0,0
1,23,4,8,0.2,0,0.0,0.0,0
1,23,5,8,0.2,0,0.0,0.0,0
1,23,6,8,0.2,0,0.0,0.0,0
1,23,7,8,0.2,0,0.0,0.0,0
1,23,8,8,0.2,0,0.0,0.0,0
1,23,9,8,0.2,0,0.0,0.0,0
1,23,10,8,0.2,0,0.0,0.0,0
1,23,11,8,0.2,0,0.0,0.0,0
1,23,12,8,0.2,0,0.0,0.0,0
1,23,13,8,0.2,0,0.0,0.0,0
1,23,0,8,0.3,0,0.0,0.0,0
1,23,1,8,0.3,0,0.0,0.0,0
1,23,2,8,0.3,0,0.0,0.0,0
1,23,3,8,0.3,0,0.0,0.0,0
1,23,4,8,0.3,0,0.0,0.0,0
1,23,5,8,0.3,0,0.0,0.0,0
1,23,6,8,0.3,0,0.0,0.0,0
1,23,7,8,0.3,0,0.0,0.0,0
1,23,8,8,0.3,0,0.0,0.0,0
1,23,9,8,0.3,0,0.0,0.0,0
1,23,10,8,0.3,0,0.0,0.0,0
1,23,11,8,0.3,0,0.0,0.0,0
1,23,12,8,0.3,0,0.0,0.0,0
1,23,13,8,0.3,0,0.0,0.0,0
1,23,0,8,0.4,0,0.0,0.0,0
1,23,1,8,0.4,0,0.0,0.0,0
1,23,2,8,0.4,0,0.0,0.0,0
1,23,3,8,0.4,0,0.0,0.0,0
1,23,4,8,0.4,0,0.0,0.0,0
1,23,5,8,0.4,0,0.0,0.0,0
1,23,6,8,0.4,0,0.0,0.0,0
1,23,7,8,0.4,0,0.0,0.0,0
1,23,8,8,0.4,0,0.0,0.0,0
1,23,9,8,0.4,0,0.0,0.0,0
1,23,10,8,0.4,0,0.0,0.0,0
1,23,11,8,0.4,0,0.0,0.0,0
1,23,12,8,0.4,0,0.0,0.0,0
1,23,13,8,0.4,0,0.0,0.0,0
1,23,0,16,0.01,0,0.0,0.0,0
1,23,1,16,0.01,0,0.0,0.0,0
1,23,2,16,0.01,0,0.0,0.0,0
1,23,3,16,0.01,0,0.0,0.0,0
1,23,4,16,0.01,0,0.0,0.0,0
1,23,5,16,0.01,0,0.0,0.0,0
1,23,6,16,0.01,0,0.0,0.0,0
1,23,7,16,0.01,0,0.0,0.0,0
1,23,8,16,0.01,0,0.0,0.0,0
1,23,9,16,0.01,0,0.0,0.0,0
1,23,10,16,0.01,0,0.0,0.0,0
1,23,11,16,0.01,0,0.0,0.0,0
1,23,12,16,0.01,0,0.0,0.0,0
1,23,13,16,0.01,0,0.0,0.0,0
1,23,0,16,0.025,0,0.0,0.0,0
1,23,1,16,0.025,0,0.0,0.0,0
1,23,2,16,0.025,0,0.0,0.0,0
1,23,3,16,0.025,0,0.0,0.0,0
1,23,4,16,0.025,0,0.0,0.0,0
1,23,5,16,0.025,0,0.0,0.0,0
1,23,6,16,0.025,0,0.0,0.0,0
1,23,7,16,0.025,0,0.0,0.0,0
1,23,8,16,0.025,0,0.0,0.0,0
1,23,9,16,0.025,0,0.0,0.0,0
1,23,10,16,0.025,0,0.0,0.0,0
1,23,11,16,0.025,0,0.0,0.0,0
1,23,12,16,0.025,0,0.0,0.0,0
1,23,13,16,0.025,0,0.0,0.0,0
1,23,0,16,0.05,0,0.0,0.0,0
1,23,1,16,0.05,0,0.0,0.0,0
1,23,2,16,0.05,0,0.0,0.0,0
1,23,3,16,0.05,0,0.0,0.0,0
1,23,4,16,0.05,0,0.0,0.0,0
1,23,5,16,0.05,0,0.0,0.0,0
1,23,6,16,0.05,0,0.0,0.0,0
1,23,7,16,0.05,0,0.0,0.0,0
1,23,8,16,0.05,0,0.0,0.0,0
1,23,9,16,0.05,0,0.0,0.0,0
1,23,10,16,0.05,0,0.0,0.0,0
1,23,11,16,0.05,0,0.0,0.0,0
1,23,12,16,0.05,0,0.0,0.0,0
1,23,13,16,0.05,0,0.0,0.0,0
1,23,0,16,0.075,0,0.0,0.0,0
1,23,1,16,0.075,0,0.0,0.0,0
1,23,2,16,0.075,0,0.0,0.0,0
1,23,3,16,0.075,0,0.0,0.0,0
1,23,4,16,0.075,0,0.0,0.0,0
1,23,5,16,0.075,0,0.0,0.0,0
1,23,6,16,0.075,0,0.0,0.0,0
1,23,7,16,0.075,0,0.0,0.0,0
1,23,8,16,0.075,0,0.0,0.0,0
1,23,9,16,0.075,0,0.0,0.0,0
1,23,10,16,0.075,0,0.0,0.0,0
1,23,11,16,0.075,0,0.0,0.0,0
1,23,12,16,0.075,0,0.0,0.0,0
1,23,13,16,0.075,0,0.0,0.0,0
1,23,0,16,0.1,0,0.0,0.0,0
1,23,1,16,0.1,0,0.0,0.0,0
1,23,2,16,0.1,0,0.0,0.0,0
1,23,3,16,0.1,0,0.0,0.0,0
1,23,4,16,0.1,0,0.0,0.0,0
1,23,5,16,0.1,0,0.0,0.0,0
1,23,6,16,0.1,0,0.0,0.0,0
1,23,7,16,0.1,0,0.0,0.0,0
1,23,8,16,0.1,0,0.0,0.0,0
1,23,9,16,0.1,0,0.0,0.0,0
1,23,10,16,0.1,0,0.0,0.0,0
1,23,11,16,0.1,0,0.0,0.0,0
1,23,12,16,0.1,0,0.0,0.0,0
1,23,13,16,0.1,0,0.0,0.0,0
1,23,0,16,0.15,0,0.0,0.0,0
1,23,1,16,0.15,0,0.0,0.0,0
1,23,2,16,0.15,0,0.0,0.0,0
1,23,3,16,0.15,0,0.0,0.0,0
1,23,4,16,0.15,0,0.0,0.0,0
1,23,5,16,0.15,0,0.0,0.0,0
1,23,6,16,0.15,0,0.0,0.0,0
1,23,7,16,0.15,0,0.0,0.0,0
1,23,8,16,0.15,0,0.0,0.0,0
1,23,9,16,0.15,0,0.0,0.0,0
1,23,10,16,0.15,0,0.0,0.0,0
1,23,11,16,0.15,0,0.0,0.0,0
1,23,12,16,0.15,0,0.0,0.0,0
1,23,13,16,0.15,0,0.0,0.0,0
1,23,0,16,0.2,0,0.0,0.0,0
1,23,1,16,0.2,0,0.0,0.0,0
1,23,2,16,0.2,0,0.0,0.0,0
1,23,3,16,0.2,0,0.0,0.0,0
1,23,4,16,0.2,0,0.0,0.0,0
1,23,5,16,0.2,0,0.0,0.0,0
1,23,6,16,0.2,0,0.0,0.0,0
1,23,7,16,0.2,0,0.0,0.0,0
1,23,8,16,0.2,0,0.0,0.0,0
1,23,9,16,0.2,0,0.0,0.0,0
1,23,10,16,0.2,0,0.0,0.0,0
1,23,11,16,0.2,0,0.0,0.0,0
1,23,12,16,0.2,0,0.0,0.0,0
1,23,13,16,0.2,0,0.0,0.0,0
1,23,0,16,0.3,0,0.0,0.0,0
1,23,1,16,0.3,0,0.0,0.0,0
1,23,2,16,0.3,0,0.0,0.0,0
1,23,3,16,0.3,0,0.0,0.0,0
1,23,4,16,0.3,0,0.0,0.0,0
1,23,5,16,0.3,0,0.0,0.0,0
1,23,6,16,0.3,0,0.0,0.0,0
1,23,7,16,0.3,0,0.0,0.0,0
1,23,8,16,0.3,0,0.0,0.0,0
1,23,9,16,0.3,0,0.0,0.0,0
1,23,10,16,0.3,0,0.0,0.0,0
1,23,11,16,0.3,0,0.0,0.0,0
1,23,12,16,0.3,0,0.0,0.0,0
1,23,13,16,0.3,0,0.0,0.0,0
1,23,0,16,0.4,0,0.0,0.0,0
1,23,1,16,0.4,0,0.0,0.0,0
1,23,2,16,0.4,0,0.0,0.0,0
1,23,3,16,0.4,0,0.0,0.0,0
1,23,4,16,0.4,0,0.0,0.0,0
1,23,5,16,0.4,0,0.0,0.0,0
1,23,6,16,0.4,0,0.0,0.0,0
1,23,7,16,0.4,0,0.0,0.0,0
1,23,8,16,0.4,0,0.0,0.0,0
1,23,9,16,0.4,0,0.0,0.0,0
1,23,10,16,0.4,0,0.0,0.0,0
1,23,11,16,0.4,0,0.0,0.0,0
1,23,12,16,0.4,0,0.0,0.0,0
1,23,13,16,0.4,0,0.0,0.0,0
1,23,0,32,0.01,0,0.0,0.0,0
1,23,1,32,0.01,0,0.0,0.0,0
1,23,2,32,0.01,0,0.0,0.0,0
1,23,3,32,0.01,0,0.0,0.0,0
1,23,4,32,0.01,0,0.0,0.0,0
1,23,5,32,0.01,0,0.0,0.0,0
1,23,6,32,0.01,0,0.0,0.0,0
1,23,7,32,0.01,0,0.0,0.0,0
1,23,8,32,0.01,0,0.0,0.0,0
1,23,9,32,0.01,0,0.0,0.0,0
1,23,10,32,0.01,0,0.0,0.0,0
1,23,11,32,0.01,0,0.0,0.0,0
1,23,12,32,0.01,0,0.0,0.0,0
1,23,13,32,0.01,0,0.0,0.0,0
1,23,0,32,0.025,0,0.0,0.0,0
1,23,1,32,0.025,0,0.0,0.0,0
1,23,2,32,0.025,0,0.0,0.0,0
1,23,3,32,0.025,0,0.0,0.0,0
1,23,4,32,0.025,0,0.0,0.0,0
1,23,5,32,0.025,0,0.0,0.0,0
1,23,6,32,0.025,0,0.0,0.0,0
1,23,7,32,0.025,0,0.0,0.0,0
1,23,8,32,0.025,0,0.0,0.0,0
1,23,9,32,0.025,0,0.0,0.0,0
1,23,10,32,0.025,0,0.0,0.0,0
1,23,11,32,0.025,0,0.0,0.0,0
1,23,12,32,0.025,0,0.0,0.0,0
1,23,13,32,0.025,0,0.0,0.0,0
1,23,0,32,0.05,0,0.0,0.0,0
1,23,1,32,0.05,0,0.0,0.0,0
1,23,2,32,0.05,0,0.0,0.0,0
1,23,3,32,0.05,0,0.0,0.0,0
1,23,4,32,0.05,0,0.0,0.0,0
1,23,5,32,0.05,0,0.0,0.0,0
1,23,6,32,0.05,0,0.0,0.0,0
1,23,7,32,0.05,0,0.0,0.0,0
1,23,8,32,0.05,0,0.0,0.0,0
1,23,9,32,0.05,0,0.0,0.0,0
1,23,10,32,0.05,0,0.0,0.0,0
1,23,11,32,0.05,0,0.0,0.0,0
1,23,12,32,0.05,0,0.0,0.0,0
1,23,13,32,0.05,0,0.0,0.0,0
1,23,0,32,0.075,0,0.0,0.0,0
1,23,1,32,0.075,0,0.0,0.0,0
1,23,2,32,0.075,0,0.0,0.0,0
1,23,3,32,0.075,0,0.0,0.0,0
1,23,4,32,0.075,0,0.0,0.0,0
1,23,5,32,0.075,0,0.0,0.0,0
1,23,6,32,0.075,0,0.0,0.0,0
1,23,7,32,0.075,0,0.0,0.0,0
1,23,8,32,0.075,0,0.0,0.0,0
1,23,9,32,0.075,0,0.0,0.0,0
1,23,10,32,0.075,0,0.0,0.0,0
1,23,11,32,0.075,0,0.0,0.0,0
1,23,12,32,0.075,0,0.0,0.0,0
1,23,13,32,0.075,0,0.0,0.0,0
1,23,0,32,0.1,0,0.0,0.0,0
1,23,1,32,0.1,0,0.0,0.0,0
1,23,2,32,0.1,0,0.0,0.0,0
1,23,3,32,0.1,0,0.0,0.0,0
1,23,4,32,0.1,0,0.0,0.0,0
1,23,5,32,0.1,0,0.0,0.0,0
1,23,6,32,0.1,0,0.0,0.0,0
1,23,7,32,0.1,0,0.0,0.0,0
1,23,8,32,0.1,0,0.0,0.0,0
1,23,9,32,0.1,0,0.0,0.0,0
1,23,10,32,0.1,0,0.0,0.0,0
1,23,11,32,0.1,0,0.0,0.0,0
1,23,12,32,0.1,0,0.0,0.0,0
1,23,13,32,0.1,0,0.0,0.0,0
1,23,0,32,0.15,0,0.0,0.0,0
1,23,1,32,0.15,0,0.0,0.0,0
1,23,2,32,0.15,0,0.0,0.0,0
1,23,3,32,0.15,0,0.0,0.0,0
1,23,4,32,0.15,0,0.0,0.0,0
1,23,5,32,0.15,0,0.0,0.0,0
1,23,6,32,0.15,0,0.0,0.0,0
1,23,7,32,0.15,0,0.0,0.0,0
1,23,8,32,0.15,0,0.0,0.0,0
1,23,9,32,0.15,0,0.0,0.0,0
1,23,10,32,0.15,0,0.0,0.0,0
1,23,11,32,0.15,0,0.0,0.0,0
1,23,12,32,0.15,0,0.0,0.0,0
1,23,13,32,0.15,0,0.0,0.0,0
1,23,0,32,0.2,0,0.0,0.0,0
1,23,1,32,0.2,0,0.0,0.0,0
1,23,2,32,0.2,0,0.0,0.0,0
1,23,3,32,0.2,0,0.0,0.0,0
1,23,4,32,0.2,0,0.0,0.0,0
1,23,5,32,0.2,0,0.0,0.0,0
1,23,6,32,0.2,0,0.0,0.0,0
1,23,7,32,0.2,0,0.0,0.0,0
1,23,8,32,0.2,0,0.0,0.0,0
1,23,9,32,0.2,0,0.0,0.0,0
1,23,10,32,0.2,0,0.0,0.0,0
1,23,11,32,0.2,0,0.0,0.0,0
1,23,12,32,0.2,0,0.0,0.0,0
1,23,13,32,0.2,0,0.0,0.0,0
1,23,0,32,0.3,0,0.0,0.0,0
1,23,1,32,0.3,0,0.0,0.0,0
1,23,2,32,0.3,0,0.0,0.0,0
1,23,3,32,0.3,0,0.0,0.0,0
1,23,4,32,0.3,0,0.0,0.0,0
1,23,5,32,0.3,0,0.0,0.0,0
1,23,6,32,0.3,0,0.0,0.0,0
1,23,7,32,0.3,0,0.0,0.0,0
1,23,8,32,0.3,0,0.0,0.0,0
1,23,9,32,0.3,0,0.0,0.0,0
1,23,10,32,0.3,0,0.0,0.0,0
1,23,11,32,0.3,0,0.0,0.0,0
1,23,12,32,0.3,0,0.0,0.0,0
1,23,13,32,0.3,0,0.0,0.0,0
1,23,0,32,0.4,0,0.0,0.0,0
1,23,1,32,0.4,0,0.0,0.0,0
1,23,2,32,0.4,0,0.0,0.0,0
1,23,3,32,0.4,0,0.0,0.0,0
1,23,4,32,0.4,0,0.0,0.0,0
1,23,5,32,0.4,0,0.0,0.0,0
1,23,6,32,0.4,0,0.0,0.0,0
1,23,7,32,0.4,0,0.0,0.0,0
1,23,8,32,0.4,0,0.0,0.0,0
1,23,9,32,0.4,0,0.0,0.0,0
1,23,10,32,0.4,0,0.0,0.0,0
1,23,11,32,0.4,0,0.0,0.0,0
1,23,12,32,0.4,0,0.0,0.0,0
1,23,13,32,0.4,0,0.0,0.0,0
1,23,0,64,0.01,0,0.0,0.0,0
1,23,1,64,0.01,0,0.0,0.0,0
1,23,2,64,0.01,0,0.0,0.0,0
1,23,3,64,0.01,0,0.0,0.0,0
1,23,4,64,0.01,0,0.0,0.0,0
1,23,5,64,0.01,0,0.0,0.0,0
1,23,6,64,0.01,0,0.0,0.0,0
1,23,7,64,0.01,0,0.0,0.0,0
1,23,8,64,0.01,0,0.0,0.0,0
1,23,9,64,0.01,0,0.0,0.0,0
1,23,10,64,0.01,0,0.0,0.0,0
1,23,11,64,0.01,0,0.0,0.0,0
1,23,12,64,0.01,0,0.0,0.0,0
1,23,13,64,0.01,0,0.0,0.0,0
1,23,0,64,0.025,0,0.0,0.0,0
1,23,1,64,0.025,0,0.0,0.0,0
1,23,2,64,0.025,0,0.0,0.0,0
1,23,3,64,0.025,0,0.0,0.0,0
1,23,4,64,0.025,0,0.0,0.0,0
1,23,5,64,0.025,0,0.0,0.0,0
1,23,6,64,0.025,0,0.0,0.0,0
1,23,7,64,0.025,0,0.0,0.0,0
1,23,8,64,0.025,0,0.0,0.0,0
1,23,9,64,0.025,0,0.0,0.0,0
1,23,10,64,0.025,0,0.0,0.0,0
1,23,11,64,0.025,0,0.0,0.0,0
1,23,12,64,0.025,0,0.0,0.0,0
1,23,13,64,0.025,0,0.0,0.0,0
1,23,0,64,0.05,0,0.0,0.0,0
1,23,1,64,0.05,0,0.0,0.0,0
1,23,2,64,0.05,0,0.0,0.0,0
1,23,3,64,0.05,0,0.0,0.0,0
1,23,4,64,0.05,0,0.0,0.0,0
1,23,5,64,0.05,0,0.0,0.0,0
1,23,6,64,0.05,0,0.0,0.0,0
1,23,7,64,0.05,0,0.0,0.0,0
1,23,8,64,0.05,0,0.0,0.0,0
1,23,9,64,0.05,0,0.0,0.0,0
1,23,10,64,0.05,0,0.0,0.0,0
1,23,11,64,0.05,0,0.0,0.0,0
1,23,12,64,0.05,0,0.0,0.0,0
1,23,13,64,0.05,0,0.0,0.0,0
1,23,0,64,0.075,0,0.0,0.0,0
1,23,1,64,0.075,0,0.0,0.0,0
1,23,2,64,0.075,0,0.0,0.0,0
1,23,3,64,0.075,0,0.0,0.0,0
1,23,4,64,0.075,0,0.0,0.0,0
1,23,5,64,0.075,0,0.0,0.0,0
1,23,6,64,0.075,0,0.0,0.0,0
1,23,7,64,0.075,0,0.0,0.0,0
1,23,8,64,0.075,0,0.0,0.0,0
1,23,9,64,0.075,0,0.0,0.0,0
1,23,10,64,0.075,0,0.0,0.0,0
1,23,11,64,0.075,0,0.0,0.0,0
1,23,12,64,0.075,0,0.0,0.0,0
1,23,13,64,0.075,0,0.0,0.0,0
1,23,0,64,0.1,0,0.0,0.0,0
1,23,1,64,0.1,0,0.0,0.0,0
1,23,2,64,0.1,0,0.0,0.0,0
1,23,3,64,0.1,0,0.0,0.0,0
1,23,4,64,0.1,0,0.0,0.0,0
1,23,5,64,0.1,0,0.0,0.0,0
1,23,6,64,0.1,0,0.0,0.0,0
1,23,7,64,0.1,0,0.0,0.0,0
1,23,8,64,0.1,0,0.0,0.0,0
1,23,9,64,0.1,0,0.0,0.0,0
1,23,10,64,0.1,0,0.0,0.0,0
1,23,11,64,0.1,0,0.0,0.0,0
1,23,12,64,0.1,0,0.0,0.0,0
1,23,13,64,0.1,0,0.0,0.0,0
1,23,0,64,0.15,0,0.0,0.0,0
1,23,1,64,0.15,0,0.0,0.0,0
1,23,2,64,0.15,0,0.0,0.0,0
1,23,3,64,0.15,0,0.0,0.0,0
1,23,4,64,0.15,0,0.0,0.0,0
1,23,5,64,0.15,0,0.0,0.0,0
1,23,6,64,0.15,0,0.0,0.0,0
1,23,7,64,0.15,0,0.0,0.0,0
1,23,8,64,0.15,0,0.0,0.0,0
1,23,9,64,0.15,0,0.0,0.0,0
1,23,10,64,0.15,0,0.0,0.0,0
1,23,11,64,0.15,0,0.0,0.0,0
1,23,12,64,0.15,0,0.0,0.0,0
1,23,13,64,0.15,0,0.0,0.0,0
1,23,0,64,0.2,0,0.0,0.0,0
1,23,1,64,0.2,0,0.0,0.0,0
1,23,2,64,0.2,0,0.0,0.0,0
1,23,3,64,0.2,0,0.0,0.0,0
1,23,4,64,0.2,0,0.0,0.0,0
1,23,5,64,0.2,0,0.0,0.0,0
1,23,6,64,0.2,0,0.0,0.0,0
1,23,7,64,0.2,0,0.0,0.0,0
1,23,8,64,0.2,0,0.0,0.0,0
1,23,9,64,0.2,0,0.0,0.0,0
1,23,10,64,0.2,0,0.0,0.0,0
1,23,11,64,0.2,0,0.0,0.0,0
1,23,12,64,0.2,0,0.0,0.0,0
1,23,13,64,0.2,0,0.0,0.0,0
1,23,0,64,0.3,0,0.0,0.0,0
1,23,1,64,0.3,0,0.0,0.0,0
1,23,2,64,0.3,0,0.0,0.0,0
1,23,3,64,0.3,0,0.0,0.0,0
1,23,4,64,0.3,0,0.0,0.0,0
1,23,5,64,0.3,0,0.0,0.0,0
1,23,6,64,0.3,0,0.0,0.0,0
1,23,7,64,0.3,0,0.0,0.0,0
1,23,8,64,0.3,0,0.0,0.0,0
1,23,9,64,0.3,0,0.0,0.0,0
1,23,10,64,0.3,0,0.0,0.0,0
1,23,11,64,0.3,0,0.0,0.0,0
1,23,12,64,0.3,0,0.0,0.0,0
1,23,13,64,0.3,0,0.0,0.0,0
1,23,0,64,0.4,0,0.0,0.0,0
1,23,1,64,0.4,0,0.0,0.0,0
1,23,2,64,0.4,0,0.0,0.0,0
1,23,3,64,0.4,0,0.0,0.0,0
1,23,4,64,0.4,0,0.0,0.0,0
1,23,5,64,0.4,0,0.0,0.0,0
1,23,6,64,0.4,0,0.0,0.0,0
1,23,7,64,0.4,0,0.0,0.0,0
1,23,8,64,0.4,0,0.0,0.0,0
1,23,9,64,0.4,0,0.0,0.0,0
1,23,10,64,0.4,0,0.0,0.0,0
1,23,11,64,0.4,0,0.0,0.0,0
1,23,12,64,0.4,0,0.0,0.0,0
1,23,13,64,0.4,0,0.0,0.0,0
1,23,0,128,0.01,0,0.0,0.0,0
1,23,1,128,0.01,0,0.0,0.0,0
1,23,2,128,0.01,0,0.0,0.0,0
1,23,3,128,0.01,0,0.0,0.0,0
1,23,4,128,0.01,0,0.0,0.0,0
1,23,5,128,0.01,0,0.0,0.0,0
1,23,6,128,0.01,0,0.0,0.0,0
1,23,7,128,0.01,0,0.0,0.0,0
1,23,8,128,0.01,0,0.0,0.0,0
1,23,9,128,0.01,0,0.0,0.0,0
1,23,10,128,0.01,0,0.0,0.0,0
1,23,11,128,0.01,0,0.0,0.0,0
1,23,12,128,0.01,0,0.0,0.0,0
1,23,13,128,0.01,0,0.0,0.0,0
1,23,0,128,0.025,0,0.0,0.0,0
1,23,1,128,0.025,0,0.0,0.0,0
1,23,2,128,0.025,0,0.0,0.0,0
1,23,3,128,0.025,0,0.0,0.0,0
1,23,4,128,0.025,0,0.0,0.0,0
1,23,5,128,0.025,0,0.0,0.0,0
1,23,6,128,0.025,0,0.0,0.0,0
1,23,7,128,0.025,0,0.0,0.0,0
1,23,8,128,0.025,0,0.0,0.0,0
1,23,9,128,0.025,0,0.0,0.0,0
1,23,10,128,0.025,0,0.0,0.0,0
1,23,11,128,0.025,0,0.0,0.0,0
1,23,12,128,0.025,0,0.0,0.0,0
1,23,13,128,0.025,0,0.0,0.0,0
1,23,0,128,0.05,0,0.0,0.0,0
1,23,1,128,0.05,0,0.0,0.0,0
1,23,2,128,0.05,0,0.0,0.0,0
1,23,3,128,0.05,0,0.0,0.0,0
1,23,4,128,0.05,0,0.0,0.0,0
1,23,5,128,0.05,0,0.0,0.0,0
1,23,6,128,0.05,0,0.0,0.0,0
1,23,7,128,0.05,0,0.0,0.0,0
1,23,8,128,0.05,0,0.0,0.0,0
1,23,9,128,0.05,0,0.0,0.0,0
1,23,10,128,0.05,0,0.0,0.0,0
1,23,11,128,0.05,0,0.0,0.0,0
1,23,12,128,0.05,0,0.0,0.0,0
1,23,13,128,0.05,0,0.0,0.0,0
1,23,0,128,0.075,0,0.0,0.0,0
1,23,1,128,0.075,0,0.0,0.0,0
1,23,2,128,0.075,0,0.0,0.0,0
1,23,3,128,0.075,0,0.0,0.0,0
1,23,4,128,0.075,0,0.0,0.0,0
1,23,5,128,0.075,0,0.0,0.0,0
1,23,6,128,0.075,0,0.0,0.0,0
1,23,7,128,0.075,0,0.0,0.0,0
1,23,8,128,0.075,0,0.0,0.0,0
1,23,9,128,0.075,0,0.0,0.0,0
1,23,10,128,0.075,0,0.0,0.0,0
1,23,11,128,0.075,0,0.0,0.0,0
1,23,12,128,0.075,0,0.0,0.0,0
1,23,13,128,0.075,0,0.0,0.0,0
1,23,0,128,0.1,0,0.0,0.0,0
1,23,1,128,0.1,0,0.0,0.0,0
1,23,2,128,0.1,0,0.0,0.0,0
1,23,3,128,0.1,0,0.0,0.0,0
1,23,4,128,0.1,0,0.0,0.0,0
1,23,5,128,0.1,0,0.0,0.0,0
1,23,6,128,0.1,0,0.0,0.0,0
1,23,7,128,0.1,0,0.0,0.0,0
1,23,8,128,0.1,0,0.0,0.0,0
1,23,9,128,0.1,0,0.0,0.0,0
1,23,10,128,0.1,0,0.0,0.0,0
1,23,11,128,0.1,0,0.0,0.0,0
1,23,12,128,0.1,0,0.0,0.0,0
1,23,13,128,0.1,0,0.0,0.0,0
1,23,0,128,0.15,0,0.0,0.0,0
1,23,1,128,0.15,0,0.0,0.0,0
1,23,2,128,0.15,0,0.0,0.0,0
1,23,3,128,0.15,0,0.0,0.0,0
1,23,4,128,0.15,0,0.0,0.0,0
1,23,5,128,0.15,0,0.0,0.0,0
1,23,6,128,0.15,0,0.0,0.0,0
1,23,7,128,0.15,0,0.0,0.0,0
1,23,8,128,0.15,0,0.0,0.0,0
1,23,9,128,0.15,0,0.0,0.0,0
1,23,10,128,0.15,0,0.0,0.0,0
1,23,11,128,0.15,0,0.0,0.0,0
1,23,12,128,0.15,0,0.0,0.0,0
1,23,13,128,0.15,0,0.0,0.0,0
1,23,0,128,0.2,0,0.0,0.0,0
1,23,1,128,0.2,0,0.0,0.0,0
1,23,2,128,0.2,0,0.0,0.0,0
1,23,3,128,0.2,0,0.0,0.0,0
1,23,4,128,0.2,0,0.0,0.0,0
1,23,5,128,0.2,0,0.0,0.0,0
1,23,6,128,0.2,0,0.0,0.0,0
1,23,7,128,0.2,0,0.0,0.0,0
1,23,8,128,0.2,0,0.0,0.0,0
1,23,9,128,0.2,0,0.0,0.0,0
1,23,10,128,0.2,0,0.0,0.0,0
1,23,11,128,0.2,0,0.0,0.0,0
1,23,12,128,0.2,0,0.0,0.0,0
1,23,13,128,0.2,0,0.0,0.0,0
1,23,0,128,0.3,0,0.0,0.0,0
1,23,1,128,0.3,0,0.0,0.0,0
1,23,2,128,0.3,0,0.0,0.0,0
1,23,3,128,0.3,0,0.0,0.0,0
1,23,4,128,0.3,0,0.0,0.0,0
1,23,5,128,0.3,0,0.0,0.0,0
1,23,6,128,0.3,0,0.0,0.0,0
1,23,7,128,0.3,0,0.0,0.0,0
1,23,8,128,0.3,0,0.0,0.0,0
1,23,9,128,0.3,0,0.0,0.0,0
1,23,10,128,0.3,0,0.0,0.0,0
1,23,11,128,0.3,0,0.0,0.0,0
1,23,12,128,0.3,0,0.0,0.0,0
1,23,13,128,0.3,0,0.0,0.0,0
1,23,0,128,0.4,0,0.0,0.0,0
1,23,1,128,0.4,0,0.0,0.0,0
1,23,2,128,0.4,0,0.0,0.0,0
1,23,3,128,0.4,0,0.0,0.0,0
1,23,4,128,0.4,0,0.0,0.0,0
1,23,5,128,0.4,0,0.0,0.0,0
1,23,6,128,0.4,0,0.0,0.0,0
1,23,7,128,0.4,0,0.0,0.0,0
1,23,8,128,0.4,0,0.0,0.0,0
1,23,9,128,0.4,0,0.0,0.0,0
1,23,10,128,0.4,0,0.0,0.0,0
1,23,11,128,0.4,0,0.0,0.0,0
1,23,12,128,0.4,0,0.0,0.0,0
1,23,13,128,0.4,0,0.0,0.0,0
2,0,0,4,0.01,0,0.0,0.0,0
2,0,1,4,0.01,0,0.0,0.0,0
2,0,2,4,0.01,0,0.0,0.0,0
2,0,3,4,0.01,0,0.0,0.0,0
2,0,4,4,0.01,0,0.0,0.0,0
2,0,5,4,0.01,0,0.0,0.0,0
2,0,6,4,0.01,0,0.0,0.0,0
2,0,7,4,0.01,0,0.0,0.0,0
2,0,8,4,0.01,0,0.0,0.0,0
2,0,9,4,0.01,0,0.0,0.0,0
2,0,10,4,0.01,0,0.0,0.0,0
2,0,11,4,0.01,0,0.0,0.0,0
2,0,12,4,0.01,0,0.0,0.0,0
2,0,13,4,0.01,0,0.0,0.0,0
2,0,0,4,0.025,0,0.0,0.0,0
2,0,1,4,0.025,0,0.0,0.0,0
2,0,2,4,0.025,0,0.0,0.0,0
2,0,3,4,0.025,0,0.0,0.0,0
2,0,4,4,0.025,0,0.0,0.0,0
2,0,5,4,0.025,0,0.0,0.0,0
2,0,6,4,0.025,0,0.0,0.0,0
2,0,7,4,0.025,0,0.0,0.0,0
2,0,8,4,0.025,0,0.0,0.0,0
2,0,9,4,0.025,0,0.0,0.0,0
2,0,10,4,0.025,0,0.0,0.0,0
2,0,11,4,0.025,0,0.0,0.0,0
2,0,12,4,0.025,0,0.0,0.0,0
2,0,13,4,0.025,0,0.0,0.0,0
2,0,0,4,0.05,0,0.0,0.0,0
2,0,1,4,0.05,0,0.0,0.0,0
2,0,2,4,0.05,0,0.0,0.0,0
2,0,3,4,0.05,0,0.0,0.0,0
2,0,4,4,0.05,0,0.0,0.0,0
2,0,5,4,0.05,0,0.0,0.0,0
2,0,6,4,0.05,0,0.0,0.0,0
2,0,7,4,0.05,0,0.0,0.0,0
2,0,8,4,0.05,0,0.0,0.0,0
2,0,9,4,0.05,0,0.0,0.0,0
2,0,10,4,0.05,0,0.0,0.0,0
2,0,11,4,0.05,0,0.0,0.0,0
2,0,12,4,0.05,0,0.0,0.0,0
2,0,13,4,0.05,0,0.0,0.0,0
2,0,0,4,0.075,0,0.0,0.0,0
2,0,1,4,0.075,0,0.0,0.0,0
2,0,2,4,0.075,0,0.0,0.0,0
2,0,3,4,0.075,0,0.0,0.0,0
2,0,4,4,0.075,0,0.0,0.0,0
2,0,5,4,0.075,0,0.0,0.0,0
2,0,6,4,0.075,0,0.0,0.0,0
2,0,7,4,0.075,0,0.0,0.0,0
2,0,8,4,0.075,0,0.0,0.0,0
2,0,9,4,0.075,0,0.0,0.0,0
2,0,10,4,0.075,0,0.0,0.0,0
2,0,11,4,0.075,0,0.0,0.0,0
2,0,12,4,0.075,0,0.0,0.0,0
2,0,13,4,0.075,0,0.0,0.0,0
2,0,0,4,0.1,0,0.0,0.0,0
2,0,1,4,0.1,0,0.0,0.0,0
2,0,2,4,0.1,0,0.0,0.0,0
2,0,3,4,0.1,0,0.0,0.0,0
2,0,4,4,0.1,0,0.0,0.0,0
2,0,5,4,0.1,0,0.0,0.0,0
2,0,6,4,0.1,0,0.0,0.0,0
2,0,7,4,0.1,0,0.0,0.0,0
2,0,8,4,0.1,0,0.0,0.0,0
2,0,9,4,0.1,0,0.0,0.0,0
2,0,10,4,0.1,0,0.0,0.0,0
2,0,11,4,0.1,0,0.0,0.0,0
2,0,12,4,0.1,0,0.0,0.0,0
2,0,13,4,0.1,0,0.0,0.0,0
2,0,0,4,0.15,0,0.0,0.0,0
2,0,1,4,0.15,0,0.0,0.0,0
2,0,2,4,0.15,0,0.0,0.0,0
2,0,3,4,0.15,0,0.0,0.0,0
2,0,4,4,0.15,0,0.0,0.0,0
2,0,5,4,0.15,0,0.0,0.0,0
2,0,6,4,0.15,0,0.0,0.0,0
2,0,7,4,0.15,0,0.0,0.0,0
2,0,8,4,0.15,0,0.0,0.0,0
2,0,9,4,0.15,0,0.0,0.0,0
2,0,10,4,0.15,0,0.0,0.0,0
2,0,11,4,0.15,0,0.0,0.0,0
2,0,12,4,0.15,0,0.0,0.0,0
2,0,13,4,0.15,0,0.0,0.0,0
2,0,0,4,0.2,0,0.0,0.0,0
2,0,1,4,0.2,0,0.0,0.0,0
2,0,2,4,0.2,0,0.0,0.0,0
2,0,3,4,0.2,0,0.0,0.0,0
2,0,4,4,0.2,0,0.0,0.0,0
2,0,5,4,0.2,0,0.0,0.0,0
2,0,6,4,0.2,0,0.0,0.0,0
2,0,7,4,0.2,0,0.0,0.0,0
2,0,8,4,0.2,0,0.0,0.0,0
2,0,9,4,0.2,0,0.0,0.0,0
2,0,10,4,0.2,0,0.0,0.0,0
2,0,11,4,0.2,0,0.0,0.0,0
2,0,12,4,0.2,0,0.0,0.0,0
2,0,13,4,0.2,0,0.0,0.0,0
2,0,0,4,0.3,0,0.0,0.0,0
2,0,1,4,0.3,0,0.0,0.0,0
2,0,2,4,0.3,0,0.0,0.0,0
2,0,3,4,0.3,0,0.0,0.0,0
2,0,4,4,0.3,0,0.0,0.0,0
2,0,5,4,0.3,0,0.0,0.0,0
2,0,6,4,0.3,0,0.0,0.0,0
2,0,7,4,0.3,0,0.0,0.0,0
2,0,8,4,0.3,0,0.0,0.0,0
2,0,9,4,0.3,0,0.0,0.0,0
2,0,10,4,0.3,0,0.0,0.0,0
2,0,11,4,0.3,0,0.0,0.0,0
2,0,12,4,0.3,0,0.0,0.0,0
2,0,13,4,0.3,0,0.0,0.0,0
2,0,0,4,0.4,0,0.0,0.0,0
2,0,1,4,0.4,0,0.0,0.0,0
2,0,2,4,0.4,0,0.0,0.0,0
2,0,3,4,0.4,0,0.0,0.0,0
2,0,4,4,0.4,0,0.0,0.0,0
2,0,5,4,0.4,0,0.0,0.0,0
2,0,6,4,0.4,0,0.0,0.0,0
2,0,7,4,0.4,0,0.0,0.0,0
2,0,8,4,0.4,0,0.0,0.0,0
2,0,9,4,0.4,0,0.0,0.0,0
2,0,10,4,0.4,0,0.0,0.0,0
2,0,11,4,0.4,0,0.0,0.0,0
2,0,12,4,0.4,0,0.0,0.0,0
2,0,13,4,0.4,0,0.0,0.0,0
2,0,0,8,0.01,0,0.0,0.0,0
2,0,1,8,0.01,0,0.0,0.0,0
2,0,2,8,0.01,0,0.0,0.0,0
2,0,3,8,0.01,0,0.0,0.0,0
2,0,4,8,0.01,0,0.0,0.0,0
2,0,5,8,0.01,0,0.0,0.0,0
2,0,6,8,0.01,0,0.0,0.0,0
2,0,7,8,0.01,0,0.0,0.0,0
2,0,8,8,0.01,0,0.0,0.0,0
2,0,9,8,0.01,0,0.0,0.0,0
2,0,10,8,0.01,0,0.0,0.0,0
2,0,11,8,0.01,0,0.0,0.0,0
2,0,12,8,0.01,0,0.0,0.0,0
2,0,13,8,0.01,0,0.0,0.0,0
2,0,0,8,0.025,0,0.0,0.0,0
2,0,1,8,0.025,0,0.0,0.0,0
2,0,2,8,0.025,0,0.0,0.0,0
2,0,3,8,0.025,0,0.0,0.0,0
2,0,4,8,0.025,0,0.0,0.0,0
2,0,5,8,0.025,0,0.0,0.0,0
2,0,6,8,0.025,0,0.0,0.0,0
2,0,7,8,0.025,0,0.0,0.0,0
2,0,8,8,0.025,0,0.0,0.0,0
2,0,9,8,0.025,0,0.0,0.0,0
2,0,10,8,0.025,0,0.0,0.0,0
2,0,11,8,0.025,0,0.0,0.0,0
2,0,12,8,0.025,0,0.0,0.0,0
2,0,13,8,0.025,0,0.0,0.0,0
2,0,0,8,0.05,0,0.0,0.0,0
2,0,1,8,0.05,0,0.0,0.0,0
2,0,2,8,0.05,0,0.0,0.0,0
2,0,3,8,0.05,0,0.0,0.0,0
2,0,4,8,0.05,0,0.0,0.0,0
2,0,5,8,0.05,0,0.0,0.0,0
2,0,6,8,0.05,0,0.0,0.0,0
2,0,7,8,0.05,0,0.0,0.0,0
2,0,8,8,0.05,0,0.0,0.0,0
2,0,9,8,0.05,0,0.0,0.0,0
2,0,10,8,0.05,0,0.0,0.0,0
2,0,11,8,0.05,0,0.0,0.0,0
2,0,12,8,0.05,0,0.0,0.0,0
2,0,13,8,0.05,0,0.0,0.0,0
2,0,0,8,0.075,0,0.0,0.0,0
2,0,1,8,0.075,0,0.0,0.0,0
2,0,2,8,0.075,0,0.0,0.0,0
2,0,3,8,0.075,0,0.0,0.0,0
2,0,4,8,0.075,0,0.0,0.0,0
2,0,5,8,0.075,0,0.0,0.0,0
2,0,6,8,0.075,0,0.0,0.0,0
2,0,7,8,0.075,0,0.0,0.0,0
2,0,8,8,0.075,0,0.0,0.0,0
2,0,9,8,0.075,0,0.0,0.0,0
2,0,10,8,0.075,0,0.0,0.0,0
2,0,11,8,0.075,0,0.0,0.0,0
2,0,12,8,0.075,0,0.0,0.0,0
2,0,13,8,0.075,0,0.0,0.0,0
2,0,0,8,0.1,0,0.0,0.0,0
2,0,1,8,0.1,0,0.0,0.0,0
2,0,2,8,0.1,0,0.0,0.0,0
2,0,3,8,0.1,0,0.0,0.0,0
2,0,4,8,0.1,0,0.0,0.0,0
2,0,5,8,0.1,0,0.0,0.0,0
2,0,6,8,0.1,0,0.0,0.0,0
2,0,7,8,0.1,0,0.0,0.0,0
2,0,8,8,0.1,0,0.0,0.0,0
2,0,9,8,0.1,0,0.0,0.0,0
2,0,10,8,0.1,0,0.0,0.0,0
2,0,11,8,0.1,0,0.0,0.0,0
2,0,12,8,0.1,0,0.0,0.0,0
2,0,13,8,0.1,0,0.0,0.0,0
2,0,0,8,0.15,0,0.0,0.0,0
2,0,1,8,0.15,0,0.0,0.0,0
2,0,2,8,0.15,0,0.0,0.0,0
2,0,3,8,0.15,0,0.0,0.0,0
2,0,4,8,0.15,0,0.0,0.0,0
2,0,5,8,0.15,0,0.0,0.0,0
2,0,6,8,0.15,0,0.0,0.0,0
2,0,7,8,0.15,0,0.0,0.0,0
2,0,8,8,0.15,0,0.0,0.0,0
2,0,9,8,0.15,0,0.0,0.0,0
2,0,10,8,0.15,0,0.0,0.0,0
2,0,11,8,0.15,0,0.0,0.0,0
2,0,12,8,0.15,0,0.0,0.0,0
2,0,13,8,0.15,0,0.0,0.0,0
2,0,0,8,0.2,0,0.0,0.0,0
2,0,1,8,0.2,0,0.0,0.0,0
2,0,2,8,0.2,0,0.0,0.0,0
2,0,3,8,0.2,0,0.0,0.0,0
2,0,4,8,0.2,0,0.0,0.0,0
2,0,5,8,0.2,0,0.0,0.0,0
2,0,6,8,0.2,0,0.0,0.0,0
2,0,7,8,0.2,0,0.0,0.0,0
2,0,8,8,0.2,0,0.0,0.0,0
2,0,9,8,0.2,0,0.0,0.0,0
2,0,10,8,0.2,0,0.0,0.0,0
2,0,11,8,0.2,0,0.0,0.0,0
2,0,12,8,0.2,0,0.0,0.0,0
2,0,13,8,0.2,0,0.0,0.0,0
2,0,0,8,0.3,0,0.0,0.0,0
2,0,1,8,0.3,0,0.0,0.0,0
2,0,2,8,0.3,0,0.0,0.0,0
2,0,3,8,0.3,0,0.0,0.0,0
2,0,4,8,0.3,0,0.0,0.0,0
2,0,5,8,0.3,0,0.0,0.0,0
2,0,6,8,0.3,0,0.0,0.0,0
2,0,7,8,0.3,0,0.0,0.0,0
2,0,8,8,0.3,0,0.0,0.0,0
2,0,9,8,0.3,0,0.0,0.0,0
2,0,10,8,0.3,0,0.0,0.0,0
2,0,11,8,0.3,0,0.0,0.0,0
2,0,12,8,0.3,0,0.0,0.0,0
2,0,13,8,0.3,0,0.0,0.0,0
2,0,0,8,0.4,0,0.0,0.0,0
2,0,1,8,0.4,0,0.0,0.0,0
2,0,2,8,0.4,0,0.0,0.0,0
2,0,3,8,0.4,0,0.0,0.0,0
2,0,4,8,0.4,0,0.0,0.0,0
2,0,5,8,0.4,0,0.0,0.0,0
2,0,6,8,0.4,0,0.0,0.0,0
2,0,7,8,0.4,0,0.0,0.0,0
2,0,8,8,0.4,0,0.0,0.0,0
2,0,9,8,0.4,0,0.0,0.0,0
2,0,10,8,0.4,0,0.0,0.0,0
2,0,11,8,0.4,0,0.0,0.0,0
2,0,12,8,0.4,0,0.0,0.0,0
2,0,13,8,0.4,0,0.0,0.0,0
2,0,0,16,0.01,0,0.0,0.0,0
2,0,1,16,0.01,0,0.0,0.0,0
2,0,2,16,0.01,0,0.0,0.0,0
2,0,3,16,0.01,0,0.0,0.0,0
2,0,4,16,0.01,0,0.0,0.0,0
2,0,5,16,0.01,0,0.0,0.0,0
2,0,6,16,0.01,0,0.0,0.0,0
2,0,7,16,0.01,0,0.0,0.0,0
2,0,8,16,0.01,0,0.0,0.0,0
2,0,9,16,0.01,0,0.0,0.0,0
2,0,10,16,0.01,0,0.0,0.0,0
2,0,11,16,0.01,0,0.0,0.0,0
2,0,12,16,0.01,0,0.0,0.0,0
2,0,13,16,0.01,0,0.0,0.0,0
2,0,0,16,0.025,0,0.0,0.0,0
2,0,1,16,0.025,0,0.0,0.0,0
2,0,2,16,0.025,0,0.0,0.0,0
2,0,3,16,0.025,0,0.0,0.0,0
2,0,4,16,0.025,0,0.0,0.0,0
2,0,5,16,0.025,0,0.0,0.0,0
2,0,6,16,0.025,0,0.0,0.0,0
2,0,7,16,0.025,0,0.0,0.0,0
2,0,8,16,0.025,0,0.0,0.0,0
2,0,9,16,0.025,0,0.0,0.0,0
2,0,10,16,0.025,0,0.0,0.0,0
2,0,11,16,0.025,0,0.0,0.0,0
2,0,12,16,0.025,0,0.0,0.0,0
2,0,13,16,0.025,0,0.0,0.0,0
2,0,0,16,0.05,0,0.0,0.0,0
2,0,1,16,0.05,0,0.0,0.0,0
2,0,2,16,0.05,0,0.0,0.0,0
2,0,3,16,0.05,0,0.0,0.0,0
2,0,4,16,0.05,0,0.0,0.0,0
2,0,5,16,0.05,0,0.0,0.0,0
2,0,6,16,0.05,0,0.0,0.0,0
2,0,7,16,0.05,0,0.0,0.0,0
2,0,8,16,0.05,0,0.0,0.0,0
2,0,9,16,0.05,0,0.0,0.0,0
2,0,10,16,0.05,0,0.0,0.0,0
2,0,11,16,0.05,0,0.0,0.0,0
2,0,12,16,0.05,0,0.0,0.0,0
2,0,13,16,0.05,0,0.0,0.0,0
2,0,0,16,0.075,0,0.0,0.0,0
2,0,1,16,0.075,0,0.0,0.0,0
2,0,2,16,0.075,0,0.0,0.0,0
2,0,3,16,0.075,0,0.0,0.0,0
2,0,4,16,0.075,0,0.0,0.0,0
2,0,5,16,0.075,0,0.0,0.0,0
2,0,6,16,0.075,0,0.0,0.0,0
2,0,7,16,0.075,0,0.0,0.0,0
2,0,8,16,0.075,0,0.0,0.0,0
2,0,9,16,0.075,0,0.0,0.0,0
2,0,10,16,0.075,0,0.0,0.0,0
2,0,11,16,0.075,0,0.0,0.0,0
2,0,12,16,0.075,0,0.0,0.0,0
2,0,13,16,0.075,0,0.0,0.0,0
2,0,0,16,0.1,0,0.0,0.0,0
2,0,1,16,0.1,0,0.0,0.0,0
2,0,2,16,0.1,0,0.0,0.0,0
2,0,3,16,0.1,0,0.0,0.0,0
2,0,4,16,0.1,0,0.0,0.0,0
2,0,5,16,0.1,0,0.0,0.0,0
2,0,6,16,0.1,0,0.0,0.0,0
2,0,7,16,0.1,0,0.0,0.0,0
2,0,8,16,0.1,0,0.0,0.0,0
2,0,9,16,0.1,0,0.0,0.0,0
2,0,10,16,0.1,0,0.0,0.0,0
2,0,11,16,0.1,0,0.0,0.0,0
2,0,12,16,0.1,0,0.0,0.0,0
2,0,13,16,0.1,0,0.0,0.0,0
2,0,0,16,0.15,0,0.0,0.0,0
2,0,1,16,0.15,0,0.0,0.0,0
2,0,2,16,0.15,0,0.0,0.0,0
2,0,3,16,0.15,0,0.0,0.0,0
2,0,4,16,0.15,0,0.0,0.0,0
2,0,5,16,0.15,0,0.0,0.0,0
2,0,6,16,0.15,0,0.0,0.0,0
2,0,7,16,0.15,0,0.0,0.0,0
2,0,8,16,0.15,0,0.0,0.0,0
2,0,9,16,0.15,0,0.0,0.0,0
2,0,10,16,0.15,0,0.0,0.0,0
2,0,11,16,0.15,0,0.0,0.0,0
2,0,12,16,0.15,0,0.0,0.0,0
2,0,13,16,0.15,0,0.0,0.0,0
2,0,0,16,0.2,0,0.0,0.0,0
2,0,1,16,0.2,0,0.0,0.0,0
2,0,2,16,0.2,0,0.0,0.0,0
2,0,3,16,0.2,0,0.0,0.0,0
2,0,4,16,0.2,0,0.0,0.0,0
2,0,5,16,0.2,0,0.0,0.0,0
2,0,6,16,0.2,0,0.0,0.0,0
2,0,7,16,0.2,0,0.0,0.0,0
2,0,8,16,0.2,0,0.0,0.0,0
2,0,9,16,0.2,0,0.0,0.0,0
2,0,10,16,0.2,0,0.0,0.0,0
2,0,11,16,0.2,0,0.0,0.0,0
2,0,12,16,0.2,0,0.0,0.0,0
2,0,13,16,0.2,0,0.0,0.0,0
2,0,0,16,0.3,0,0.0,0.0,0
2,0,1,16,0.3,0,0.0,0.0,0
2,0,2,16,0.3,0,0.0,0.0,0
2,0,3,16,0.3,0,0.0,0.0,0
2,0,4,16,0.3,0,0.0,0.0,0
2,0,5,16,0.3,0,0.0,0.0,0
2,0,6,16,0.3,0,0.0,0.0,0
2,0,7,16,0.3,0,0.0,0.0,0
2,0,8,16,0.3,0,0.0,0.0,0
2,0,9,16,0.3,0,0.0,0.0,0
2,0,10,16,0.3,0,0.0,0.0,0
2,0,11,16,0.3,0,0.0,0.0,0
2,0,12,16,0.3,0,0.0,0.0,0
2,0,13,16,0.3,0,0.0,0.0,0
2,0,0,16,0.4,0,0.0,0.0,0
2,0,1,16,0.4,0,0.0,0.0,0
2,0,2,16,0.4,0,0.0,0.0,0
2,0,3,16,0.4,0,0.0,0.0,0
2,0,4,16,0.4,0,0.0,0.0,0
2,0,5,16,0.4,0,0.0,0.0,0
2,0,6,16,0.4,0,0.0,0.0,0
2,0,7,16,0.4,0,0.0,0.0,0
2,0,8,16,0.4,0,0.0,0.0,0
2,0,9,16,0.4,0,0.0,0.0,0
2,0,10,16,0.4,0,0.0,0.0,0
2,0,11,16,0.4,0,0.0,0.0,0
2,0,12,16,0.4,0,0.0,0.0,0
2,0,13,16,0.4,0,0.0,0.0,0
2,0,0,32,0.01,0,0.0,0.0,0
2,0,1,32,0.01,0,0.0,0.0,0
2,0,2,32,0.01,0,0.0,0.0,0
2,0,3,32,0.01,0,0.0,0.0,0
2,0,4,32,0.01,0,0.0,0.0,0
2,0,5,32,0.01,0,0.0,0.0,0
2,0,6,32,0.01,0,0.0,0.0,0
2,0,7,32,0.01,0,0.0,0.0,0
2,0,8,32,0.01,0,0.0,0.0,0
2,0,9,32,0.01,0,0.0,0.0,0
2,0,10,32,0.01,0,0.0,0.0,0
2,0,11,32,0.01,0,0.0,0.0,0
2,0,12,32,0.01,0,0.0,0.0,0
2,0,13,32,0.01,0,0.0,0.0,0
2,0,0,32,0.025,0,0.0,0.0,0
2,0,1,32,0.025,0,0.0,0.0,0
2,0,2,32,0.025,0,0.0,0.0,0
2,0,3,32,0.025,0,0.0,0.0,0
2,0,4,32,0.025,0,0.0,0.0,0
2,0,5,32,0.025,0,0.0,0.0,0
2,0,6,32,0.025,0,0.0,0.0,0
2,0,7,32,0.025,0,0.0,0.0,0
2,0,8,32,0.025,0,0.0,0.0,0
2,0,9,32,0.025,0,0.0,0.0,0
2,0,10,32,0.025,0,0.0,0.0,0
2,0,11,32,0.025,0,0.0,0.0,0
2,0,12,32,0.025,0,0.0,0.0,0
2,0,13,32,0.025,0,0.0,0.0,0
2,0,0,32,0.05,0,0.0,0.0,0
2,0,1,32,0.05,0,0.0,0.0,0
2,0,2,32,0.05,0,0.0,0.0,0
2,0,3,32,0.05,0,0.0,0.0,0
2,0,4,32,0.05,0,0.0,0.0,0
2,0,5,32,0.05,0,0.0,0.0,0
2,0,6,32,0.05,0,0.0,0.0,0
2,0,7,32,0.05,0,0.0,0.0,0
2,0,8,32,0.05,0,0.0,0.0,0
2,0,9,32,0.05,0,0.0,0.0,0
2,0,10,32,0.05,0,0.0,0.0,0
2,0,11,32,0.05,0,0.0,0.0,0
2,0,12,32,0.05,0,0.0,0.0,0
2,0,13,32,0.05,0,0.0,0.0,0
2,0,0,32,0.075,0,0.0,0.0,0
2,0,1,32,0.075,0,0.0,0.0,0
2,0,2,32,0.075,0,0.0,0.0,0
2,0,3,32,0.075,0,0.0,0.0,0
2,0,4,32,0.075,0,0.0,0.0,0
2,0,5,32,0.075,0,0.0,0.0,0
2,0,6,32,0.075,0,0.0,0.0,0
2,0,7,32,0.075,0,0.0,0.0,0
2,0,8,32,0.075,0,0.0,0.0,0
2,0,9,32,0.075,0,0.0,0.0,0
2,0,10,32,0.075,0,0.0,0.0,0
2,0,11,32,0.075,0,0.0,0.0,0
2,0,12,32,0.075,0,0.0,0.0,0
2,0,13,32,0.075,0,0.0,0.0,0
2,0,0,32,0.1,0,0.0,0.0,0
2,0,1,32,0.1,0,0.0,0.0,0
2,0,2,32,0.1,0,0.0,0.0,0
2,0,3,32,0.1,0,0.0,0.0,0
2,0,4,32,0.1,0,0.0,0.0,0
2,0,5,32,0.1,0,0.0,0.0,0
2,0,6,32,0.1,0,0.0,0.0,0
2,0,7,32,0.1,0,0.0,0.0,0
2,0,8,32,0.1,0,0.0,0.0,0
2,0,9,32,0.1,0,0.0,0.0,0
2,0,10,32,0.1,0,0.0,0.0,0
2,0,11,32,0.1,0,0.0,0.0,0
2,0,12,32,0.1,0,0.0,0.0,0
2,0,13,32,0.1,0,0.0,0.0,0
2,0,0,32,0.15,0,0.0,0.0,0
2,0,1,32,0.15,0,0.0,0.0,0
2,0,2,32,0.15,0,0.0,0.0,0
2,0,3,32,0.15,0,0.0,0.0,0
2,0,4,32,0.15,0,0.0,0.0,0
2,0,5,32,0.15,0,0.0,0.0,0
2,0,6,32,0.15,0,0.0,0.0,0
2,0,7,32,0.15,0,0.0,0.0,0
2,0,8,32,0.15,0,0.0,0.0,0
2,0,9,32,0.15,0,0.0,0.0,0
2,0,10,32,0.15,0,0.0,0.0,0
2,0,11,32,0.15,0,0.0,0.0,0
2,0,12,32,0.15,0,0.0,0.0,0
2,0,13,32,0.15,0,0.0,0.0,0
2,0,0,32,0.2,0,0.0,0.0,0
2,0,1,32,0.2,0,0.0,0.0,0
2,0,2,32,0.2,0,0.0,0.0,0
2,0,3,32,0.2,0,0.0,0.0,0
2,0,4,32,0.2,0,0.0,0.0,0
2,0,5,32,0.2,0,0.0,0.0,0
2,0,6,32,0.2,0,0.0,0.0,0
2,0,7,32,0.2,0,0.0,0.0,0
2,0,8,32,0.2,0,0.0,0.0,0
2,0,9,32,0.2,0,0.0,0.0,0
2,0,10,32,0.2,0,0.0,0.0,0
2,0,11,32,0.2,0,0.0,0.0,0
2,0,12,32,0.2,0,0.0,0.0,0
2,0,13,32,0.2,0,0.0,0.0,0
2,0,0,32,0.3,0,0.0,0.0,0
2,0,1,32,0.3,0,0.0,0.0,0
2,0,2,32,0.3,0,0.0,0.0,0
2,0,3,32,0.3,0,0.0,0.0,0
2,0,4,32,0.3,0,0.0,0.0,0
2,0,5,32,0.3,0,0.0,0.0,0
2,0,6,32,0.3,0,0.0,0.0,0
2,0,7,32,0.3,0,0.0,0.0,0
2,0,8,32,0.3,0,0.0,0.0,0
2,0,9,32,0.3,0,0.0,0.0,0
2,0,10,32,0.3,0,0.0,0.0,0
2,0,11,32,0.3,0,0.0,0.0,0
2,0,12,32,0.3,0,0.0,0.0,0
2,0,13,32,0.3,0,0.0,0.0,0
2,0,0,32,0.4,0,0.0,0.0,0
2,0,1,32,0.4,0,0.0,0.0,0
2,0,2,32,0.4,0,0.0,0.0,0
2,0,3,32,0.4,0,0.0,0.0,0
2,0,4,32,0.4,0,0.0,0.0,0
2,0,5,32,0.4,0,0.0,0.0,0
2,0,6,32,0.4,0,0.0,0.0,0
2,0,7,32,0.4,0,0.0,0.0,0
2,0,8,32,0.4,0,0.0,0.0,0
2,0,9,32,0.4,0,0.0,0.0,0
2,0,10,32,0.4,0,0.0,0.0,0
2,0,11,32,0.4,0,0.0,0.0,0
2,0,12,32,0.4,0,0.0,0.0,0
2,0,13,32,0.4,0,0.0,0.0,0
2,0,0,64,0.01,0,0.0,0.0,0
2,0,1,64,0.01,0,0.0,0.0,0
2,0,2,64,0.01,0,0.0,0.0,0
2,0,3,64,0.01,0,0.0,0.0,0
2,0,4,64,0.01,0,0.0,0.0,0
2,0,5,64,0.01,0,0.0,0.0,0
2,0,6,64,0.01,0,0.0,0.0,0
2,0,7,64,0.01,0,0.0,0.0,0
2,0,8,64,0.01,0,0.0,0.0,0
2,0,9,64,0.01,0,0.0,0.0,0
2,0,10,64,0.01,0,0.0,0.0,0
2,0,11,64,0.01,0,0.0,0.0,0
2,0,12,64,0.01,0,0.0,0.0,0
2,0,13,64,0.01,0,0.0,0.0,0
2,0,0,64,0.025,0,0.0,0.0,0
2,0,1,64,0.025,0,0.0,0.0,0
2,0,2,64,0.025,0,0.0,0.0,0
2,0,3,64,0.025,0,0.0,0.0,0
2,0,4,64,0.025,0,0.0,0.0,0
2,0,5,64,0.025,0,0.0,0.0,0
2,0,6,64,0.025,0,0.0,0.0,0
2,0,7,64,0.025,0,0.0,0.0,0
2,0,8,64,0.025,0,0.0,0.0,0
2,0,9,64,0.025,0,0.0,0.0,0
2,0,10,64,0.025,0,0.0,0.0,0
2,0,11,64,0.025,0,0.0,0.0,0
2,0,12,64,0.025,0,0.0,0.0,0
2,0,13,64,0.025,0,0.0,0.0,0
2,0,0,64,0.05,0,0.0,0.0,0
2,0,1,64,0.05,0,0.0,0.0,0
2,0,2,64,0.05,0,0.0,0.0,0
2,0,3,64,0.05,0,0.0,0.0,0
2,0,4,64,0.05,0,0.0,0.0,0
2,0,5,64,0.05,0,0.0,0.0,0
2,0,6,64,0.05,0,0.0,0.0,0
2,0,7,64,0.05,0,0.0,0.0,0
2,0,8,64,0.05,0,0.0,0.0,0
2,0,9,64,0.05,0,0.0,0.0,0
2,0,10,64,0.05,0,0.0,0.0,0
2,0,11,64,0.05,0,0.0,0.0,0
2,0,12,64,0.05,0,0.0,0.0,0
2,0,13,64,0.05,0,0.0,0.0,0
2,0,0,64,0.075,0,0.0,0.0,0
2,0,1,64,0.075,0,0.0,0.0,0
2,0,2,64,0.075,0,0.0,0.0,0
2,0,3,64,0.075,0,0.0,0.0,0
2,0,4,64,0.075,0,0.0,0.0,0
2,0,5,64,0.075,0,0.0,0.0,0
2,0,6,64,0.075,0,0.0,0.0,0
2,0,7,64,0.075,0,0.0,0.0,0
2,0,8,64,0.075,0,0.0,0.0,0
2,0,9,64,0.075,0,0.0,0.0,0
2,0,10,64,0.075,0,0.0,0.0,0
2,0,11,64,0.075,0,0.0,0.0,0
2,0,12,64,0.075,0,0.0,0.0,0
2,0,13,64,0.075,0,0.0,0.0,0
2,0,0,64,0.1,0,0.0,0.0,0
2,0,1,64,0.1,0,0.0,0.0,0
2,0,2,64,0.1,0,0.0,0.0,0
2,0,3,64,0.1,0,0.0,0.0,0
2,0,4,64,0.1,0,0.0,0.0,0
2,0,5,64,0.1,0,0.0,0.0,0
2,0,6,64,0.1,0,0.0,0.0,0
2,0,7,64,0.1,0,0.0,0.0,0
2,0,8,64,0.1,0,0.0,0.0,0
2,0,9,64,0.1,0,0.0,0.0,0
2,0,10,64,0.1,0,0.0,0.0,0
2,0,11,64,0.1,0,0.0,0.0,0
2,0,12,64,0.1,0,0.0,0.0,0
2,0,13,64,0.1,0,0.0,0.0,0
2,0,0,64,0.15,0,0.0,0.0,0
2,0,1,64,0.15,0,0.0,0.0,0
2,0,2,64,0.15,0,0.0,0.0,0
2,0,3,64,0.15,0,0.0,0.0,0
2,0,4,64,0.15,0,0.0,0.0,0
2,0,5,64,0.15,0,0.0,0.0,0
2,0,6,64,0.15,0,0.0,0.0,0
2,0,7,64,0.15,0,0.0,0.0,0
2,0,8,64,0.15,0,0.0,0.0,0
2,0,9,64,0.15,0,0.0,0.0,0
2,0,10,64,0.15,0,0.0,0.0,0
2,0,11,64,0.15,0,0.0,0.0,0
2,0,12,64,0.15,0,0.0,0.0,0
2,0,13,64,0.15,0,0.0,0.0,0
2,0,0,64,0.2,0,0.0,0.0,0
2,0,1,64,0.2,0,0.0,0.0,0
2,0,2,64,0.2,0,0.0,0.0,0
2,0,3,64,0.2,0,0.0,0.0,0
2,0,4,64,0.2,0,0.0,0.0,0
2,0,5,64,0.2,0,0.0,0.0,0
2,0,6,64,0.2,0,0.0,0.0,0
2,0,7,64,0.2,0,0.0,0.0,0
2,0,8,64,0.2,0,0.0,0.0,0
2,0,9,64,0.2,0,0.0,0.0,0
2,0,10,64,0.2,0,0.0,0.0,0
2,0,11,64,0.2,0,0.0,0.0,0
2,0,12,64,0.2,0,0.0,0.0,0
2,0,13,64,0.2,0,0.0,0.0,0
2,0,0,64,0.3,0,0.0,0.0,0
2,0,1,64,0.3,0,0.0,0.0,0
2,0,2,64,0.3,0,0.0,0.0,0
2,0,3,64,0.3,0,0.0,0.0,0
2,0,4,64,0.3,0,0.0,0.0,0
2,0,5,64,0.3,0,0.0,0.0,0
2,0,6,64,0.3,0,0.0,0.0,0
2,0,7,64,0.3,0,0.0,0.0,0
2,0,8,64,0.3,0,0.0,0.0,0
2,0,9,64,0.3,0,0.0,0.0,0
2,0,10,64,0.3,0,0.0,0.0,0
2,0,11,64,0.3,0,0.0,0.0,0
2,0,12,64,0.3,0,0.0,0.0,0
2,0,13,64,0.3,0,0.0,0.0,0
2,0,0,64,0.4,0,0.0,0.0,0
2,0,1,64,0.4,0,0.0,0.0,0
2,0,2,64,0.4,0,0.0,0.0,0
2,0,3,64,0.4,0,0.0,0.0,0
2,0,4,64,0.4,0,0.0,0.0,0
2,0,5,64,0.4,0,0.0,0.0,0
2,0,6,64,0.4,0,0.0,0.0,0
2,0,7,64,0.4,0,0.0,0.0,0
2,0,8,64,0.4,0,0.0,0.0,0
2,0,9,64,0.4,0,0.0,0.0,0
2,0,10,64,0.4,0,0.0,0.0,0
2,0,11,64,0.4,0,0.0,0.0,0
2,0,12,64,0.4,0,0.0,0.0,0
2,0,13,64,0.4,0,0.0,0.0,0
2,0,0,128,0.01,0,0.0,0.0,0
2,0,1,128,0.01,0,0.0,0.0,0
2,0,2,128,0.01,0,0.0,0.0,0
2,0,3,128,0.01,0,0.0,0.0,0
2,0,4,128,0.01,0,0.0,0.0,0
2,0,5,128,0.01,0,0.0,0.0,0
2,0,6,128,0.01,0,0.0,0.0,0
2,0,7,128,0.01,0,0.0,0.0,0
2,0,8,128,0.01,0,0.0,0.0,0
2,0,9,128,0.01,0,0.0,0.0,0
2,0,10,128,0.01,0,0.0,0.0,0
2,0,11,128,0.01,0,0.0,0.0,0
2,0,12,128,0.01,0,0.0,0.0,0
2,0,13,128,0.01,0,0.0,0.0,0
2,0,0,128,0.025,0,0.0,0.0,0
2,0,1,128,0.025,0,0.0,0.0,0
2,0,2,128,0.025,0,0.0,0.0,0
2,0,3,128,0.025,0,0.0,0.0,0
2,0,4,128,0.025,0,0.0,0.0,0
2,0,5,128,0.025,0,0.0,0.0,0
2,0,6,128,0.025,0,0.0,0.0,0
2,0,7,128,0.025,0,0.0,0.0,0
2,0,8,128,0.025,0,0.0,0.0,0
2,0,9,128,0.025,0,0.0,0.0,0
2,0,10,128,0.025,0,0.0,0.0,0
2,0,11,128,0.025,0,0.0,0.0,0
2,0,12,128,0.025,0,0.0,0.0,0
2,0,13,128,0.025,0,0.0,0.0,0
2,0,0,128,0.05,0,0.0,0.0,0
2,0,1,128,0.05,0,0.0,0.0,0
2,0,2,128,0.05,0,0.0,0.0,0
2,0,3,128,0.05,0,0.0,0.0,0
2,0,4,128,0.05,0,0.0,0.0,0
2,0,5,128,0.05,0,0.0,0.0,0
2,0,6,128,0.05,0,0.0,0.0,0
2,0,7,128,0.05,0,0.0,0.0,0
2,0,8,128,0.05,0,0.0,0.0,0
2,0,9,128,0.05,0,0.0,0.0,0
2,0,10,128,0.05,0,0.0,0.0,0
2,0,11,128,0.05,0,0.0,0.0,0
2,0,12,128,0.05,0,0.0,0.0,0
2,0,13,128,0.05,0,0.0,0.0,0
2,0,0,128,0.075,0,0.0,0.0,0
2,0,1,128,0.075,0,0.0,0.0,0
2,0,2,128,0.075,0,0.0,0.0,0
2,0,3,128,0.075,0,0.0,0.0,0
2,0,4,128,0.075,0,0.0,0.0,0
2,0,5,128,0.075,0,0.0,0.0,0
2,0,6,128,0.075,0,0.0,0.0,0
2,0,7,128,0.075,0,0.0,0.0,0
2,0,8,128,0.075,0,0.0,0.0,0
2,0,9,128,0.075,0,0.0,0.0,0
2,0,10,128,0.075,0,0.0,0.0,0
2,0,11,128,0.075,0,0.0,0.0,0
2,0,12,128,0.075,0,0.0,0.0,0
2,0,13,128,0.075,0,0.0,0.0,0
2,0,0,128,0.1,0,0.0,0.0,0
2,0,1,128,0.1,0,0.0,0.0,0
2,0,2,128,0.1,0,0.0,0.0,0
2,0,3,128,0.1,0,0.0,0.0,0
2,0,4,128,0.1,0,0.0,0.0,0
2,0,5,128,0.1,0,0.0,0.0,0
2,0,6,128,0.1,0,0.0,0.0,0
2,0,7,128,0.1,0,0.0,0.0,0
2,0,8,128,0.1,0,0.0,0.0,0
2,0,9,128,0.1,0,0.0,0.0,0
2,0,10,128,0.1,0,0.0,0.0,0
2,0,11,128,0.1,0,0.0,0.0,0
2,0,12,128,0.1,0,0.0,0.0,0
2,0,13,128,0.1,0,0.0,0.0,0
2,0,0,128,0.15,0,0.0,0.0,0
2,0,1,128,0.15,0,0.0,0.0,0
2,0,2,128,0.15,0,0.0,0.0,0
2,0,3,128,0.15,0,0.0,0.0,0
2,0,4,128,0.15,0,0.0,0.0,0
2,0,5,128,0.15,0,0.0,0.0,0
2,0,6,128,0.15,0,0.0,0.0,0
2,0,7,128,0.15,0,0.0,0.0,0
2,0,8,128,0.15,0,0.0,0.0,0
2,0,9,128,0.15,0,0.0,0.0,0
2,0,10,128,0.15,0,0.0,0.0,0
2,0,11,128,0.15,0,0.0,0.0,0
2,0,12,128,0.15,0,0.0,0.0,0
2,0,13,128,0.15,0,0.0,0.0,0
2,0,0,128,0.2,0,0.0,0.0,0
2,0,1,128,0.2,0,0.0,0.0,0
2,0,2,128,0.2,0,0.0,0.0,0
2,0,3,128,0.2,0,0.0,0.0,0
2,0,4,128,0.2,0,0.0,0.0,0
2,0,5,128,0.2,0,0.0,0.0,0
2,0,6,128,0.2,0,0.0,0.0,0
2,0,7,128,0.2,0,0.0,0.0,0
2,0,8,128,0.2,0,0.0,0.0,0
2,0,9,128,0.2,0,0.0,0.0,0
2,0,10,128,0.2,0,0.0,0.0,0
2,0,11,128,0.2,0,0.0,0.0,0
2,0,12,128,0.2,0,0.0,0.0,0
2,0,13,128,0.2,0,0.0,0.0,0
2,0,0,128,0.3,0,0.0,0.0,0
2,0,1,128,0.3,0,0.0,0.0,0
2,0,2,128,0.3,0,0.0,0.0,0
2,0,3,128,0.3,0,0.0,0.0,0
2,0,4,128,0.3,0,0.0,0.0,0
2,0,5,128,0.3,0,0.0,0.0,0
2,0,6,128,0.3,0,0.0,0.0,0
2,0,7,128,0.3,0,0.0,0.0,0
2,0,8,128,0.3,0,0.0,0.0,0
2,0,9,128,0.3,0,0.0,0.0,0
2,0,10,128,0.3,0,0.0,0.0,0
2,0,11,128,0.3,0,0.0,0.0,0
2,0,12,128,0.3,0,0.0,0.0,0
2,0,13,128,0.3,0,0.0,0.0,0
2,0,0,128,0.4,0,0.0,0.0,0
2,0,1,128,0.4,0,0.0,0.0,0
2,0,2,128,0.4,0,0.0,0.0,0
2,0,3,128,0.4,0,0.0,0.0,0
2,0,4,128,0.4,0,0.0,0.0,0
2,0,5,128,0.4,0,0.0,0.0,0
2,0,6,128,0.4,0,0.0,0.0,0
2,0,7,128,0.4,0,0.0,0.0,0
2,0,8,128,0.4,0,0.0,0.0,0
2,0,9,128,0.4,0,0.0,0.0,0
2,0,10,128,0.4,0,0.0,0.0,0
2,0,11,128,0.4,0,0.0,0.0,0
2,0,12,128,0.4,0,0.0,0.0,0
2,0,13,128,0.4,0,0.0,0.0,0
2,6,0,4,0.01,0,0.0,0.0,0
2,6,1,4,0.01,0,0.0,0.0,0
2,6,2,4,0.01,0,0.0,0.0,0
2,6,3,4,0.01,0,0.0,0.0,0
2,6,4,4,0.01,0,0.0,0.0,0
2,6,5,4,0.01,0,0.0,0.0,0
2,6,6,4,0.01,0,0.0,0.0,0
2,6,7,4,0.01,0,0.0,0.0,0
2,6,8,4,0.01,0,0.0,0.0,0
2,6,9,4,0.01,0,0.0,0.0,0
2,6,10,4,0.01,0,0.0,0.0,0
2,6,11,4,0.01,0,0.0,0.0,0
2,6,12,4,0.01,0,0.0,0.0,0
2,6,13,4,0.01,0,0.0,0.0,0
2,6,0,4,0.025,0,0.0,0.0,0
2,6,1,4,0.025,0,0.0,0.0,0
2,6,2,4,0.025,0,0.0,0.0,0
2,6,3,4,0.025,0,0.0,0.0,0
2,6,4,4,0.025,0,0.0,0.0,0
2,6,5,4,0.025,0,0.0,0.0,0
2,6,6,4,0.025,0,0.0,0.0,0
2,6,7,4,0.025,0,0.0,0.0,0
2,6,8,4,0.025,0,0.0,0.0,0
2,6,9,4,0.025,0,0.0,0.0,0
2,6,10,4,0.025,0,0.0,0.0,0
2,6,11,4,0.025,0,0.0,0.0,0
2,6,12,4,0.025,0,0.0,0.0,0
2,6,13,4,0.025,0,0.0,0.0,0
2,6,0,4,0.05,0,0.0,0.0,0
2,6,1,4,0.05,0,0.0,0.0,0
2,6,2,4,0.05,0,0.0,0.0,0
2,6,3,4,0.05,0,0.0,0.0,0
2,6,4,4,0.05,0,0.0,0.0,0
2,6,5,4,0.05,0,0.0,0.0,0
2,6,6,4,0.05,0,0.0,0.0,0
2,6,7,4,0.05,0,0.0,0.0,0
2,6,8,4,0.05,0,0.0,0.0,0
2,6,9,4,0.05,0,0.0,0.0,0
2,6,10,4,0.05,0,0.0,0.0,0
2,6,11,4,0.05,0,0.0,0.0,0
2,6,12,4,0.05,0,0.0,0.0,0
2,6,13,4,0.05,0,0.0,0.0,0
2,6,0,4,0.075,0,0.0,0.0,0
2,6,1,4,0.075,0,0.0,0.0,0
2,6,2,4,0.075,0,0.0,0.0,0
2,6,3,4,0.075,0,0.0,0.0,0
2,6,4,4,0.075,0,0.0,0.0,0
2,6,5,4,0.075,0,0.0,0.0,0
2,6,6,4,0.075,0,0.0,0.0,0
2,6,7,4,0.075,0,0.0,0.0,0
2,6,8,4,0.075,0,0.0,0.0,0
2,6,9,4,0.075,0,0.0,0.0,0
2,6,10,4,0.075,0,0.0,0.0,0
2,6,11,4,0.075,0,0.0,0.0,0
2,6,12,4,0.075,0,0.0,0.0,0
2,6,13,4,0.075,0,0.0,0.0,0
2,6,0,4,0.1,0,0.0,0.0,0
2,6,1,4,0.1,0,0.0,0.0,0
2,6,2,4,0.1,0,0.0,0.0,0
2,6,3,4,0.1,0,0.0,0.0,0
2,6,4,4,0.1,0,0.0,0.0,0
2,6,5,4,0.1,0,0.0,0.0,0
2,6,6,4,0.1,0,0.0,0.0,0
2,6,7,4,0.1,0,0.0,0.0,0
2,6,8,4,0.1,0,0.0,0.0,0
2,6,9,4,0.1,0,0.0,0.0,0
2,6,10,4,0.1,0,0.0,0.0,0
2,6,11,4,0.1,0,0.0,0.0,0
2,6,12,4,0.1,0,0.0,0.0,0
2,6,13,4,0.1,0,0.0,0.0,0
2,6,0,4,0.15,0,0.0,0.0,0
2,6,1,4,0.15,0,0.0,0.0,0
2,6,2,4,0.15,0,0.0,0.0,0
2,6,3,4,0.15,0,0.0,0.0,0
2,6,4,4,0.15,0,0.0,0.0,0
2,6,5,4,0.15,0,0.0,0.0,0
2,6,6,4,0.15,0,0.0,0.0,0
2,6,7,4,0.15,0,0.0,0.0,0
2,6,8,4,0.15,0,0.0,0.0,0
2,6,9,4,0.15,0,0.0,0.0,0
2,6,10,4,0.15,0,0.0,0.0,0
2,6,11,4,0.15,0,0.0,0.0,0
2,6,12,4,0.15,0,0.0,0.0,0
2,6,13,4,0.15,0,0.0,0.0,0
2,6,0,4,0.2,0,0.0,0.0,0
2,6,1,4,0.2,0,0.0,0.0,0
2,6,2,4,0.2,0,0.0,0.0,0
2,6,3,4,0.2,0,0.0,0.0,0
2,6,4,4,0.2,0,0.0,0.0,0
2,6,5,4,0.2,0,0.0,0.0,0
2,6,6,4,0.2,0,0.0,0.0,0
2,6,7,4,0.2,0,0.0,0.0,0
2,6,8,4,0.2,0,0.0,0.0,0
2,6,9,4,0.2,0,0.0,0.0,0
2,6,10,4,0.2,0,0.0,0.0,0
2,6,11,4,0.2,0,0.0,0.0,0
2,6,12,4,0.2,0,0.0,0.0,0
2,6,13,4,0.2,0,0.0,0.0,0
2,6,0,4,0.3,0,0.0,0.0,0
2,6,1,4,0.3,0,0.0,0.0,0
2,6,2,4,0.3,0,0.0,0.0,0
2,6,3,4,0.3,0,0.0,0.0,0
2,6,4,4,0.3,0,0.0,0.0,0
2,6,5,4,0.3,0,0.0,0.0,0
2,6,6,4,0.3,0,0.0,0.0,0
2,6,7,4,0.3,0,0.0,0.0,0
2,6,8,4,0.3,0,0.0,0.0,0
2,6,9,4,0.3,0,0.0,0.0,0
2,6,10,4,0.3,0,0.0,0.0,0
2,6,11,4,0.3,0,0.0,0.0,0
2,6,12,4,0.3,0,0.0,0.0,0
2,6,13,4,0.3,0,0.0,0.0,0
2,6,0,4,0.4,0,0.0,0.0,0
2,6,1,4,0.4,0,0.0,0.0,0
2,6,2,4,0.4,0,0.0,0.0,0
2,6,3,4,0.4,0,0.0,0.0,0
2,6,4,4,0.4,0,0.0,0.0,0
2,6,5,4,0.4,0,0.0,0.0,0
2,6,6,4,0.4,0,0.0,0.0,0
2,6,7,4,0.4,0,0.0,0.0,0
2,6,8,4,0.4,0,0.0,0.0,0
2,6,9,4,0.4,0,0.0,0.0,0
2,6,10,4,0.4,0,0.0,0.0,0
2,6,11,4,0.4,0,0.0,0.0,0
2,6,12,4,0.4,0,0.0,0.0,0
2,6,13,4,0.4,0,0.0,0.0,0
2,6,0,8,0.01,0,0.0,0.0,0
2,6,1,8,0.01,0,0.0,0.0,0
2,6,2,8,0.01,0,0.0,0.0,0
2,6,3,8,0.01,0,0.0,0.0,0
2,6,4,8,0.01,0,0.0,0.0,0
2,6,5,8,0.01,0,0.0,0.0,0
2,6,6,8,0.01,0,0.0,0.0,0
2,6,7,8,0.01,0,0.0,0.0,0
2,6,8,8,0.01,0,0.0,0.0,0
2,6,9,8,0.01,0,0.0,0.0,0
2,6,10,8,0.01,0,0.0,0.0,0
2,6,11,8,0.01,0,0.0,0.0,0
2,6,12,8,0.01,0,0.0,0.0,0
2,6,13,8,0.01,0,0.0,0.0,0
2,6,0,8,0.025,0,0.0,0.0,0
2,6,1,8,0.025,0,0.0,0.0,0
2,6,2,8,0.025,0,0.0,0.0,0
2,6,3,8,0.025,0,0.0,0.0,0
2,6,4,8,0.025,0,0.0,0.0,0
2,6,5,8,0.025,0,0.0,0.0,0
2,6,6,8,0.025,0,0.0,0.0,0
2,6,7,8,0.025,0,0.0,0.0,0
2,6,8,8,0.025,0,0.0,0.0,0
2,6,9,8,0.025,0,0.0,0.0,0
2,6,10,8,0.025,0,0.0,0.0,0
2,6,11,8,0.025,0,0.0,0.0,0
2,6,12,8,0.025,0,0.0,0.0,0
2,6,13,8,0.025,0,0.0,0.0,0
2,6,0,8,0.05,0,0.0,0.0,0
2,6,1,8,0.05,0,0.0,0.0,0
2,6,2,8,0.05,0,0.0,0.0,0
2,6,3,8,0.05,0,0.0,0.0,0
2,6,4,8,0.05,0,0.0,0.0,0
2,6,5,8,0.05,0,0.0,0.0,0
2,6,6,8,0.05,0,0.0,0.0,0
2,6,7,8,0.05,0,0.0,0.0,0
2,6,8,8,0.05,0,0.0,0.0,0
2,6,9,8,0.05,0,0.0,0.0,0
2,6,10,8,0.05,0,0.0,0.0,0
2,6,11,8,0.05,0,0.0,0.0,0
2,6,12,8,0.05,0,0.0,0.0,0
2,6,13,8,0.05,0,0.0,0.0,0
2,6,0,8,0.075,0,0.0,0.0,0
2,6,1,8,0.075,0,0.0,0.0,0
2,6,2,8,0.075,0,0.0,0.0,0
2,6,3,8,0.075,0,0.0,0.0,0
2,6,4,8,0.075,0,0.0,0.0,0
2,6,5,8,0.075,0,0.0,0.0,0
2,6,6,8,0.075,0,0.0,0.0,0
2,6,7,8,0.075,0,0.0,0.0,0
2,6,8,8,0.075,0,0.0,0.0,0
2,6,9,8,0.075,0,0.0,0.0,0
2,6,10,8,0.075,0,0.0,0.0,0
2,6,11,8,0.075,0,0.0,0.0,0
2,6,12,8,0.075,0,0.0,0.0,0
2,6,13,8,0.075,0,0.0,0.0,0
2,6,0,8,0.1,0,0.0,0.0,0
2,6,1,8,0.1,0,0.0,0.0,0
2,6,2,8,0.1,0,0.0,0.0,0
2,6,3,8,0.1,0,0.0,0.0,0
2,6,4,8,0.1,0,0.0,0.0,0
2,6,5,8,0.1,0,0.0,0.0,0
2,6,6,8,0.1,0,0.0,0.0,0
2,6,7,8,0.1,0,0.0,0.0,0
2,6,8,8,0.1,0,0.0,0.0,0
2,6,9,8,0.1,0,0.0,0.0,0
2,6,10,8,0.1,0,0.0,0.0,0
2,6,11,8,0.1,0,0.0,0.0,0
2,6,12,8,0.1,0,0.0,0.0,0
2,6,13,8,0.1,0,0.0,0.0,0
2,6,0,8,0.15,0,0.0,0.0,0
2,6,1,8,0.15,0,0.0,0.0,0
2,6,2,8,0.15,0,0.0,0.0,0
2,6,3,8,0.15,0,0.0,0.0,0
2,6,4,8,0.15,0,0.0,0.0,0
2,6,5,8,0.15,0,0.0,0.0,0
2,6,6,8,0.15,0,0.0,0.0,0
2,6,7,8,0.15,0,0.0,0.0,0
2,6,8,8,0.15,0,0.0,0.0,0
2,6,9,8,0.15,0,0.0,0.0,0
2,6,10,8,0.15,0,0.0,0.0,0
2,6,11,8,0.15,0,0.0,0.0,0
2,6,12,8,0.15,0,0.0,0.0,0
2,6,13,8,0.15,0,0.0,0.0,0
2,6,0,8,0.2,0,0.0,0.0,0
2,6,1,8,0.2,0,0.0,0.0,0
2,6,2,8,0.2,0,0.0,0.0,0
2,6,3,8,0.2,0,0.0,0.0,0
2,6,4,8,0.2,0,0.0,0.0,0
2,6,5,8,0.2,0,0.0,0.0,0
2,6,6,8,0.2,0,0.0,0.0,0
2,6,7,8,0.2,0,0.0,0.0,0
2,6,8,8,0.2,0,0.0,0.0,0
2,6,9,8,0.2,0,0.0,0.0,0
2,6,10,8,0.2,0,0.0,0.0,0
2,6,11,8,0.2,0,0.0,0.0,0
2,6,12,8,0.2,0,0.0,0.0,0
2,6,13,8,0.2,0,0.0,0.0,0
2,6,0,8,0.3,0,0.0,0.0,0
2,6,1,8,0.3,0,0.0,0.0,0
2,6,2,8,0.3,0,0.0,0.0,0
2,6,3,8,0.3,0,0.0,0.0,0
2,6,4,8,0.3,0,0.0,0.0,0
2,6,5,8,0.3,0,0.0,0.0,0
2,6,6,8,0.3,0,0.0,0.0,0
2,6,7,8,0.3,0,0.0,0.0,0
2,6,8,8,0.3,0,0.0,0.0,0
2,6,9,8,0.3,0,0.0,0.0,0
2,6,10,8,0.3,0,0.0,0.0,0
2,6,11,8,0.3,0,0.0,0.0,0
2,6,12,8,0.3,0,0.0,0.0,0
2,6,13,8,0.3,0,0.0,0.0,0
2,6,0,8,0.4,0,0.0,0.0,0
2,6,1,8,0.4,0,0.0,0.0,0
2,6,2,8,0.4,0,0.0,0.0,0
2,6,3,8,0.4,0,0.0,0.0,0
2,6,4,8,0.4,0,0.0,0.0,0
2,6,5,8,0.4,0,0.0,0.0,0
2,6,6,8,0.4,0,0.0,0.0,0
2,6,7,8,0.4,0,0.0,0.0,0
2,6,8,8,0.4,0,0.0,0.0,0
2,6,9,8,0.4,0,0.0,0.0,0
2,6,10,8,0.4,0,0.0,0.0,0
2,6,11,8,0.4,0,0.0,0.0,0
2,6,12,8,0.4,0,0.0,0.0,0
2,6,13,8,0.4,0,0.0,0.0,0
2,6,0,16,0.01,0,0.0,0.0,0
2,6,1,16,0.01,0,0.0,0.0,0
2,6,2,16,0.01,0,0.0,0.0,0
2,6,3,16,0.01,0,0.0,0.0,0
2,6,4,16,0.01,0,0.0,0.0,0
2,6,5,16,0.01,0,0.0,0.0,0
2,6,6,16,0.01,0,0.0,0.0,0
2,6,7,16,0.01,0,0.0,0.0,0
2,6,8,16,0.01,0,0.0,0.0,0
2,6,9,16,0.01,0,0.0,0.0,0
2,6,10,16,0.01,0,0.0,0.0,0
2,6,11,16,0.01,0,0.0,0.0,0
2,6,12,16,0.01,0,0.0,0.0,0
2,6,13,16,0.01,0,0.0,0.0,0
2,6,0,16,0.025,0,0.0,0.0,0
2,6,1,16,0.025,0,0.0,0.0,0
2,6,2,16,0.025,0,0.0,0.0,0
2,6,3,16,0.025,0,0.0,0.0,0
2,6,4,16,0.025,0,0.0,0.0,0
2,6,5,16,0.025,0,0.0,0.0,0
2,6,6,16,0.025,0,0.0,0.0,0
2,6,7,16,0.025,0,0.0,0.0,0
2,6,8,16,0.025,0,0.0,0.0,0
2,6,9,16,0.025,0,0.0,0.0,0
2,6,10,16,0.025,0,0.0,0.0,0
2,6,11,16,0.025,0,0.0,0.0,0
2,6,12,16,0.025,0,0.0,0.0,0
2,6,13,16,0.025,0,0.0,0.0,0
2,6,0,16,0.05,0,0.0,0.0,0
2,6,1,16,0.05,0,0.0,0.0,0
2,6,2,16,0.05,0,0.0,0.0,0
2,6,3,16,0.05,0,0.0,0.0,0
2,6,4,16,0.05,0,0.0,0.0,0
2,6,5,16,0.05,0,0.0,0.0,0
2,6,6,16,0.05,0,0.0,0.0,0
2,6,7,16,0.05,0,0.0,0.0,0
2,6,8,16,0.05,0,0.0,0.0,0
2,6,9,16,0.05,0,0.0,0.0,0
2,6,10,16,0.05,0,0.0,0.0,0
2,6,11,16,0.05,0,0.0,0.0,0
2,6,12,16,0.05,0,0.0,0.0,0
2,6,13,16,0.05,0,0.0,0.0,0
2,6,0,16,0.075,0,0.0,0.0,0
2,6,1,16,0.075,0,0.0,0.0,0
2,6,2,16,0.075,0,0.0,0.0,0
2,6,3,16,0.075,0,0.0,0.0,0
2,6,4,16,0.075,0,0.0,0.0,0
2,6,5,16,0.075,0,0.0,0.0,0
2,6,6,16,0.075,0,0.0,0.0,0
2,6,7,16,0.075,0,0.0,0.0,0
2,6,8,16,0.075,0,0.0,0.0,0
2,6,9,16,0.075,0,0.0,0.0,0
2,6,10,16,0.075,0,0.0,0.0,0
2,6,11,16,0.075,0,0.0,0.0,0
2,6,12,16,0.075,0,0.0,0.0,0
2,6,13,16,0.075,0,0.0,0.0,0
2,6,0,16,0.1,0,0.0,0.0,0
2,6,1,16,0.1,0,0.0,0.0,0
2,6,2,16,0.1,0,0.0,0.0,0
2,6,3,16,0.1,0,0.0,0.0,0
2,6,4,16,0.1,0,0.0,0.0,0
2,6,5,16,0.1,0,0.0,0.0,0
2,6,6,16,0.1,0,0.0,0.0,0
2,6,7,16,0.1,0,0.0,0.0,0
2,6,8,16,0.1,0,0.0,0.0,0
2,6,9,16,0.1,0,0.0,0.0,0
2,6,10,16,0.1,0,0.0,0.0,0
2,6,11,16,0.1,0,0.0,0.0,0
2,6,12,16,0.1,0,0.0,0.0,0
2,6,13,16,0.1,0,0.0,0.0,0
2,6,0,16,0.15,0,0.0,0.0,0
2,6,1,16,0.15,0,0.0,0.0,0
2,6,2,16,0.15,0,0.0,0.0,0
2,6,3,16,0.15,0,0.0,0.0,0
2,6,4,16,0.15,0,0.0,0.0,0
2,6,5,16,0.15,0,0.0,0.0,0
2,6,6,16,0.15,0,0.0,0.0,0
2,6,7,16,0.15,0,0.0,0.0,0
2,6,8,16,0.15,0,0.0,0.0,0
2,6,9,16,0.15,0,0.0,0.0,0
2,6,10,16,0.15,0,0.0,0.0,0
2,6,11,16,0.15,0,0.0,0.0,0
2,6,12,16,0.15,0,0.0,0.0,0
2,6,13,16,0.15,0,0.0,0.0,0
2,6,0,16,0.2,0,0.0,0.0,0
2,6,1,16,0.2,0,0.0,0.0,0
2,6,2,16,0.2,0,0.0,0.0,0
2,6,3,16,0.2,0,0.0,0.0,0
2,6,4,16,0.2,0,0.0,0.0,0
2,6,5,16,0.2,0,0.0,0.0,0
2,6,6,16,0.2,0,0.0,0.0,0
2,6,7,16,0.2,0,0.0,0.0,0
2,6,8,16,0.2,0,0.0,0.0,0
2,6,9,16,0.2,0,0.0,0.0,0
2,6,10,16,0.2,0,0.0,0.0,0
2,6,11,16,0.2,0,0.0,0.0,0
2,6,12,16,0.2,0,0.0,0.0,0
2,6,13,16,0.2,0,0.0,0.0,0
2,6,0,16,0.3,0,0.0,0.0,0
2,6,1,16,0.3,0,0.0,0.0,0
2,6,2,16,0.3,0,0.0,0.0,0
2,6,3,16,0.3,0,0.0,0.0,0
2,6,4,16,0.3,0,0.0,0.0,0
2,6,5,16,0.3,0,0.0,0.0,0
2,6,6,16,0.3,0,0.0,0.0,0
2,6,7,16,0.3,0,0.0,0.0,0
2,6,8,16,0.3,0,0.0,0.0,0
2,6,9,16,0.3,0,0.0,0.0,0
2,6,10,16,0.3,0,0.0,0.0,0
2,6,11,16,0.3,0,0.0,0.0,0
2,6,12,16,0.3,0,0.0,0.0,0
2,6,13,16,0.3,0,0.0,0.0,0
2,6,0,16,0.4,0,0.0,0.0,0
2,6,1,16,0.4,0,0.0,0.0,0
2,6,2,16,0.4,0,0.0,0.0,0
2,6,3,16,0.4,0,0.0,0.0,0
2,6,4,16,0.4,0,0.0,0.0,0
2,6,5,16,0.4,0,0.0,0.0,0
2,6,6,16,0.4,0,0.0,0.0,0
2,6,7,16,0.4,0,0.0,0.0,0
2,6,8,16,0.4,0,0.0,0.0,0
2,6,9,16,0.4,0,0.0,0.0,0
2,6,10,16,0.4,0,0.0,0.0,0
2,6,11,16,0.4,0,0.0,0.0,0
2,6,12,16,0.4,0,0.0,0.0,0
2,6,13,16,0.4,0,0.0,0.0,0
2,6,0,32,0.01,0,0.0,0.0,0
2,6,1,32,0.01,0,0.0,0.0,0
2,6,2,32,0.01,0,0.0,0.0,0
2,6,3,32,0.01,0,0.0,0.0,0
2,6,4,32,0.01,0,0.0,0.0,0
2,6,5,32,0.01,0,0.0,0.0,0
2,6,6,32,0.01,0,0.0,0.0,0
2,6,7,32,0.01,0,0.0,0.0,0
2,6,8,32,0.01,0,0.0,0.0,0
2,6,9,32,0.01,0,0.0,0.0,0
2,6,10,32,0.01,0,0.0,0.0,0
2,6,11,32,0.01,0,0.0,0.0,0
2,6,12,32,0.01,0,0.0,0.0,0
2,6,13,32,0.01,0,0.0,0.0,0
2,6,0,32,0.025,0,0.0,0.0,0
2,6,1,32,0.025,0,0.0,0.0,0
2,6,2,32,0.025,0,0.0,0.0,0
2,6,3,32,0.025,0,0.0,0.0,0
2,6,4,32,0.025,0,0.0,0.0,0
2,6,5,32,0.025,0,0.0,0.0,0
2,6,6,32,0.025,0,0.0,0.0,0
2,6,7,32,0.025,0,0.0,0.0,0
2,6,8,32,0.025,0,0.0,0.0,0
2,6,9,32,0.025,0,0.0,0.0,0
2,6,10,32,0.025,0,0.0,0.0,0
2,6,11,32,0.025,0,0.0,0.0,0
2,6,12,32,0.025,0,0.0,0.0,0
2,6,13,32,0.025,0,0.0,0.0,0
2,6,0,32,0.05,0,0.0,0.0,0
2,6,1,32,0.05,0,0.0,0.0,0
2,6,2,32,0.05,0,0.0,0.0,0
2,6,3,32,0.05,0,0.0,0.0,0
2,6,4,32,0.05,0,0.0,0.0,0
2,6,5,32,0.05,0,0.0,0.0,0
2,6,6,32,0.05,0,0.0,0.0,0
2,6,7,32,0.05,0,0.0,0.0,0
2,6,8,32,0.05,0,0.0,0.0,0
2,6,9,32,0.05,0,0.0,0.0,0
2,6,10,32,0.05,0,0.0,0.0,0
2,6,11,32,0.05,0,0.0,0.0,0
2,6,12,32,0.05,0,0.0,0.0,0
2,6,13,32,0.05,0,0.0,0.0,0
2,6,0,32,0.075,0,0.0,0.0,0
2,6,1,32,0.075,0,0.0,0.0,0
2,6,2,32,0.075,0,0.0,0.0,0
2,6,3,32,0.075,0,0.0,0.0,0
2,6,4,32,0.075,0,0.0,0.0,0
2,6,5,32,0.075,0,0.0,0.0,0
2,6,6,32,0.075,0,0.0,0.0,0
2,6,7,32,0.075,0,0.0,0.0,0
2,6,8,32,0.075,0,0.0,0.0,0
2,6,9,32,0.075,0,0.0,0.0,0
2,6,10,32,0.075,0,0.0,0.0,0
2,6,11,32,0.075,0,0.0,0.0,0
2,6,12,32,0.075,0,0.0,0.0,0
2,6,13,32,0.075,0,0.0,0.0,0
2,6,0,32,0.1,0,0.0,0.0,0
2,6,1,32,0.1,0,0.0,0.0,0
2,6,2,32,0.1,0,0.0,0.0,0
2,6,3,32,0.1,0,0.0,0.0,0
2,6,4,32,0.1,0,0.0,0.0,0
2,6,5,32,0.1,0,0.0,0.0,0
2,6,6,32,0.1,0,0.0,0.0,0
2,6,7,32,0.1,0,0.0,0.0,0
2,6,8,32,0.1,0,0.0,0.0,0
2,6,9,32,0.1,0,0.0,0.0,0
2,6,10,32,0.1,0,0.0,0.0,0
2,6,11,32,0.1,0,0.0,0.0,0
2,6,12,32,0.1,0,0.0,0.0,0
2,6,13,32,0.1,0,0.0,0.0,0
2,6,0,32,0.15,0,0.0,0.0,0
2,6,1,32,0.15,0,0.0,0.0,0
2,6,2,32,0.15,0,0.0,0.0,0
2,6,3,32,0.15,0,0.0,0.0,0
2,6,4,32,0.15,0,0.0,0.0,0
2,6,5,32,0.15,0,0.0,0.0,0
2,6,6,32,0.15,0,0.0,0.0,0
2,6,7,32,0.15,0,0.0,0.0,0
2,6,8,32,0.15,0,0.0,0.0,0
2,6,9,32,0.15,0,0.0,0.0,0
2,6,10,32,0.15,0,0.0,0.0,0
2,6,11,32,0.15,0,0.0,0.0,0
2,6,12,32,0.15,0,0.0,0.0,0
2,6,13,32,0.15,0,0.0,0.0,0
2,6,0,32,0.2,0,0.0,0.0,0
2,6,1,32,0.2,0,0.0,0.0,0
2,6,2,32,0.2,0,0.0,0.0,0
2,6,3,32,0.2,0,0.0,0.0,0
2,6,4,32,0.2,0,0.0,0.0,0
2,6,5,32,0.2,0,0.0,0.0,0
2,6,6,32,0.2,0,0.0,0.0,0
2,6,7,32,0.2,0,0.0,0.0,0
2,6,8,32,0.2,0,0.0,0.0,0
2,6,9,32,0.2,0,0.0,0.0,0
2,6,10,32,0.2,0,0.0,0.0,0
2,6,11,32,0.2,0,0.0,0.0,0
2,6,12,32,0.2,0,0.0,0.0,0
2,6,13,32,0.2,0,0.0,0.0,0
2,6,0,32,0.3,0,0.0,0.0,0
2,6,1,32,0.3,0,0.0,0.0,0
2,6,2,32,0.3,0,0.0,0.0,0
2,6,3,32,0.3,0,0.0,0.0,0
2,6,4,32,0.3,0,0.0,0.0,0
2,6,5,32,0.3,0,0.0,0.0,0
2,6,6,32,0.3,0,0.0,0.0,0
2,6,7,32,0.3,0,0.0,0.0,0
2,6,8,32,0.3,0,0.0,0.0,0
2,6,9,32,0.3,0,0.0,0.0,0
2,6,10,32,0.3,0,0.0,0.0,0
2,6,11,32,0.3,0,0.0,0.0,0
2,6,12,32,0.3,0,0.0,0.0,0
2,6,13,32,0.3,0,0.0,0.0,0
2,6,0,32,0.4,0,0.0,0.0,0
2,6,1,32,0.4,0,0.0,0.0,0
2,6,2,32,0.4,0,0.0,0.0,0
2,6,3,32,0.4,0,0.0,0.0,0
2,6,4,32,0.4,0,0.0,0.0,0
2,6,5,32,0.4,0,0.0,0.0,0
2,6,6,32,0.4,0,0.0,0.0,0
2,6,7,32,0.4,0,0.0,0.0,0
2,6,8,32,0.4,0,0.0,0.0,0
2,6,9,32,0.4,0,0.0,0.0,0
2,6,10,32,0.4,0,0.0,0.0,0
2,6,11,32,0.4,0,0.0,0.0,0
2,6,12,32,0.4,0,0.0,0.0,0
2,6,13,32,0.4,0,0.0,0.0,0
2,6,0,64,0.01,0,0.0,0.0,0
2,6,1,64,0.01,0,0.0,0.0,0
2,6,2,64,0.01,0,0.0,0.0,0
2,6,3,64,0.01,0,0.0,0.0,0
2,6,4,64,0.01,0,0.0,0.0,0
2,6,5,64,0.01,0,0.0,0.0,0
2,6,6,64,0.01,0,0.0,0.0,0
2,6,7,64,0.01,0,0.0,0.0,0
2,6,8,64,0.01,0,0.0,0.0,0
2,6,9,64,0.01,0,0.0,0.0,0
2,6,10,64,0.01,0,0.0,0.0,0
2,6,11,64,0.01,0,0.0,0.0,0
2,6,12,64,0.01,0,0.0,0.0,0
2,6,13,64,0.01,0,0.0,0.0,0
2,6,0,64,0.025,0,0.0,0.0,0
2,6,1,64,0.025,0,0.0,0.0,0
2,6,2,64,0.025,0,0.0,0.0,0
2,6,3,64,0.025,0,0.0,0.0,0
2,6,4,64,0.025,0,0.0,0.0,0
2,6,5,64,0.025,0,0.0,0.0,0
2,6,6,64,0.025,0,0.0,0.0,0
2,6,7,64,0.025,0,0.0,0.0,0
2,6,8,64,0.025,0,0.0,0.0,0
2,6,9,64,0.025,0,0.0,0.0,0
2,6,10,64,0.025,0,0.0,0.0,0
2,6,11,64,0.025,0,0.0,0.0,0
2,6,12,64,0.025,0,0.0,0.0,0
2,6,13,64,0.025,0,0.0,0.0,0
2,6,0,64,0.05,0,0.0,0.0,0
2,6,1,64,0.05,0,0.0,0.0,0
2,6,2,64,0.05,0,0.0,0.0,0
2,6,3,64,0.05,0,0.0,0.0,0
2,6,4,64,0.05,0,0.0,0.0,0
2,6,5,64,0.05,0,0.0,0.0,0
2,6,6,64,0.05,0,0.0,0.0,0
2,6,7,64,0.05,0,0.0,0.0,0
2,6,8,64,0.05,0,0.0,0.0,0
2,6,9,64,0.05,0,0.0,0.0,0
2,6,10,64,0.05,0,0.0,0.0,0
2,6,11,64,0.05,0,0.0,0.0,0
2,6,12,64,0.05,0,0.0,0.0,0
2,6,13,64,0.05,0,0.0,0.0,0
2,6,0,64,0.075,0,0.0,0.0,0
2,6,1,64,0.075,0,0.0,0.0,0
2,6,2,64,0.075,0,0.0,0.0,0
2,6,3,64,0.075,0,0.0,0.0,0
2,6,4,64,0.075,0,0.0,0.0,0
2,6,5,64,0.075,0,0.0,0.0,0
2,6,6,64,0.075,0,0.0,0.0,0
2,6,7,64,0.075,0,0.0,0.0,0
2,6,8,64,0.075,0,0.0,0.0,0
2,6,9,64,0.075,0,0.0,0.0,0
2,6,10,64,0.075,0,0.0,0.0,0
2,6,11,64,0.075,0,0.0,0.0,0
2,6,12,64,0.075,0,0.0,0.0,0
2,6,13,64,0.075,0,0.0,0.0,0
2,6,0,64,0.1,0,0.0,0.0,0
2,6,1,64,0.1,0,0.0,0.0,0
2,6,2,64,0.1,0,0.0,0.0,0
2,6,3,64,0.1,0,0.0,0.0,0
2,6,4,64,0.1,0,0.0,0.0,0
2,6,5,64,0.1,0,0.0,0.0,0
2,6,6,64,0.1,0,0.0,0.0,0
2,6,7,64,0.1,0,0.0,0.0,0
2,6,8,64,0.1,0,0.0,0.0,0
2,6,9,64,0.1,0,0.0,0.0,0
2,6,10,64,0.1,0,0.0,0.0,0
2,6,11,64,0.1,0,0.0,0.0,0
2,6,12,64,0.1,0,0.0,0.0,0
2,6,13,64,0.1,0,0.0,0.0,0
2,6,0,64,0.15,0,0.0,0.0,0
2,6,1,64,0.15,0,0.0,0.0,0
2,6,2,64,0.15,0,0.0,0.0,0
2,6,3,64,0.15,0,0.0,0.0,0
2,6,4,64,0.15,0,0.0,0.0,0
2,6,5,64,0.15,0,0.0,0.0,0
2,6,6,64,0.15,0,0.0,0.0,0
2,6,7,64,0.15,0,0.0,0.0,0
2,6,8,64,0.15,0,0.0,0.0,0
2,6,9,64,0.15,0,0.0,0.0,0
2,6,10,64,0.15,0,0.0,0.0,0
2,6,11,64,0.15,0,0.0,0.0,0
2,6,12,64,0.15,0,0.0,0.0,0
2,6,13,64,0.15,0,0.0,0.0,0
2,6,0,64,0.2,0,0.0,0.0,0
2,6,1,64,0.2,0,0.0,0.0,0
2,6,2,64,0.2,0,0.0,0.0,0
2,6,3,64,0.2,0,0.0,0.0,0
2,6,4,64,0.2,0,0.0,0.0,0
2,6,5,64,0.2,0,0.0,0.0,0
2,6,6,64,0.2,0,0.0,0.0,0
2,6,7,64,0.2,0,0.0,0.0,0
2,6,8,64,0.2,0,0.0,0.0,0
2,6,9,64,0.2,0,0.0,0.0,0
2,6,10,64,0.2,0,0.0,0.0,0
2,6,11,64,0.2,0,0.0,0.0,0
2,6,12,64,0.2,0,0.0,0.0,0
2,6,13,64,0.2,0,0.0,0.0,0
2,6,0,64,0.3,0,0.0,0.0,0
2,6,1,64,0.3,0,0.0,0.0,0
2,6,2,64,0.3,0,0.0,0.0,0
2,6,3,64,0.3,0,0.0,0.0,0
2,6,4,64,0.3,0,0.0,0.0,0
2,6,5,64,0.3,0,0.0,0.0,0
2,6,6,64,0.3,0,0.0,0.0,0
2,6,7,64,0.3,0,0.0,0.0,0
2,6,8,64,0.3,0,0.0,0.0,0
2,6,9,64,0.3,0,0.0,0.0,0
2,6,10,64,0.3,0,0.0,0.0,0
2,6,11,64,0.3,0,0.0,0.0,0
2,6,12,64,0.3,0,0.0,0.0,0
2,6,13,64,0.3,0,0.0,0.0,0
2,6,0,64,0.4,0,0.0,0.0,0
2,6,1,64,0.4,0,0.0,0.0,0
2,6,2,64,0.4,0,0.0,0.0,0
2,6,3,64,0.4,0,0.0,0.0,0
2,6,4,64,0.4,0,0.0,0.0,0
2,6,5,64,0.4,0,0.0,0.0,0
2,6,6,64,0.4,0,0.0,0.0,0
2,6,7,64,0.4,0,0.0,0.0,0
2,6,8,64,0.4,0,0.0,0.0,0
2,6,9,64,0.4,0,0.0,0.0,0
2,6,10,64,0.4,0,0.0,0.0,0
2,6,11,64,0.4,0,0.0,0.0,0
2,6,12,64,0.4,0,0.0,0.0,0
2,6,13,64,0.4,0,0.0,0.0,0
2,6,0,128,0.01,0,0.0,0.0,0
2,6,1,128,0.01,0,0.0,0.0,0
2,6,2,128,0.01,0,0.0,0.0,0
2,6,3,128,0.01,0,0.0,0.0,0
2,6,4,128,0.01,0,0.0,0.0,0
2,6,5,128,0.01,0,0.0,0.0,0
2,6,6,128,0.01,0,0.0,0.0,0
2,6,7,128,0.01,0,0.0,0.0,0
2,6,8,128,0.01,0,0.0,0.0,0
2,6,9,128,0.01,0,0.0,0.0,0
2,6,10,128,0.01,0,0.0,0.0,0
2,6,11,128,0.01,0,0.0,0.0,0
2,6,12,128,0.01,0,0.0,0.0,0
2,6,13,128,0.01,0,0.0,0.0,0
2,6,0,128,0.025,0,0.0,0.0,0
2,6,1,128,0.025,0,0.0,0.0,0
2,6,2,128,0.025,0,0.0,0.0,0
2,6,3,128,0.025,0,0.0,0.0,0
2,6,4,128,0.025,0,0.0,0.0,0
2,6,5,128,0.025,0,0.0,0.0,0
2,6,6,128,0.025,0,0.0,0.0,0
2,6,7,128,0.025,0,0.0,0.0,0
2,6,8,128,0.025,0,0.0,0.0,0
2,6,9,128,0.025,0,0.0,0.0,0
2,6,10,128,0.025,0,0.0,0.0,0
2,6,11,128,0.025,0,0.0,0.0,0
2,6,12,128,0.025,0,0.0,0.0,0
2,6,13,128,0.025,0,0.0,0.0,0
2,6,0,128,0.05,0,0.0,0.0,0
2,6,1,128,0.05,0,0.0,0.0,0
2,6,2,128,0.05,0,0.0,0.0,0
2,6,3,128,0.05,0,0.0,0.0,0
2,6,4,128,0.05,0,0.0,0.0,0
2,6,5,128,0.05,0,0.0,0.0,0
2,6,6,128,0.05,0,0.0,0.0,0
2,6,7,128,0.05,0,0.0,0.0,0
2,6,8,128,0.05,0,0.0,0.0,0
2,6,9,128,0.05,0,0.0,0.0,0
2,6,10,128,0.05,0,0.0,0.0,0
2,6,11,128,0.05,0,0.0,0.0,0
2,6,12,128,0.05,0,0.0,0.0,0
2,6,13,128,0.05,0,0.0,0.0,0
2,6,0,128,0.075,0,0.0,0.0,0
2,6,1,128,0.075,0,0.0,0.0,0
2,6,2,128,0.075,0,0.0,0.0,0
2,6,3,128,0.075,0,0.0,0.0,0
2,6,4,128,0.075,0,0.0,0.0,0
2,6,5,128,0.075,0,0.0,0.0,0
2,6,6,128,0.075,0,0.0,0.0,0
2,6,7,128,0.075,0,0.0,0.0,0
2,6,8,128,0.075,0,0.0,0.0,0
2,6,9,128,0.075,0,0.0,0.0,0
2,6,10,128,0.075,0,0.0,0.0,0
2,6,11,128,0.075,0,0.0,0.0,0
2,6,12,128,0.075,0,0.0,0.0,0
2,6,13,128,0.075,0,0.0,0.0,0
2,6,0,128,0.1,0,0.0,0.0,0
2,6,1,128,0.1,0,0.0,0.0,0
2,6,2,128,0.1,0,0.0,0.0,0
2,6,3,128,0.1,0,0.0,0.0,0
2,6,4,128,0.1,0,0.0,0.0,0
2,6,5,128,0.1,0,0.0,0.0,0
2,6,6,128,0.1,0,0.0,0.0,0
2,6,7,128,0.1,0,0.0,0.0,0
2,6,8,128,0.1,0,0.0,0.0,0
2,6,9,128,0.1,0,0.0,0.0,0
2,6,10,128,0.1,0,0.0,0.0,0
2,6,11,128,0.1,0,0.0,0.0,0
2,6,12,128,0.1,0,0.0,0.0,0
2,6,13,128,0.1,0,0.0,0.0,0
2,6,0,128,0.15,0,0.0,0.0,0
2,6,1,128,0.15,0,0.0,0.0,0
2,6,2,128,0.15,0,0.0,0.0,0
2,6,3,128,0.15,0,0.0,0.0,0
2,6,4,128,0.15,0,0.0,0.0,0
2,6,5,128,0.15,0,0.0,0.0,0
2,6,6,128,0.15,0,0.0,0.0,0
2,6,7,128,0.15,0,0.0,0.0,0
2,6,8,128,0.15,0,0.0,0.0,0
2,6,9,128,0.15,0,0.0,0.0,0
2,6,10,128,0.15,0,0.0,0.0,0
2,6,11,128,0.15,0,0.0,0.0,0
2,6,12,128,0.15,0,0.0,0.0,0
2,6,13,128,0.15,0,0.0,0.0,0
2,6,0,128,0.2,0,0.0,0.0,0
2,6,1,128,0.2,0,0.0,0.0,0
2,6,2,128,0.2,0,0.0,0.0,0
2,6,3,128,0.2,0,0.0,0.0,0
2,6,4,128,0.2,0,0.0,0.0,0
2,6,5,128,0.2,0,0.0,0.0,0
2,6,6,128,0.2,0,0.0,0.0,0
2,6,7,128,0.2,0,0.0,0.0,0
2,6,8,128,0.2,0,0.0,0.0,0
2,6,9,128,0.2,0,0.0,0.0,0
2,6,10,128,0.2,0,0.0,0.0,0
2,6,11,128,0.2,0,0.0,0.0,0
2,6,12,128,0.2,0,0.0,0.0,0
2,6,13,128,0.2,0,0.0,0.0,0
2,6,0,128,0.3,0,0.0,0.0,0
2,6,1,128,0.3,0,0.0,0.0,0
2,6,2,128,0.3,0,0.0,0.0,0
2,6,3,128,0.3,0,0.0,0.0,0
2,6,4,128,0.3,0,0.0,0.0,0
2,6,5,128,0.3,0,0.0,0.0,0
2,6,6,128,0.3,0,0.0,0.0,0
2,6,7,128,0.3,0,0.0,0.0,0
2,6,8,128,0.3,0,0.0,0.0,0
2,6,9,128,0.3,0,0.0,0.0,0
2,6,10,128,0.3,0,0.0,0.0,0
2,6,11,128,0.3,0,0.0,0.0,0
2,6,12,128,0.3,0,0.0,0.0,0
2,6,13,128,0.3,0,0.0,0.0,0
2,6,0,128,0.4,0,0.0,0.0,0
2,6,1,128,0.4,0,0.0,0.0,0
2,6,2,128,0.4,0,0.0,0.0,0
2,6,3,128,0.4,0,0.0,0.0,0
2,6,4,128,0.4,0,0.0,0.0,0
2,6,5,128,0.4,0,0.0,0.0,0
2,6,6,128,0.4,0,0.0,0.0,0
2,6,7,128,0.4,0,0.0,0.0,0
2,6,8,128,0.4,0,0.0,0.0,0
2,6,9,128,0.4,0,0.0,0.0,0
2,6,10,128,0.4,0,0.0,0.0,0
2,6,11,128,0.4,0,0.0,0.0,0
2,6,12,128,0.4,0,0.0,0.0,0
2,6,13,128,0.4,0,0.0,0.0,0
2,12,0,4,0.01,0,0.0,0.0,0
2,12,1,4,0.01,0,0.0,0.0,0
2,12,2,4,0.01,0,0.0,0.0,0
2,12,3,4,0.01,0,0.0,0.0,0
2,12,4,4,0.01,0,0.0,0.0,0
2,12,5,4,0.01,0,0.0,0.0,0
2,12,6,4,0.01,0,0.0,0.0,0
2,12,7,4,0.01,0,0.0,0.0,0
2,12,8,4,0.01,0,0.0,0.0,0
2,12,9,4,0.01,0,0.0,0.0,0
2,12,10,4,0.01,0,0.0,0.0,0
2,12,11,4,0.01,0,0.0,0.0,0
2,12,12,4,0.01,0,0.0,0.0,0
2,12,13,4,0.01,0,0.0,0.0,0
2,12,0,4,0.025,0,0.0,0.0,0
2,12,1,4,0.025,0,0.0,0.0,0
2,12,2,4,0.025,0,0.0,0.0,0
2,12,3,4,0.025,0,0.0,0.0,0
2,12,4,4,0.025,0,0.0,0.0,0
2,12,5,4,0.025,0,0.0,0.0,0
2,12,6,4,0.025,0,0.0,0.0,0
2,12,7,4,0.025,0,0.0,0.0,0
2,12,8,4,0.025,0,0.0,0.0,0
2,12,9,4,0.025,0,0.0,0.0,0
2,12,10,4,0.025,0,0.0,0.0,0
2,12,11,4,0.025,0,0.0,0.0,0
2,12,12,4,0.025,0,0.0,0.0,0
2,12,13,4,0.025,0,0.0,0.0,0
2,12,0,4,0.05,0,0.0,0.0,0
2,12,1,4,0.05,0,0.0,0.0,0
2,12,2,4,0.05,0,0.0,0.0,0
2,12,3,4,0.05,0,0.0,0.0,0
2,12,4,4,0.05,0,0.0,0.0,0
2,12,5,4,0.05,0,0.0,0.0,0
2,12,6,4,0.05,0,0.0,0.0,0
2,12,7,4,0.05,0,0.0,0.0,0
2,12,8,4,0.05,0,0.0,0.0,0
2,12,9,4,0.05,0,0.0,0.0,0
2,12,10,4,0.05,0,0.0,0.0,0
2,12,11,4,0.05,0,0.0,0.0,0
2,12,12,4,0.05,0,0.0,0.0,0
2,12,13,4,0.05,0,0.0,0.0,0
2,12,0,4,0.075,0,0.0,0.0,0
2,12,1,4,0.075,0,0.0,0.0,0
2,12,2,4,0.075,0,0.0,0.0,0
2,12,3,4,0.075,0,0.0,0.0,0
2,12,4,4,0.075,0,0.0,0.0,0
2,12,5,4,0.075,0,0.0,0.0,0
2,12,6,4,0.075,0,0.0,0.0,0
2,12,7,4,0.075,0,0.0,0.0,0
2,12,8,4,0.075,0,0.0,0.0,0
2,12,9,4,0.075,0,0.0,0.0,0
2,12,10,4,0.075,0,0.0,0.0,0
2,12,11,4,0.075,0,0.0,0.0,0
2,12,12,4,0.075,0,0.0,0.0,0
2,12,13,4,0.075,0,0.0,0.0,0
2,12,0,4,0.1,0,0.0,0.0,0
2,12,1,4,0.1,0,0.0,0.0,0
2,12,2,4,0.1,0,0.0,0.0,0
2,12,3,4,0.1,0,0.0,0.0,0
2,12,4,4,0.1,0,0.0,0.0,0
2,12,5,4,0.1,0,0.0,0.0,0
2,12,6,4,0.1,0,0.0,0.0,0
2,12,7,4,0.1,0,0.0,0.0,0
2,12,8,4,0.1,0,0.0,0.0,0
2,12,9,4,0.1,0,0.0,0.0,0
2,12,10,4,0.1,0,0.0,0.0,0
2,12,11,4,0.1,0,0.0,0.0,0
2,12,12,4,0.1,0,0.0,0.0,0
2,12,13,4,0.1,0,0.0,0.0,0
2,12,0,4,0.15,0,0.0,0.0,0
2,12,1,4,0.15,0,0.0,0.0,0
2,12,2,4,0.15,0,0.0,0.0,0
2,12,3,4,0.15,0,0.0,0.0,0
2,12,4,4,0.15,0,0.0,0.0,0
2,12,5,4,0.15,0,0.0,0.0,0
2,12,6,4,0.15,0,0.0,0.0,0
2,12,7,4,0.15,0,0.0,0.0,0
2,12,8,4,0.15,0,0.0,0.0,0
2,12,9,4,0.15,0,0.0,0.0,0
2,12,10,4,0.15,0,0.0,0.0,0
2,12,11,4,0.15,0,0.0,0.0,0
2,12,12,4,0.15,0,0.0,0.0,0
2,12,13,4,0.15,0,0.0,0.0,0
2,12,0,4,0.2,0,0.0,0.0,0
2,12,1,4,0.2,0,0.0,0.0,0
2,12,2,4,0.2,0,0.0,0.0,0
2,12,3,4,0.2,0,0.0,0.0,0
2,12,4,4,0.2,0,0.0,0.0,0
2,12,5,4,0.2,0,0.0,0.0,0
2,12,6,4,0.2,0,0.0,0.0,0
2,12,7,4,0.2,0,0.0,0.0,0
2,12,8,4,0.2,0,0.0,0.0,0
2,12,9,4,0.2,0,0.0,0.0,0
2,12,10,4,0.2,0,0.0,0.0,0
2,12,11,4,0.2,0,0.0,0.0,0
2,12,12,4,0.2,0,0.0,0.0,0
2,12,13,4,0.2,0,0.0,0.0,0
2,12,0,4,0.3,0,0.0,0.0,0
2,12,1,4,0.3,0,0.0,0.0,0
2,12,2,4,0.3,0,0.0,0.0,0
2,12,3,4,0.3,0,0.0,0.0,0
2,12,4,4,0.3,0,0.0,0.0,0
2,12,5,4,0.3,0,0.0,0.0,0
2,12,6,4,0.3,0,0.0,0.0,0
2,12,7,4,0.3,0,0.0,0.0,0
2,12,8,4,0.3,0,0.0,0.0,0
2,12,9,4,0.3,0,0.0,0.0,0
2,12,10,4,0.3,0,0.0,0.0,0
2,12,11,4,0.3,0,0.0,0.0,0
2,12,12,4,0.3,0,0.0,0.0,0
2,12,13,4,0.3,0,0.0,0.0,0
2,12,0,4,0.4,0,0.0,0.0,0
2,12,1,4,0.4,0,0.0,0.0,0
2,12,2,4,0.4,0,0.0,0.0,0
2,12,3,4,0.4,0,0.0,0.0,0
2,12,4,4,0.4,0,0.0,0.0,0
2,12,5,4,0.4,0,0.0,0.0,0
2,12,6,4,0.4,0,0.0,0.0,0
2,12,7,4,0.4,0,0.0,0.0,0
2,12,8,4,0.4,0,0.0,0.0,0
2,12,9,4,0.4,0,0.0,0.0,0
2,12,10,4,0.4,0,0.0,0.0,0
2,12,11,4,0.4,0,0.0,0.0,0
2,12,12,4,0.4,0,0.0,0.0,0
2,12,13,4,0.4,0,0.0,0.0,0
2,12,0,8,0.01,0,0.0,0.0,0
2,12,1,8,0.01,0,0.0,0.0,0
2,12,2,8,0.01,0,0.0,0.0,0
2,12,3,8,0.01,0,0.0,0.0,0
2,12,4,8,0.01,0,0.0,0.0,0
2,12,5,8,0.01,0,0.0,0.0,0
2,12,6,8,0.01,0,0.0,0.0,0
2,12,7,8,0.01,0,0.0,0.0,0
2,12,8,8,0.01,0,0.0,0.0,0
2,12,9,8,0.01,0,0.0,0.0,0
2,12,10,8,0.01,0,0.0,0.0,0
2,12,11,8,0.01,0,0.0,0.0,0
2,12,12,8,0.01,0,0.0,0.0,0
2,12,13,8,0.01,0,0.0,0.0,0
2,12,0,8,0.025,0,0.0,0.0,0
2,12,1,8,0.025,0,0.0,0.0,0
2,12,2,8,0.025,0,0.0,0.0,0
2,12,3,8,0.025,0,0.0,0.0,0
2,12,4,8,0.025,0,0.0,0.0,0
2,12,5,8,0.025,0,0.0,0.0,0
2,12,6,8,0.025,0,0.0,0.0,0
2,12,7,8,0.025,0,0.0,0.0,0
2,12,8,8,0.025,0,0.0,0.0,0
2,12,9,8,0.025,0,0.0,0.0,0
2,12,10,8,0.025,0,0.0,0.0,0
2,12,11,8,0.025,0,0.0,0.0,0
2,12,12,8,0.025,0,0.0,0.0,0
2,12,13,8,0.025,0,0.0,0.0,0
2,12,0,8,0.05,0,0.0,0.0,0
2,12,1,8,0.05,0,0.0,0.0,0
2,12,2,8,0.05,0,0.0,0.0,0
2,12,3,8,0.05,0,0.0,0.0,0
2,12,4,8,0.05,0,0.0,0.0,0
2,12,5,8,0.05,0,0.0,0.0,0
2,12,6,8,0.05,0,0.0,0.0,0
2,12,7,8,0.05,0,0.0,0.0,0
2,12,8,8,0.05,0,0.0,0.0,0
2,12,9,8,0.05,0,0.0,0.0,0
2,12,10,8,0.05,0,0.0,0.0,0
2,12,11,8,0.05,0,0.0,0.0,0
2,12,12,8,0.05,0,0.0,0.0,0
2,12,13,8,0.05,0,0.0,0.0,0
2,12,0,8,0.075,0,0.0,0.0,0
2,12,1,8,0.075,0,0.0,0.0,0
2,12,2,8,0.075,0,0.0,0.0,0
2,12,3,8,0.075,0,0.0,0.0,0
2,12,4,8,0.075,0,0.0,0.0,0
2,12,5,8,0.075,0,0.0,0.0,0
2,12,6,8,0.075,0,0.0,0.0,0
2,12,7,8,0.075,0,0.0,0.0,0
2,12,8,8,0.075,0,0.0,0.0,0
2,12,9,8,0.075,0,0.0,0.0,0
2,12,10,8,0.075,0,0.0,0.0,0
2,12,11,8,0.075,0,0.0,0.0,0
2,12,12,8,0.075,0,0.0,0.0,0
2,12,13,8,0.075,0,0.0,0.0,0
2,12,0,8,0.1,0,0.0,0.0,0
2,12,1,8,0.1,0,0.0,0.0,0
2,12,2,8,0.1,0,0.0,0.0,0
2,12,3,8,0.1,0,0.0,0.0,0
2,12,4,8,0.1,0,0.0,0.0,0
2,12,5,8,0.1,0,0.0,0.0,0
2,12,6,8,0.1,0,0.0,0.0,0
2,12,7,8,0.1,0,0.0,0.0,0
2,12,8,8,0.1,0,0.0,0.0,0
2,12,9,8,0.1,0,0.0,0.0,0
2,12,10,8,0.1,0,0.0,0.0,0
2,12,11,8,0.1,0,0.0,0.0,0
2,12,12,8,0.1,0,0.0,0.0,0
2,12,13,8,0.1,0,0.0,0.0,0
2,12,0,8,0.15,0,0.0,0.0,0
2,12,1,8,0.15,0,0.0,0.0,0
2,12,2,8,0.15,0,0.0,0.0,0
2,12,3,8,0.15,0,0.0,0.0,0
2,12,4,8,0.15,0,0.0,0.0,0
2,12,5,8,0.15,0,0.0,0.0,0
2,12,6,8,0.15,0,0.0,0.0,0
2,12,7,8,0.15,0,0.0,0.0,0
2,12,8,8,0.15,0,0.0,0.0,0
2,12,9,8,0.15,0,0.0,0.0,0
2,12,10,8,0.15,0,0.0,0.0,0
2,12,11,8,0.15,0,0.0,0.0,0
2,12,12,8,0.15,0,0.0,0.0,0
2,12,13,8,0.15,0,0.0,0.0,0
2,12,0,8,0.2,0,0.0,0.0,0
2,12,1,8,0.2,0,0.0,0.0,0
2,12,2,8,0.2,0,0.0,0.0,0
2,12,3,8,0.2,0,0.0,0.0,0
2,12,4,8,0.2,0,0.0,0.0,0
2,12,5,8,0.2,0,0.0,0.0,0
2,12,6,8,0.2,0,0.0,0.0,0
2,12,7,8,0.2,0,0.0,0.0,0
2,12,8,8,0.2,0,0.0,0.0,0
2,12,9,8,0.2,0,0.0,0.0,0
2,12,10,8,0.2,0,0.0,0.0,0
2,12,11,8,0.2,0,0.0,0.0,0
2,12,12,8,0.2,0,0.0,0.0,0
2,12,13,8,0.2,0,0.0,0.0,0
2,12,0,8,0.3,0,0.0,0.0,0
2,12,1,8,0.3,0,0.0,0.0,0
2,12,2,8,0.3,0,0.0,0.0,0
2,12,3,8,0.3,0,0.0,0.0,0
2,12,4,8,0.3,0,0.0,0.0,0
2,12,5,8,0.3,0,0.0,0.0,0
2,12,6,8,0.3,0,0.0,0.0,0
2,12,7,8,0.3,0,0.0,0.0,0
2,12,8,8,0.3,0,0.0,0.0,0
2,12,9,8,0.3,0,0.0,0.0,0
2,12,10,8,0.3,0,0.0,0.0,0
2,12,11,8,0.3,0,0.0,0.0,0
2,12,12,8,0.3,0,0.0,0.0,0
2,12,13,8,0.3,0,0.0,0.0,0
2,12,0,8,0.4,0,0.0,0.0,0
2,12,1,8,0.4,0,0.0,0.0,0
2,12,2,8,0.4,0,0.0,0.0,0
2,12,3,8,0.4,0,0.0,0.0,0
2,12,4,8,0.4,0,0.0,0.0,0
2,12,5,8,0.4,0,0.0,0.0,0
2,12,6,8,0.4,0,0.0,0.0,0
2,12,7,8,0.4,0,0.0,0.0,0
2,12,8,8,0.4,0,0.0,0.0,0
2,12,9,8,0.4,0,0.0,0.0,0
2,12,10,8,0.4,0,0.0,0.0,0
2,12,11,8,0.4,0,0.0,0.0,0
2,12,12,8,0.4,0,0.0,0.0,0
2,12,13,8,0.4,0,0.0,0.0,0
2,12,0,16,0.01,0,0.0,0.0,0
2,12,1,16,0.01,0,0.0,0.0,0
2,12,2,16,0.01,0,0.0,0.0,0
2,12,3,16,0.01,0,0.0,0.0,0
2,12,4,16,0.01,0,0.0,0.0,0
2,12,5,16,0.01,0,0.0,0.0,0
2,12,6,16,0.01,0,0.0,0.0,0
2,12,7,16,0.01,0,0.0,0.0,0
2,12,8,16,0.01,0,0.0,0.0,0
2,12,9,16,0.01,0,0.0,0.0,0
2,12,10,16,0.01,0,0.0,0.0,0
2,12,11,16,0.01,0,0.0,0.0,0
2,12,12,16,0.01,0,0.0,0.0,0
2,12,13,16,0.01,0,0.0,0.0,0
2,12,0,16,0.025,0,0.0,0.0,0
2,12,1,16,0.025,0,0.0,0.0,0
2,12,2,16,0.025,0,0.0,0.0,0
2,12,3,16,0.025,0,0.0,0.0,0
2,12,4,16,0.025,0,0.0,0.0,0
2,12,5,16,0.025,0,0.0,0.0,0
2,12,6,16,0.025,0,0.0,0.0,0
2,12,7,16,0.025,0,0.0,0.0,0
2,12,8,16,0.025,0,0.0,0.0,0
2,12,9,16,0.025,0,0.0,0.0,0
2,12,10,16,0.025,0,0.0,0.0,0
2,12,11,16,0.025,0,0.0,0.0,0
2,12,12,16,0.025,0,0.0,0.0,0
2,12,13,16,0.025,0,0.0,0.0,0
2,12,0,16,0.05,0,0.0,0.0,0
2,12,1,16,0.05,0,0.0,0.0,0
2,12,2,16,0.05,0,0.0,0.0,0
2,12,3,16,0.05,0,0.0,0.0,0
2,12,4,16,0.05,0,0.0,0.0,0
2,12,5,16,0.05,0,0.0,0.0,0
2,12,6,16,0.05,0,0.0,0.0,0
2,12,7,16,0.05,0,0.0,0.0,0
2,12,8,16,0.05,0,0.0,0.0,0
2,12,9,16,0.05,0,0.0,0.0,0
2,12,10,16,0.05,0,0.0,0.0,0
2,12,11,16,0.05,0,0.0,0.0,0
2,12,12,16,0.05,0,0.0,0.0,0
2,12,13,16,0.05,0,0.0,0.0,0
2,12,0,16,0.075,0,0.0,0.0,0
2,12,1,16,0.075,0,0.0,0.0,0
2,12,2,16,0.075,0,0.0,0.0,0
2,12,3,16,0.075,0,0.0,0.0,0
2,12,4,16,0.075,0,0.0,0.0,0
2,12,5,16,0.075,0,0.0,0.0,0
2,12,6,16,0.075,0,0.0,0.0,0
2,12,7,16,0.075,0,0.0,0.0,0
2,12,8,16,0.075,0,0.0,0.0,0
2,12,9,16,0.075,0,0.0,0.0,0
2,12,10,16,0.075,0,0.0,0.0,0
2,12,11,16,0.075,0,0.0,0.0,0
2,12,12,16,0.075,0,0.0,0.0,0
2,12,13,16,0.075,0,0.0,0.0,0
2,12,0,16,0.1,0,0.0,0.0,0
2,12,1,16,0.1,0,0.0,0.0,0
2,12,2,16,0.1,0,0.0,0.0,0
2,12,3,16,0.1,0,0.0,0.0,0
2,12,4,16,0.1,0,0.0,0.0,0
2,12,5,16,0.1,0,0.0,0.0,0
2,12,6,16,0.1,0,0.0,0.0,0
2,12,7,16,0.1,0,0.0,0.0,0
2,12,8,16,0.1,0,0.0,0.0,0
2,12,9,16,0.1,0,0.0,0.0,0
2,12,10,16,0.1,0,0.0,0.0,0
2,12,11,16,0.1,0,0.0,0.0,0
2,12,12,16,0.1,0,0.0,0.0,0
2,12,13,16,0.1,0,0.0,0.0,0
2,12,0,16,0.15,0,0.0,0.0,0
2,12,1,16,0.15,0,0.0,0.0,0
2,12,2,16,0.15,0,0.0,0.0,0
2,12,3,16,0.15,0,0.0,0.0,0
2,12,4,16,0.15,0,0.0,0.0,0
2,12,5,16,0.15,0,0.0,0.0,0
2,12,6,16,0.15,0,0.0,0.0,0
2,12,7,16,0.15,0,0.0,0.0,0
2,12,8,16,0.15,0,0.0,0.0,0
2,12,9,16,0.15,0,0.0,0.0,0
2,12,10,16,0.15,0,0.0,0.0,0
2,12,11,16,0.15,0,0.0,0.0,0
2,12,12,16,0.15,0,0.0,0.0,0
2,12,13,16,0.15,0,0.0,0.0,0
2,12,0,16,0.2,0,0.0,0.0,0
2,12,1,16,0.2,0,0.0,0.0,0
2,12,2,16,0.2,0,0.0,0.0,0
2,12,3,16,0.2,0,0.0,0.0,0
2,12,4,16,0.2,0,0.0,0.0,0
2,12,5,16,0.2,0,0.0,0.0,0
2,12,6,16,0.2,0,0.0,0.0,0
2,12,7,16,0.2,0,0.0,0.0,0
2,12,8,16,0.2,0,0.0,0.0,0
2,12,9,16,0.2,0,0.0,0.0,0
2,12,10,16,0.2,0,0.0,0.0,0
2,12,11,16,0.2,0,0.0,0.0,0
2,12,12,16,0.2,0,0.0,0.0,0
2,12,13,16,0.2,0,0.0,0.0,0
2,12,0,16,0.3,0,0.0,0.0,0
2,12,1,16,0.3,0,0.0,0.0,0
2,12,2,16,0.3,0,0.0,0.0,0
2,12,3,16,0.3,0,0.0,0.0,0
2,12,4,16,0.3,0,0.0,0.0,0
2,12,5,16,0.3,0,0.0,0.0,0
2,12,6,16,0.3,0,0.0,0.0,0
2,12,7,16,0.3,0,0.0,0.0,0
2,12,8,16,0.3,0,0.0,0.0,0
2,12,9,16,0.3,0,0.0,0.0,0
2,12,10,16,0.3,0,0.0,0.0,0
2,12,11,16,0.3,0,0.0,0.0,0
2,12,12,16,0.3,0,0.0,0.0,0
2,12,13,16,0.3,0,0.0,0.0,0
2,12,0,16,0.4,0,0.0,0.0,0
2,12,1,16,0.4,0,0.0,0.0,0
2,12,2,16,0.4,0,0.0,0.0,0
2,12,3,16,0.4,0,0.0,0.0,0
2,12,4,16,0.4,0,0.0,0.0,0
2,12,5,16,0.4,0,0.0,0.0,0
2,12,6,16,0.4,0,0.0,0.0,0
2,12,7,16,0.4,0,0.0,0.0,0
2,12,8,16,0.4,0,0.0,0.0,0
2,12,9,16,0.4,0,0.0,0.0,0
2,12,10,16,0.4,0,0.0,0.0,0
2,12,11,16,0.4,0,0.0,0.0,0
2,12,12,16,0.4,0,0.0,0.0,0
2,12,13,16,0.4,0,0.0,0.0,0
2,12,0,32,0.01,0,0.0,0.0,0
2,12,1,32,0.01,0,0.0,0.0,0
2,12,2,32,0.01,0,0.0,0.0,0
2,12,3,32,0.01,0,0.0,0.0,0
2,12,4,32,0.01,0,0.0,0.0,0
2,12,5,32,0.01,0,0.0,0.0,0
2,12,6,32,0.01,0,0.0,0.0,0
2,12,7,32,0.01,0,0.0,0.0,0
2,12,8,32,0.01,0,0.0,0.0,0
2,12,9,32,0.01,0,0.0,0.0,0
2,12,10,32,0.01,0,0.0,0.0,0
2,12,11,32,0.01,0,0.0,0.0,0
2,12,12,32,0.01,0,0.0,0.0,0
2,12,13,32,0.01,0,0.0,0.0,0
2,12,0,32,0.025,0,0.0,0.0,0
2,12,1,32,0.025,0,0.0,0.0,0
2,12,2,32,0.025,0,0.0,0.0,0
2,12,3,32,0.025,0,0.0,0.0,0
2,12,4,32,0.025,0,0.0,0.0,0
2,12,5,32,0.025,0,0.0,0.0,0
2,12,6,32,0.025,0,0.0,0.0,0
2,12,7,32,0.025,0,0.0,0.0,0
2,12,8,32,0.025,0,0.0,0.0,0
2,12,9,32,0.025,0,0.0,0.0,0
2,12,10,32,0.025,0,0.0,0.0,0
2,12,11,32,0.025,0,0.0,0.0,0
2,12,12,32,0.025,0,0.0,0.0,0
2,12,13,32,0.025,0,0.0,0.0,0
2,12,0,32,0.05,0,0.0,0.0,0
2,12,1,32,0.05,0,0.0,0.0,0
2,12,2,32,0.05,0,0.0,0.0,0
2,12,3,32,0.05,0,0.0,0.0,0
2,12,4,32,0.05,0,0.0,0.0,0
2,12,5,32,0.05,0,0.0,0.0,0
2,12,6,32,0.05,0,0.0,0.0,0
2,12,7,32,0.05,0,0.0,0.0,0
2,12,8,32,0.05,0,0.0,0.0,0
2,12,9,32,0.05,0,0.0,0.0,0
2,12,10,32,0.05,0,0.0,0.0,0
2,12,11,32,0.05,0,0.0,0.0,0
2,12,12,32,0.05,0,0.0,0.0,0
2,12,13,32,0.05,0,0.0,0.0,0
2,12,0,32,0.075,0,0.0,0.0,0
2,12,1,32,0.075,0,0.0,0.0,0
2,12,2,32,0.075,0,0.0,0.0,0
2,12,3,32,0.075,0,0.0,0.0,0
2,12,4,32,0.075,0,0.0,0.0,0
2,12,5,32,0.075,0,0.0,0.0,0
2,12,6,32,0.075,0,0.0,0.0,0
2,12,7,32,0.075,0,0.0,0.0,0
2,12,8,32,0.075,0,0.0,0.0,0
2,12,9,32,0.075,0,0.0,0.0,0
2,12,10,32,0.075,0,0.0,0.0,0
2,12,11,32,0.075,0,0.0,0.0,0
2,12,12,32,0.075,0,0.0,0.0,0
2,12,13,32,0.075,0,0.0,0.0,0
2,12,0,32,0.1,0,0.0,0.0,0
2,12,1,32,0.1,0,0.0,0.0,0
2,12,2,32,0.1,0,0.0,0.0,0
2,12,3,32,0.1,0,0.0,0.0,0
2,12,4,32,0.1,0,0.0,0.0,0
2,12,5,32,0.1,0,0.0,0.0,0
2,12,6,32,0.1,0,0.0,0.0,0
2,12,7,32,0.1,0,0.0,0.0,0
2,12,8,32,0.1,0,0.0,0.0,0
2,12,9,32,0.1,0,0.0,0.0,0
2,12,10,32,0.1,0,0.0,0.0,0
2,12,11,32,0.1,0,0.0,0.0,0
2,12,12,32,0.1,0,0.0,0.0,0
2,12,13,32,0.1,0,0.0,0.0,0
2,12,0,32,0.15,0,0.0,0.0,0
2,12,1,32,0.15,0,0.0,0.0,0
2,12,2,32,0.15,0,0.0,0.0,0
2,12,3,32,0.15,0,0.0,0.0,0
2,12,4,32,0.15,0,0.0,0.0,0
2,12,5,32,0.15,0,0.0,0.0,0
2,12,6,32,0.15,0,0.0,0.0,0
2,12,7,32,0.15,0,0.0,0.0,0
2,12,8,32,0.15,0,0.0,0.0,0
2,12,9,32,0.15,0,0.0,0.0,0
2,12,10,32,0.15,0,0.0,0.0,0
2,12,11,32,0.15,0,0.0,0.0,0
2,12,12,32,0.15,0,0.0,0.0,0
2,12,13,32,0.15,0,0.0,0.0,0
2,12,0,32,0.2,0,0.0,0.0,0
2,12,1,32,0.2,0,0.0,0.0,0
2,12,2,32,0.2,0,0.0,0.0,0
2,12,3,32,0.2,0,0.0,0.0,0
2,12,4,32,0.2,0,0.0,0.0,0
2,12,5,32,0.2,0,0.0,0.0,0
2,12,6,32,0.2,0,0.0,0.0,0
2,12,7,32,0.2,0,0.0,0.0,0
2,12,8,32,0.2,0,0.0,0.0,0
2,12,9,32,0.2,0,0.0,0.0,0
2,12,10,32,0.2,0,0.0,0.0,0
2,12,11,32,0.2,0,0.0,0.0,0
2,12,12,32,0.2,0,0.0,0.0,0
2,12,13,32,0.2,0,0.0,0.0,0
2,12,0,32,0.3,0,0.0,0.0,0
2,12,1,32,0.3,0,0.0,0.0,0
2,12,2,32,0.3,0,0.0,0.0,0
2,12,3,32,0.3,0,0.0,0.0,0
2,12,4,32,0.3,0,0.0,0.0,0
2,12,5,32,0.3,0,0.0,0.0,0
2,12,6,32,0.3,0,0.0,0.0,0
2,12,7,32,0.3,0,0.0,0.0,0
2,12,8,32,0.3,0,0.0,0.0,0
2,12,9,32,0.3,0,0.0,0.0,0
2,12,10,32,0.3,0,0.0,0.0,0
2,12,11,32,0.3,0,0.0,0.0,0
2,12,12,32,0.3,0,0.0,0.0,0
2,12,13,32,0.3,0,0.0,0.0,0
2,12,0,32,0.4,0,0.0,0.0,0
2,12,1,32,0.4,0,0.0,0.0,0
2,12,2,32,0.4,0,0.0,0.0,0
2,12,3,32,0.4,0,0.0,0.0,0
2,12,4,32,0.4,0,0.0,0.0,0
2,12,5,32,0.4,0,0.0,0.0,0
2,12,6,32,0.4,0,0.0,0.0,0
2,12,7,32,0.4,0,0.0,0.0,0
2,12,8,32,0.4,0,0.0,0.0,0
2,12,9,32,0.4,0,0.0,0.0,0
2,12,10,32,0.4,0,0.0,0.0,0
2,12,11,32,0.4,0,0.0,0.0,0
2,12,12,32,0.4,0,0.0,0.0,0
2,12,13,32,0.4,0,0.0,0.0,0
2,12,0,64,0.01,0,0.0,0.0,0
2,12,1,64,0.01,0,0.0,0.0,0
2,12,2,64,0.01,0,0.0,0.0,0
2,12,3,64,0.01,0,0.0,0.0,0
2,12,4,64,0.01,0,0.0,0.0,0
2,12,5,64,0.01,0,0.0,0.0,0
2,12,6,64,0.01,0,0.0,0.0,0
2,12,7,64,0.01,0,0.0,0.0,0
2,12,8,64,0.01,0,0.0,0.0,0
2,12,9,64,0.01,0,0.0,0.0,0
2,12,10,64,0.01,0,0.0,0.0,0
2,12,11,64,0.01,0,0.0,0.0,0
2,12,12,64,0.01,0,0.0,0.0,0
2,12,13,64,0.01,0,0.0,0.0,0
2,12,0,64,0.025,0,0.0,0.0,0
2,12,1,64,0.025,0,0.0,0.0,0
2,12,2,64,0.025,0,0.0,0.0,0
2,12,3,64,0.025,0,0.0,0.0,0
2,12,4,64,0.025,0,0.0,0.0,0
2,12,5,64,0.025,0,0.0,0.0,0
2,12,6,64,0.025,0,0.0,0.0,0
2,12,7,64,0.025,0,0.0,0.0,0
2,12,8,64,0.025,0,0.0,0.0,0
2,12,9,64,0.025,0,0.0,0.0,0
2,12,10,64,0.025,0,0.0,0.0,0
2,12,11,64,0.025,0,0.0,0.0,0
2,12,12,64,0.025,0,0.0,0.0,0
2,12,13,64,0.025,0,0.0,0.0,0
2,12,0,64,0.05,0,0.0,0.0,0
2,12,1,64,0.05,0,0.0,0.0,0
2,12,2,64,0.05,0,0.0,0.0,0
2,12,3,64,0.05,0,0.0,0.0,0
2,12,4,64,0.05,0,0.0,0.0,0
2,12,5,64,0.05,0,0.0,0.0,0
2,12,6,64,0.05,0,0.0,0.0,0
2,12,7,64,0.05,0,0.0,0.0,0
2,12,8,64,0.05,0,0.0,0.0,0
2,12,9,64,0.05,0,0.0,0.0,0
2,12,10,64,0.05,0,0.0,0.0,0
2,12,11,64,0.05,0,0.0,0.0,0
2,12,12,64,0.05,0,0.0,0.0,0
2,12,13,64,0.05,0,0.0,0.0,0
2,12,0,64,0.075,0,0.0,0.0,0
2,12,1,64,0.075,0,0.0,0.0,0
2,12,2,64,0.075,0,0.0,0.0,0
2,12,3,64,0.075,0,0.0,0.0,0
2,12,4,64,0.075,0,0.0,0.0,0
2,12,5,64,0.075,0,0.0,0.0,0
2,12,6,64,0.075,0,0.0,0.0,0
2,12,7,64,0.075,0,0.0,0.0,0
2,12,8,64,0.075,0,0.0,0.0,0
2,12,9,64,0.075,0,0.0,0.0,0
2,12,10,64,0.075,0,0.0,0.0,0
2,12,11,64,0.075,0,0.0,0.0,0
2,12,12,64,0.075,0,0.0,0.0,0
2,12,13,64,0.075,0,0.0,0.0,0
2,12,0,64,0.1,0,0.0,0.0,0
2,12,1,64,0.1,0,0.0,0.0,0
2,12,2,64,0.1,0,0.0,0.0,0
2,12,3,64,0.1,0,0.0,0.0,0
2,12,4,64,0.1,0,0.0,0.0,0
2,12,5,64,0.1,0,0.0,0.0,0
2,12,6,64,0.1,0,0.0,0.0,0
2,12,7,64,0.1,0,0.0,0.0,0
2,12,8,64,0.1,0,0.0,0.0,0
2,12,9,64,0.1,0,0.0,0.0,0
2,12,10,64,0.1,0,0.0,0.0,0
2,12,11,64,0.1,0,0.0,0.0,0
2,12,12,64,0.1,0,0.0,0.0,0
2,12,13,64,0.1,0,0.0,0.0,0
2,12,0,64,0.15,0,0.0,0.0,0
2,12,1,64,0.15,0,0.0,0.0,0
2,12,2,64,0.15,0,0.0,0.0,0
2,12,3,64,0.15,0,0.0,0.0,0
2,12,4,64,0.15,0,0.0,0.0,0
2,12,5,64,0.15,0,0.0,0.0,0
2,12,6,64,0.15,0,0.0,0.0,0
2,12,7,64,0.15,0,0.0,0.0,0
2,12,8,64,0.15,0,0.0,0.0,0
2,12,9,64,0.15,0,0.0,0.0,0
2,12,10,64,0.15,0,0.0,0.0,0
2,12,11,64,0.15,0,0.0,0.0,0
2,12,12,64,0.15,0,0.0,0.0,0
2,12,13,64,0.15,0,0.0,0.0,0
2,12,0,64,0.2,0,0.0,0.0,0
2,12,1,64,0.2,0,0.0,0.0,0
2,12,2,64,0.2,0,0.0,0.0,0
2,12,3,64,0.2,0,0.0,0.0,0
2,12,4,64,0.2,0,0.0,0.0,0
2,12,5,64,0.2,0,0.0,0.0,0
2,12,6,64,0.2,0,0.0,0.0,0
2,12,7,64,0.2,0,0.0,0.0,0
2,12,8,64,0.2,0,0.0,0.0,0
2,12,9,64,0.2,0,0.0,0.0,0
2,12,10,64,0.2,0,0.0,0.0,0
2,12,11,64,0.2,0,0.0,0.0,0
2,12,12,64,0.2,0,0.0,0.0,0
2,12,13,64,0.2,0,0.0,0.0,0
2,12,0,64,0.3,0,0.0,0.0,0
2,12,1,64,0.3,0,0.0,0.0,0
2,12,2,64,0.3,0,0.0,0.0,0
2,12,3,64,0.3,0,0.0,0.0,0
2,12,4,64,0.3,0,0.0,0.0,0
2,12,5,64,0.3,0,0.0,0.0,0
2,12,6,64,0.3,0,0.0,0.0,0
2,12,7,64,0.3,0,0.0,0.0,0
2,12,8,64,0.3,0,0.0,0.0,0
2,12,9,64,0.3,0,0.0,0.0,0
2,12,10,64,0.3,0,0.0,0.0,0
2,12,11,64,0.3,0,0.0,0.0,0
2,12,12,64,0.3,0,0.0,0.0,0
2,12,13,64,0.3,0,0.0,0.0,0
2,12,0,64,0.4,0,0.0,0.0,0
2,12,1,64,0.4,0,0.0,0.0,0
2,12,2,64,0.4,0,0.0,0.0,0
2,12,3,64,0.4,0,0.0,0.0,0
2,12,4,64,0.4,0,0.0,0.0,0
2,12,5,64,0.4,0,0.0,0.0,0
2,12,6,64,0.4,0,0.0,0.0,0
2,12,7,64,0.4,0,0.0,0.0,0
2,12,8,64,0.4,0,0.0,0.0,0
2,12,9,64,0.4,0,0.0,0.0,0
2,12,10,64,0.4,0,0.0,0.0,0
2,12,11,64,0.4,0,0.0,0.0,0
2,12,12,64,0.4,0,0.0,0.0,0
2,12,13,64,0.4,0,0.0,0.0,0
2,12,0,128,0.01,0,0.0,0.0,0
2,12,1,128,0.01,0,0.0,0.0,0
2,12,2,128,0.01,0,0.0,0.0,0
2,12,3,128,0.01,0,0.0,0.0,0
2,12,4,128,0.01,0,0.0,0.0,0
2,12,5,128,0.01,0,0.0,0.0,0
2,12,6,128,0.01,0,0.0,0.0,0
2,12,7,128,0.01,0,0.0,0.0,0
2,12,8,128,0.01,0,0.0,0.0,0
2,12,9,128,0.01,0,0.0,0.0,0
2,12,10,128,0.01,0,0.0,0.0,0
2,12,11,128,0.01,0,0.0,0.0,0
2,12,12,128,0.01,0,0.0,0.0,0
2,12,13,128,0.01,0,0.0,0.0,0
2,12,0,128,0.025,0,0.0,0.0,0
2,12,1,128,0.025,0,0.0,0.0,0
2,12,2,128,0.025,0,0.0,0.0,0
2,12,3,128,0.025,0,0.0,0.0,0
2,12,4,128,0.025,0,0.0,0.0,0
2,12,5,128,0.025,0,0.0,0.0,0
2,12,6,128,0.025,0,0.0,0.0,0
2,12,7,128,0.025,0,0.0,0.0,0
2,12,8,128,0.025,0,0.0,0.0,0
2,12,9,128,0.025,0,0.0,0.0,0
2,12,10,128,0.025,0,0.0,0.0,0
2,12,11,128,0.025,0,0.0,0.0,0
2,12,12,128,0.025,0,0.0,0.0,0
2,12,13,128,0.025,0,0.0,0.0,0
2,12,0,128,0.05,0,0.0,0.0,0
2,12,1,128,0.05,0,0.0,0.0,0
2,12,2,128,0.05,0,0.0,0.0,0
2,12,3,128,0.05,0,0.0,0.0,0
2,12,4,128,0.05,0,0.0,0.0,0
2,12,5,128,0.05,0,0.0,0.0,0
2,12,6,128,0.05,0,0.0,0.0,0
2,12,7,128,0.05,0,0.0,0.0,0
2,12,8,128,0.05,0,0.0,0.0,0
2,12,9,128,0.05,0,0.0,0.0,0
2,12,10,128,0.05,0,0.0,0.0,0
2,12,11,128,0.05,0,0.0,0.0,0
2,12,12,128,0.05,0,0.0,0.0,0
2,12,13,128,0.05,0,0.0,0.0,0
2,12,0,128,0.075,0,0.0,0.0,0
2,12,1,128,0.075,0,0.0,0.0,0
2,12,2,128,0.075,0,0.0,0.0,0
2,12,3,128,0.075,0,0.0,0.0,0
2,12,4,128,0.075,0,0.0,0.0,0
2,12,5,128,0.075,0,0.0,0.0,0
2,12,6,128,0.075,0,0.0,0.0,0
2,12,7,128,0.075,0,0.0,0.0,0
2,12,8,128,0.075,0,0.0,0.0,0
2,12,9,128,0.075,0,0.0,0.0,0
2,12,10,128,0.075,0,0.0,0.0,0
2,12,11,128,0.075,0,0.0,0.0,0
2,12,12,128,0.075,0,0.0,0.0,0
2,12,13,128,0.075,0,0.0,0.0,0
2,12,0,128,0.1,0,0.0,0.0,0
2,12,1,128,0.1,0,0.0,0.0,0
2,12,2,128,0.1,0,0.0,0.0,0
2,12,3,128,0.1,0,0.0,0.0,0
2,12,4,128,0.1,0,0.0,0.0,0
2,12,5,128,0.1,0,0.0,0.0,0
2,12,6,128,0.1,0,0.0,0.0,0
2,12,7,128,0.1,0,0.0,0.0,0
2,12,8,128,0.1,0,0.0,0.0,0
2,12,9,128,0.1,0,0.0,0.0,0
2,12,10,128,0.1,0,0.0,0.0,0
2,12,11,128,0.1,0,0.0,0.0,0
2,12,12,128,0.1,0,0.0,0.0,0
2,12,13,128,0.1,0,0.0,0.0,0
2,12,0,128,0.15,0,0.0,0.0,0
2,12,1,128,0.15,0,0.0,0.0,0
2,12,2,128,0.15,0,0.0,0.0,0
2,12,3,128,0.15,0,0.0,0.0,0
2,12,4,128,0.15,0,0.0,0.0,0
2,12,5,128,0.15,0,0.0,0.0,0
2,12,6,128,0.15,0,0.0,0.0,0
2,12,7,128,0.15,0,0.0,0.0,0
2,12,8,128,0.15,0,0.0,0.0,0
2,12,9,128,0.15,0,0.0,0.0,0
2,12,10,128,0.15,0,0.0,0.0,0
2,12,11,128,0.15,0,0.0,0.0,0
2,12,12,128,0.15,0,0.0,0.0,0
2,12,13,128,0.15,0,0.0,0.0,0
2,12,0,128,0.2,0,0.0,0.0,0
2,12,1,128,0.2,0,0.0,0.0,0
2,12,2,128,0.2,0,0.0,0.0,0
2,12,3,128,0.2,0,0.0,0.0,0
2,12,4,128,0.2,0,0.0,0.0,0
2,12,5,128,0.2,0,0.0,0.0,0
2,12,6,128,0.2,0,0.0,0.0,0
2,12,7,128,0.2,0,0.0,0.0,0
2,12,8,128,0.2,0,0.0,0.0,0
2,12,9,128,0.2,0,0.0,0.0,0
2,12,10,128,0.2,0,0.0,0.0,0
2,12,11,128,0.2,0,0.0,0.0,0
2,12,12,128,0.2,0,0.0,0.0,0
2,12,13,128,0.2,0,0.0,0.0,0
2,12,0,128,0.3,0,0.0,0.0,0
2,12,1,128,0.3,0,0.0,0.0,0
2,12,2,128,0.3,0,0.0,0.0,0
2,12,3,128,0.3,0,0.0,0.0,0
2,12,4,128,0.3,0,0.0,0.0,0
2,12,5,128,0.3,0,0.0,0.0,0
2,12,6,128,0.3,0,0.0,0.0,0
2,12,7,128,0.3,0,0.0,0.0,0
2,12,8,128,0.3,0,0.0,0.0,0
2,12,9,128,0.3,0,0.0,0.0,0
2,12,10,128,0.3,0,0.0,0.0,0
2,12,11,128,0.3,0,0.0,0.0,0
2,12,12,128,0.3,0,0.0,0.0,0
2,12,13,128,0.3,0,0.0,0.0,0
2,12,0,128,0.4,0,0.0,0.0,0
2,12,1,128,0.4,0,0.0,0.0,0
2,12,2,128,0.4,0,0.0,0.0,0
2,12,3,128,0.4,0,0.0,0.0,0
2,12,4,128,0.4,0,0.0,0.0,0
2,12,5,128,0.4,0,0.0,0.0,0
2,12,6,128,0.4,0,0.0,0.0,0
2,12,7,128,0.4,0,0.0,0.0,0
2,12,8,128,0.4,0,0.0,0.0,0
2,12,9,128,0.4,0,0.0,0.0,0
2,12,10,128,0.4,0,0.0,0.0,0
2,12,11,128,0.4,0,0.0,0.0,0
2,12,12,128,0.4,0,0.0,0.0,0
2,12,13,128,0.4,0,0.0,0.0,0
2,18,0,4,0.01,0,0.0,0.0,0
2,18,1,4,0.01,0,0.0,0.0,0
2,18,2,4,0.01,0,0.0,0.0,0
2,18,3,4,0.01,0,0.0,0.0,0
2,18,4,4,0.01,0,0.0,0.0,0
2,18,5,4,0.01,0,0.0,0.0,0
2,18,6,4,0.01,0,0.0,0.0,0
2,18,7,4,0.01,0,0.0,0.0,0
2,18,8,4,0.01,0,0.0,0.0,0
2,18,9,4,0.01,0,0.0,0.0,0
2,18,10,4,0.01,0,0.0,0.0,0
2,18,11,4,0.01,0,0.0,0.0,0
2,18,12,4,0.01,0,0.0,0.0,0
2,18,13,4,0.01,0,0.0,0.0,0
2,18,0,4,0.025,0,0.0,0.0,0
2,18,1,4,0.025,0,0.0,0.0,0
2,18,2,4,0.025,0,0.0,0.0,0
2,18,3,4,0.025,0,0.0,0.0,0
2,18,4,4,0.025,0,0.0,0.0,0
2,18,5,4,0.025,0,0.0,0.0,0
2,18,6,4,0.025,0,0.0,0.0,0
2,18,7,4,0.025,0,0.0,0.0,0
2,18,8,4,0.025,0,0.0,0.0,0
2,18,9,4,0.025,0,0.0,0.0,0
2,18,10,4,0.025,0,0.0,0.0,0
2,18,11,4,0.025,0,0.0,0.0,0
2,18,12,4,0.025,0,0.0,0.0,0
2,18,13,4,0.025,0,0.0,0.0,0
2,18,0,4,0.05,0,0.0,0.0,0
2,18,1,4,0.05,0,0.0,0.0,0
2,18,2,4,0.05,0,0.0,0.0,0
2,18,3,4,0.05,0,0.0,0.0,0
2,18,4,4,0.05,0,0.0,0.0,0
2,18,5,4,0.05,0,0.0,0.0,0
2,18,6,4,0.05,0,0.0,0.0,0
2,18,7,4,0.05,0,0.0,0.0,0
2,18,8,4,0.05,0,0.0,0.0,0
2,18,9,4,0.05,0,0.0,0.0,0
2,18,10,4,0.05,0,0.0,0.0,0
2,18,11,4,0.05,0,0.0,0.0,0
2,18,12,4,0.05,0,0.0,0.0,0
2,18,13,4,0.05,0,0.0,0.0,0
2,18,0,4,0.075,0,0.0,0.0,0
2,18,1,4,0.075,0,0.0,0.0,0
2,18,2,4,0.075,0,0.0,0.0,0
2,18,3,4,0.075,0,0.0,0.0,0
2,18,4,4,0.075,0,0.0,0.0,0
2,18,5,4,0.075,0,0.0,0.0,0
2,18,6,4,0.075,0,0.0,0.0,0
2,18,7,4,0.075,0,0.0,0.0,0
2,18,8,4,0.075,0,0.0,0.0,0
2,18,9,4,0.075,0,0.0,0.0,0
2,18,10,4,0.075,0,0.0,0.0,0
2,18,11,4,0.075,0,0.0,0.0,0
2,18,12,4,0.075,0,0.0,0.0,0
2,18,13,4,0.075,0,0.0,0.0,0
2,18,0,4,0.1,0,0.0,0.0,0
2,18,1,4,0.1,0,0.0,0.0,0
2,18,2,4,0.1,0,0.0,0.0,0
2,18,3,4,0.1,0,0.0,0.0,0
2,18,4,4,0.1,0,0.0,0.0,0
2,18,5,4,0.1,0,0.0,0.0,0
2,18,6,4,0.1,0,0.0,0.0,0
2,18,7,4,0.1,0,0.0,0.0,0
2,18,8,4,0.1,0,0.0,0.0,0
2,18,9,4,0.1,0,0.0,0.0,0
2,18,10,4,0.1,0,0.0,0.0,0
2,18,11,4,0.1,0,0.0,0.0,0
2,18,12,4,0.1,0,0.0,0.0,0
2,18,13,4,0.1,0,0.0,0.0,0
2,18,0,4,0.15,0,0.0,0.0,0
2,18,1,4,0.15,0,0.0,0.0,0
2,18,2,4,0.15,0,0.0,0.0,0
2,18,3,4,0.15,0,0.0,0.0,0
2,18,4,4,0.15,0,0.0,0.0,0
2,18,5,4,0.15,0,0.0,0.0,0
2,18,6,4,0.15,0,0.0,0.0,0
2,18,7,4,0.15,0,0.0,0.0,0
2,18,8,4,0.15,0,0.0,0.0,0
2,18,9,4,0.15,0,0.0,0.0,0
2,18,10,4,0.15,0,0.0,0.0,0
2,18,11,4,0.15,0,0.0,0.0,0
2,18,12,4,0.15,0,0.0,0.0,0
2,18,13,4,0.15,0,0.0,0.0,0
2,18,0,4,0.2,0,0.0,0.0,0
2,18,1,4,0.2,0,0.0,0.0,0
2,18,2,4,0.2,0,0.0,0.0,0
2,18,3,4,0.2,0,0.0,0.0,0
2,18,4,4,0.2,0,0.0,0.0,0
2,18,5,4,0.2,0,0.0,0.0,0
2,18,6,4,0.2,0,0.0,0.0,0
2,18,7,4,0.2,0,0.0,0.0,0
2,18,8,4,0.2,0,0.0,0.0,0
2,18,9,4,0.2,0,0.0,0.0,0
2,18,10,4,0.2,0,0.0,0.0,0
2,18,11,4,0.2,0,0.0,0.0,0
2,18,12,4,0.2,0,0.0,0.0,0
2,18,13,4,0.2,0,0.0,0.0,0
2,18,0,4,0.3,0,0.0,0.0,0
2,18,1,4,0.3,0,0.0,0.0,0
2,18,2,4,0.3,0,0.0,0.0,0
2,18,3,4,0.3,0,0.0,0.0,0
2,18,4,4,0.3,0,0.0,0.0,0
2,18,5,4,0.3,0,0.0,0.0,0
2,18,6,4,0.3,0,0.0,0.0,0
2,18,7,4,0.3,0,0.0,0.0,0
2,18,8,4,0.3,0,0.0,0.0,0
2,18,9,4,0.3,0,0.0,0.0,0
2,18,10,4,0.3,0,0.0,0.0,0
2,18,11,4,0.3,0,0.0,0.0,0
2,18,12,4,0.3,0,0.0,0.0,0
2,18,13,4,0.3,0,0.0,0.0,0
2,18,0,4,0.4,0,0.0,0.0,0
2,18,1,4,0.4,0,0.0,0.0,0
2,18,2,4,0.4,0,0.0,0.0,0
2,18,3,4,0.4,0,0.0,0.0,0
2,18,4,4,0.4,0,0.0,0.0,0
2,18,5,4,0.4,0,0.0,0.0,0
2,18,6,4,0.4,0,0.0,0.0,0
2,18,7,4,0.4,0,0.0,0.0,0
2,18,8,4,0.4,0,0.0,0.0,0
2,18,9,4,0.4,0,0.0,0.0,0
2,18,10,4,0.4,0,0.0,0.0,0
2,18,11,4,0.4,0,0.0,0.0,0
2,18,12,4,0.4,0,0.0,0.0,0
2,18,13,4,0.4,0,0.0,0.0,0
2,18,0,8,0.01,0,0.0,0.0,0
2,18,1,8,0.01,0,0.0,0.0,0
2,18,2,8,0.01,0,0.0,0.0,0
2,18,3,8,0.01,0,0.0,0.0,0
2,18,4,8,0.01,0,0.0,0.0,0
2,18,5,8,0.01,0,0.0,0.0,0
2,18,6,8,0.01,0,0.0,0.0,0
2,18,7,8,0.01,0,0.0,0.0,0
2,18,8,8,0.01,0,0.0,0.0,0
2,18,9,8,0.01,0,0.0,0.0,0
2,18,10,8,0.01,0,0.0,0.0,0
2,18,11,8,0.01,0,0.0,0.0,0
2,18,12,8,0.01,0,0.0,0.0,0
2,18,13,8,0.01,0,0.0,0.0,0
2,18,0,8,0.025,0,0.0,0.0,0
2,18,1,8,0.025,0,0.0,0.0,0
2,18,2,8,0.025,0,0.0,0.0,0
2,18,3,8,0.025,0,0.0,0.0,0
2,18,4,8,0.025,0,0.0,0.0,0
2,18,5,8,0.025,0,0.0,0.0,0
2,18,6,8,0.025,0,0.0,0.0,0
2,18,7,8,0.025,0,0.0,0.0,0
2,18,8,8,0.025,0,0.0,0.0,0
2,18,9,8,0.025,0,0.0,0.0,0
2,18,10,8,0.025,0,0.0,0.0,0
2,18,11,8,0.025,0,0.0,0.0,0
2,18,12,8,0.025,0,0.0,0.0,0
2,18,13,8,0.025,0,0.0,0.0,0
2,18,0,8,0.05,0,0.0,0.0,0
2,18,1,8,0.05,0,0.0,0.0,0
2,18,2,8,0.05,0,0.0,0.0,0
2,18,3,8,0.05,0,0.0,0.0,0
2,18,4,8,0.05,0,0.0,0.0,0
2,18,5,8,0.05,0,0.0,0.0,0
2,18,6,8,0.05,0,0.0,0.0,0
2,18,7,8,0.05,0,0.0,0.0,0
2,18,8,8,0.05,0,0.0,0.0,0
2,18,9,8,0.05,0,0.0,0.0,0
2,18,10,8,0.05,0,0.0,0.0,0
2,18,11,8,0.05,0,0.0,0.0,0
2,18,12,8,0.05,0,0.0,0.0,0
2,18,13,8,0.05,0,0.0,0.0,0
2,18,0,8,0.075,0,0.0,0.0,0
2,18,1,8,0.075,0,0.0,0.0,0
2,18,2,8,0.075,0,0.0,0.0,0
2,18,3,8,0.075,0,0.0,0.0,0
2,18,4,8,0.075,0,0.0,0.0,0
2,18,5,8,0.075,0,0.0,0.0,0
2,18,6,8,0.075,0,0.0,0.0,0
2,18,7,8,0.075,0,0.0,0.0,0
2,18,8,8,0.075,0,0.0,0.0,0
2,18,9,8,0.075,0,0.0,0.0,0
2,18,10,8,0.075,0,0.0,0.0,0
2,18,11,8,0.075,0,0.0,0.0,0
2,18,12,8,0.075,0,0.0,0.0,0
2,18,13,8,0.075,0,0.0,0.0,0
2,18,0,8,0.1,0,0.0,0.0,0
2,18,1,8,0.1,0,0.0,0.0,0
2,18,2,8,0.1,0,0.0,0.0,0
2,18,3,8,0.1,0,0.0,0.0,0
2,18,4,8,0.1,0,0.0,0.0,0
2,18,5,8,0.1,0,0.0,0.0,0
2,18,6,8,0.1,0,0.0,0.0,0
2,18,7,8,0.1,0,0.0,0.0,0
2,18,8,8,0.1,0,0.0,0.0,0
2,18,9,8,0.1,0,0.0,0.0,0
2,18,10,8,0.1,0,0.0,0.0,0
2,18,11,8,0.1,0,0.0,0.0,0
2,18,12,8,0.1,0,0.0,0.0,0
2,18,13,8,0.1,0,0.0,0.0,0
2,18,0,8,0.15,0,0.0,0.0,0
2,18,1,8,0.15,0,0.0,0.0,0
2,18,2,8,0.15,0,0.0,0.0,0
2,18,3,8,0.15,0,0.0,0.0,0
2,18,4,8,0.15,0,0.0,0.0,0
2,18,5,8,0.15,0,0.0,0.0,0
2,18,6,8,0.15,0,0.0,0.0,0
2,18,7,8,0.15,0,0.0,0.0,0
2,18,8,8,0.15,0,0.0,0.0,0
2,18,9,8,0.15,0,0.0,0.0,0
2,18,10,8,0.15,0,0.0,0.0,0
2,18,11,8,0.15,0,0.0,0.0,0
2,18,12,8,0.15,0,0.0,0.0,0
2,18,13,8,0.15,0,0.0,0.0,0
2,18,0,8,0.2,0,0.0,0.0,0
2,18,1,8,0.2,0,0.0,0.0,0
2,18,2,8,0.2,0,0.0,0.0,0
2,18,3,8,0.2,0,0.0,0.0,0
2,18,4,8,0.2,0,0.0,0.0,0
2,18,5,8,0.2,0,0.0,0.0,0
2,18,6,8,0.2,0,0.0,0.0,0
2,18,7,8,0.2,0,0.0,0.0,0
2,18,8,8,0.2,0,0.0,0.0,0
2,18,9,8,0.2,0,0.0,0.0,0
2,18,10,8,0.2,0,0.0,0.0,0
2,18,11,8,0.2,0,0.0,0.0,0
2,18,12,8,0.2,0,0.0,0.0,0
2,18,13,8,0.2,0,0.0,0.0,0
2,18,0,8,0.3,0,0.0,0.0,0
2,18,1,8,0.3,0,0.0,0.0,0
2,18,2,8,0.3,0,0.0,0.0,0
2,18,3,8,0.3,0,0.0,0.0,0
2,18,4,8,0.3,0,0.0,0.0,0
2,18,5,8,0.3,0,0.0,0.0,0
2,18,6,8,0.3,0,0.0,0.0,0
2,18,7,8,0.3,0,0.0,0.0,0
2,18,8,8,0.3,0,0.0,0.0,0
2,18,9,8,0.3,0,0.0,0.0,0
2,18,10,8,0.3,0,0.0,0.0,0
2,18,11,8,0.3,0,0.0,0.0,0
2,18,12,8,0.3,0,0.0,0.0,0
2,18,13,8,0.3,0,0.0,0.0,0
2,18,0,8,0.4,0,0.0,0.0,0
2,18,1,8,0.4,0,0.0,0.0,0
2,18,2,8,0.4,0,0.0,0.0,0
2,18,3,8,0.4,0,0.0,0.0,0
2,18,4,8,0.4,0,0.0,0.0,0
2,18,5,8,0.4,0,0.0,0.0,0
2,18,6,8,0.4,0,0.0,0.0,0
2,18,7,8,0.4,0,0.0,0.0,0
2,18,8,8,0.4,0,0.0,0.0,0
2,18,9,8,0.4,0,0.0,0.0,0
2,18,10,8,0.4,0,0.0,0.0,0
2,18,11,8,0.4,0,0.0,0.0,0
2,18,12,8,0.4,0,0.0,0.0,0
2,18,13,8,0.4,0,0.0,0.0,0
2,18,0,16,0.01,0,0.0,0.0,0
2,18,1,16,0.01,0,0.0,0.0,0
2,18,2,16,0.01,0,0.0,0.0,0
2,18,3,16,0.01,0,0.0,0.0,0
2,18,4,16,0.01,0,0.0,0.0,0
2,18,5,16,0.01,0,0.0,0.0,0
2,18,6,16,0.01,0,0.0,0.0,0
2,18,7,16,0.01,0,0.0,0.0,0
2,18,8,16,0.01,0,0.0,0.0,0
2,18,9,16,0.01,0,0.0,0.0,0
2,18,10,16,0.01,0,0.0,0.0,0
2,18,11,16,0.01,0,0.0,0.0,0
2,18,12,16,0.01,0,0.0,0.0,0
2,18,13,16,0.01,0,0.0,0.0,0
2,18,0,16,0.025,0,0.0,0.0,0
2,18,1,16,0.025,0,0.0,0.0,0
2,18,2,16,0.025,0,0.0,0.0,0
2,18,3,16,0.025,0,0.0,0.0,0
2,18,4,16,0.025,0,0.0,0.0,0
2,18,5,16,0.025,0,0.0,0.0,0
2,18,6,16,0.025,0,0.0,0.0,0
2,18,7,16,0.025,0,0.0,0.0,0
2,18,8,16,0.025,0,0.0,0.0,0
2,18,9,16,0.025,0,0.0,0.0,0
2,18,10,16,0.025,0,0.0,0.0,0
2,18,11,16,0.025,0,0.0,0.0,0
2,18,12,16,0.025,0,0.0,0.0,0
2,18,13,16,0.025,0,0.0,0.0,0
2,18,0,16,0.05,0,0.0,0.0,0
2,18,1,16,0.05,0,0.0,0.0,0
2,18,2,16,0.05,0,0.0,0.0,0
2,18,3,16,0.05,0,0.0,0.0,0
2,18,4,16,0.05,0,0.0,0.0,0
2,18,5,16,0.05,0,0.0,0.0,0
2,18,6,16,0.05,0,0.0,0.0,0
2,18,7,16,0.05,0,0.0,0.0,0
2,18,8,16,0.05,0,0.0,0.0,0
2,18,9,16,0.05,0,0.0,0.0,0
2,18,10,16,0.05,0,0.0,0.0,0
2,18,11,16,0.05,0,0.0,0.0,0
2,18,12,16,0.05,0,0.0,0.0,0
2,18,13,16,0.05,0,0.0,0.0,0
2,18,0,16,0.075,0,0.0,0.0,0
2,18,1,16,0.075,0,0.0,0.0,0
2,18,2,16,0.075,0,0.0,0.0,0
2,18,3,16,0.075,0,0.0,0.0,0
2,18,4,16,0.075,0,0.0,0.0,0
2,18,5,16,0.075,0,0.0,0.0,0
2,18,6,16,0.075,0,0.0,0.0,0
2,18,7,16,0.075,0,0.0,0.0,0
2,18,8,16,0.075,0,0.0,0.0,0
2,18,9,16,0.075,0,0.0,0.0,0
2,18,10,16,0.075,0,0.0,0.0,0
2,18,11,16,0.075,0,0.0,0.0,0
2,18,12,16,0.075,0,0.0,0.0,0
2,18,13,16,0.075,0,0.0,0.0,0
2,18,0,16,0.1,0,0.0,0.0,0
2,18,1,16,0.1,0,0.0,0.0,0
2,18,2,16,0.1,0,0.0,0.0,0
2,18,3,16,0.1,0,0.0,0.0,0
2,18,4,16,0.1,0,0.0,0.0,0
2,18,5,16,0.1,0,0.0,0.0,0
2,18,6,16,0.1,0,0.0,0.0,0
2,18,7,16,0.1,0,0.0,0.0,0
2,18,8,16,0.1,0,0.0,0.0,0
2,18,9,16,0.1,0,0.0,0.0,0
2,18,10,16,0.1,0,0.0,0.0,0
2,18,11,16,0.1,0,0.0,0.0,0
2,18,12,16,0.1,0,0.0,0.0,0
2,18,13,16,0.1,0,0.0,0.0,0
2,18,0,16,0.15,0,0.0,0.0,0
2,18,1,16,0.15,0,0.0,0.0,0
2,18,2,16,0.15,0,0.0,0.0,0
2,18,3,16,0.15,0,0.0,0.0,0
2,18,4,16,0.15,0,0.0,0.0,0
2,18,5,16,0.15,0,0.0,0.0,0
2,18,6,16,0.15,0,0.0,0.0,0
2,18,7,16,0.15,0,0.0,0.0,0
2,18,8,16,0.15,0,0.0,0.0,0
2,18,9,16,0.15,0,0.0,0.0,0
2,18,10,16,0.15,0,0.0,0.0,0
2,18,11,16,0.15,0,0.0,0.0,0
2,18,12,16,0.15,0,0.0,0.0,0
2,18,13,16,0.15,0,0.0,0.0,0
2,18,0,16,0.2,0,0.0,0.0,0
2,18,1,16,0.2,0,0.0,0.0,0
2,18,2,16,0.2,0,0.0,0.0,0
2,18,3,16,0.2,0,0.0,0.0,0
2,18,4,16,0.2,0,0.0,0.0,0
2,18,5,16,0.2,0,0.0,0.0,0
2,18,6,16,0.2,0,0.0,0.0,0
2,18,7,16,0.2,0,0.0,0.0,0
2,18,8,16,0.2,0,0.0,0.0,0
2,18,9,16,0.2,0,0.0,0.0,0
2,18,10,16,0.2,0,0.0,0.0,0
2,18,11,16,0.2,0,0.0,0.0,0
2,18,12,16,0.2,0,0.0,0.0,0
2,18,13,16,0.2,0,0.0,0.0,0
2,18,0,16,0.3,0,0.0,0.0,0
2,18,1,16,0.3,0,0.0,0.0,0
2,18,2,16,0.3,0,0.0,0.0,0
2,18,3,16,0.3,0,0.0,0.0,0
2,18,4,16,0.3,0,0.0,0.0,0
2,18,5,16,0.3,0,0.0,0.0,0
2,18,6,16,0.3,0,0.0,0.0,0
2,18,7,16,0.3,0,0.0,0.0,0
2,18,8,16,0.3,0,0.0,0.0,0
2,18,9,16,0.3,0,0.0,0.0,0
2,18,10,16,0.3,0,0.0,0.0,0
2,18,11,16,0.3,0,0.0,0.0,0
2,18,12,16,0.3,0,0.0,0.0,0
2,18,13,16,0.3,0,0.0,0.0,0
2,18,0,16,0.4,0,0.0,0.0,0
2,18,1,16,0.4,0,0.0,0.0,0
2,18,2,16,0.4,0,0.0,0.0,0
2,18,3,16,0.4,0,0.0,0.0,0
2,18,4,16,0.4,0,0.0,0.0,0
2,18,5,16,0.4,0,0.0,0.0,0
2,18,6,16,0.4,0,0.0,0.0,0
2,18,7,16,0.4,0,0.0,0.0,0
2,18,8,16,0.4,0,0.0,0.0,0
2,18,9,16,0.4,0,0.0,0.0,0
2,18,10,16,0.4,0,0.0,0.0,0
2,18,11,16,0.4,0,0.0,0.0,0
2,18,12,16,0.4,0,0.0,0.0,0
2,18,13,16,0.4,0,0.0,0.0,0
2,18,0,32,0.01,0,0.0,0.0,0
2,18,1,32,0.01,0,0.0,0.0,0
2,18,2,32,0.01,0,0.0,0.0,0
2,18,3,32,0.01,0,0.0,0.0,0
2,18,4,32,0.01,0,0.0,0.0,0
2,18,5,32,0.01,0,0.0,0.0,0
2,18,6,32,0.01,0,0.0,0.0,0
2,18,7,32,0.01,0,0.0,0.0,0
2,18,8,32,0.01,0,0.0,0.0,0
2,18,9,32,0.01,0,0.0,0.0,0
2,18,10,32,0.01,0,0.0,0.0,0
2,18,11,32,0.01,0,0.0,0.0,0
2,18,12,32,0.01,0,0.0,0.0,0
2,18,13,32,0.01,0,0.0,0.0,0
2,18,0,32,0.025,0,0.0,0.0,0
2,18,1,32,0.025,0,0.0,0.0,0
2,18,2,32,0.025,0,0.0,0.0,0
2,18,3,32,0.025,0,0.0,0.0,0
2,18,4,32,0.025,0,0.0,0.0,0
2,18,5,32,0.025,0,0.0,0.0,0
2,18,6,32,0.025,0,0.0,0.0,0
2,18,7,32,0.025,0,0.0,0.0,0
2,18,8,32,0.025,0,0.0,0.0,0
2,18,9,32,0.025,0,0.0,0.0,0
2,18,10,32,0.025,0,0.0,0.0,0
2,18,11,32,0.025,0,0.0,0.0,0
2,18,12,32,0.025,0,0.0,0.0,0
2,18,13,32,0.025,0,0.0,0.0,0
2,18,0,32,0.05,0,0.0,0.0,0
2,18,1,32,0.05,0,0.0,0.0,0
2,18,2,32,0.05,0,0.0,0.0,0
2,18,3,32,0.05,0,0.0,0.0,0
2,18,4,32,0.05,0,0.0,0.0,0
2,18,5,32,0.05,0,0.0,0.0,0
2,18,6,32,0.05,0,0.0,0.0,0
2,18,7,32,0.05,0,0.0,0.0,0
2,18,8,32,0.05,0,0.0,0.0,0
2,18,9,32,0.05,0,0.0,0.0,0
2,18,10,32,0.05,0,0.0,0.0,0
2,18,11,32,0.05,0,0.0,0.0,0
2,18,12,32,0.05,0,0.0,0.0,0
2,18,13,32,0.05,0,0.0,0.0,0
2,18,0,32,0.075,0,0.0,0.0,0
2,18,1,32,0.075,0,0.0,0.0,0
2,18,2,32,0.075,0,0.0,0.0,0
2,18,3,32,0.075,0,0.0,0.0,0
2,18,4,32,0.075,0,0.0,0.0,0
2,18,5,32,0.075,0,0.0,0.0,0
2,18,6,32,0.075,0,0.0,0.0,0
2,18,7,32,0.075,0,0.0,0.0,0
2,18,8,32,0.075,0,0.0,0.0,0
2,18,9,32,0.075,0,0.0,0.0,0
2,18,10,32,0.075,0,0.0,0.0,0
2,18,11,32,0.075,0,0.0,0.0,0
2,18,12,32,0.075,0,0.0,0.0,0
2,18,13,32,0.075,0,0.0,0.0,0
2,18,0,32,0.1,0,0.0,0.0,0
2,18,1,32,0.1,0,0.0,0.0,0
2,18,2,32,0.1,0,0.0,0.0,0
2,18,3,32,0.1,0,0.0,0.0,0
2,18,4,32,0.1,0,0.0,0.0,0
2,18,5,32,0.1,0,0.0,0.0,0
2,18,6,32,0.1,0,0.0,0.0,0
2,18,7,32,0.1,0,0.0,0.0,0
2,18,8,32,0.1,0,0.0,0.0,0
2,18,9,32,0.1,0,0.0,0.0,0
2,18,10,32,0.1,0,0.0,0.0,0
2,18,11,32,0.1,0,0.0,0.0,0
2,18,12,32,0.1,0,0.0,0.0,0
2,18,13,32,0.1,0,0.0,0.0,0
2,18,0,32,0.15,0,0.0,0.0,0
2,18,1,32,0.15,0,0.0,0.0,0
2,18,2,32,0.15,0,0.0,0.0,0
2,18,3,32,0.15,0,0.0,0.0,0
2,18,4,32,0.15,0,0.0,0.0,0
2,18,5,32,0.15,0,0.0,0.0,0
2,18,6,32,0.15,0,0.0,0.0,0
2,18,7,32,0.15,0,0.0,0.0,0
2,18,8,32,0.15,0,0.0,0.0,0
2,18,9,32,0.15,0,0.0,0.0,0
2,18,10,32,0.15,0,0.0,0.0,0
2,18,11,32,0.15,0,0.0,0.0,0
2,18,12,32,0.15,0,0.0,0.0,0
2,18,13,32,0.15,0,0.0,0.0,0
2,18,0,32,0.2,0,0.0,0.0,0
2,18,1,32,0.2,0,0.0,0.0,0
2,18,2,32,0.2,0,0.0,0.0,0
2,18,3,32,0.2,0,0.0,0.0,0
2,18,4,32,0.2,0,0.0,0.0,0
2,18,5,32,0.2,0,0.0,0.0,0
2,18,6,32,0.2,0,0.0,0.0,0
2,18,7,32,0.2,0,0.0,0.0,0
2,18,8,32,0.2,0,0.0,0.0,0
2,18,9,32,0.2,0,0.0,0.0,0
2,18,10,32,0.2,0,0.0,0.0,0
2,18,11,32,0.2,0,0.0,0.0,0
2,18,12,32,0.2,0,0.0,0.0,0
2,18,13,32,0.2,0,0.0,0.0,0
2,18,0,32,0.3,0,0.0,0.0,0
2,18,1,32,0.3,0,0.0,0.0,0
2,18,2,32,0.3,0,0.0,0.0,0
2,18,3,32,0.3,0,0.0,0.0,0
2,18,4,32,0.3,0,0.0,0.0,0
2,18,5,32,0.3,0,0.0,0.0,0
2,18,6,32,0.3,0,0.0,0.0,0
2,18,7,32,0.3,0,0.0,0.0,0
2,18,8,32,0.3,0,0.0,0.0,0
2,18,9,32,0.3,0,0.0,0.0,0
2,18,10,32,0.3,0,0.0,0.0,0
2,18,11,32,0.3,0,0.0,0.0,0
2,18,12,32,0.3,0,0.0,0.0,0
2,18,13,32,0.3,0,0.0,0.0,0
2,18,0,32,0.4,0,0.0,0.0,0
2,18,1,32,0.4,0,0.0,0.0,0
2,18,2,32,0.4,0,0.0,0.0,0
2,18,3,32,0.4,0,0.0,0.0,0
2,18,4,32,0.4,0,0.0,0.0,0
2,18,5,32,0.4,0,0.0,0.0,0
2,18,6,32,0.4,0,0.0,0.0,0
2,18,7,32,0.4,0,0.0,0.0,0
2,18,8,32,0.4,0,0.0,0.0,0
2,18,9,32,0.4,0,0.0,0.0,0
2,18,10,32,0.4,0,0.0,0.0,0
2,18,11,32,0.4,0,0.0,0.0,0
2,18,12,32,0.4,0,0.0,0.0,0
2,18,13,32,0.4,0,0.0,0.0,0
2,18,0,64,0.01,0,0.0,0.0,0
2,18,1,64,0.01,0,0.0,0.0,0
2,18,2,64,0.01,0,0.0,0.0,0
2,18,3,64,0.01,0,0.0,0.0,0
2,18,4,64,0.01,0,0.0,0.0,0
2,18,5,64,0.01,0,0.0,0.0,0
2,18,6,64,0.01,0,0.0,0.0,0
2,18,7,64,0.01,0,0.0,0.0,0
2,18,8,64,0.01,0,0.0,0.0,0
2,18,9,64,0.01,0,0.0,0.0,0
2,18,10,64,0.01,0,0.0,0.0,0
2,18,11,64,0.01,0,0.0,0.0,0
2,18,12,64,0.01,0,0.0,0.0,0
2,18,13,64,0.01,0,0.0,0.0,0
2,18,0,64,0.025,0,0.0,0.0,0
2,18,1,64,0.025,0,0.0,0.0,0
2,18,2,64,0.025,0,0.0,0.0,0
2,18,3,64,0.025,0,0.0,0.0,0
2,18,4,64,0.025,0,0.0,0.0,0
2,18,5,64,0.025,0,0.0,0.0,0
2,18,6,64,0.025,0,0.0,0.0,0
2,18,7,64,0.025,0,0.0,0.0,0
2,18,8,64,0.025,0,0.0,0.0,0
2,18,9,64,0.025,0,0.0,0.0,0
2,18,10,64,0.025,0,0.0,0.0,0
2,18,11,64,0.025,0,0.0,0.0,0
2,18,12,64,0.025,0,0.0,0.0,0
2,18,13,64,0.025,0,0.0,0.0,0
2,18,0,64,0.05,0,0.0,0.0,0
2,18,1,64,0.05,0,0.0,0.0,0
2,18,2,64,0.05,0,0.0,0.0,0
2,18,3,64,0.05,0,0.0,0.0,0
2,18,4,64,0.05,0,0.0,0.0,0
2,18,5,64,0.05,0,0.0,0.0,0
2,18,6,64,0.05,0,0.0,0.0,0
2,18,7,64,0.05,0,0.0,0.0,0
2,18,8,64,0.05,0,0.0,0.0,0
2,18,9,64,0.05,0,0.0,0.0,0
2,18,10,64,0.05,0,0.0,0.0,0
2,18,11,64,0.05,0,0.0,0.0,0
2,18,12,64,0.05,0,0.0,0.0,0
2,18,13,64,0.05,0,0.0,0.0,0
2,18,0,64,0.075,0,0.0,0.0,0
2,18,1,64,0.075,0,0.0,0.0,0
2,18,2,64,0.075,0,0.0,0.0,0
2,18,3,64,0.075,0,0.0,0.0,0
2,18,4,64,0.075,0,0.0,0.0,0
2,18,5,64,0.075,0,0.0,0.0,0
2,18,6,64,0.075,0,0.0,0.0,0
2,18,7,64,0.075,0,0.0,0.0,0
2,18,8,64,0.075,0,0.0,0.0,0
2,18,9,64,0.075,0,0.0,0.0,0
2,18,10,64,0.075,0,0.0,0.0,0
2,18,11,64,0.075,0,0.0,0.0,0
2,18,12,64,0.075,0,0.0,0.0,0
2,18,13,64,0.075,0,0.0,0.0,0
2,18,0,64,0.1,0,0.0,0.0,0
2,18,1,64,0.1,0,0.0,0.0,0
2,18,2,64,0.1,0,0.0,0.0,0
2,18,3,64,0.1,0,0.0,0.0,0
2,18,4,64,0.1,0,0.0,0.0,0
2,18,5,64,0.1,0,0.0,0.0,0
2,18,6,64,0.1,0,0.0,0.0,0
2,18,7,64,0.1,0,0.0,0.0,0
2,18,8,64,0.1,0,0.0,0.0,0
2,18,9,64,0.1,0,0.0,0.0,0
2,18,10,64,0.1,0,0.0,0.0,0
2,18,11,64,0.1,0,0.0,0.0,0
2,18,12,64,0.1,0,0.0,0.0,0
2,18,13,64,0.1,0,0.0,0.0,0
2,18,0,64,0.15,0,0.0,0.0,0
2,18,1,64,0.15,0,0.0,0.0,0
2,18,2,64,0.15,0,0.0,0.0,0
2,18,3,64,0.15,0,0.0,0.0,0
2,18,4,64,0.15,0,0.0,0.0,0
2,18,5,64,0.15,0,0.0,0.0,0
2,18,6,64,0.15,0,0.0,0.0,0
2,18,7,64,0.15,0,0.0,0.0,0
2,18,8,64,0.15,0,0.0,0.0,0
2,18,9,64,0.15,0,0.0,0.0,0
2,18,10,64,0.15,0,0.0,0.0,0
2,18,11,64,0.15,0,0.0,0.0,0
2,18,12,64,0.15,0,0.0,0.0,0
2,18,13,64,0.15,0,0.0,0.0,0
2,18,0,64,0.2,0,0.0,0.0,0
2,18,1,64,0.2,0,0.0,0.0,0
2,18,2,64,0.2,0,0.0,0.0,0
2,18,3,64,0.2,0,0.0,0.0,0
2,18,4,64,0.2,0,0.0,0.0,0
2,18,5,64,0.2,0,0.0,0.0,0
2,18,6,64,0.2,0,0.0,0.0,0
2,18,7,64,0.2,0,0.0,0.0,0
2,18,8,64,0.2,0,0.0,0.0,0
2,18,9,64,0.2,0,0.0,0.0,0
2,18,10,64,0.2,0,0.0,0.0,0
2,18,11,64,0.2,0,0.0,0.0,0
2,18,12,64,0.2,0,0.0,0.0,0
2,18,13,64,0.2,0,0.0,0.0,0
2,18,0,64,0.3,0,0.0,0.0,0
2,18,1,64,0.3,0,0.0,0.0,0
2,18,2,64,0.3,0,0.0,0.0,0
2,18,3,64,0.3,0,0.0,0.0,0
2,18,4,64,0.3,0,0.0,0.0,0
2,18,5,64,0.3,0,0.0,0.0,0
2,18,6,64,0.3,0,0.0,0.0,0
2,18,7,64,0.3,0,0.0,0.0,0
2,18,8,64,0.3,0,0.0,0.0,0
2,18,9,64,0.3,0,0.0,0.0,0
2,18,10,64,0.3,0,0.0,0.0,0
2,18,11,64,0.3,0,0.0,0.0,0
2,18,12,64,0.3,0,0.0,0.0,0
2,18,13,64,0.3,0,0.0,0.0,0
2,18,0,64,0.4,0,0.0,0.0,0
2,18,1,64,0.4,0,0.0,0.0,0
2,18,2,64,0.4,0,0.0,0.0,0
2,18,3,64,0.4,0,0.0,0.0,0
2,18,4,64,0.4,0,0.0,0.0,0
2,18,5,64,0.4,0,0.0,0.0,0
2,18,6,64,0.4,0,0.0,0.0,0
2,18,7,64,0.4,0,0.0,0.0,0
2,18,8,64,0.4,0,0.0,0.0,0
2,18,9,64,0.4,0,0.0,0.0,0
2,18,10,64,0.4,0,0.0,0.0,0
2,18,11,64,0.4,0,0.0,0.0,0
2,18,12,64,0.4,0,0.0,0.0,0
2,18,13,64,0.4,0,0.0,0.0,0
2,18,0,128,0.01,0,0.0,0.0,0
2,18,1,128,0.01,0,0.0,0.0,0
2,18,2,128,0.01,0,0.0,0.0,0
2,18,3,128,0.01,0,0.0,0.0,0
2,18,4,128,0.01,0,0.0,0.0,0
2,18,5,128,0.01,0,0.0,0.0,0
2,18,6,128,0.01,0,0.0,0.0,0
2,18,7,128,0.01,0,0.0,0.0,0
2,18,8,128,0.01,0,0.0,0.0,0
2,18,9,128,0.01,0,0.0,0.0,0
2,18,10,128,0.01,0,0.0,0.0,0
2,18,11,128,0.01,0,0.0,0.0,0
2,18,12,128,0.01,0,0.0,0.0,0
2,18,13,128,0.01,0,0.0,0.0,0
2,18,0,128,0.025,0,0.0,0.0,0
2,18,1,128,0.025,0,0.0,0.0,0
2,18,2,128,0.025,0,0.0,0.0,0
2,18,3,128,0.025,0,0.0,0.0,0
2,18,4,128,0.025,0,0.0,0.0,0
2,18,5,128,0.025,0,0.0,0.0,0
2,18,6,128,0.025,0,0.0,0.0,0
2,18,7,128,0.025,0,0.0,0.0,0
2,18,8,128,0.025,0,0.0,0.0,0
2,18,9,128,0.025,0,0.0,0.0,0
2,18,10,128,0.025,0,0.0,0.0,0
2,18,11,128,0.025,0,0.0,0.0,0
2,18,12,128,0.025,0,0.0,0.0,0
2,18,13,128,0.025,0,0.0,0.0,0
2,18,0,128,0.05,0,0.0,0.0,0
2,18,1,128,0.05,0,0.0,0.0,0
2,18,2,128,0.05,0,0.0,0.0,0
2,18,3,128,0.05,0,0.0,0.0,0
2,18,4,128,0.05,0,0.0,0.0,0
2,18,5,128,0.05,0,0.0,0.0,0
2,18,6,128,0.05,0,0.0,0.0,0
2,18,7,128,0.05,0,0.0,0.0,0
2,18,8,128,0.05,0,0.0,0.0,0
2,18,9,128,0.05,0,0.0,0.0,0
2,18,10,128,0.05,0,0.0,0.0,0
2,18,11,128,0.05,0,0.0,0.0,0
2,18,12,128,0.05,0,0.0,0.0,0
2,18,13,128,0.05,0,0.0,0.0,0
2,18,0,128,0.075,0,0.0,0.0,0
2,18,1,128,0.075,0,0.0,0.0,0
2,18,2,128,0.075,0,0.0,0.0,0
2,18,3,128,0.075,0,0.0,0.0,0
2,18,4,128,0.075,0,0.0,0.0,0
2,18,5,128,0.075,0,0.0,0.0,0
2,18,6,128,0.075,0,0.0,0.0,0
2,18,7,128,0.075,0,0.0,0.0,0
2,18,8,128,0.075,0,0.0,0.0,0
2,18,9,128,0.075,0,0.0,0.0,0
2,18,10,128,0.075,0,0.0,0.0,0
2,18,11,128,0.075,0,0.0,0.0,0
2,18,12,128,0.075,0,0.0,0.0,0
2,18,13,128,0.075,0,0.0,0.0,0
2,18,0,128,0.1,0,0.0,0.0,0
2,18,1,128,0.1,0,0.0,0.0,0
2,18,2,128,0.1,0,0.0,0.0,0
2,18,3,128,0.1,0,0.0,0.0,0
2,18,4,128,0.1,0,0.0,0.0,0
2,18,5,128,0.1,0,0.0,0.0,0
2,18,6,128,0.1,0,0.0,0.0,0
2,18,7,128,0.1,0,0.0,0.0,0
2,18,8,128,0.1,0,0.0,0.0,0
2,18,9,128,0.1,0,0.0,0.0,0
2,18,10,128,0.1,0,0.0,0.0,0
2,18,11,128,0.1,0,0.0,0.0,0
2,18,12,128,0.1,0,0.0,0.0,0
2,18,13,128,0.1,0,0.0,0.0,0
2,18,0,128,0.15,0,0.0,0.0,0
2,18,1,128,0.15,0,0.0,0.0,0
2,18,2,128,0.15,0,0.0,0.0,0
2,18,3,128,0.15,0,0.0,0.0,0
2,18,4,128,0.15,0,0.0,0.0,0
2,18,5,128,0.15,0,0.0,0.0,0
2,18,6,128,0.15,0,0.0,0.0,0
2,18,7,128,0.15,0,0.0,0.0,0
2,18,8,128,0.15,0,0.0,0.0,0
2,18,9,128,0.15,0,0.0,0.0,0
2,18,10,128,0.15,0,0.0,0.0,0
2,18,11,128,0.15,0,0.0,0.0,0
2,18,12,128,0.15,0,0.0,0.0,0
2,18,13,128,0.15,0,0.0,0.0,0
2,18,0,128,0.2,0,0.0,0.0,0
2,18,1,128,0.2,0,0.0,0.0,0
2,18,2,128,0.2,0,0.0,0.0,0
2,18,3,128,0.2,0,0.0,0.0,0
2,18,4,128,0.2,0,0.0,0.0,0
2,18,5,128,0.2,0,0.0,0.0,0
2,18,6,128,0.2,0,0.0,0.0,0
2,18,7,128,0.2,0,0.0,0.0,0
2,18,8,128,0.2,0,0.0,0.0,0
2,18,9,128,0.2,0,0.0,0.0,0
2,18,10,128,0.2,0,0.0,0.0,0
2,18,11,128,0.2,0,0.0,0.0,0
2,18,12,128,0.2,0,0.0,0.0,0
2,18,13,128,0.2,0,0.0,0.0,0
2,18,0,128,0.3,0,0.0,0.0,0
2,18,1,128,0.3,0,0.0,0.0,0
2,18,2,128,0.3,0,0.0,0.0,0
2,18,3,128,0.3,0,0.0,0.0,0
2,18,4,128,0.3,0,0.0,0.0,0
2,18,5,128,0.3,0,0.0,0.0,0
2,18,6,128,0.3,0,0.0,0.0,0
2,18,7,128,0.3,0,0.0,0.0,0
2,18,8,128,0.3,0,0.0,0.0,0
2,18,9,128,0.3,0,0.0,0.0,0
2,18,10,128,0.3,0,0.0,0.0,0
2,18,11,128,0.3,0,0.0,0.0,0
2,18,12,128,0.3,0,0.0,0.0,0
2,18,13,128,0.3,0,0.0,0.0,0
2,18,0,128,0.4,0,0.0,0.0,0
2,18,1,128,0.4,0,0.0,0.0,0
2,18,2,128,0.4,0,0.0,0.0,0
2,18,3,128,0.4,0,0.0,0.0,0
2,18,4,128,0.4,0,0.0,0.0,0
2,18,5,128,0.4,0,0.0,0.0,0
2,18,6,128,0.4,0,0.0,0.0,0
2,18,7,128,0.4,0,0.0,0.0,0
2,18,8,128,0.4,0,0.0,0.0,0
2,18,9,128,0.4,0,0.0,0.0,0
2,18,10,128,0.4,0,0.0,0.0,0
2,18,11,128,0.4,0,0.0,0.0,0
2,18,12,128,0.4,0,0.0,0.0,0
2,18,13,128,0.4,0,0.0,0.0,0
2,23,0,4,0.01,0,0.0,0.0,0
2,23,1,4,0.01,0,0.0,0.0,0
2,23,2,4,0.01,0,0.0,0.0,0
2,23,3,4,0.01,0,0.0,0.0,0
2,23,4,4,0.01,0,0.0,0.0,0
2,23,5,4,0.01,0,0.0,0.0,0
2,23,6,4,0.01,0,0.0,0.0,0
2,23,7,4,0.01,0,0.0,0.0,0
2,23,8,4,0.01,0,0.0,0.0,0
2,23,9,4,0.01,0,0.0,0.0,0
2,23,10,4,0.01,0,0.0,0.0,0
2,23,11,4,0.01,0,0.0,0.0,0
2,23,12,4,0.01,0,0.0,0.0,0
2,23,13,4,0.01,0,0.0,0.0,0
2,23,0,4,0.025,0,0.0,0.0,0
2,23,1,4,0.025,0,0.0,0.0,0
2,23,2,4,0.025,0,0.0,0.0,0
2,23,3,4,0.025,0,0.0,0.0,0
2,23,4,4,0.025,0,0.0,0.0,0
2,23,5,4,0.025,0,0.0,0.0,0
2,23,6,4,0.025,0,0.0,0.0,0
2,23,7,4,0.025,0,0.0,0.0,0
2,23,8,4,0.025,0,0.0,0.0,0
2,23,9,4,0.025,0,0.0,0.0,0
2,23,10,4,0.025,0,0.0,0.0,0
2,23,11,4,0.025,0,0.0,0.0,0
2,23,12,4,0.025,0,0.0,0.0,0
2,23,13,4,0.025,0,0.0,0.0,0
2,23,0,4,0.05,0,0.0,0.0,0
2,23,1,4,0.05,0,0.0,0.0,0
2,23,2,4,0.05,0,0.0,0.0,0
2,23,3,4,0.05,0,0.0,0.0,0
2,23,4,4,0.05,0,0.0,0.0,0
2,23,5,4,0.05,0,0.0,0.0,0
2,23,6,4,0.05,0,0.0,0.0,0
2,23,7,4,0.05,0,0.0,0.0,0
2,23,8,4,0.05,0,0.0,0.0,0
2,23,9,4,0.05,0,0.0,0.0,0
2,23,10,4,0.05,0,0.0,0.0,0
2,23,11,4,0.05,0,0.0,0.0,0
2,23,12,4,0.05,0,0.0,0.0,0
2,23,13,4,0.05,0,0.0,0.0,0
2,23,0,4,0.075,0,0.0,0.0,0
2,23,1,4,0.075,0,0.0,0.0,0
2,23,2,4,0.075,0,0.0,0.0,0
2,23,3,4,0.075,0,0.0,0.0,0
2,23,4,4,0.075,0,0.0,0.0,0
2,23,5,4,0.075,0,0.0,0.0,0
2,23,6,4,0.075,0,0.0,0.0,0
2,23,7,4,0.075,0,0.0,0.0,0
2,23,8,4,0.075,0,0.0,0.0,0
2,23,9,4,0.075,0,0.0,0.0,0
2,23,10,4,0.075,0,0.0,0.0,0
2,23,11,4,0.075,0,0.0,0.0,0
2,23,12,4,0.075,0,0.0,0.0,0
2,23,13,4,0.075,0,0.0,0.0,0
2,23,0,4,0.1,0,0.0,0.0,0
2,23,1,4,0.1,0,0.0,0.0,0
2,23,2,4,0.1,0,0.0,0.0,0
2,23,3,4,0.1,0,0.0,0.0,0
2,23,4,4,0.1,0,0.0,0.0,0
2,23,5,4,0.1,0,0.0,0.0,0
2,23,6,4,0.1,0,0.0,0.0,0
2,23,7,4,0.1,0,0.0,0.0,0
2,23,8,4,0.1,0,0.0,0.0,0
2,23,9,4,0.1,0,0.0,0.0,0
2,23,10,4,0.1,0,0.0,0.0,0
2,23,11,4,0.1,0,0.0,0.0,0
2,23,12,4,0.1,0,0.0,0.0,0
2,23,13,4,0.1,0,0.0,0.0,0
2,23,0,4,0.15,0,0.0,0.0,0
2,23,1,4,0.15,0,0.0,0.0,0
2,23,2,4,0.15,0,0.0,0.0,0
2,23,3,4,0.15,0,0.0,0.0,0
2,23,4,4,0.15,0,0.0,0.0,0
2,23,5,4,0.15,0,0.0,0.0,0
2,23,6,4,0.15,0,0.0,0.0,0
2,23,7,4,0.15,0,0.0,0.0,0
2,23,8,4,0.15,0,0.0,0.0,0
2,23,9,4,0.15,0,0.0,0.0,0
2,23,10,4,0.15,0,0.0,0.0,0
2,23,11,4,0.15,0,0.0,0.0,0
2,23,12,4,0.15,0,0.0,0.0,0
2,23,13,4,0.15,0,0.0,0.0,0
2,23,0,4,0.2,0,0.0,0.0,0
2,23,1,4,0.2,0,0.0,0.0,0
2,23,2,4,0.2,0,0.0,0.0,0
2,23,3,4,0.2,0,0.0,0.0,0
2,23,4,4,0.2,0,0.0,0.0,0
2,23,5,4,0.2,0,0.0,0.0,0
2,23,6,4,0.2,0,0.0,0.0,0
2,23,7,4,0.2,0,0.0,0.0,0
2,23,8,4,0.2,0,0.0,0.0,0
2,23,9,4,0.2,0,0.0,0.0,0
2,23,10,4,0.2,0,0.0,0.0,0
2,23,11,4,0.2,0,0.0,0.0,0
2,23,12,4,0.2,0,0.0,0.0,0
2,23,13,4,0.2,0,0.0,0.0,0
2,23,0,4,0.3,0,0.0,0.0,0
2,23,1,4,0.3,0,0.0,0.0,0
2,23,2,4,0.3,0,0.0,0.0,0
2,23,3,4,0.3,0,0.0,0.0,0
2,23,4,4,0.3,0,0.0,0.0,0
2,23,5,4,0.3,0,0.0,0.0,0
2,23,6,4,0.3,0,0.0,0.0,0
2,23,7,4,0.3,0,0.0,0.0,0
2,23,8,4,0.3,0,0.0,0.0,0
2,23,9,4,0.3,0,0.0,0.0,0
2,23,10,4,0.3,0,0.0,0.0,0
2,23,11,4,0.3,0,0.0,0.0,0
2,23,12,4,0.3,0,0.0,0.0,0
2,23,13,4,0.3,0,0.0,0.0,0
2,23,0,4,0.4,0,0.0,0.0,0
2,23,1,4,0.4,0,0.0,0.0,0
2,23,2,4,0.4,0,0.0,0.0,0
2,23,3,4,0.4,0,0.0,0.0,0
2,23,4,4,0.4,0,0.0,0.0,0
2,23,5,4,0.4,0,0.0,0.0,0
2,23,6,4,0.4,0,0.0,0.0,0
2,23,7,4,0.4,0,0.0,0.0,0
2,23,8,4,0.4,0,0.0,0.0,0
2,23,9,4,0.4,0,0.0,0.0,0
2,23,10,4,0.4,0,0.0,0.0,0
2,23,11,4,0.4,0,0.0,0.0,0
2,23,12,4,0.4,0,0.0,0.0,0
2,23,13,4,0.4,0,0.0,0.0,0
2,23,0,8,0.01,0,0.0,0.0,0
2,23,1,8,0.01,0,0.0,0.0,0
2,23,2,8,0.01,0,0.0,0.0,0
2,23,3,8,0.01,0,0.0,0.0,0
2,23,4,8,0.01,0,0.0,0.0,0
2,23,5,8,0.01,0,0.0,0.0,0
2,23,6,8,0.01,0,0.0,0.0,0
2,23,7,8,0.01,0,0.0,0.0,0
2,23,8,8,0.01,0,0.0,0.0,0
2,23,9,8,0.01,0,0.0,0.0,0
2,23,10,8,0.01,0,0.0,0.0,0
2,23,11,8,0.01,0,0.0,0.0,0
2,23,12,8,0.01,0,0.0,0.0,0
2,23,13,8,0.01,0,0.0,0.0,0
2,23,0,8,0.025,0,0.0,0.0,0
2,23,1,8,0.025,0,0.0,0.0,0
2,23,2,8,0.025,0,0.0,0.0,0
2,23,3,8,0.025,0,0.0,0.0,0
2,23,4,8,0.025,0,0.0,0.0,0
2,23,5,8,0.025,0,0.0,0.0,0
2,23,6,8,0.025,0,0.0,0.0,0
2,23,7,8,0.025,0,0.0,0.0,0
2,23,8,8,0.025,0,0.0,0.0,0
2,23,9,8,0.025,0,0.0,0.0,0
2,23,10,8,0.025,0,0.0,0.0,0
2,23,11,8,0.025,0,0.0,0.0,0
2,23,12,8,0.025,0,0.0,0.0,0
2,23,13,8,0.025,0,0.0,0.0,0
2,23,0,8,0.05,0,0.0,0.0,0
2,23,1,8,0.05,0,0.0,0.0,0
2,23,2,8,0.05,0,0.0,0.0,0
2,23,3,8,0.05,0,0.0,0.0,0
2,23,4,8,0.05,0,0.0,0.0,0
2,23,5,8,0.05,0,0.0,0.0,0
2,23,6,8,0.05,0,0.0,0.0,0
2,23,7,8,0.05,0,0.0,0.0,0
2,23,8,8,0.05,0,0.0,0.0,0
2,23,9,8,0.05,0,0.0,0.0,0
2,23,10,8,0.05,0,0.0,0.0,0
2,23,11,8,0.05,0,0.0,0.0,0
2,23,12,8,0.05,0,0.0,0.0,0
2,23,13,8,0.05,0,0.0,0.0,0
2,23,0,8,0.075,0,0.0,0.0,0
2,23,1,8,0.075,0,0.0,0.0,0
2,23,2,8,0.075,0,0.0,0.0,0
2,23,3,8,0.075,0,0.0,0.0,0
2,23,4,8,0.075,0,0.0,0.0,0
2,23,5,8,0.075,0,0.0,0.0,0
2,23,6,8,0.075,0,0.0,0.0,0
2,23,7,8,0.075,0,0.0,0.0,0
2,23,8,8,0.075,0,0.0,0.0,0
2,23,9,8,0.075,0,0.0,0.0,0
2,23,10,8,0.075,0,0.0,0.0,0
2,23,11,8,0.075,0,0.0,0.0,0
2,23,12,8,0.075,0,0.0,0.0,0
2,23,13,8,0.075,0,0.0,0.0,0
2,23,0,8,0.1,0,0.0,0.0,0
2,23,1,8,0.1,0,0.0,0.0,0
2,23,2,8,0.1,0,0.0,0.0,0
2,23,3,8,0.1,0,0.0,0.0,0
2,23,4,8,0.1,0,0.0,0.0,0
2,23,5,8,0.1,0,0.0,0.0,0
2,23,6,8,0.1,0,0.0,0.0,0
2,23,7,8,0.1,0,0.0,0.0,0
2,23,8,8,0.1,0,0.0,0.0,0
2,23,9,8,0.1,0,0.0,0.0,0
2,23,10,8,0.1,0,0.0,0.0,0
2,23,11,8,0.1,0,0.0,0.0,0
2,23,12,8,0.1,0,0.0,0.0,0
2,23,13,8,0.1,0,0.0,0.0,0
2,23,0,8,0.15,0,0.0,0.0,0
2,23,1,8,0.15,0,0.0,0.0,0
2,23,2,8,0.15,0,0.0,0.0,0
2,23,3,8,0.15,0,0.0,0.0,0
2,23,4,8,0.15,0,0.0,0.0,0
2,23,5,8,0.15,0,0.0,0.0,0
2,23,6,8,0.15,0,0.0,0.0,0
2,23,7,8,0.15,0,0.0,0.0,0
2,23,8,8,0.15,0,0.0,0.0,0
2,23,9,8,0.15,0,0.0,0.0,0
2,23,10,8,0.15,0,0.0,0.0,0
2,23,11,8,0.15,0,0.0,0.0,0
2,23,12,8,0.15,0,0.0,0.0,0
2,23,13,8,0.15,0,0.0,0.0,0
2,23,0,8,0.2,0,0.0,0.0,0
2,23,1,8,0.2,0,0.0,0.0,0
2,23,2,8,0.2,0,0.0,0.0,0
2,23,3,8,0.2,0,0.0,0.0,0
2,23,4,8,0.2,0,0.0,0.0,0
2,23,5,8,0.2,0,0.0,0.0,0
2,23,6,8,0.2,0,0.0,0.0,0
2,23,7,8,0.2,0,0.0,0.0,0
2,23,8,8,0.2,0,0.0,0.0,0
2,23,9,8,0.2,0,0.0,0.0,0
2,23,10,8,0.2,0,0.0,0.0,0
2,23,11,8,0.2,0,0.0,0.0,0
2,23,12,8,0.2,0,0.0,0.0,0
2,23,13,8,0.2,0,0.0,0.0,0
2,23,0,8,0.3,0,0.0,0.0,0
2,23,1,8,0.3,0,0.0,0.0,0
2,23,2,8,0.3,0,0.0,0.0,0
2,23,3,8,0.3,0,0.0,0.0,0
2,23,4,8,0.3,0,0.0,0.0,0
2,23,5,8,0.3,0,0.0,0.0,0
2,23,6,8,0.3,0,0.0,0.0,0
2,23,7,8,0.3,0,0.0,0.0,0
2,23,8,8,0.3,0,0.0,0.0,0
2,23,9,8,0.3,0,0.0,0.0,0
2,23,10,8,0.3,0,0.0,0.0,0
2,23,11,8,0.3,0,0.0,0.0,0
2,23,12,8,0.3,0,0.0,0.0,0
2,23,13,8,0.3,0,0.0,0.0,0
2,23,0,8,0.4,0,0.0,0.0,0
2,23,1,8,0.4,0,0.0,0.0,0
2,23,2,8,0.4,0,0.0,0.0,0
2,23,3,8,0.4,0,0.0,0.0,0
2,23,4,8,0.4,0,0.0,0.0,0
2,23,5,8,0.4,0,0.0,0.0,0
2,23,6,8,0.4,0,0.0,0.0,0
2,23,7,8,0.4,0,0.0,0.0,0
2,23,8,8,0.4,0,0.0,0.0,0
2,23,9,8,0.4,0,0.0,0.0,0
2,23,10,8,0.4,0,0.0,0.0,0
2,23,11,8,0.4,0,0.0,0.0,0
2,23,12,8,0.4,0,0.0,0.0,0
2,23,13,8,0.4,0,0.0,0.0,0
2,23,0,16,0.01,0,0.0,0.0,0
2,23,1,16,0.01,0,0.0,0.0,0
2,23,2,16,0.01,0,0.0,0.0,0
2,23,3,16,0.01,0,0.0,0.0,0
2,23,4,16,0.01,0,0.0,0.0,0
2,23,5,16,0.01,0,0.0,0.0,0
2,23,6,16,0.01,0,0.0,0.0,0
2,23,7,16,0.01,0,0.0,0.0,0
2,23,8,16,0.01,0,0.0,0.0,0
2,23,9,16,0.01,0,0.0,0.0,0
2,23,10,16,0.01,0,0.0,0.0,0
2,23,11,16,0.01,0,0.0,0.0,0
2,23,12,16,0.01,0,0.0,0.0,0
2,23,13,16,0.01,0,0.0,0.0,0
2,23,0,16,0.025,0,0.0,0.0,0
2,23,1,16,0.025,0,0.0,0.0,0
2,23,2,16,0.025,0,0.0,0.0,0
2,23,3,16,0.025,0,0.0,0.0,0
2,23,4,16,0.025,0,0.0,0.0,0
2,23,5,16,0.025,0,0.0,0.0,0
2,23,6,16,0.025,0,0.0,0.0,0
2,23,7,16,0.025,0,0.0,0.0,0
2,23,8,16,0.025,0,0.0,0.0,0
2,23,9,16,0.025,0,0.0,0.0,0
2,23,10,16,0.025,0,0.0,0.0,0
2,23,11,16,0.025,0,0.0,0.0,0
2,23,12,16,0.025,0,0.0,0.0,0
2,23,13,16,0.025,0,0.0,0.0,0
2,23,0,16,0.05,0,0.0,0.0,0
2,23,1,16,0.05,0,0.0,0.0,0
2,23,2,16,0.05,0,0.0,0.0,0
2,23,3,16,0.05,0,0.0,0.0,0
2,23,4,16,0.05,0,0.0,0.0,0
2,23,5,16,0.05,0,0.0,0.0,0
2,23,6,16,0.05,0,0.0,0.0,0
2,23,7,16,0.05,0,0.0,0.0,0
2,23,8,16,0.05,0,0.0,0.0,0
2,23,9,16,0.05,0,0.0,0.0,0
2,23,10,16,0.05,0,0.0,0.0,0
2,23,11,16,0.05,0,0.0,0.0,0
2,23,12,16,0.05,0,0.0,0.0,0
2,23,13,16,0.05,0,0.0,0.0,0
2,23,0,16,0.075,0,0.0,0.0,0
2,23,1,16,0.075,0,0.0,0.0,0
2,23,2,16,0.075,0,0.0,0.0,0
2,23,3,16,0.075,0,0.0,0.0,0
2,23,4,16,0.075,0,0.0,0.0,0
2,23,5,16,0.075,0,0.0,0.0,0
2,23,6,16,0.075,0,0.0,0.0,0
2,23,7,16,0.075,0,0.0,0.0,0
2,23,8,16,0.075,0,0.0,0.0,0
2,23,9,16,0.075,0,0.0,0.0,0
2,23,10,16,0.075,0,0.0,0.0,0
2,23,11,16,0.075,0,0.0,0.0,0
2,23,12,16,0.075,0,0.0,0.0,0
2,23,13,16,0.075,0,0.0,0.0,0
2,23,0,16,0.1,0,0.0,0.0,0
2,23,1,16,0.1,0,0.0,0.0,0
2,23,2,16,0.1,0,0.0,0.0,0
2,23,3,16,0.1,0,0.0,0.0,0
2,23,4,16,0.1,0,0.0,0.0,0
2,23,5,16,0.1,0,0.0,0.0,0
2,23,6,16,0.1,0,0.0,0.0,0
2,23,7,16,0.1,0,0.0,0.0,0
2,23,8,16,0.1,0,0.0,0.0,0
2,23,9,16,0.1,0,0.0,0.0,0
2,23,10,16,0.1,0,0.0,0.0,0
2,23,11,16,0.1,0,0.0,0.0,0
2,23,12,16,0.1,0,0.0,0.0,0
2,23,13,16,0.1,0,0.0,0.0,0
2,23,0,16,0.15,0,0.0,0.0,0
2,23,1,16,0.15,0,0.0,0.0,0
2,23,2,16,0.15,0,0.0,0.0,0
2,23,3,16,0.15,0,0.0,0.0,0
2,23,4,16,0.15,0,0.0,0.0,0
2,23,5,16,0.15,0,0.0,0.0,0
2,23,6,16,0.15,0,0.0,0.0,0
2,23,7,16,0.15,0,0.0,0.0,0
2,23,8,16,0.15,0,0.0,0.0,0
2,23,9,16,0.15,0,0.0,0.0,0
2,23,10,16,0.15,0,0.0,0.0,0
2,23,11,16,0.15,0,0.0,0.0,0
2,23,12,16,0.15,0,0.0,0.0,0
2,23,13,16,0.15,0,0.0,0.0,0
2,23,0,16,0.2,0,0.0,0.0,0
2,23,1,16,0.2,0,0.0,0.0,0
2,23,2,16,0.2,0,0.0,0.0,0
2,23,3,16,0.2,0,0.0,0.0,0
2,23,4,16,0.2,0,0.0,0.0,0
2,23,5,16,0.2,0,0.0,0.0,0
2,23,6,16,0.2,0,0.0,0.0,0
2,23,7,16,0.2,0,0.0,0.0,0
2,23,8,16,0.2,0,0.0,0.0,0
2,23,9,16,0.2,0,0.0,0.0,0
2,23,10,16,0.2,0,0.0,0.0,0
2,23,11,16,0.2,0,0.0,0.0,0
2,23,12,16,0.2,0,0.0,0.0,0
2,23,13,16,0.2,0,0.0,0.0,0
2,23,0,16,0.3,0,0.0,0.0,0
2,23,1,16,0.3,0,0.0,0.0,0
2,23,2,16,0.3,0,0.0,0.0,0
2,23,3,16,0.3,0,0.0,0.0,0
2,23,4,16,0.3,0,0.0,0.0,0
2,23,5,16,0.3,0,0.0,0.0,0
2,23,6,16,0.3,0,0.0,0.0,0
2,23,7,16,0.3,0,0.0,0.0,0
2,23,8,16,0.3,0,0.0,0.0,0
2,23,9,16,0.3,0,0.0,0.0,0
2,23,10,16,0.3,0,0.0,0.0,0
2,23,11,16,0.3,0,0.0,0.0,0
2,23,12,16,0.3,0,0.0,0.0,0
2,23,13,16,0.3,0,0.0,0.0,0
2,23,0,16,0.4,0,0.0,0.0,0
2,23,1,16,0.4,0,0.0,0.0,0
2,23,2,16,0.4,0,0.0,0.0,0
2,23,3,16,0.4,0,0.0,0.0,0
2,23,4,16,0.4,0,0.0,0.0,0
2,23,5,16,0.4,0,0.0,0.0,0
2,23,6,16,0.4,0,0.0,0.0,0
2,23,7,16,0.4,0,0.0,0.0,0
2,23,8,16,0.4,0,0.0,0.0,0
2,23,9,16,0.4,0,0.0,0.0,0
2,23,10,16,0.4,0,0.0,0.0,0
2,23,11,16,0.4,0,0.0,0.0,0
2,23,12,16,0.4,0,0.0,0.0,0
2,23,13,16,0.4,0,0.0,0.0,0
2,23,0,32,0.01,0,0.0,0.0,0
2,23,1,32,0.01,0,0.0,0.0,0
2,23,2,32,0.01,0,0.0,0.0,0
2,23,3,32,0.01,0,0.0,0.0,0
2,23,4,32,0.01,0,0.0,0.0,0
2,23,5,32,0.01,0,0.0,0.0,0
2,23,6,32,0.01,0,0.0,0.0,0
2,23,7,32,0.01,0,0.0,0.0,0
2,23,8,32,0.01,0,0.0,0.0,0
2,23,9,32,0.01,0,0.0,0.0,0
2,23,10,32,0.01,0,0.0,0.0,0
2,23,11,32,0.01,0,0.0,0.0,0
2,23,12,32,0.01,0,0.0,0.0,0
2,23,13,32,0.01,0,0.0,0.0,0
2,23,0,32,0.025,0,0.0,0.0,0
2,23,1,32,0.025,0,0.0,0.0,0
2,23,2,32,0.025,0,0.0,0.0,0
2,23,3,32,0.025,0,0.0,0.0,0
2,23,4,32,0.025,0,0.0,0.0,0
2,23,5,32,0.025,0,0.0,0.0,0
2,23,6,32,0.025,0,0.0,0.0,0
2,23,7,32,0.025,0,0.0,0.0,0
2,23,8,32,0.025,0,0.0,0.0,0
2,23,9,32,0.025,0,0.0,0.0,0
2,23,10,32,0.025,0,0.0,0.0,0
2,23,11,32,0.025,0,0.0,0.0,0
2,23,12,32,0.025,0,0.0,0.0,0
2,23,13,32,0.025,0,0.0,0.0,0
2,23,0,32,0.05,0,0.0,0.0,0
2,23,1,32,0.05,0,0.0,0.0,0
2,23,2,32,0.05,0,0.0,0.0,0
2,23,3,32,0.05,0,0.0,0.0,0
2,23,4,32,0.05,0,0.0,0.0,0
2,23,5,32,0.05,0,0.0,0.0,0
2,23,6,32,0.05,0,0.0,0.0,0
2,23,7,32,0.05,0,0.0,0.0,0
2,23,8,32,0.05,0,0.0,0.0,0
2,23,9,32,0.05,0,0.0,0.0,0
2,23,10,32,0.05,0,0.0,0.0,0
2,23,11,32,0.05,0,0.0,0.0,0
2,23,12,32,0.05,0,0.0,0.0,0
2,23,13,32,0.05,0,0.0,0.0,0
2,23,0,32,0.075,0,0.0,0.0,0
2,23,1,32,0.075,0,0.0,0.0,0
2,23,2,32,0.075,0,0.0,0.0,0
2,23,3,32,0.075,0,0.0,0.0,0
2,23,4,32,0.075,0,0.0,0.0,0
2,23,5,32,0.075,0,0.0,0.0,0
2,23,6,32,0.075,0,0.0,0.0,0
2,23,7,32,0.075,0,0.0,0.0,0
2,23,8,32,0.075,0,0.0,0.0,0
2,23,9,32,0.075,0,0.0,0.0,0
2,23,10,32,0.075,0,0.0,0.0,0
2,23,11,32,0.075,0,0.0,0.0,0
2,23,12,32,0.075,0,0.0,0.0,0
2,23,13,32,0.075,0,0.0,0.0,0
2,23,0,32,0.1,0,0.0,0.0,0
2,23,1,32,0.1,0,0.0,0.0,0
2,23,2,32,0.1,0,0.0,0.0,0
2,23,3,32,0.1,0,0.0,0.0,0
2,23,4,32,0.1,0,0.0,0.0,0
2,23,5,32,0.1,0,0.0,0.0,0
2,23,6,32,0.1,0,0.0,0.0,0
2,23,7,32,0.1,0,0.0,0.0,0
2,23,8,32,0.1,0,0.0,0.0,0
2,23,9,32,0.1,0,0.0,0.0,0
2,23,10,32,0.1,0,0.0,0.0,0
2,23,11,32,0.1,0,0.0,0.0,0
2,23,12,32,0.1,0,0.0,0.0,0
2,23,13,32,0.1,0,0.0,0.0,0
2,23,0,32,0.15,0,0.0,0.0,0
2,23,1,32,0.15,0,0.0,0.0,0
2,23,2,32,0.15,0,0.0,0.0,0
2,23,3,32,0.15,0,0.0,0.0,0
2,23,4,32,0.15,0,0.0,0.0,0
2,23,5,32,0.15,0,0.0,0.0,0
2,23,6,32,0.15,0,0.0,0.0,0
2,23,7,32,0.15,0,0.0,0.0,0
2,23,8,32,0.15,0,0.0,0.0,0
2,23,9,32,0.15,0,0.0,0.0,0
2,23,10,32,0.15,0,0.0,0.0,0
2,23,11,32,0.15,0,0.0,0.0,0
2,23,12,32,0.15,0,0.0,0.0,0
2,23,13,32,0.15,0,0.0,0.0,0
2,23,0,32,0.2,0,0.0,0.0,0
2,23,1,32,0.2,0,0.0,0.0,0
2,23,2,32,0.2,0,0.0,0.0,0
2,23,3,32,0.2,0,0.0,0.0,0
2,23,4,32,0.2,0,0.0,0.0,0
2,23,5,32,0.2,0,0.0,0.0,0
2,23,6,32,0.2,0,0.0,0.0,0
2,23,7,32,0.2,0,0.0,0.0,0
2,23,8,32,0.2,0,0.0,0.0,0
2,23,9,32,0.2,0,0.0,0.0,0
2,23,10,32,0.2,0,0.0,0.0,0
2,23,11,32,0.2,0,0.0,0.0,0
2,23,12,32,0.2,0,0.0,0.0,0
2,23,13,32,0.2,0,0.0,0.0,0
2,23,0,32,0.3,0,0.0,0.0,0
2,23,1,32,0.3,0,0.0,0.0,0
2,23,2,32,0.3,0,0.0,0.0,0
2,23,3,32,0.3,0,0.0,0.0,0
2,23,4,32,0.3,0,0.0,0.0,0
2,23,5,32,0.3,0,0.0,0.0,0
2,23,6,32,0.3,0,0.0,0.0,0
2,23,7,32,0.3,0,0.0,0.0,0
2,23,8,32,0.3,0,0.0,0.0,0
2,23,9,32,0.3,0,0.0,0.0,0
2,23,10,32,0.3,0,0.0,0.0,0
2,23,11,32,0.3,0,0.0,0.0,0
2,23,12,32,0.3,0,0.0,0.0,0
2,23,13,32,0.3,0,0.0,0.0,0
2,23,0,32,0.4,0,0.0,0.0,0
2,23,1,32,0.4,0,0.0,0.0,0
2,23,2,32,0.4,0,0.0,0.0,0
2,23,3,32,0.4,0,0.0,0.0,0
2,23,4,32,0.4,0,0.0,0.0,0
2,23,5,32,0.4,0,0.0,0.0,0
2,23,6,32,0.4,0,0.0,0.0,0
2,23,7,32,0.4,0,0.0,0.0,0
2,23,8,32,0.4,0,0.0,0.0,0
2,23,9,32,0.4,0,0.0,0.0,0
2,23,10,32,0.4,0,0.0,0.0,0
2,23,11,32,0.4,0,0.0,0.0,0
2,23,12,32,0.4,0,0.0,0.0,0
2,23,13,32,0.4,0,0.0,0.0,0
2,23,0,64,0.01,0,0.0,0.0,0
2,23,1,64,0.01,0,0.0,0.0,0
2,23,2,64,0.01,0,0.0,0.0,0
2,23,3,64,0.01,0,0.0,0.0,0
2,23,4,64,0.01,0,0.0,0.0,0
2,23,5,64,0.01,0,0.0,0.0,0
2,23,6,64,0.01,0,0.0,0.0,0
2,23,7,64,0.01,0,0.0,0.0,0
2,23,8,64,0.01,0,0.0,0.0,0
2,23,9,64,0.01,0,0.0,0.0,0
2,23,10,64,0.01,0,0.0,0.0,0
2,23,11,64,0.01,0,0.0,0.0,0
2,23,12,64,0.01,0,0.0,0.0,0
2,23,13,64,0.01,0,0.0,0.0,0
2,23,0,64,0.025,0,0.0,0.0,0
2,23,1,64,0.025,0,0.0,0.0,0
2,23,2,64,0.025,0,0.0,0.0,0
2,23,3,64,0.025,0,0.0,0.0,0
2,23,4,64,0.025,0,0.0,0.0,0
2,23,5,64,0.025,0,0.0,0.0,0
2,23,6,64,0.025,0,0.0,0.0,0
2,23,7,64,0.025,0,0.0,0.0,0
2,23,8,64,0.025,0,0.0,0.0,0
2,23,9,64,0.025,0,0.0,0.0,0
2,23,10,64,0.025,0,0.0,0.0,0
2,23,11,64,0.025,0,0.0,0.0,0
2,23,12,64,0.025,0,0.0,0.0,0
2,23,13,64,0.025,0,0.0,0.0,0
2,23,0,64,0.05,0,0.0,0.0,0
2,23,1,64,0.05,0,0.0,0.0,0
2,23,2,64,0.05,0,0.0,0.0,0
2,23,3,64,0.05,0,0.0,0.0,0
2,23,4,64,0.05,0,0.0,0.0,0
2,23,5,64,0.05,0,0.0,0.0,0
2,23,6,64,0.05,0,0.0,0.0,0
2,23,7,64,0.05,0,0.0,0.0,0
2,23,8,64,0.05,0,0.0,0.0,0
2,23,9,64,0.05,0,0.0,0.0,0
2,23,10,64,0.05,0,0.0,0.0,0
2,23,11,64,0.05,0,0.0,0.0,0
2,23,12,64,0.05,0,0.0,0.0,0
2,23,13,64,0.05,0,0.0,0.0,0
2,23,0,64,0.075,0,0.0,0.0,0
2,23,1,64,0.075,0,0.0,0.0,0
2,23,2,64,0.075,0,0.0,0.0,0
2,23,3,64,0.075,0,0.0,0.0,0
2,23,4,64,0.075,0,0.0,0.0,0
2,23,5,64,0.075,0,0.0,0.0,0
2,23,6,64,0.075,0,0.0,0.0,0
2,23,7,64,0.075,0,0.0,0.0,0
2,23,8,64,0.075,0,0.0,0.0,0
2,23,9,64,0.075,0,0.0,0.0,0
2,23,10,64,0.075,0,0.0,0.0,0
2,23,11,64,0.075,0,0.0,0.0,0
2,23,12,64,0.075,0,0.0,0.0,0
2,23,13,64,0.075,0,0.0,0.0,0
2,23,0,64,0.1,0,0.0,0.0,0
2,23,1,64,0.1,0,0.0,0.0,0
2,23,2,64,0.1,0,0.0,0.0,0
2,23,3,64,0.1,0,0.0,0.0,0
2,23,4,64,0.1,0,0.0,0.0,0
2,23,5,64,0.1,0,0.0,0.0,0
2,23,6,64,0.1,0,0.0,0.0,0
2,23,7,64,0.1,0,0.0,0.0,0
2,23,8,64,0.1,0,0.0,0.0,0
2,23,9,64,0.1,0,0.0,0.0,0
2,23,10,64,0.1,0,0.0,0.0,0
2,23,11,64,0.1,0,0.0,0.0,0
2,23,12,64,0.1,0,0.0,0.0,0
2,23,13,64,0.1,0,0.0,0.0,0
2,23,0,64,0.15,0,0.0,0.0,0
2,23,1,64,0.15,0,0.0,0.0,0
2,23,2,64,0.15,0,0.0,0.0,0
2,23,3,64,0.15,0,0.0,0.0,0
2,23,4,64,0.15,0,0.0,0.0,0
2,23,5,64,0.15,0,0.0,0.0,0
2,23,6,64,0.15,0,0.0,0.0,0
2,23,7,64,0.15,0,0.0,0.0,0
2,23,8,64,0.15,0,0.0,0.0,0
2,23,9,64,0.15,0,0.0,0.0,0
2,23,10,64,0.15,0,0.0,0.0,0
2,23,11,64,0.15,0,0.0,0.0,0
2,23,12,64,0.15,0,0.0,0.0,0
2,23,13,64,0.15,0,0.0,0.0,0
2,23,0,64,0.2,0,0.0,0.0,0
2,23,1,64,0.2,0,0.0,0.0,0
2,23,2,64,0.2,0,0.0,0.0,0
2,23,3,64,0.2,0,0.0,0.0,0
2,23,4,64,0.2,0,0.0,0.0,0
2,23,5,64,0.2,0,0.0,0.0,0
2,23,6,64,0.2,0,0.0,0.0,0
2,23,7,64,0.2,0,0.0,0.0,0
2,23,8,64,0.2,0,0.0,0.0,0
2,23,9,64,0.2,0,0.0,0.0,0
2,23,10,64,0.2,0,0.0,0.0,0
2,23,11,64,0.2,0,0.0,0.0,0
2,23,12,64,0.2,0,0.0,0.0,0
2,23,13,64,0.2,0,0.0,0.0,0
2,23,0,64,0.3,0,0.0,0.0,0
2,23,1,64,0.3,0,0.0,0.0,0
2,23,2,64,0.3,0,0.0,0.0,0
2,23,3,64,0.3,0,0.0,0.0,0
2,23,4,64,0.3,0,0.0,0.0,0
2,23,5,64,0.3,0,0.0,0.0,0
2,23,6,64,0.3,0,0.0,0.0,0
2,23,7,64,0.3,0,0.0,0.0,0
2,23,8,64,0.3,0,0.0,0.0,0
2,23,9,64,0.3,0,0.0,0.0,0
2,23,10,64,0.3,0,0.0,0.0,0
2,23,11,64,0.3,0,0.0,0.0,0
2,23,12,64,0.3,0,0.0,0.0,0
2,23,13,64,0.3,0,0.0,0.0,0
2,23,0,64,0.4,0,0.0,0.0,0
2,23,1,64,0.4,0,0.0,0.0,0
2,23,2,64,0.4,0,0.0,0.0,0
2,23,3,64,0.4,0,0.0,0.0,0
2,23,4,64,0.4,0,0.0,0.0,0
2,23,5,64,0.4,0,0.0,0.0,0
2,23,6,64,0.4,0,0.0,0.0,0
2,23,7,64,0.4,0,0.0,0.0,0
2,23,8,64,0.4,0,0.0,0.0,0
2,23,9,64,0.4,0,0.0,0.0,0
2,23,10,64,0.4,0,0.0,0.0,0
2,23,11,64,0.4,0,0.0,0.0,0
2,23,12,64,0.4,0,0.0,0.0,0
2,23,13,64,0.4,0,0.0,0.0,0
2,23,0,128,0.01,0,0.0,0.0,0
2,23,1,128,0.01,0,0.0,0.0,0
2,23,2,128,0.01,0,0.0,0.0,0
2,23,3,128,0.01,0,0.0,0.0,0
2,23,4,128,0.01,0,0.0,0.0,0
2,23,5,128,0.01,0,0.0,0.0,0
2,23,6,128,0.01,0,0.0,0.0,0
2,23,7,128,0.01,0,0.0,0.0,0
2,23,8,128,0.01,0,0.0,0.0,0
2,23,9,128,0.01,0,0.0,0.0,0
2,23,10,128,0.01,0,0.0,0.0,0
2,23,11,128,0.01,0,0.0,0.0,0
2,23,12,128,0.01,0,0.0,0.0,0
2,23,13,128,0.01,0,0.0,0.0,0
2,23,0,128,0.025,0,0.0,0.0,0
2,23,1,128,0.025,0,0.0,0.0,0
2,23,2,128,0.025,0,0.0,0.0,0
2,23,3,128,0.025,0,0.0,0.0,0
2,23,4,128,0.025,0,0.0,0.0,0
2,23,5,128,0.025,0,0.0,0.0,0
2,23,6,128,0.025,0,0.0,0.0,0
2,23,7,128,0.025,0,0.0,0.0,0
2,23,8,128,0.025,0,0.0,0.0,0
2,23,9,128,0.025,0,0.0,0.0,0
2,23,10,128,0.025,0,0.0,0.0,0
2,23,11,128,0.025,0,0.0,0.0,0
2,23,12,128,0.025,0,0.0,0.0,0
2,23,13,128,0.025,0,0.0,0.0,0
2,23,0,128,0.05,0,0.0,0.0,0
2,23,1,128,0.05,0,0.0,0.0,0
2,23,2,128,0.05,0,0.0,0.0,0
2,23,3,128,0.05,0,0.0,0.0,0
2,23,4,128,0.05,0,0.0,0.0,0
2,23,5,128,0.05,0,0.0,0.0,0
2,23,6,128,0.05,0,0.0,0.0,0
2,23,7,128,0.05,0,0.0,0.0,0
2,23,8,128,0.05,0,0.0,0.0,0
2,23,9,128,0.05,0,0.0,0.0,0
2,23,10,128,0.05,0,0.0,0.0,0
2,23,11,128,0.05,0,0.0,0.0,0
2,23,12,128,0.05,0,0.0,0.0,0
2,23,13,128,0.05,0,0.0,0.0,0
2,23,0,128,0.075,0,0.0,0.0,0
2,23,1,128,0.075,0,0.0,0.0,0
2,23,2,128,0.075,0,0.0,0.0,0
2,23,3,128,0.075,0,0.0,0.0,0
2,23,4,128,0.075,0,0.0,0.0,0
2,23,5,128,0.075,0,0.0,0.0,0
2,23,6,128,0.075,0,0.0,0.0,0
2,23,7,128,0.075,0,0.0,0.0,0
2,23,8,128,0.075,0,0.0,0.0,0
2,23,9,128,0.075,0,0.0,0.0,0
2,23,10,128,0.075,0,0.0,0.0,0
2,23,11,128,0.075,0,0.0,0.0,0
2,23,12,128,0.075,0,0.0,0.0,0
2,23,13,128,0.075,0,0.0,0.0,0
2,23,0,128,0.1,0,0.0,0.0,0
2,23,1,128,0.1,0,0.0,0.0,0
2,23,2,128,0.1,0,0.0,0.0,0
2,23,3,128,0.1,0,0.0,0.0,0
2,23,4,128,0.1,0,0.0,0.0,0
2,23,5,128,0.1,0,0.0,0.0,0
2,23,6,128,0.1,0,0.0,0.0,0
2,23,7,128,0.1,0,0.0,0.0,0
2,23,8,128,0.1,0,0.0,0.0,0
2,23,9,128,0.1,0,0.0,0.0,0
2,23,10,128,0.1,0,0.0,0.0,0
2,23,11,128,0.1,0,0.0,0.0,0
2,23,12,128,0.1,0,0.0,0.0,0
2,23,13,128,0.1,0,0.0,0.0,0
2,23,0,128,0.15,0,0.0,0.0,0
2,23,1,128,0.15,0,0.0,0.0,0
2,23,2,128,0.15,0,0.0,0.0,0
2,23,3,128,0.15,0,0.0,0.0,0
2,23,4,128,0.15,0,0.0,0.0,0
2,23,5,128,0.15,0,0.0,0.0,0
2,23,6,128,0.15,0,0.0,0.0,0
2,23,7,128,0.15,0,0.0,0.0,0
2,23,8,128,0.15,0,0.0,0.0,0
2,23,9,128,0.15,0,0.0,0.0,0
2,23,10,128,0.15,0,0.0,0.0,0
2,23,11,128,0.15,0,0.0,0.0,0
2,23,12,128,0.15,0,0.0,0.0,0
2,23,13,128,0.15,0,0.0,0.0,0
2,23,0,128,0.2,0,0.0,0.0,0
2,23,1,128,0.2,0,0.0,0.0,0
2,23,2,128,0.2,0,0.0,0.0,0
2,23,3,128,0.2,0,0.0,0.0,0
2,23,4,128,0.2,0,0.0,0.0,0
2,23,5,128,0.2,0,0.0,0.0,0
2,23,6,128,0.2,0,0.0,0.0,0
2,23,7,128,0.2,0,0.0,0.0,0
2,23,8,128,0.2,0,0.0,0.0,0
2,23,9,128,0.2,0,0.0,0.0,0
2,23,10,128,0.2,0,0.0,0.0,0
2,23,11,128,0.2,0,0.0,0.0,0
2,23,12,128,0.2,0,0.0,0.0,0
2,23,13,128,0.2,0,0.0,0.0,0
2,23,0,128,0.3,0,0.0,0.0,0
2,23,1,128,0.3,0,0.0,0.0,0
2,23,2,128,0.3,0,0.0,0.0,0
2,23,3,128,0.3,0,0.0,0.0,0
2,23,4,128,0.3,0,0.0,0.0,0
2,23,5,128,0.3,0,0.0,0.0,0
2,23,6,128,0.3,0,0.0,0.0,0
2,23,7,128,0.3,0,0.0,0.0,0
2,23,8,128,0.3,0,0.0,0.0,0
2,23,9,128,0.3,0,0.0,0.0,0
2,23,10,128,0.3,0,0.0,0.0,0
2,23,11,128,0.3,0,0.0,0.0,0
2,23,12,128,0.3,0,0.0,0.0,0
2,23,13,128,0.3,0,0.0,0.0,0
2,23,0,128,0.4,0,0.0,0.0,0
2,23,1,128,0.4,0,0.0,0.0,0
2,23,2,128,0.4,0,0.0,0.0,0
2,23,3,128,0.4,0,0.0,0.0,0
2,23,4,128,0.4,0,0.0,0.0,0
2,23,5,128,0.4,0,0.0,0.0,0
2,23,6,128,0.4,0,0.0,0.0,0
2,23,7,128,0.4,0,0.0,0.0,0
2,23,8,128,0.4,0,0.0,0.0,0
2,23,9,128,0.4,0,0.0,0.0,0
2,23,10,128,0.4,0,0.0,0.0,0
2,23,11,128,0.4,0,0.0,0.0,0
2,23,12,128,0.4,0,0.0,0.0,0
2,23,13,128,0.4,0,0.0,0.0,0
3,0,0,4,0.01,0,0.0,0.0,0
3,0,1,4,0.01,0,0.0,0.0,0
3,0,2,4,0.01,0,0.0,0.0,0
3,0,3,4,0.01,0,0.0,0.0,0
3,0,4,4,0.01,0,0.0,0.0,0
3,0,5,4,0.01,0,0.0,0.0,0
3,0,6,4,0.01,0,0.0,0.0,0
3,0,7,4,0.01,0,0.0,0.0,0
3,0,8,4,0.01,0,0.0,0.0,0
3,0,9,4,0.01,0,0.0,0.0,0
3,0,10,4,0.01,0,0.0,0.0,0
3,0,11,4,0.01,0,0.0,0.0,0
3,0,12,4,0.01,0,0.0,0.0,0
3,0,13,4,0.01,0,0.0,0.0,0
3,0,0,4,0.025,0,0.0,0.0,0
3,0,1,4,0.025,0,0.0,0.0,0
3,0,2,4,0.025,0,0.0,0.0,0
3,0,3,4,0.025,0,0.0,0.0,0
3,0,4,4,0.025,0,0.0,0.0,0
3,0,5,4,0.025,0,0.0,0.0,0
3,0,6,4,0.025,0,0.0,0.0,0
3,0,7,4,0.025,0,0.0,0.0,0
3,0,8,4,0.025,0,0.0,0.0,0
3,0,9,4,0.025,0,0.0,0.0,0
3,0,10,4,0.025,0,0.0,0.0,0
3,0,11,4,0.025,0,0.0,0.0,0
3,0,12,4,0.025,0,0.0,0.0,0
3,0,13,4,0.025,0,0.0,0.0,0
3,0,0,4,0.05,0,0.0,0.0,0
3,0,1,4,0.05,0,0.0,0.0,0
3,0,2,4,0.05,0,0.0,0.0,0
3,0,3,4,0.05,0,0.0,0.0,0
3,0,4,4,0.05,0,0.0,0.0,0
3,0,5,4,0.05,0,0.0,0.0,0
3,0,6,4,0.05,0,0.0,0.0,0
3,0,7,4,0.05,0,0.0,0.0,0
3,0,8,4,0.05,0,0.0,0.0,0
3,0,9,4,0.05,0,0.0,0.0,0
3,0,10,4,0.05,0,0.0,0.0,0
3,0,11,4,0.05,0,0.0,0.0,0
3,0,12,4,0.05,0,0.0,0.0,0
3,0,13,4,0.05,0,0.0,0.0,0
3,0,0,4,0.075,0,0.0,0.0,0
3,0,1,4,0.075,0,0.0,0.0,0
3,0,2,4,0.075,0,0.0,0.0,0
3,0,3,4,0.075,0,0.0,0.0,0
3,0,4,4,0.075,0,0.0,0.0,0
3,0,5,4,0.075,0,0.0,0.0,0
3,0,6,4,0.075,0,0.0,0.0,0
3,0,7,4,0.075,0,0.0,0.0,0
3,0,8,4,0.075,0,0.0,0.0,0
3,0,9,4,0.075,0,0.0,0.0,0
3,0,10,4,0.075,0,0.0,0.0,0
3,0,11,4,0.075,0,0.0,0.0,0
3,0,12,4,0.075,0,0.0,0.0,0
3,0,13,4,0.075,0,0.0,0.0,0
3,0,0,4,0.1,0,0.0,0.0,0
3,0,1,4,0.1,0,0.0,0.0,0
3,0,2,4,0.1,0,0.0,0.0,0
3,0,3,4,0.1,0,0.0,0.0,0
3,0,4,4,0.1,0,0.0,0.0,0
3,0,5,4,0.1,0,0.0,0.0,0
3,0,6,4,0.1,0,0.0,0.0,0
3,0,7,4,0.1,0,0.0,0.0,0
3,0,8,4,0.1,0,0.0,0.0,0
3,0,9,4,0.1,0,0.0,0.0,0
3,0,10,4,0.1,0,0.0,0.0,0
3,0,11,4,0.1,0,0.0,0.0,0
3,0,12,4,0.1,0,0.0,0.0,0
3,0,13,4,0.1,0,0.0,0.0,0
3,0,0,4,0.15,0,0.0,0.0,0
3,0,1,4,0.15,0,0.0,0.0,0
3,0,2,4,0.15,0,0.0,0.0,0
3,0,3,4,0.15,0,0.0,0.0,0
3,0,4,4,0.15,0,0.0,0.0,0
3,0,5,4,0.15,0,0.0,0.0,0
3,0,6,4,0.15,0,0.0,0.0,0
3,0,7,4,0.15,0,0.0,0.0,0
3,0,8,4,0.15,0,0.0,0.0,0
3,0,9,4,0.15,0,0.0,0.0,0
3,0,10,4,0.15,0,0.0,0.0,0
3,0,11,4,0.15,0,0.0,0.0,0
3,0,12,4,0.15,0,0.0,0.0,0
3,0,13,4,0.15,0,0.0,0.0,0
3,0,0,4,0.2,0,0.0,0.0,0
3,0,1,4,0.2,0,0.0,0.0,0
3,0,2,4,0.2,0,0.0,0.0,0
3,0,3,4,0.2,0,0.0,0.0,0
3,0,4,4,0.2,0,0.0,0.0,0
3,0,5,4,0.2,0,0.0,0.0,0
3,0,6,4,0.2,0,0.0,0.0,0
3,0,7,4,0.2,0,0.0,0.0,0
3,0,8,4,0.2,0,0.0,0.0,0
3,0,9,4,0.2,0,0.0,0.0,0
3,0,10,4,0.2,0,0.0,0.0,0
3,0,11,4,0.2,0,0.0,0.0,0
3,0,12,4,0.2,0,0.0,0.0,0
3,0,13,4,0.2,0,0.0,0.0,0
3,0,0,4,0.3,0,0.0,0.0,0
3,0,1,4,0.3,0,0.0,0.0,0
3,0,2,4,0.3,0,0.0,0.0,0
3,0,3,4,0.3,0,0.0,0.0,0
3,0,4,4,0.3,0,0.0,0.0,0
3,0,5,4,0.3,0,0.0,0.0,0
3,0,6,4,0.3,0,0.0,0.0,0
3,0,7,4,0.3,0,0.0,0.0,0
3,0,8,4,0.3,0,0.0,0.0,0
3,0,9,4,0.3,0,0.0,0.0,0
3,0,10,4,0.3,0,0.0,0.0,0
3,0,11,4,0.3,0,0.0,0.0,0
3,0,12,4,0.3,0,0.0,0.0,0
3,0,13,4,0.3,0,0.0,0.0,0
3,0,0,4,0.4,0,0.0,0.0,0
3,0,1,4,0.4,0,0.0,0.0,0
3,0,2,4,0.4,0,0.0,0.0,0
3,0,3,4,0.4,0,0.0,0.0,0
3,0,4,4,0.4,0,0.0,0.0,0
3,0,5,4,0.4,0,0.0,0.0,0
3,0,6,4,0.4,0,0.0,0.0,0
3,0,7,4,0.4,0,0.0,0.0,0
3,0,8,4,0.4,0,0.0,0.0,0
3,0,9,4,0.4,0,0.0,0.0,0
3,0,10,4,0.4,0,0.0,0.0,0
3,0,11,4,0.4,0,0.0,0.0,0
3,0,12,4,0.4,0,0.0,0.0,0
3,0,13,4,0.4,0,0.0,0.0,0
3,0,0,8,0.01,0,0.0,0.0,0
3,0,1,8,0.01,0,0.0,0.0,0
3,0,2,8,0.01,0,0.0,0.0,0
3,0,3,8,0.01,0,0.0,0.0,0
3,0,4,8,0.01,0,0.0,0.0,0
3,0,5,8,0.01,0,0.0,0.0,0
3,0,6,8,0.01,0,0.0,0.0,0
3,0,7,8,0.01,0,0.0,0.0,0
3,0,8,8,0.01,0,0.0,0.0,0
3,0,9,8,0.01,0,0.0,0.0,0
3,0,10,8,0.01,0,0.0,0.0,0
3,0,11,8,0.01,0,0.0,0.0,0
3,0,12,8,0.01,0,0.0,0.0,0
3,0,13,8,0.01,0,0.0,0.0,0
3,0,0,8,0.025,0,0.0,0.0,0
3,0,1,8,0.025,0,0.0,0.0,0
3,0,2,8,0.025,0,0.0,0.0,0
3,0,3,8,0.025,0,0.0,0.0,0
3,0,4,8,0.025,0,0.0,0.0,0
3,0,5,8,0.025,0,0.0,0.0,0
3,0,6,8,0.025,0,0.0,0.0,0
3,0,7,8,0.025,0,0.0,0.0,0
3,0,8,8,0.025,0,0.0,0.0,0
3,0,9,8,0.025,0,0.0,0.0,0
3,0,10,8,0.025,0,0.0,0.0,0
3,0,11,8,0.025,0,0.0,0.0,0
3,0,12,8,0.025,0,0.0,0.0,0
3,0,13,8,0.025,0,0.0,0.0,0
3,0,0,8,0.05,0,0.0,0.0,0
3,0,1,8,0.05,0,0.0,0.0,0
3,0,2,8,0.05,0,0.0,0.0,0
3,0,3,8,0.05,0,0.0,0.0,0
3,0,4,8,0.05,0,0.0,0.0,0
3,0,5,8,0.05,0,0.0,0.0,0
3,0,6,8,0.05,0,0.0,0.0,0
3,0,7,8,0.05,0,0.0,0.0,0
3,0,8,8,0.05,0,0.0,0.0,0
3,0,9,8,0.05,0,0.0,0.0,0
3,0,10,8,0.05,0,0.0,0.0,0
3,0,11,8,0.05,0,0.0,0.0,0
3,0,12,8,0.05,0,0.0,0.0,0
3,0,13,8,0.05,0,0.0,0.0,0
3,0,0,8,0.075,0,0.0,0.0,0
3,0,1,8,0.075,0,0.0,0.0,0
3,0,2,8,0.075,0,0.0,0.0,0
3,0,3,8,0.075,0,0.0,0.0,0
3,0,4,8,0.075,0,0.0,0.0,0
3,0,5,8,0.075,0,0.0,0.0,0
3,0,6,8,0.075,0,0.0,0.0,0
3,0,7,8,0.075,0,0.0,0.0,0
3,0,8,8,0.075,0,0.0,0.0,0
3,0,9,8,0.075,0,0.0,0.0,0
3,0,10,8,0.075,0,0.0,0.0,0
3,0,11,8,0.075,0,0.0,0.0,0
3,0,12,8,0.075,0,0.0,0.0,0
3,0,13,8,0.075,0,0.0,0.0,0
3,0,0,8,0.1,0,0.0,0.0,0
3,0,1,8,0.1,0,0.0,0.0,0
3,0,2,8,0.1,0,0.0,0.0,0
3,0,3,8,0.1,0,0.0,0.0,0
3,0,4,8,0.1,0,0.0,0.0,0
3,0,5,8,0.1,0,0.0,0.0,0
3,0,6,8,0.1,0,0.0,0.0,0
3,0,7,8,0.1,0,0.0,0.0,0
3,0,8,8,0.1,0,0.0,0.0,0
3,0,9,8,0.1,0,0.0,0.0,0
3,0,10,8,0.1,0,0.0,0.0,0
3,0,11,8,0.1,0,0.0,0.0,0
3,0,12,8,0.1,0,0.0,0.0,0
3,0,13,8,0.1,0,0.0,0.0,0
3,0,0,8,0.15,0,0.0,0.0,0
3,0,1,8,0.15,0,0.0,0.0,0
3,0,2,8,0.15,0,0.0,0.0,0
3,0,3,8,0.15,0,0.0,0.0,0
3,0,4,8,0.15,0,0.0,0.0,0
3,0,5,8,0.15,0,0.0,0.0,0
3,0,6,8,0.15,0,0.0,0.0,0
3,0,7,8,0.15,0,0.0,0.0,0
3,0,8,8,0.15,0,0.0,0.0,0
3,0,9,8,0.15,0,0.0,0.0,0
3,0,10,8,0.15,0,0.0,0.0,0
3,0,11,8,0.15,0,0.0,0.0,0
3,0,12,8,0.15,0,0.0,0.0,0
3,0,13,8,0.15,0,0.0,0.0,0
3,0,0,8,0.2,0,0.0,0.0,0
3,0,1,8,0.2,0,0.0,0.0,0
3,0,2,8,0.2,0,0.0,0.0,0
3,0,3,8,0.2,0,0.0,0.0,0
3,0,4,8,0.2,0,0.0,0.0,0
3,0,5,8,0.2,0,0.0,0.0,0
3,0,6,8,0.2,0,0.0,0.0,0
3,0,7,8,0.2,0,0.0,0.0,0
3,0,8,8,0.2,0,0.0,0.0,0
3,0,9,8,0.2,0,0.0,0.0,0
3,0,10,8,0.2,0,0.0,0.0,0
3,0,11,8,0.2,0,0.0,0.0,0
3,0,12,8,0.2,0,0.0,0.0,0
3,0,13,8,0.2,0,0.0,0.0,0
3,0,0,8,0.3,0,0.0,0.0,0
3,0,1,8,0.3,0,0.0,0.0,0
3,0,2,8,0.3,0,0.0,0.0,0
3,0,3,8,0.3,0,0.0,0.0,0
3,0,4,8,0.3,0,0.0,0.0,0
3,0,5,8,0.3,0,0.0,0.0,0
3,0,6,8,0.3,0,0.0,0.0,0
3,0,7,8,0.3,0,0.0,0.0,0
3,0,8,8,0.3,0,0.0,0.0,0
3,0,9,8,0.3,0,0.0,0.0,0
3,0,10,8,0.3,0,0.0,0.0,0
3,0,11,8,0.3,0,0.0,0.0,0
3,0,12,8,0.3,0,0.0,0.0,0
3,0,13,8,0.3,0,0.0,0.0,0
3,0,0,8,0.4,0,0.0,0.0,0
3,0,1,8,0.4,0,0.0,0.0,0
3,0,2,8,0.4,0,0.0,0.0,0
3,0,3,8,0.4,0,0.0,0.0,0
3,0,4,8,0.4,0,0.0,0.0,0
3,0,5,8,0.4,0,0.0,0.0,0
3,0,6,8,0.4,0,0.0,0.0,0
3,0,7,8,0.4,0,0.0,0.0,0
3,0,8,8,0.4,0,0.0,0.0,0
3,0,9,8,0.4,0,0.0,0.0,0
3,0,10,8,0.4,0,0.0,0.0,0
3,0,11,8,0.4,0,0.0,0.0,0
3,0,12,8,0.4,0,0.0,0.0,0
3,0,13,8,0.4,0,0.0,0.0,0
3,0,0,16,0.01,0,0.0,0.0,0
3,0,1,16,0.01,0,0.0,0.0,0
3,0,2,16,0.01,0,0.0,0.0,0
3,0,3,16,0.01,0,0.0,0.0,0
3,0,4,16,0.01,0,0.0,0.0,0
3,0,5,16,0.01,0,0.0,0.0,0
3,0,6,16,0.01,0,0.0,0.0,0
3,0,7,16,0.01,0,0.0,0.0,0
3,0,8,16,0.01,0,0.0,0.0,0
3,0,9,16,0.01,0,0.0,0.0,0
3,0,10,16,0.01,0,0.0,0.0,0
3,0,11,16,0.01,0,0.0,0.0,0
3,0,12,16,0.01,0,0.0,0.0,0
3,0,13,16,0.01,0,0.0,0.0,0
3,0,0,16,0.025,0,0.0,0.0,0
3,0,1,16,0.025,0,0.0,0.0,0
3,0,2,16,0.025,0,0.0,0.0,0
3,0,3,16,0.025,0,0.0,0.0,0
3,0,4,16,0.025,0,0.0,0.0,0
3,0,5,16,0.025,0,0.0,0.0,0
3,0,6,16,0.025,0,0.0,0.0,0
3,0,7,16,0.025,0,0.0,0.0,0
3,0,8,16,0.025,0,0.0,0.0,0
3,0,9,16,0.025,0,0.0,0.0,0
3,0,10,16,0.025,0,0.0,0.0,0
3,0,11,16,0.025,0,0.0,0.0,0
3,0,12,16,0.025,0,0.0,0.0,0
3,0,13,16,0.025,0,0.0,0.0,0
3,0,0,16,0.05,0,0.0,0.0,0
3,0,1,16,0.05,0,0.0,0.0,0
3,0,2,16,0.05,0,0.0,0.0,0
3,0,3,16,0.05,0,0.0,0.0,0
3,0,4,16,0.05,0,0.0,0.0,0
3,0,5,16,0.05,0,0.0,0.0,0
3,0,6,16,0.05,0,0.0,0.0,0
3,0,7,16,0.05,0,0.0,0.0,0
3,0,8,16,0.05,0,0.0,0.0,0
3,0,9,16,0.05,0,0.0,0.0,0
3,0,10,16,0.05,0,0.0,0.0,0
3,0,11,16,0.05,0,0.0,0.0,0
3,0,12,16,0.05,0,0.0,0.0,0
3,0,13,16,0.05,0,0.0,0.0,0
3,0,0,16,0.075,0,0.0,0.0,0
3,0,1,16,0.075,0,0.0,0.0,0
3,0,2,16,0.075,0,0.0,0.0,0
3,0,3,16,0.075,0,0.0,0.0,0
3,0,4,16,0.075,0,0.0,0.0,0
3,0,5,16,0.075,0,0.0,0.0,0
3,0,6,16,0.075,0,0.0,0.0,0
3,0,7,16,0.075,0,0.0,0.0,0
3,0,8,16,0.075,0,0.0,0.0,0
3,0,9,16,0.075,0,0.0,0.0,0
3,0,10,16,0.075,0,0.0,0.0,0
3,0,11,16,0.075,0,0.0,0.0,0
3,0,12,16,0.075,0,0.0,0.0,0
3,0,13,16,0.075,0,0.0,0.0,0
3,0,0,16,0.1,0,0.0,0.0,0
3,0,1,16,0.1,0,0.0,0.0,0
3,0,2,16,0.1,0,0.0,0.0,0
3,0,3,16,0.1,0,0.0,0.0,0
3,0,4,16,0.1,0,0.0,0.0,0
3,0,5,16,0.1,0,0.0,0.0,0
3,0,6,16,0.1,0,0.0,0.0,0
3,0,7,16,0.1,0,0.0,0.0,0
3,0,8,16,0.1,0,0.0,0.0,0
3,0,9,16,0.1,0,0.0,0.0,0
3,0,10,16,0.1,0,0.0,0.0,0
3,0,11,16,0.1,0,0.0,0.0,0
3,0,12,16,0.1,0,0.0,0.0,0
3,0,13,16,0.1,0,0.0,0.0,0
3,0,0,16,0.15,0,0.0,0.0,0
3,0,1,16,0.15,0,0.0,0.0,0
3,0,2,16,0.15,0,0.0,0.0,0
3,0,3,16,0.15,0,0.0,0.0,0
3,0,4,16,0.15,0,0.0,0.0,0
3,0,5,16,0.15,0,0.0,0.0,0
3,0,6,16,0.15,0,0.0,0.0,0
3,0,7,16,0.15,0,0.0,0.0,0
3,0,8,16,0.15,0,0.0,0.0,0
3,0,9,16,0.15,0,0.0,0.0,0
3,0,10,16,0.15,0,0.0,0.0,0
3,0,11,16,0.15,0,0.0,0.0,0
3,0,12,16,0.15,0,0.0,0.0,0
3,0,13,16,0.15,0,0.0,0.0,0
3,0,0,16,0.2,0,0.0,0.0,0
3,0,1,16,0.2,0,0.0,0.0,0
3,0,2,16,0.2,0,0.0,0.0,0
3,0,3,16,0.2,0,0.0,0.0,0
3,0,4,16,0.2,0,0.0,0.0,0
3,0,5,16,0.2,0,0.0,0.0,0
3,0,6,16,0.2,0,0.0,0.0,0
3,0,7,16,0.2,0,0.0,0.0,0
3,0,8,16,0.2,0,0.0,0.0,0
3,0,9,16,0.2,0,0.0,0.0,0
3,0,10,16,0.2,0,0.0,0.0,0
3,0,11,16,0.2,0,0.0,0.0,0
3,0,12,16,0.2,0,0.0,0.0,0
3,0,13,16,0.2,0,0.0,0.0,0
3,0,0,16,0.3,0,0.0,0.0,0
3,0,1,16,0.3,0,0.0,0.0,0
3,0,2,16,0.3,0,0.0,0.0,0
3,0,3,16,0.3,0,0.0,0.0,0
3,0,4,16,0.3,0,0.0,0.0,0
3,0,5,16,0.3,0,0.0,0.0,0
3,0,6,16,0.3,0,0.0,0.0,0
3,0,7,16,0.3,0,0.0,0.0,0
3,0,8,16,0.3,0,0.0,0.0,0
3,0,9,16,0.3,0,0.0,0.0,0
3,0,10,16,0.3,0,0.0,0.0,0
3,0,11,16,0.3,0,0.0,0.0,0
3,0,12,16,0.3,0,0.0,0.0,0
3,0,13,16,0.3,0,0.0,0.0,0
3,0,0,16,0.4,0,0.0,0.0,0
3,0,1,16,0.4,0,0.0,0.0,0
3,0,2,16,0.4,0,0.0,0.0,0
3,0,3,16,0.4,0,0.0,0.0,0
3,0,4,16,0.4,0,0.0,0.0,0
3,0,5,16,0.4,0,0.0,0.0,0
3,0,6,16,0.4,0,0.0,0.0,0
3,0,7,16,0.4,0,0.0,0.0,0
3,0,8,16,0.4,0,0.0,0.0,0
3,0,9,16,0.4,0,0.0,0.0,0
3,0,10,16,0.4,0,0.0,0.0,0
3,0,11,16,0.4,0,0.0,0.0,0
3,0,12,16,0.4,0,0.0,0.0,0
3,0,13,16,0.4,0,0.0,0.0,0
3,0,0,32,0.01,0,0.0,0.0,0
3,0,1,32,0.01,0,0.0,0.0,0
3,0,2,32,0.01,0,0.0,0.0,0
3,0,3,32,0.01,0,0.0,0.0,0
3,0,4,32,0.01,0,0.0,0.0,0
3,0,5,32,0.01,0,0.0,0.0,0
3,0,6,32,0.01,0,0.0,0.0,0
3,0,7,32,0.01,0,0.0,0.0,0
3,0,8,32,0.01,0,0.0,0.0,0
3,0,9,32,0.01,0,0.0,0.0,0
3,0,10,32,0.01,0,0.0,0.0,0
3,0,11,32,0.01,0,0.0,0.0,0
3,0,12,32,0.01,0,0.0,0.0,0
3,0,13,32,0.01,0,0.0,0.0,0
3,0,0,32,0.025,0,0.0,0.0,0
3,0,1,32,0.025,0,0.0,0.0,0
3,0,2,32,0.025,0,0.0,0.0,0
3,0,3,32,0.025,0,0.0,0.0,0
3,0,4,32,0.025,0,0.0,0.0,0
3,0,5,32,0.025,0,0.0,0.0,0
3,0,6,32,0.025,0,0.0,0.0,0
3,0,7,32,0.025,0,0.0,0.0,0
3,0,8,32,0.025,0,0.0,0.0,0
3,0,9,32,0.025,0,0.0,0.0,0
3,0,10,32,0.025,0,0.0,0.0,0
3,0,11,32,0.025,0,0.0,0.0,0
3,0,12,32,0.025,0,0.0,0.0,0
3,0,13,32,0.025,0,0.0,0.0,0
3,0,0,32,0.05,0,0.0,0.0,0
3,0,1,32,0.05,0,0.0,0.0,0
3,0,2,32,0.05,0,0.0,0.0,0
3,0,3,32,0.05,0,0.0,0.0,0
3,0,4,32,0.05,0,0.0,0.0,0
3,0,5,32,0.05,0,0.0,0.0,0
3,0,6,32,0.05,0,0.0,0.0,0
3,0,7,32,0.05,0,0.0,0.0,0
3,0,8,32,0.05,0,0.0,0.0,0
3,0,9,32,0.05,0,0.0,0.0,0
3,0,10,32,0.05,0,0.0,0.0,0
3,0,11,32,0.05,0,0.0,0.0,0
3,0,12,32,0.05,0,0.0,0.0,0
3,0,13,32,0.05,0,0.0,0.0,0
3,0,0,32,0.075,0,0.0,0.0,0
3,0,1,32,0.075,0,0.0,0.0,0
3,0,2,32,0.075,0,0.0,0.0,0
3,0,3,32,0.075,0,0.0,0.0,0
3,0,4,32,0.075,0,0.0,0.0,0
3,0,5,32,0.075,0,0.0,0.0,0
3,0,6,32,0.075,0,0.0,0.0,0
3,0,7,32,0.075,0,0.0,0.0,0
3,0,8,32,0.075,0,0.0,0.0,0
3,0,9,32,0.075,0,0.0,0.0,0
3,0,10,32,0.075,0,0.0,0.0,0
3,0,11,32,0.075,0,0.0,0.0,0
3,0,12,32,0.075,0,0.0,0.0,0
3,0,13,32,0.075,0,0.0,0.0,0
3,0,0,32,0.1,0,0.0,0.0,0
3,0,1,32,0.1,0,0.0,0.0,0
3,0,2,32,0.1,0,0.0,0.0,0
3,0,3,32,0.1,0,0.0,0.0,0
3,0,4,32,0.1,0,0.0,0.0,0
3,0,5,32,0.1,0,0.0,0.0,0
3,0,6,32,0.1,0,0.0,0.0,0
3,0,7,32,0.1,0,0.0,0.0,0
3,0,8,32,0.1,0,0.0,0.0,0
3,0,9,32,0.1,0,0.0,0.0,0
3,0,10,32,0.1,0,0.0,0.0,0
3,0,11,32,0.1,0,0.0,0.0,0
3,0,12,32,0.1,0,0.0,0.0,0
3,0,13,32,0.1,0,0.0,0.0,0
3,0,0,32,0.15,0,0.0,0.0,0
3,0,1,32,0.15,0,0.0,0.0,0
3,0,2,32,0.15,0,0.0,0.0,0
3,0,3,32,0.15,0,0.0,0.0,0
3,0,4,32,0.15,0,0.0,0.0,0
3,0,5,32,0.15,0,0.0,0.0,0
3,0,6,32,0.15,0,0.0,0.0,0
3,0,7,32,0.15,0,0.0,0.0,0
3,0,8,32,0.15,0,0.0,0.0,0
3,0,9,32,0.15,0,0.0,0.0,0
3,0,10,32,0.15,0,0.0,0.0,0
3,0,11,32,0.15,0,0.0,0.0,0
3,0,12,32,0.15,0,0.0,0.0,0
3,0,13,32,0.15,0,0.0,0.0,0
3,0,0,32,0.2,0,0.0,0.0,0
3,0,1,32,0.2,0,0.0,0.0,0
3,0,2,32,0.2,0,0.0,0.0,0
3,0,3,32,0.2,0,0.0,0.0,0
3,0,4,32,0.2,0,0.0,0.0,0
3,0,5,32,0.2,0,0.0,0.0,0
3,0,6,32,0.2,0,0.0,0.0,0
3,0,7,32,0.2,0,0.0,0.0,0
3,0,8,32,0.2,0,0.0,0.0,0
3,0,9,32,0.2,0,0.0,0.0,0
3,0,10,32,0.2,0,0.0,0.0,0
3,0,11,32,0.2,0,0.0,0.0,0
3,0,12,32,0.2,0,0.0,0.0,0
3,0,13,32,0.2,0,0.0,0.0,0
3,0,0,32,0.3,0,0.0,0.0,0
3,0,1,32,0.3,0,0.0,0.0,0
3,0,2,32,0.3,0,0.0,0.0,0
3,0,3,32,0.3,0,0.0,0.0,0
3,0,4,32,0.3,0,0.0,0.0,0
3,0,5,32,0.3,0,0.0,0.0,0
3,0,6,32,0.3,0,0.0,0.0,0
3,0,7,32,0.3,0,0.0,0.0,0
3,0,8,32,0.3,0,0.0,0.0,0
3,0,9,32,0.3,0,0.0,0.0,0
3,0,10,32,0.3,0,0.0,0.0,0
3,0,11,32,0.3,0,0.0,0.0,0
3,0,12,32,0.3,0,0.0,0.0,0
3,0,13,32,0.3,0,0.0,0.0,0
3,0,0,32,0.4,0,0.0,0.0,0
3,0,1,32,0.4,0,0.0,0.0,0
3,0,2,32,0.4,0,0.0,0.0,0
3,0,3,32,0.4,0,0.0,0.0,0
3,0,4,32,0.4,0,0.0,0.0,0
3,0,5,32,0.4,0,0.0,0.0,0
3,0,6,32,0.4,0,0.0,0.0,0
3,0,7,32,0.4,0,0.0,0.0,0
3,0,8,32,0.4,0,0.0,0.0,0
3,0,9,32,0.4,0,0.0,0.0,0
3,0,10,32,0.4,0,0.0,0.0,0
3,0,11,32,0.4,0,0.0,0.0,0
3,0,12,32,0.4,0,0.0,0.0,0
3,0,13,32,0.4,0,0.0,0.0,0
3,0,0,64,0.01,0,0.0,0.0,0
3,0,1,64,0.01,0,0.0,0.0,0
3,0,2,64,0.01,0,0.0,0.0,0
3,0,3,64,0.01,0,0.0,0.0,0
3,0,4,64,0.01,0,0.0,0.0,0
3,0,5,64,0.01,0,0.0,0.0,0
3,0,6,64,0.01,0,0.0,0.0,0
3,0,7,64,0.01,0,0.0,0.0,0
3,0,8,64,0.01,0,0.0,0.0,0
3,0,9,64,0.01,0,0.0,0.0,0
3,0,10,64,0.01,0,0.0,0.0,0
3,0,11,64,0.01,0,0.0,0.0,0
3,0,12,64,0.01,0,0.0,0.0,0
3,0,13,64,0.01,0,0.0,0.0,0
3,0,0,64,0.025,0,0.0,0.0,0
3,0,1,64,0.025,0,0.0,0.0,0
3,0,2,64,0.025,0,0.0,0.0,0
3,0,3,64,0.025,0,0.0,0.0,0
3,0,4,64,0.025,0,0.0,0.0,0
3,0,5,64,0.025,0,0.0,0.0,0
3,0,6,64,0.025,0,0.0,0.0,0
3,0,7,64,0.025,0,0.0,0.0,0
3,0,8,64,0.025,0,0.0,0.0,0
3,0,9,64,0.025,0,0.0,0.0,0
3,0,10,64,0.025,0,0.0,0.0,0
3,0,11,64,0.025,0,0.0,0.0,0
3,0,12,64,0.025,0,0.0,0.0,0
3,0,13,64,0.025,0,0.0,0.0,0
3,0,0,64,0.05,0,0.0,0.0,0
3,0,1,64,0.05,0,0.0,0.0,0
3,0,2,64,0.05,0,0.0,0.0,0
3,0,3,64,0.05,0,0.0,0.0,0
3,0,4,64,0.05,0,0.0,0.0,0
3,0,5,64,0.05,0,0.0,0.0,0
3,0,6,64,0.05,0,0.0,0.0,0
3,0,7,64,0.05,0,0.0,0.0,0
3,0,8,64,0.05,0,0.0,0.0,0
3,0,9,64,0.05,0,0.0,0.0,0
3,0,10,64,0.05,0,0.0,0.0,0
3,0,11,64,0.05,0,0.0,0.0,0
3,0,12,64,0.05,0,0.0,0.0,0
3,0,13,64,0.05,0,0.0,0.0,0
3,0,0,64,0.075,0,0.0,0.0,0
3,0,1,64,0.075,0,0.0,0.0,0
3,0,2,64,0.075,0,0.0,0.0,0
3,0,3,64,0.075,0,0.0,0.0,0
3,0,4,64,0.075,0,0.0,0.0,0
3,0,5,64,0.075,0,0.0,0.0,0
3,0,6,64,0.075,0,0.0,0.0,0
3,0,7,64,0.075,0,0.0,0.0,0
3,0,8,64,0.075,0,0.0,0.0,0
3,0,9,64,0.075,0,0.0,0.0,0
3,0,10,64,0.075,0,0.0,0.0,0
3,0,11,64,0.075,0,0.0,0.0,0
3,0,12,64,0.075,0,0.0,0.0,0
3,0,13,64,0.075,0,0.0,0.0,0
3,0,0,64,0.1,0,0.0,0.0,0
3,0,1,64,0.1,0,0.0,0.0,0
3,0,2,64,0.1,0,0.0,0.0,0
3,0,3,64,0.1,0,0.0,0.0,0
3,0,4,64,0.1,0,0.0,0.0,0
3,0,5,64,0.1,0,0.0,0.0,0
3,0,6,64,0.1,0,0.0,0.0,0
3,0,7,64,0.1,0,0.0,0.0,0
3,0,8,64,0.1,0,0.0,0.0,0
3,0,9,64,0.1,0,0.0,0.0,0
3,0,10,64,0.1,0,0.0,0.0,0
3,0,11,64,0.1,0,0.0,0.0,0
3,0,12,64,0.1,0,0.0,0.0,0
3,0,13,64,0.1,0,0.0,0.0,0
3,0,0,64,0.15,0,0.0,0.0,0
3,0,1,64,0.15,0,0.0,0.0,0
3,0,2,64,0.15,0,0.0,0.0,0
3,0,3,64,0.15,0,0.0,0.0,0
3,0,4,64,0.15,0,0.0,0.0,0
3,0,5,64,0.15,0,0.0,0.0,0
3,0,6,64,0.15,0,0.0,0.0,0
3,0,7,64,0.15,0,0.0,0.0,0
3,0,8,64,0.15,0,0.0,0.0,0
3,0,9,64,0.15,0,0.0,0.0,0
3,0,10,64,0.15,0,0.0,0.0,0
3,0,11,64,0.15,0,0.0,0.0,0
3,0,12,64,0.15,0,0.0,0.0,0
3,0,13,64,0.15,0,0.0,0.0,0
3,0,0,64,0.2,0,0.0,0.0,0
3,0,1,64,0.2,0,0.0,0.0,0
3,0,2,64,0.2,0,0.0,0.0,0
3,0,3,64,0.2,0,0.0,0.0,0
3,0,4,64,0.2,0,0.0,0.0,0
3,0,5,64,0.2,0,0.0,0.0,0
3,0,6,64,0.2,0,0.0,0.0,0
3,0,7,64,0.2,0,0.0,0.0,0
3,0,8,64,0.2,0,0.0,0.0,0
3,0,9,64,0.2,0,0.0,0.0,0
3,0,10,64,0.2,0,0.0,0.0,0
3,0,11,64,0.2,0,0.0,0.0,0
3,0,12,64,0.2,0,0.0,0.0,0
3,0,13,64,0.2,0,0.0,0.0,0
3,0,0,64,0.3,0,0.0,0.0,0
3,0,1,64,0.3,0,0.0,0.0,0
3,0,2,64,0.3,0,0.0,0.0,0
3,0,3,64,0.3,0,0.0,0.0,0
3,0,4,64,0.3,0,0.0,0.0,0
3,0,5,64,0.3,0,0.0,0.0,0
3,0,6,64,0.3,0,0.0,0.0,0
3,0,7,64,0.3,0,0.0,0.0,0
3,0,8,64,0.3,0,0.0,0.0,0
3,0,9,64,0.3,0,0.0,0.0,0
3,0,10,64,0.3,0,0.0,0.0,0
3,0,11,64,0.3,0,0.0,0.0,0
3,0,12,64,0.3,0,0.0,0.0,0
3,0,13,64,0.3,0,0.0,0.0,0
3,0,0,64,0.4,0,0.0,0.0,0
3,0,1,64,0.4,0,0.0,0.0,0
3,0,2,64,0.4,0,0.0,0.0,0
3,0,3,64,0.4,0,0.0,0.0,0
3,0,4,64,0.4,0,0.0,0.0,0
3,0,5,64,0.4,0,0.0,0.0,0
3,0,6,64,0.4,0,0.0,0.0,0
3,0,7,64,0.4,0,0.0,0.0,0
3,0,8,64,0.4,0,0.0,0.0,0
3,0,9,64,0.4,0,0.0,0.0,0
3,0,10,64,0.4,0,0.0,0.0,0
3,0,11,64,0.4,0,0.0,0.0,0
3,0,12,64,0.4,0,0.0,0.0,0
3,0,13,64,0.4,0,0.0,0.0,0
3,0,0,128,0.01,0,0.0,0.0,0
3,0,1,128,0.01,0,0.0,0.0,0
3,0,2,128,0.01,0,0.0,0.0,0
3,0,3,128,0.01,0,0.0,0.0,0
3,0,4,128,0.01,0,0.0,0.0,0
3,0,5,128,0.01,0,0.0,0.0,0
3,0,6,128,0.01,0,0.0,0.0,0
3,0,7,128,0.01,0,0.0,0.0,0
3,0,8,128,0.01,0,0.0,0.0,0
3,0,9,128,0.01,0,0.0,0.0,0
3,0,10,128,0.01,0,0.0,0.0,0
3,0,11,128,0.01,0,0.0,0.0,0
3,0,12,128,0.01,0,0.0,0.0,0
3,0,13,128,0.01,0,0.0,0.0,0
3,0,0,128,0.025,0,0.0,0.0,0
3,0,1,128,0.025,0,0.0,0.0,0
3,0,2,128,0.025,0,0.0,0.0,0
3,0,3,128,0.025,0,0.0,0.0,0
3,0,4,128,0.025,0,0.0,0.0,0
3,0,5,128,0.025,0,0.0,0.0,0
3,0,6,128,0.025,0,0.0,0.0,0
3,0,7,128,0.025,0,0.0,0.0,0
3,0,8,128,0.025,0,0.0,0.0,0
3,0,9,128,0.025,0,0.0,0.0,0
3,0,10,128,0.025,0,0.0,0.0,0
3,0,11,128,0.025,0,0.0,0.0,0
3,0,12,128,0.025,0,0.0,0.0,0
3,0,13,128,0.025,0,0.0,0.0,0
3,0,0,128,0.05,0,0.0,0.0,0
3,0,1,128,0.05,0,0.0,0.0,0
3,0,2,128,0.05,0,0.0,0.0,0
3,0,3,128,0.05,0,0.0,0.0,0
3,0,4,128,0.05,0,0.0,0.0,0
3,0,5,128,0.05,0,0.0,0.0,0
3,0,6,128,0.05,0,0.0,0.0,0
3,0,7,128,0.05,0,0.0,0.0,0
3,0,8,128,0.05,0,0.0,0.0,0
3,0,9,128,0.05,0,0.0,0.0,0
3,0,10,128,0.05,0,0.0,0.0,0
3,0,11,128,0.05,0,0.0,0.0,0
3,0,12,128,0.05,0,0.0,0.0,0
3,0,13,128,0.05,0,0.0,0.0,0
3,0,0,128,0.075,0,0.0,0.0,0
3,0,1,128,0.075,0,0.0,0.0,0
3,0,2,128,0.075,0,0.0,0.0,0
3,0,3,128,0.075,0,0.0,0.0,0
3,0,4,128,0.075,0,0.0,0.0,0
3,0,5,128,0.075,0,0.0,0.0,0
3,0,6,128,0.075,0,0.0,0.0,0
3,0,7,128,0.075,0,0.0,0.0,0
3,0,8,128,0.075,0,0.0,0.0,0
3,0,9,128,0.075,0,0.0,0.0,0
3,0,10,128,0.075,0,0.0,0.0,0
3,0,11,128,0.075,0,0.0,0.0,0
3,0,12,128,0.075,0,0.0,0.0,0
3,0,13,128,0.075,0,0.0,0.0,0
3,0,0,128,0.1,0,0.0,0.0,0
3,0,1,128,0.1,0,0.0,0.0,0
3,0,2,128,0.1,0,0.0,0.0,0
3,0,3,128,0.1,0,0.0,0.0,0
3,0,4,128,0.1,0,0.0,0.0,0
3,0,5,128,0.1,0,0.0,0.0,0
3,0,6,128,0.1,0,0.0,0.0,0
3,0,7,128,0.1,0,0.0,0.0,0
3,0,8,128,0.1,0,0.0,0.0,0
3,0,9,128,0.1,0,0.0,0.0,0
3,0,10,128,0.1,0,0.0,0.0,0
3,0,11,128,0.1,0,0.0,0.0,0
3,0,12,128,0.1,0,0.0,0.0,0
3,0,13,128,0.1,0,0.0,0.0,0
3,0,0,128,0.15,0,0.0,0.0,0
3,0,1,128,0.15,0,0.0,0.0,0
3,0,2,128,0.15,0,0.0,0.0,0
3,0,3,128,0.15,0,0.0,0.0,0
3,0,4,128,0.15,0,0.0,0.0,0
3,0,5,128,0.15,0,0.0,0.0,0
3,0,6,128,0.15,0,0.0,0.0,0
3,0,7,128,0.15,0,0.0,0.0,0
3,0,8,128,0.15,0,0.0,0.0,0
3,0,9,128,0.15,0,0.0,0.0,0
3,0,10,128,0.15,0,0.0,0.0,0
3,0,11,128,0.15,0,0.0,0.0,0
3,0,12,128,0.15,0,0.0,0.0,0
3,0,13,128,0.15,0,0.0,0.0,0
3,0,0,128,0.2,0,0.0,0.0,0
3,0,1,128,0.2,0,0.0,0.0,0
3,0,2,128,0.2,0,0.0,0.0,0
3,0,3,128,0.2,0,0.0,0.0,0
3,0,4,128,0.2,0,0.0,0.0,0
3,0,5,128,0.2,0,0.0,0.0,0
3,0,6,128,0.2,0,0.0,0.0,0
3,0,7,128,0.2,0,0.0,0.0,0
3,0,8,128,0.2,0,0.0,0.0,0
3,0,9,128,0.2,0,0.0,0.0,0
3,0,10,128,0.2,0,0.0,0.0,0
3,0,11,128,0.2,0,0.0,0.0,0
3,0,12,128,0.2,0,0.0,0.0,0
3,0,13,128,0.2,0,0.0,0.0,0
3,0,0,128,0.3,0,0.0,0.0,0
3,0,1,128,0.3,0,0.0,0.0,0
3,0,2,128,0.3,0,0.0,0.0,0
3,0,3,128,0.3,0,0.0,0.0,0
3,0,4,128,0.3,0,0.0,0.0,0
3,0,5,128,0.3,0,0.0,0.0,0
3,0,6,128,0.3,0,0.0,0.0,0
3,0,7,128,0.3,0,0.0,0.0,0
3,0,8,128,0.3,0,0.0,0.0,0
3,0,9,128,0.3,0,0.0,0.0,0
3,0,10,128,0.3,0,0.0,0.0,0
3,0,11,128,0.3,0,0.0,0.0,0
3,0,12,128,0.3,0,0.0,0.0,0
3,0,13,128,0.3,0,0.0,0.0,0
3,0,0,128,0.4,0,0.0,0.0,0
3,0,1,128,0.4,0,0.0,0.0,0
3,0,2,128,0.4,0,0.0,0.0,0
3,0,3,128,0.4,0,0.0,0.0,0
3,0,4,128,0.4,0,0.0,0.0,0
3,0,5,128,0.4,0,0.0,0.0,0
3,0,6,128,0.4,0,0.0,0.0,0
3,0,7,128,0.4,0,0.0,0.0,0
3,0,8,128,0.4,0,0.0,0.0,0
3,0,9,128,0.4,0,0.0,0.0,0
3,0,10,128,0.4,0,0.0,0.0,0
3,0,11,128,0.4,0,0.0,0.0,0
3,0,12,128,0.4,0,0.0,0.0,0
3,0,13,128,0.4,0,0.0,0.0,0
3,6,0,4,0.01,0,0.0,0.0,0
3,6,1,4,0.01,0,0.0,0.0,0
3,6,2,4,0.01,0,0.0,0.0,0
3,6,3,4,0.01,0,0.0,0.0,0
3,6,4,4,0.01,0,0.0,0.0,0
3,6,5,4,0.01,0,0.0,0.0,0
3,6,6,4,0.01,0,0.0,0.0,0
3,6,7,4,0.01,0,0.0,0.0,0
3,6,8,4,0.01,0,0.0,0.0,0
3,6,9,4,0.01,0,0.0,0.0,0
3,6,10,4,0.01,0,0.0,0.0,0
3,6,11,4,0.01,0,0.0,0.0,0
3,6,12,4,0.01,0,0.0,0.0,0
3,6,13,4,0.01,0,0.0,0.0,0
3,6,0,4,0.025,0,0.0,0.0,0
3,6,1,4,0.025,0,0.0,0.0,0
3,6,2,4,0.025,0,0.0,0.0,0
3,6,3,4,0.025,0,0.0,0.0,0
3,6,4,4,0.025,0,0.0,0.0,0
3,6,5,4,0.025,0,0.0,0.0,0
3,6,6,4,0.025,0,0.0,0.0,0
3,6,7,4,0.025,0,0.0,0.0,0
3,6,8,4,0.025,0,0.0,0.0,0
3,6,9,4,0.025,0,0.0,0.0,0
3,6,10,4,0.025,0,0.0,0.0,0
3,6,11,4,0.025,0,0.0,0.0,0
3,6,12,4,0.025,0,0.0,0.0,0
3,6,13,4,0.025,0,0.0,0.0,0
3,6,0,4,0.05,0,0.0,0.0,0
3,6,1,4,0.05,0,0.0,0.0,0
3,6,2,4,0.05,0,0.0,0.0,0
3,6,3,4,0.05,0,0.0,0.0,0
3,6,4,4,0.05,0,0.0,0.0,0
3,6,5,4,0.05,0,0.0,0.0,0
3,6,6,4,0.05,0,0.0,0.0,0
3,6,7,4,0.05,0,0.0,0.0,0
3,6,8,4,0.05,0,0.0,0.0,0
3,6,9,4,0.05,0,0.0,0.0,0
3,6,10,4,0.05,0,0.0,0.0,0
3,6,11,4,0.05,0,0.0,0.0,0
3,6,12,4,0.05,0,0.0,0.0,0
3,6,13,4,0.05,0,0.0,0.0,0
3,6,0,4,0.075,0,0.0,0.0,0
3,6,1,4,0.075,0,0.0,0.0,0
3,6,2,4,0.075,0,0.0,0.0,0
3,6,3,4,0.075,0,0.0,0.0,0
3,6,4,4,0.075,0,0.0,0.0,0
3,6,5,4,0.075,0,0.0,0.0,0
3,6,6,4,0.075,0,0.0,0.0,0
3,6,7,4,0.075,0,0.0,0.0,0
3,6,8,4,0.075,0,0.0,0.0,0
3,6,9,4,0.075,0,0.0,0.0,0
3,6,10,4,0.075,0,0.0,0.0,0
3,6,11,4,0.075,0,0.0,0.0,0
3,6,12,4,0.075,0,0.0,0.0,0
3,6,13,4,0.075,0,0.0,0.0,0
3,6,0,4,0.1,0,0.0,0.0,0
3,6,1,4,0.1,0,0.0,0.0,0
3,6,2,4,0.1,0,0.0,0.0,0
3,6,3,4,0.1,0,0.0,0.0,0
3,6,4,4,0.1,0,0.0,0.0,0
3,6,5,4,0.1,0,0.0,0.0,0
3,6,6,4,0.1,0,0.0,0.0,0
3,6,7,4,0.1,0,0.0,0.0,0
3,6,8,4,0.1,0,0.0,0.0,0
3,6,9,4,0.1,0,0.0,0.0,0
3,6,10,4,0.1,0,0.0,0.0,0
3,6,11,4,0.1,0,0.0,0.0,0
3,6,12,4,0.1,0,0.0,0.0,0
3,6,13,4,0.1,0,0.0,0.0,0
3,6,0,4,0.15,0,0.0,0.0,0
3,6,1,4,0.15,0,0.0,0.0,0
3,6,2,4,0.15,0,0.0,0.0,0
3,6,3,4,0.15,0,0.0,0.0,0
3,6,4,4,0.15,0,0.0,0.0,0
3,6,5,4,0.15,0,0.0,0.0,0
3,6,6,4,0.15,0,0.0,0.0,0
3,6,7,4,0.15,0,0.0,0.0,0
3,6,8,4,0.15,0,0.0,0.0,0
3,6,9,4,0.15,0,0.0,0.0,0
3,6,10,4,0.15,0,0.0,0.0,0
3,6,11,4,0.15,0,0.0,0.0,0
3,6,12,4,0.15,0,0.0,0.0,0
3,6,13,4,0.15,0,0.0,0.0,0
3,6,0,4,0.2,0,0.0,0.0,0
3,6,1,4,0.2,0,0.0,0.0,0
3,6,2,4,0.2,0,0.0,0.0,0
3,6,3,4,0.2,0,0.0,0.0,0
3,6,4,4,0.2,0,0.0,0.0,0
3,6,5,4,0.2,0,0.0,0.0,0
3,6,6,4,0.2,0,0.0,0.0,0
3,6,7,4,0.2,0,0.0,0.0,0
3,6,8,4,0.2,0,0.0,0.0,0
3,6,9,4,0.2,0,0.0,0.0,0
3,6,10,4,0.2,0,0.0,0.0,0
3,6,11,4,0.2,0,0.0,0.0,0
3,6,12,4,0.2,0,0.0,0.0,0
3,6,13,4,0.2,0,0.0,0.0,0
3,6,0,4,0.3,0,0.0,0.0,0
3,6,1,4,0.3,0,0.0,0.0,0
3,6,2,4,0.3,0,0.0,0.0,0
3,6,3,4,0.3,0,0.0,0.0,0
3,6,4,4,0.3,0,0.0,0.0,0
3,6,5,4,0.3,0,0.0,0.0,0
3,6,6,4,0.3,0,0.0,0.0,0
3,6,7,4,0.3,0,0.0,0.0,0
3,6,8,4,0.3,0,0.0,0.0,0
3,6,9,4,0.3,0,0.0,0.0,0
3,6,10,4,0.3,0,0.0,0.0,0
3,6,11,4,0.3,0,0.0,0.0,0
3,6,12,4,0.3,0,0.0,0.0,0
3,6,13,4,0.3,0,0.0,0.0,0
3,6,0,4,0.4,0,0.0,0.0,0
3,6,1,4,0.4,0,0.0,0.0,0
3,6,2,4,0.4,0,0.0,0.0,0
3,6,3,4,0.4,0,0.0,0.0,0
3,6,4,4,0.4,0,0.0,0.0,0
3,6,5,4,0.4,0,0.0,0.0,0
3,6,6,4,0.4,0,0.0,0.0,0
3,6,7,4,0.4,0,0.0,0.0,0
3,6,8,4,0.4,0,0.0,0.0,0
3,6,9,4,0.4,0,0.0,0.0,0
3,6,10,4,0.4,0,0.0,0.0,0
3,6,11,4,0.4,0,0.0,0.0,0
3,6,12,4,0.4,0,0.0,0.0,0
3,6,13,4,0.4,0,0.0,0.0,0
3,6,0,8,0.01,0,0.0,0.0,0
3,6,1,8,0.01,0,0.0,0.0,0
3,6,2,8,0.01,0,0.0,0.0,0
3,6,3,8,0.01,0,0.0,0.0,0
3,6,4,8,0.01,0,0.0,0.0,0
3,6,5,8,0.01,0,0.0,0.0,0
3,6,6,8,0.01,0,0.0,0.0,0
3,6,7,8,0.01,0,0.0,0.0,0
3,6,8,8,0.01,0,0.0,0.0,0
3,6,9,8,0.01,0,0.0,0.0,0
3,6,10,8,0.01,0,0.0,0.0,0
3,6,11,8,0.01,0,0.0,0.0,0
3,6,12,8,0.01,0,0.0,0.0,0
3,6,13,8,0.01,0,0.0,0.0,0
3,6,0,8,0.025,0,0.0,0.0,0
3,6,1,8,0.025,0,0.0,0.0,0
3,6,2,8,0.025,0,0.0,0.0,0
3,6,3,8,0.025,0,0.0,0.0,0
3,6,4,8,0.025,0,0.0,0.0,0
3,6,5,8,0.025,0,0.0,0.0,0
3,6,6,8,0.025,0,0.0,0.0,0
3,6,7,8,0.025,0,0.0,0.0,0
3,6,8,8,0.025,0,0.0,0.0,0
3,6,9,8,0.025,0,0.0,0.0,0
3,6,10,8,0.025,0,0.0,0.0,0
3,6,11,8,0.025,0,0.0,0.0,0
3,6,12,8,0.025,0,0.0,0.0,0
3,6,13,8,0.025,0,0.0,0.0,0
3,6,0,8,0.05,0,0.0,0.0,0
3,6,1,8,0.05,0,0.0,0.0,0
3,6,2,8,0.05,0,0.0,0.0,0
3,6,3,8,0.05,0,0.0,0.0,0
3,6,4,8,0.05,0,0.0,0.0,0
3,6,5,8,0.05,0,0.0,0.0,0
3,6,6,8,0.05,0,0.0,0.0,0
3,6,7,8,0.05,0,0.0,0.0,0
3,6,8,8,0.05,0,0.0,0.0,0
3,6,9,8,0.05,0,0.0,0.0,0
3,6,10,8,0.05,0,0.0,0.0,0
3,6,11,8,0.05,0,0.0,0.0,0
3,6,12,8,0.05,0,0.0,0.0,0
3,6,13,8,0.05,0,0.0,0.0,0
3,6,0,8,0.075,0,0.0,0.0,0
3,6,1,8,0.075,0,0.0,0.0,0
3,6,2,8,0.075,0,0.0,0.0,0
3,6,3,8,0.075,0,0.0,0.0,0
3,6,4,8,0.075,0,0.0,0.0,0
3,6,5,8,0.075,0,0.0,0.0,0
3,6,6,8,0.075,0,0.0,0.0,0
3,6,7,8,0.075,0,0.0,0.0,0
3,6,8,8,0.075,0,0.0,0.0,0
3,6,9,8,0.075,0,0.0,0.0,0
3,6,10,8,0.075,0,0.0,0.0,0
3,6,11,8,0.075,0,0.0,0.0,0
3,6,12,8,0.075,0,0.0,0.0,0
3,6,13,8,0.075,0,0.0,0.0,0
3,6,0,8,0.1,0,0.0,0.0,0
3,6,1,8,0.1,0,0.0,0.0,0
3,6,2,8,0.1,0,0.0,0.0,0
3,6,3,8,0.1,0,0.0,0.0,0
3,6,4,8,0.1,0,0.0,0.0,0
3,6,5,8,0.1,0,0.0,0.0,0
3,6,6,8,0.1,0,0.0,0.0,0
3,6,7,8,0.1,0,0.0,0.0,0
3,6,8,8,0.1,0,0.0,0.0,0
3,6,9,8,0.1,0,0.0,0.0,0
3,6,10,8,0.1,0,0.0,0.0,0
3,6,11,8,0.1,0,0.0,0.0,0
3,6,12,8,0.1,0,0.0,0.0,0
3,6,13,8,0.1,0,0.0,0.0,0
3,6,0,8,0.15,0,0.0,0.0,0
3,6,1,8,0.15,0,0.0,0.0,0
3,6,2,8,0.15,0,0.0,0.0,0
3,6,3,8,0.15,0,0.0,0.0,0
3,6,4,8,0.15,0,0.0,0.0,0
3,6,5,8,0.15,0,0.0,0.0,0
3,6,6,8,0.15,0,0.0,0.0,0
3,6,7,8,0.15,0,0.0,0.0,0
3,6,8,8,0.15,0,0.0,0.0,0
3,6,9,8,0.15,0,0.0,0.0,0
3,6,10,8,0.15,0,0.0,0.0,0
3,6,11,8,0.15,0,0.0,0.0,0
3,6,12,8,0.15,0,0.0,0.0,0
3,6,13,8,0.15,0,0.0,0.0,0
3,6,0,8,0.2,0,0.0,0.0,0
3,6,1,8,0.2,0,0.0,0.0,0
3,6,2,8,0.2,0,0.0,0.0,0
3,6,3,8,0.2,0,0.0,0.0,0
3,6,4,8,0.2,0,0.0,0.0,0
3,6,5,8,0.2,0,0.0,0.0,0
3,6,6,8,0.2,0,0.0,0.0,0
3,6,7,8,0.2,0,0.0,0.0,0
3,6,8,8,0.2,0,0.0,0.0,0
3,6,9,8,0.2,0,0.0,0.0,0
3,6,10,8,0.2,0,0.0,0.0,0
3,6,11,8,0.2,0,0.0,0.0,0
3,6,12,8,0.2,0,0.0,0.0,0
3,6,13,8,0.2,0,0.0,0.0,0
3,6,0,8,0.3,0,0.0,0.0,0
3,6,1,8,0.3,0,0.0,0.0,0
3,6,2,8,0.3,0,0.0,0.0,0
3,6,3,8,0.3,0,0.0,0.0,0
3,6,4,8,0.3,0,0.0,0.0,0
3,6,5,8,0.3,0,0.0,0.0,0
3,6,6,8,0.3,0,0.0,0.0,0
3,6,7,8,0.3,0,0.0,0.0,0
3,6,8,8,0.3,0,0.0,0.0,0
3,6,9,8,0.3,0,0.0,0.0,0
3,6,10,8,0.3,0,0.0,0.0,0
3,6,11,8,0.3,0,0.0,0.0,0
3,6,12,8,0.3,0,0.0,0.0,0
3,6,13,8,0.3,0,0.0,0.0,0
3,6,0,8,0.4,0,0.0,0.0,0
3,6,1,8,0.4,0,0.0,0.0,0
3,6,2,8,0.4,0,0.0,0.0,0
3,6,3,8,0.4,0,0.0,0.0,0
3,6,4,8,0.4,0,0.0,0.0,0
3,6,5,8,0.4,0,0.0,0.0,0
3,6,6,8,0.4,0,0.0,0.0,0
3,6,7,8,0.4,0,0.0,0.0,0
3,6,8,8,0.4,0,0.0,0.0,0
3,6,9,8,0.4,0,0.0,0.0,0
3,6,10,8,0.4,0,0.0,0.0,0
3,6,11,8,0.4,0,0.0,0.0,0
3,6,12,8,0.4,0,0.0,0.0,0
3,6,13,8,0.4,0,0.0,0.0,0
3,6,0,16,0.01,0,0.0,0.0,0
3,6,1,16,0.01,0,0.0,0.0,0
3,6,2,16,0.01,0,0.0,0.0,0
3,6,3,16,0.01,0,0.0,0.0,0
3,6,4,16,0.01,0,0.0,0.0,0
3,6,5,16,0.01,0,0.0,0.0,0
3,6,6,16,0.01,0,0.0,0.0,0
3,6,7,16,0.01,0,0.0,0.0,0
3,6,8,16,0.01,0,0.0,0.0,0
3,6,9,16,0.01,0,0.0,0.0,0
3,6,10,16,0.01,0,0.0,0.0,0
3,6,11,16,0.01,0,0.0,0.0,0
3,6,12,16,0.01,0,0.0,0.0,0
3,6,13,16,0.01,0,0.0,0.0,0
3,6,0,16,0.025,0,0.0,0.0,0
3,6,1,16,0.025,0,0.0,0.0,0
3,6,2,16,0.025,0,0.0,0.0,0
3,6,3,16,0.025,0,0.0,0.0,0
3,6,4,16,0.025,0,0.0,0.0,0
3,6,5,16,0.025,0,0.0,0.0,0
3,6,6,16,0.025,0,0.0,0.0,0
3,6,7,16,0.025,0,0.0,0.0,0
3,6,8,16,0.025,0,0.0,0.0,0
3,6,9,16,0.025,0,0.0,0.0,0
3,6,10,16,0.025,0,0.0,0.0,0
3,6,11,16,0.025,0,0.0,0.0,0
3,6,12,16,0.025,0,0.0,0.0,0
3,6,13,16,0.025,0,0.0,0.0,0
3,6,0,16,0.05,0,0.0,0.0,0
3,6,1,16,0.05,0,0.0,0.0,0
3,6,2,16,0.05,0,0.0,0.0,0
3,6,3,16,0.05,0,0.0,0.0,0
3,6,4,16,0.05,0,0.0,0.0,0
3,6,5,16,0.05,0,0.0,0.0,0
3,6,6,16,0.05,0,0.0,0.0,0
3,6,7,16,0.05,0,0.0,0.0,0
3,6,8,16,0.05,0,0.0,0.0,0
3,6,9,16,0.05,0,0.0,0.0,0
3,6,10,16,0.05,0,0.0,0.0,0
3,6,11,16,0.05,0,0.0,0.0,0
3,6,12,16,0.05,0,0.0,0.0,0
3,6,13,16,0.05,0,0.0,0.0,0
3,6,0,16,0.075,0,0.0,0.0,0
3,6,1,16,0.075,0,0.0,0.0,0
3,6,2,16,0.075,0,0.0,0.0,0
3,6,3,16,0.075,0,0.0,0.0,0
3,6,4,16,0.075,0,0.0,0.0,0
3,6,5,16,0.075,0,0.0,0.0,0
3,6,6,16,0.075,0,0.0,0.0,0
3,6,7,16,0.075,0,0.0,0.0,0
3,6,8,16,0.075,0,0.0,0.0,0
3,6,9,16,0.075,0,0.0,0.0,0
3,6,10,16,0.075,0,0.0,0.0,0
3,6,11,16,0.075,0,0.0,0.0,0
3,6,12,16,0.075,0,0.0,0.0,0
3,6,13,16,0.075,0,0.0,0.0,0
3,6,0,16,0.1,0,0.0,0.0,0
3,6,1,16,0.1,0,0.0,0.0,0
3,6,2,16,0.1,0,0.0,0.0,0
3,6,3,16,0.1,0,0.0,0.0,0
3,6,4,16,0.1,0,0.0,0.0,0
3,6,5,16,0.1,0,0.0,0.0,0
3,6,6,16,0.1,0,0.0,0.0,0
3,6,7,16,0.1,0,0.0,0.0,0
3,6,8,16,0.1,0,0.0,0.0,0
3,6,9,16,0.1,0,0.0,0.0,0
3,6,10,16,0.1,0,0.0,0.0,0
3,6,11,16,0.1,0,0.0,0.0,0
3,6,12,16,0.1,0,0.0,0.0,0
3,6,13,16,0.1,0,0.0,0.0,0
3,6,0,16,0.15,0,0.0,0.0,0
3,6,1,16,0.15,0,0.0,0.0,0
3,6,2,16,0.15,0,0.0,0.0,0
3,6,3,16,0.15,0,0.0,0.0,0
3,6,4,16,0.15,0,0.0,0.0,0
3,6,5,16,0.15,0,0.0,0.0,0
3,6,6,16,0.15,0,0.0,0.0,0
3,6,7,16,0.15,0,0.0,0.0,0
3,6,8,16,0.15,0,0.0,0.0,0
3,6,9,16,0.15,0,0.0,0.0,0
3,6,10,16,0.15,0,0.0,0.0,0
3,6,11,16,0.15,0,0.0,0.0,0
3,6,12,16,0.15,0,0.0,0.0,0
3,6,13,16,0.15,0,0.0,0.0,0
3,6,0,16,0.2,0,0.0,0.0,0
3,6,1,16,0.2,0,0.0,0.0,0
3,6,2,16,0.2,0,0.0,0.0,0
3,6,3,16,0.2,0,0.0,0.0,0
3,6,4,16,0.2,0,0.0,0.0,0
3,6,5,16,0.2,0,0.0,0.0,0
3,6,6,16,0.2,0,0.0,0.0,0
3,6,7,16,0.2,0,0.0,0.0,0
3,6,8,16,0.2,0,0.0,0.0,0
3,6,9,16,0.2,0,0.0,0.0,0
3,6,10,16,0.2,0,0.0,0.0,0
3,6,11,16,0.2,0,0.0,0.0,0
3,6,12,16,0.2,0,0.0,0.0,0
3,6,13,16,0.2,0,0.0,0.0,0
3,6,0,16,0.3,0,0.0,0.0,0
3,6,1,16,0.3,0,0.0,0.0,0
3,6,2,16,0.3,0,0.0,0.0,0
3,6,3,16,0.3,0,0.0,0.0,0
3,6,4,16,0.3,0,0.0,0.0,0
3,6,5,16,0.3,0,0.0,0.0,0
3,6,6,16,0.3,0,0.0,0.0,0
3,6,7,16,0.3,0,0.0,0.0,0
3,6,8,16,0.3,0,0.0,0.0,0
3,6,9,16,0.3,0,0.0,0.0,0
3,6,10,16,0.3,0,0.0,0.0,0
3,6,11,16,0.3,0,0.0,0.0,0
3,6,12,16,0.3,0,0.0,0.0,0
3,6,13,16,0.3,0,0.0,0.0,0
3,6,0,16,0.4,0,0.0,0.0,0
3,6,1,16,0.4,0,0.0,0.0,0
3,6,2,16,0.4,0,0.0,0.0,0
3,6,3,16,0.4,0,0.0,0.0,0
3,6,4,16,0.4,0,0.0,0.0,0
3,6,5,16,0.4,0,0.0,0.0,0
3,6,6,16,0.4,0,0.0,0.0,0
3,6,7,16,0.4,0,0.0,0.0,0
3,6,8,16,0.4,0,0.0,0.0,0
3,6,9,16,0.4,0,0.0,0.0,0
3,6,10,16,0.4,0,0.0,0.0,0
3,6,11,16,0.4,0,0.0,0.0,0
3,6,12,16,0.4,0,0.0,0.0,0
3,6,13,16,0.4,0,0.0,0.0,0
3,6,0,32,0.01,0,0.0,0.0,0
3,6,1,32,0.01,0,0.0,0.0,0
3,6,2,32,0.01,0,0.0,0.0,0
3,6,3,32,0.01,0,0.0,0.0,0
3,6,4,32,0.01,0,0.0,0.0,0
3,6,5,32,0.01,0,0.0,0.0,0
3,6,6,32,0.01,0,0.0,0.0,0
3,6,7,32,0.01,0,0.0,0.0,0
3,6,8,32,0.01,0,0.0,0.0,0
3,6,9,32,0.01,0,0.0,0.0,0
3,6,10,32,0.01,0,0.0,0.0,0
3,6,11,32,0.01,0,0.0,0.0,0
3,6,12,32,0.01,0,0.0,0.0,0
3,6,13,32,0.01,0,0.0,0.0,0
3,6,0,32,0.025,0,0.0,0.0,0
3,6,1,32,0.025,0,0.0,0.0,0
3,6,2,32,0.025,0,0.0,0.0,0
3,6,3,32,0.025,0,0.0,0.0,0
3,6,4,32,0.025,0,0.0,0.0,0
3,6,5,32,0.025,0,0.0,0.0,0
3,6,6,32,0.025,0,0.0,0.0,0
3,6,7,32,0.025,0,0.0,0.0,0
3,6,8,32,0.025,0,0.0,0.0,0
3,6,9,32,0.025,0,0.0,0.0,0
3,6,10,32,0.025,0,0.0,0.0,0
3,6,11,32,0.025,0,0.0,0.0,0
3,6,12,32,0.025,0,0.0,0.0,0
3,6,13,32,0.025,0,0.0,0.0,0
3,6,0,32,0.05,0,0.0,0.0,0
3,6,1,32,0.05,0,0.0,0.0,0
3,6,2,32,0.05,0,0.0,0.0,0
3,6,3,32,0.05,0,0.0,0.0,0
3,6,4,32,0.05,0,0.0,0.0,0
3,6,5,32,0.05,0,0.0,0.0,0
3,6,6,32,0.05,0,0.0,0.0,0
3,6,7,32,0.05,0,0.0,0.0,0
3,6,8,32,0.05,0,0.0,0.0,0
3,6,9,32,0.05,0,0.0,0.0,0
3,6,10,32,0.05,0,0.0,0.0,0
3,6,11,32,0.05,0,0.0,0.0,0
3,6,12,32,0.05,0,0.0,0.0,0
3,6,13,32,0.05,0,0.0,0.0,0
3,6,0,32,0.075,0,0.0,0.0,0
3,6,1,32,0.075,0,0.0,0.0,0
3,6,2,32,0.075,0,0.0,0.0,0
3,6,3,32,0.075,0,0.0,0.0,0
3,6,4,32,0.075,0,0.0,0.0,0
3,6,5,32,0.075,0,0.0,0.0,0
3,6,6,32,0.075,0,0.0,0.0,0
3,6,7,32,0.075,0,0.0,0.0,0
3,6,8,32,0.075,0,0.0,0.0,0
3,6,9,32,0.075,0,0.0,0.0,0
3,6,10,32,0.075,0,0.0,0.0,0
3,6,11,32,0.075,0,0.0,0.0,0
3,6,12,32,0.075,0,0.0,0.0,0
3,6,13,32,0.075,0,0.0,0.0,0
3,6,0,32,0.1,0,0.0,0.0,0
3,6,1,32,0.1,0,0.0,0.0,0
3,6,2,32,0.1,0,0.0,0.0,0
3,6,3,32,0.1,0,0.0,0.0,0
3,6,4,32,0.1,0,0.0,0.0,0
3,6,5,32,0.1,0,0.0,0.0,0
3,6,6,32,0.1,0,0.0,0.0,0
3,6,7,32,0.1,0,0.0,0.0,0
3,6,8,32,0.1,0,0.0,0.0,0
3,6,9,32,0.1,0,0.0,0.0,0
3,6,10,32,0.1,0,0.0,0.0,0
3,6,11,32,0.1,0,0.0,0.0,0
3,6,12,32,0.1,0,0.0,0.0,0
3,6,13,32,0.1,0,0.0,0.0,0
3,6,0,32,0.15,0,0.0,0.0,0
3,6,1,32,0.15,0,0.0,0.0,0
3,6,2,32,0.15,0,0.0,0.0,0
3,6,3,32,0.15,0,0.0,0.0,0
3,6,4,32,0.15,0,0.0,0.0,0
3,6,5,32,0.15,0,0.0,0.0,0
3,6,6,32,0.15,0,0.0,0.0,0
3,6,7,32,0.15,0,0.0,0.0,0
3,6,8,32,0.15,0,0.0,0.0,0
3,6,9,32,0.15,0,0.0,0.0,0
3,6,10,32,0.15,0,0.0,0.0,0
3,6,11,32,0.15,0,0.0,0.0,0
3,6,12,32,0.15,0,0.0,0.0,0
3,6,13,32,0.15,0,0.0,0.0,0
3,6,0,32,0.2,0,0.0,0.0,0
3,6,1,32,0.2,0,0.0,0.0,0
3,6,2,32,0.2,0,0.0,0.0,0
3,6,3,32,0.2,0,0.0,0.0,0
3,6,4,32,0.2,0,0.0,0.0,0
3,6,5,32,0.2,0,0.0,0.0,0
3,6,6,32,0.2,0,0.0,0.0,0
3,6,7,32,0.2,0,0.0,0.0,0
3,6,8,32,0.2,0,0.0,0.0,0
3,6,9,32,0.2,0,0.0,0.0,0
3,6,10,32,0.2,0,0.0,0.0,0
3,6,11,32,0.2,0,0.0,0.0,0
3,6,12,32,0.2,0,0.0,0.0,0
3,6,13,32,0.2,0,0.0,0.0,0
3,6,0,32,0.3,0,0.0,0.0,0
3,6,1,32,0.3,0,0.0,0.0,0
3,6,2,32,0.3,0,0.0,0.0,0
3,6,3,32,0.3,0,0.0,0.0,0
3,6,4,32,0.3,0,0.0,0.0,0
3,6,5,32,0.3,0,0.0,0.0,0
3,6,6,32,0.3,0,0.0,0.0,0
3,6,7,32,0.3,0,0.0,0.0,0
3,6,8,32,0.3,0,0.0,0.0,0
3,6,9,32,0.3,0,0.0,0.0,0
3,6,10,32,0.3,0,0.0,0.0,0
3,6,11,32,0.3,0,0.0,0.0,0
3,6,12,32,0.3,0,0.0,0.0,0
3,6,13,32,0.3,0,0.0,0.0,0
3,6,0,32,0.4,0,0.0,0.0,0
3,6,1,32,0.4,0,0.0,0.0,0
3,6,2,32,0.4,0,0.0,0.0,0
3,6,3,32,0.4,0,0.0,0.0,0
3,6,4,32,0.4,0,0.0,0.0,0
3,6,5,32,0.4,0,0.0,0.0,0
3,6,6,32,0.4,0,0.0,0.0,0
3,6,7,32,0.4,0,0.0,0.0,0
3,6,8,32,0.4,0,0.0,0.0,0
3,6,9,32,0.4,0,0.0,0.0,0
3,6,10,32,0.4,0,0.0,0.0,0
3,6,11,32,0.4,0,0.0,0.0,0
3,6,12,32,0.4,0,0.0,0.0,0
3,6,13,32,0.4,0,0.0,0.0,0
3,6,0,64,0.01,0,0.0,0.0,0
3,6,1,64,0.01,0,0.0,0.0,0
3,6,2,64,0.01,0,0.0,0.0,0
3,6,3,64,0.01,0,0.0,0.0,0
3,6,4,64,0.01,0,0.0,0.0,0
3,6,5,64,0.01,0,0.0,0.0,0
3,6,6,64,0.01,0,0.0,0.0,0
3,6,7,64,0.01,0,0.0,0.0,0
3,6,8,64,0.01,0,0.0,0.0,0
3,6,9,64,0.01,0,0.0,0.0,0
3,6,10,64,0.01,0,0.0,0.0,0
3,6,11,64,0.01,0,0.0,0.0,0
3,6,12,64,0.01,0,0.0,0.0,0
3,6,13,64,0.01,0,0.0,0.0,0
3,6,0,64,0.025,0,0.0,0.0,0
3,6,1,64,0.025,0,0.0,0.0,0
3,6,2,64,0.025,0,0.0,0.0,0
3,6,3,64,0.025,0,0.0,0.0,0
3,6,4,64,0.025,0,0.0,0.0,0
3,6,5,64,0.025,0,0.0,0.0,0
3,6,6,64,0.025,0,0.0,0.0,0
3,6,7,64,0.025,0,0.0,0.0,0
3,6,8,64,0.025,0,0.0,0.0,0
3,6,9,64,0.025,0,0.0,0.0,0
3,6,10,64,0.025,0,0.0,0.0,0
3,6,11,64,0.025,0,0.0,0.0,0
3,6,12,64,0.025,0,0.0,0.0,0
3,6,13,64,0.025,0,0.0,0.0,0
3,6,0,64,0.05,0,0.0,0.0,0
3,6,1,64,0.05,0,0.0,0.0,0
3,6,2,64,0.05,0,0.0,0.0,0
3,6,3,64,0.05,0,0.0,0.0,0
3,6,4,64,0.05,0,0.0,0.0,0
3,6,5,64,0.05,0,0.0,0.0,0
3,6,6,64,0.05,0,0.0,0.0,0
3,6,7,64,0.05,0,0.0,0.0,0
3,6,8,64,0.05,0,0.0,0.0,0
3,6,9,64,0.05,0,0.0,0.0,0
3,6,10,64,0.05,0,0.0,0.0,0
3,6,11,64,0.05,0,0.0,0.0,0
3,6,12,64,0.05,0,0.0,0.0,0
3,6,13,64,0.05,0,0.0,0.0,0
3,6,0,64,0.075,0,0.0,0.0,0
3,6,1,64,0.075,0,0.0,0.0,0
3,6,2,64,0.075,0,0.0,0.0,0
3,6,3,64,0.075,0,0.0,0.0,0
3,6,4,64,0.075,0,0.0,0.0,0
3,6,5,64,0.075,0,0.0,0.0,0
3,6,6,64,0.075,0,0.0,0.0,0
3,6,7,64,0.075,0,0.0,0.0,0
3,6,8,64,0.075,0,0.0,0.0,0
3,6,9,64,0.075,0,0.0,0.0,0
3,6,10,64,0.075,0,0.0,0.0,0
3,6,11,64,0.075,0,0.0,0.0,0
3,6,12,64,0.075,0,0.0,0.0,0
3,6,13,64,0.075,0,0.0,0.0,0
3,6,0,64,0.1,0,0.0,0.0,0
3,6,1,64,0.1,0,0.0,0.0,0
3,6,2,64,0.1,0,0.0,0.0,0
3,6,3,64,0.1,0,0.0,0.0,0
3,6,4,64,0.1,0,0.0,0.0,0
3,6,5,64,0.1,0,0.0,0.0,0
3,6,6,64,0.1,0,0.0,0.0,0
3,6,7,64,0.1,0,0.0,0.0,0
3,6,8,64,0.1,0,0.0,0.0,0
3,6,9,64,0.1,0,0.0,0.0,0
3,6,10,64,0.1,0,0.0,0.0,0
3,6,11,64,0.1,0,0.0,0.0,0
3,6,12,64,0.1,0,0.0,0.0,0
3,6,13,64,0.1,0,0.0,0.0,0
3,6,0,64,0.15,0,0.0,0.0,0
3,6,1,64,0.15,0,0.0,0.0,0
3,6,2,64,0.15,0,0.0,0.0,0
3,6,3,64,0.15,0,0.0,0.0,0
3,6,4,64,0.15,0,0.0,0.0,0
3,6,5,64,0.15,0,0.0,0.0,0
3,6,6,64,0.15,0,0.0,0.0,0
3,6,7,64,0.15,0,0.0,0.0,0
3,6,8,64,0.15,0,0.0,0.0,0
3,6,9,64,0.15,0,0.0,0.0,0
3,6,10,64,0.15,0,0.0,0.0,0
3,6,11,64,0.15,0,0.0,0.0,0
3,6,12,64,0.15,0,0.0,0.0,0
3,6,13,64,0.15,0,0.0,0.0,0
3,6,0,64,0.2,0,0.0,0.0,0
3,6,1,64,0.2,0,0.0,0.0,0
3,6,2,64,0.2,0,0.0,0.0,0
3,6,3,64,0.2,0,0.0,0.0,0
3,6,4,64,0.2,0,0.0,0.0,0
3,6,5,64,0.2,0,0.0,0.0,0
3,6,6,64,0.2,0,0.0,0.0,0
3,6,7,64,0.2,0,0.0,0.0,0
3,6,8,64,0.2,0,0.0,0.0,0
3,6,9,64,0.2,0,0.0,0.0,0
3,6,10,64,0.2,0,0.0,0.0,0
3,6,11,64,0.2,0,0.0,0.0,0
3,6,12,64,0.2,0,0.0,0.0,0
3,6,13,64,0.2,0,0.0,0.0,0
3,6,0,64,0.3,0,0.0,0.0,0
3,6,1,64,0.3,0,0.0,0.0,0
3,6,2,64,0.3,0,0.0,0.0,0
3,6,3,64,0.3,0,0.0,0.0,0
3,6,4,64,0.3,0,0.0,0.0,0
3,6,5,64,0.3,0,0.0,0.0,0
3,6,6,64,0.3,0,0.0,0.0,0
3,6,7,64,0.3,0,0.0,0.0,0
3,6,8,64,0.3,0,0.0,0.0,0
3,6,9,64,0.3,0,0.0,0.0,0
3,6,10,64,0.3,0,0.0,0.0,0
3,6,11,64,0.3,0,0.0,0.0,0
3,6,12,64,0.3,0,0.0,0.0,0
3,6,13,64,0.3,0,0.0,0.0,0
3,6,0,64,0.4,0,0.0,0.0,0
3,6,1,64,0.4,0,0.0,0.0,0
3,6,2,64,0.4,0,0.0,0.0,0
3,6,3,64,0.4,0,0.0,0.0,0
3,6,4,64,0.4,0,0.0,0.0,0
3,6,5,64,0.4,0,0.0,0.0,0
3,6,6,64,0.4,0,0.0,0.0,0
3,6,7,64,0.4,0,0.0,0.0,0
3,6,8,64,0.4,0,0.0,0.0,0
3,6,9,64,0.4,0,0.0,0.0,0
3,6,10,64,0.4,0,0.0,0.0,0
3,6,11,64,0.4,0,0.0,0.0,0
3,6,12,64,0.4,0,0.0,0.0,0
3,6,13,64,0.4,0,0.0,0.0,0
3,6,0,128,0.01,0,0.0,0.0,0
3,6,1,128,0.01,0,0.0,0.0,0
3,6,2,128,0.01,0,0.0,0.0,0
3,6,3,128,0.01,0,0.0,0.0,0
3,6,4,128,0.01,0,0.0,0.0,0
3,6,5,128,0.01,0,0.0,0.0,0
3,6,6,128,0.01,0,0.0,0.0,0
3,6,7,128,0.01,0,0.0,0.0,0
3,6,8,128,0.01,0,0.0,0.0,0
3,6,9,128,0.01,0,0.0,0.0,0
3,6,10,128,0.01,0,0.0,0.0,0
3,6,11,128,0.01,0,0.0,0.0,0
3,6,12,128,0.01,0,0.0,0.0,0
3,6,13,128,0.01,0,0.0,0.0,0
3,6,0,128,0.025,0,0.0,0.0,0
3,6,1,128,0.025,0,0.0,0.0,0
3,6,2,128,0.025,0,0.0,0.0,0
3,6,3,128,0.025,0,0.0,0.0,0
3,6,4,128,0.025,0,0.0,0.0,0
3,6,5,128,0.025,0,0.0,0.0,0
3,6,6,128,0.025,0,0.0,0.0,0
3,6,7,128,0.025,0,0.0,0.0,0
3,6,8,128,0.025,0,0.0,0.0,0
3,6,9,128,0.025,0,0.0,0.0,0
3,6,10,128,0.025,0,0.0,0.0,0
3,6,11,128,0.025,0,0.0,0.0,0
3,6,12,128,0.025,0,0.0,0.0,0
3,6,13,128,0.025,0,0.0,0.0,0
3,6,0,128,0.05,0,0.0,0.0,0
3,6,1,128,0.05,0,0.0,0.0,0
3,6,2,128,0.05,0,0.0,0.0,0
3,6,3,128,0.05,0,0.0,0.0,0
3,6,4,128,0.05,0,0.0,0.0,0
3,6,5,128,0.05,0,0.0,0.0,0
3,6,6,128,0.05,0,0.0,0.0,0
3,6,7,128,0.05,0,0.0,0.0,0
3,6,8,128,0.05,0,0.0,0.0,0
3,6,9,128,0.05,0,0.0,0.0,0
3,6,10,128,0.05,0,0.0,0.0,0
3,6,11,128,0.05,0,0.0,0.0,0
3,6,12,128,0.05,0,0.0,0.0,0
3,6,13,128,0.05,0,0.0,0.0,0
3,6,0,128,0.075,0,0.0,0.0,0
3,6,1,128,0.075,0,0.0,0.0,0
3,6,2,128,0.075,0,0.0,0.0,0
3,6,3,128,0.075,0,0.0,0.0,0
3,6,4,128,0.075,0,0.0,0.0,0
3,6,5,128,0.075,0,0.0,0.0,0
3,6,6,128,0.075,0,0.0,0.0,0
3,6,7,128,0.075,0,0.0,0.0,0
3,6,8,128,0.075,0,0.0,0.0,0
3,6,9,128,0.075,0,0.0,0.0,0
3,6,10,128,0.075,0,0.0,0.0,0
3,6,11,128,0.075,0,0.0,0.0,0
3,6,12,128,0.075,0,0.0,0.0,0
3,6,13,128,0.075,0,0.0,0.0,0
3,6,0,128,0.1,0,0.0,0.0,0
3,6,1,128,0.1,0,0.0,0.0,0
3,6,2,128,0.1,0,0.0,0.0,0
3,6,3,128,0.1,0,0.0,0.0,0
3,6,4,128,0.1,0,0.0,0.0,0
3,6,5,128,0.1,0,0.0,0.0,0
3,6,6,128,0.1,0,0.0,0.0,0
3,6,7,128,0.1,0,0.0,0.0,0
3,6,8,128,0.1,0,0.0,0.0,0
3,6,9,128,0.1,0,0.0,0.0,0
3,6,10,128,0.1,0,0.0,0.0,0
3,6,11,128,0.1,0,0.0,0.0,0
3,6,12,128,0.1,0,0.0,0.0,0
3,6,13,128,0.1,0,0.0,0.0,0
3,6,0,128,0.15,0,0.0,0.0,0
3,6,1,128,0.15,0,0.0,0.0,0
3,6,2,128,0.15,0,0.0,0.0,0
3,6,3,128,0.15,0,0.0,0.0,0
3,6,4,128,0.15,0,0.0,0.0,0
3,6,5,128,0.15,0,0.0,0.0,0
3,6,6,128,0.15,0,0.0,0.0,0
3,6,7,128,0.15,0,0.0,0.0,0
3,6,8,128,0.15,0,0.0,0.0,0
3,6,9,128,0.15,0,0.0,0.0,0
3,6,10,128,0.15,0,0.0,0.0,0
3,6,11,128,0.15,0,0.0,0.0,0
3,6,12,128,0.15,0,0.0,0.0,0
3,6,13,128,0.15,0,0.0,0.0,0
3,6,0,128,0.2,0,0.0,0.0,0
3,6,1,128,0.2,0,0.0,0.0,0
3,6,2,128,0.2,0,0.0,0.0,0
3,6,3,128,0.2,0,0.0,0.0,0
3,6,4,128,0.2,0,0.0,0.0,0
3,6,5,128,0.2,0,0.0,0.0,0
3,6,6,128,0.2,0,0.0,0.0,0
3,6,7,128,0.2,0,0.0,0.0,0
3,6,8,128,0.2,0,0.0,0.0,0
3,6,9,128,0.2,0,0.0,0.0,0
3,6,10,128,0.2,0,0.0,0.0,0
3,6,11,128,0.2,0,0.0,0.0,0
3,6,12,128,0.2,0,0.0,0.0,0
3,6,13,128,0.2,0,0.0,0.0,0
3,6,0,128,0.3,0,0.0,0.0,0
3,6,1,128,0.3,0,0.0,0.0,0
3,6,2,128,0.3,0,0.0,0.0,0
3,6,3,128,0.3,0,0.0,0.0,0
3,6,4,128,0.3,0,0.0,0.0,0
3,6,5,128,0.3,0,0.0,0.0,0
3,6,6,128,0.3,0,0.0,0.0,0
3,6,7,128,0.3,0,0.0,0.0,0
3,6,8,128,0.3,0,0.0,0.0,0
3,6,9,128,0.3,0,0.0,0.0,0
3,6,10,128,0.3,0,0.0,0.0,0
3,6,11,128,0.3,0,0.0,0.0,0
3,6,12,128,0.3,0,0.0,0.0,0
3,6,13,128,0.3,0,0.0,0.0,0
3,6,0,128,0.4,0,0.0,0.0,0
3,6,1,128,0.4,0,0.0,0.0,0
3,6,2,128,0.4,0,0.0,0.0,0
3,6,3,128,0.4,0,0.0,0.0,0
3,6,4,128,0.4,0,0.0,0.0,0
3,6,5,128,0.4,0,0.0,0.0,0
3,6,6,128,0.4,0,0.0,0.0,0
3,6,7,128,0.4,0,0.0,0.0,0
3,6,8,128,0.4,0,0.0,0.0,0
3,6,9,128,0.4,0,0.0,0.0,0
3,6,10,128,0.4,0,0.0,0.0,0
3,6,11,128,0.4,0,0.0,0.0,0
3,6,12,128,0.4,0,0.0,0.0,0
3,6,13,128,0.4,0,0.0,0.0,0
3,12,0,4,0.01,0,0.0,0.0,0
3,12,1,4,0.01,0,0.0,0.0,0
3,12,2,4,0.01,0,0.0,0.0,0
3,12,3,4,0.01,0,0.0,0.0,0
3,12,4,4,0.01,0,0.0,0.0,0
3,12,5,4,0.01,0,0.0,0.0,0
3,12,6,4,0.01,0,0.0,0.0,0
3,12,7,4,0.01,0,0.0,0.0,0
3,12,8,4,0.01,0,0.0,0.0,0
3,12,9,4,0.01,0,0.0,0.0,0
3,12,10,4,0.01,0,0.0,0.0,0
3,12,11,4,0.01,0,0.0,0.0,0
3,12,12,4,0.01,0,0.0,0.0,0
3,12,13,4,0.01,0,0.0,0.0,0
3,12,0,4,0.025,0,0.0,0.0,0
3,12,1,4,0.025,0,0.0,0.0,0
3,12,2,4,0.025,0,0.0,0.0,0
3,12,3,4,0.025,0,0.0,0.0,0
3,12,4,4,0.025,0,0.0,0.0,0
3,12,5,4,0.025,0,0.0,0.0,0
3,12,6,4,0.025,0,0.0,0.0,0
3,12,7,4,0.025,0,0.0,0.0,0
3,12,8,4,0.025,0,0.0,0.0,0
3,12,9,4,0.025,0,0.0,0.0,0
3,12,10,4,0.025,0,0.0,0.0,0
3,12,11,4,0.025,0,0.0,0.0,0
3,12,12,4,0.025,0,0.0,0.0,0
3,12,13,4,0.025,0,0.0,0.0,0
3,12,0,4,0.05,0,0.0,0.0,0
3,12,1,4,0.05,0,0.0,0.0,0
3,12,2,4,0.05,0,0.0,0.0,0
3,12,3,4,0.05,0,0.0,0.0,0
3,12,4,4,0.05,0,0.0,0.0,0
3,12,5,4,0.05,0,0.0,0.0,0
3,12,6,4,0.05,0,0.0,0.0,0
3,12,7,4,0.05,0,0.0,0.0,0
3,12,8,4,0.05,0,0.0,0.0,0
3,12,9,4,0.05,0,0.0,0.0,0
3,12,10,4,0.05,0,0.0,0.0,0
3,12,11,4,0.05,0,0.0,0.0,0
3,12,12,4,0.05,0,0.0,0.0,0
3,12,13,4,0.05,0,0.0,0.0,0
3,12,0,4,0.075,0,0.0,0.0,0
3,12,1,4,0.075,0,0.0,0.0,0
3,12,2,4,0.075,0,0.0,0.0,0
3,12,3,4,0.075,0,0.0,0.0,0
3,12,4,4,0.075,0,0.0,0.0,0
3,12,5,4,0.075,0,0.0,0.0,0
3,12,6,4,0.075,0,0.0,0.0,0
3,12,7,4,0.075,0,0.0,0.0,0
3,12,8,4,0.075,0,0.0,0.0,0
3,12,9,4,0.075,0,0.0,0.0,0
3,12,10,4,0.075,0,0.0,0.0,0
3,12,11,4,0.075,0,0.0,0.0,0
3,12,12,4,0.075,0,0.0,0.0,0
3,12,13,4,0.075,0,0.0,0.0,0
3,12,0,4,0.1,0,0.0,0.0,0
3,12,1,4,0.1,0,0.0,0.0,0
3,12,2,4,0.1,0,0.0,0.0,0
3,12,3,4,0.1,0,0.0,0.0,0
3,12,4,4,0.1,0,0.0,0.0,0
3,12,5,4,0.1,0,0.0,0.0,0
3,12,6,4,0.1,0,0.0,0.0,0
3,12,7,4,0.1,0,0.0,0.0,0
3,12,8,4,0.1,0,0.0,0.0,0
3,12,9,4,0.1,0,0.0,0.0,0
3,12,10,4,0.1,0,0.0,0.0,0
3,12,11,4,0.1,0,0.0,0.0,0
3,12,12,4,0.1,0,0.0,0.0,0
3,12,13,4,0.1,0,0.0,0.0,0
3,12,0,4,0.15,0,0.0,0.0,0
3,12,1,4,0.15,0,0.0,0.0,0
3,12,2,4,0.15,0,0.0,0.0,0
3,12,3,4,0.15,0,0.0,0.0,0
3,12,4,4,0.15,0,0.0,0.0,0
3,12,5,4,0.15,0,0.0,0.0,0
3,12,6,4,0.15,0,0.0,0.0,0
3,12,7,4,0.15,0,0.0,0.0,0
3,12,8,4,0.15,0,0.0,0.0,0
3,12,9,4,0.15,0,0.0,0.0,0
3,12,10,4,0.15,0,0.0,0.0,0
3,12,11,4,0.15,0,0.0,0.0,0
3,12,12,4,0.15,0,0.0,0.0,0
3,12,13,4,0.15,0,0.0,0.0,0
3,12,0,4,0.2,0,0.0,0.0,0
3,12,1,4,0.2,0,0.0,0.0,0
3,12,2,4,0.2,0,0.0,0.0,0
3,12,3,4,0.2,0,0.0,0.0,0
3,12,4,4,0.2,0,0.0,0.0,0
3,12,5,4,0.2,0,0.0,0.0,0
3,12,6,4,0.2,0,0.0,0.0,0
3,12,7,4,0.2,0,0.0,0.0,0
3,12,8,4,0.2,0,0.0,0.0,0
3,12,9,4,0.2,0,0.0,0.0,0
3,12,10,4,0.2,0,0.0,0.0,0
3,12,11,4,0.2,0,0.0,0.0,0
3,12,12,4,0.2,0,0.0,0.0,0
3,12,13,4,0.2,0,0.0,0.0,0
3,12,0,4,0.3,0,0.0,0.0,0
3,12,1,4,0.3,0,0.0,0.0,0
3,12,2,4,0.3,0,0.0,0.0,0
3,12,3,4,0.3,0,0.0,0.0,0
3,12,4,4,0.3,0,0.0,0.0,0
3,12,5,4,0.3,0,0.0,0.0,0
3,12,6,4,0.3,0,0.0,0.0,0
3,12,7,4,0.3,0,0.0,0.0,0
3,12,8,4,0.3,0,0.0,0.0,0
3,12,9,4,0.3,0,0.0,0.0,0
3,12,10,4,0.3,0,0.0,0.0,0
3,12,11,4,0.3,0,0.0,0.0,0
3,12,12,4,0.3,0,0.0,0.0,0
3,12,13,4,0.3,0,0.0,0.0,0
3,12,0,4,0.4,0,0.0,0.0,0
3,12,1,4,0.4,0,0.0,0.0,0
3,12,2,4,0.4,0,0.0,0.0,0
3,12,3,4,0.4,0,0.0,0.0,0
3,12,4,4,0.4,0,0.0,0.0,0
3,12,5,4,0.4,0,0.0,0.0,0
3,12,6,4,0.4,0,0.0,0.0,0
3,12,7,4,0.4,0,0.0,0.0,0
3,12,8,4,0.4,0,0.0,0.0,0
3,12,9,4,0.4,0,0.0,0.0,0
3,12,10,4,0.4,0,0.0,0.0,0
3,12,11,4,0.4,0,0.0,0.0,0
3,12,12,4,0.4,0,0.0,0.0,0
3,12,13,4,0.4,0,0.0,0.0,0
3,12,0,8,0.01,0,0.0,0.0,0
3,12,1,8,0.01,0,0.0,0.0,0
3,12,2,8,0.01,0,0.0,0.0,0
3,12,3,8,0.01,0,0.0,0.0,0
3,12,4,8,0.01,0,0.0,0.0,0
3,12,5,8,0.01,0,0.0,0.0,0
3,12,6,8,0.01,0,0.0,0.0,0
3,12,7,8,0.01,0,0.0,0.0,0
3,12,8,8,0.01,0,0.0,0.0,0
3,12,9,8,0.01,0,0.0,0.0,0
3,12,10,8,0.01,0,0.0,0.0,0
3,12,11,8,0.01,0,0.0,0.0,0
3,12,12,8,0.01,0,0.0,0.0,0
3,12,13,8,0.01,0,0.0,0.0,0
3,12,0,8,0.025,0,0.0,0.0,0
3,12,1,8,0.025,0,0.0,0.0,0
3,12,2,8,0.025,0,0.0,0.0,0
3,12,3,8,0.025,0,0.0,0.0,0
3,12,4,8,0.025,0,0.0,0.0,0
3,12,5,8,0.025,0,0.0,0.0,0
3,12,6,8,0.025,0,0.0,0.0,0
3,12,7,8,0.025,0,0.0,0.0,0
3,12,8,8,0.025,0,0.0,0.0,0
3,12,9,8,0.025,0,0.0,0.0,0
3,12,10,8,0.025,0,0.0,0.0,0
3,12,11,8,0.025,0,0.0,0.0,0
3,12,12,8,0.025,0,0.0,0.0,0
3,12,13,8,0.025,0,0.0,0.0,0
3,12,0,8,0.05,0,0.0,0.0,0
3,12,1,8,0.05,0,0.0,0.0,0
3,12,2,8,0.05,0,0.0,0.0,0
3,12,3,8,0.05,0,0.0,0.0,0
3,12,4,8,0.05,0,0.0,0.0,0
3,12,5,8,0.05,0,0.0,0.0,0
3,12,6,8,0.05,0,0.0,0.0,0
3,12,7,8,0.05,0,0.0,0.0,0
3,12,8,8,0.05,0,0.0,0.0,0
3,12,9,8,0.05,0,0.0,0.0,0
3,12,10,8,0.05,0,0.0,0.0,0
3,12,11,8,0.05,0,0.0,0.0,0
3,12,12,8,0.05,0,0.0,0.0,0
3,12,13,8,0.05,0,0.0,0.0,0
3,12,0,8,0.075,0,0.0,0.0,0
3,12,1,8,0.075,0,0.0,0.0,0
3,12,2,8,0.075,0,0.0,0.0,0
3,12,3,8,0.075,0,0.0,0.0,0
3,12,4,8,0.075,0,0.0,0.0,0
3,12,5,8,0.075,0,0.0,0.0,0
3,12,6,8,0.075,0,0.0,0.0,0
3,12,7,8,0.075,0,0.0,0.0,0
3,12,8,8,0.075,0,0.0,0.0,0
3,12,9,8,0.075,0,0.0,0.0,0
3,12,10,8,0.075,0,0.0,0.0,0
3,12,11,8,0.075,0,0.0,0.0,0
3,12,12,8,0.075,0,0.0,0.0,0
3,12,13,8,0.075,0,0.0,0.0,0
3,12,0,8,0.1,0,0.0,0.0,0
3,12,1,8,0.1,0,0.0,0.0,0
3,12,2,8,0.1,0,0.0,0.0,0
3,12,3,8,0.1,0,0.0,0.0,0
3,12,4,8,0.1,0,0.0,0.0,0
3,12,5,8,0.1,0,0.0,0.0,0
3,12,6,8,0.1,0,0.0,0.0,0
3,12,7,8,0.1,0,0.0,0.0,0
3,12,8,8,0.1,0,0.0,0.0,0
3,12,9,8,0.1,0,0.0,0.0,0
3,12,10,8,0.1,0,0.0,0.0,0
3,12,11,8,0.1,0,0.0,0.0,0
3,12,12,8,0.1,0,0.0,0.0,0
3,12,13,8,0.1,0,0.0,0.0,0
3,12,0,8,0.15,0,0.0,0.0,0
3,12,1,8,0.15,0,0.0,0.0,0
3,12,2,8,0.15,0,0.0,0.0,0
3,12,3,8,0.15,0,0.0,0.0,0
3,12,4,8,0.15,0,0.0,0.0,0
3,12,5,8,0.15,0,0.0,0.0,0
3,12,6,8,0.15,0,0.0,0.0,0
3,12,7,8,0.15,0,0.0,0.0,0
3,12,8,8,0.15,0,0.0,0.0,0
3,12,9,8,0.15,0,0.0,0.0,0
3,12,10,8,0.15,0,0.0,0.0,0
3,12,11,8,0.15,0,0.0,0.0,0
3,12,12,8,0.15,0,0.0,0.0,0
3,12,13,8,0.15,0,0.0,0.0,0
3,12,0,8,0.2,0,0.0,0.0,0
3,12,1,8,0.2,0,0.0,0.0,0
3,12,2,8,0.2,0,0.0,0.0,0
3,12,3,8,0.2,0,0.0,0.0,0
3,12,4,8,0.2,0,0.0,0.0,0
3,12,5,8,0.2,0,0.0,0.0,0
3,12,6,8,0.2,0,0.0,0.0,0
3,12,7,8,0.2,0,0.0,0.0,0
3,12,8,8,0.2,0,0.0,0.0,0
3,12,9,8,0.2,0,0.0,0.0,0
3,12,10,8,0.2,0,0.0,0.0,0
3,12,11,8,0.2,0,0.0,0.0,0
3,12,12,8,0.2,0,0.0,0.0,0
3,12,13,8,0.2,0,0.0,0.0,0
3,12,0,8,0.3,0,0.0,0.0,0
3,12,1,8,0.3,0,0.0,0.0,0
3,12,2,8,0.3,0,0.0,0.0,0
3,12,3,8,0.3,0,0.0,0.0,0
3,12,4,8,0.3,0,0.0,0.0,0
3,12,5,8,0.3,0,0.0,0.0,0
3,12,6,8,0.3,0,0.0,0.0,0
3,12,7,8,0.3,0,0.0,0.0,0
3,12,8,8,0.3,0,0.0,0.0,0
3,12,9,8,0.3,0,0.0,0.0,0
3,12,10,8,0.3,0,0.0,0.0,0
3,12,11,8,0.3,0,0.0,0.0,0
3,12,12,8,0.3,0,0.0,0.0,0
3,12,13,8,0.3,0,0.0,0.0,0
3,12,0,8,0.4,0,0.0,0.0,0
3,12,1,8,0.4,0,0.0,0.0,0
3,12,2,8,0.4,0,0.0,0.0,0
3,12,3,8,0.4,0,0.0,0.0,0
3,12,4,8,0.4,0,0.0,0.0,0
3,12,5,8,0.4,0,0.0,0.0,0
3,12,6,8,0.4,0,0.0,0.0,0
3,12,7,8,0.4,0,0.0,0.0,0
3,12,8,8,0.4,0,0.0,0.0,0
3,12,9,8,0.4,0,0.0,0.0,0
3,12,10,8,0.4,0,0.0,0.0,0
3,12,11,8,0.4,0,0.0,0.0,0
3,12,12,8,0.4,0,0.0,0.0,0
3,12,13,8,0.4,0,0.0,0.0,0
3,12,0,16,0.01,0,0.0,0.0,0
3,12,1,16,0.01,0,0.0,0.0,0
3,12,2,16,0.01,0,0.0,0.0,0
3,12,3,16,0.01,0,0.0,0.0,0
3,12,4,16,0.01,0,0.0,0.0,0
3,12,5,16,0.01,0,0.0,0.0,0
3,12,6,16,0.01,0,0.0,0.0,0
3,12,7,16,0.01,0,0.0,0.0,0
3,12,8,16,0.01,0,0.0,0.0,0
3,12,9,16,0.01,0,0.0,0.0,0
3,12,10,16,0.01,0,0.0,0.0,0
3,12,11,16,0.01,0,0.0,0.0,0
3,12,12,16,0.01,0,0.0,0.0,0
3,12,13,16,0.01,0,0.0,0.0,0
3,12,0,16,0.025,0,0.0,0.0,0
3,12,1,16,0.025,0,0.0,0.0,0
3,12,2,16,0.025,0,0.0,0.0,0
3,12,3,16,0.025,0,0.0,0.0,0
3,12,4,16,0.025,0,0.0,0.0,0
3,12,5,16,0.025,0,0.0,0.0,0
3,12,6,16,0.025,0,0.0,0.0,0
3,12,7,16,0.025,0,0.0,0.0,0
3,12,8,16,0.025,0,0.0,0.0,0
3,12,9,16,0.025,0,0.0,0.0,0
3,12,10,16,0.025,0,0.0,0.0,0
3,12,11,16,0.025,0,0.0,0.0,0
3,12,12,16,0.025,0,0.0,0.0,0
3,12,13,16,0.025,0,0.0,0.0,0
3,12,0,16,0.05,0,0.0,0.0,0
3,12,1,16,0.05,0,0.0,0.0,0
3,12,2,16,0.05,0,0.0,0.0,0
3,12,3,16,0.05,0,0.0,0.0,0
3,12,4,16,0.05,0,0.0,0.0,0
3,12,5,16,0.05,0,0.0,0.0,0
3,12,6,16,0.05,0,0.0,0.0,0
3,12,7,16,0.05,0,0.0,0.0,0
3,12,8,16,0.05,0,0.0,0.0,0
3,12,9,16,0.05,0,0.0,0.0,0
3,12,10,16,0.05,0,0.0,0.0,0
3,12,11,16,0.05,0,0.0,0.0,0
3,12,12,16,0.05,0,0.0,0.0,0
3,12,13,16,0.05,0,0.0,0.0,0
3,12,0,16,0.075,0,0.0,0.0,0
3,12,1,16,0.075,0,0.0,0.0,0
3,12,2,16,0.075,0,0.0,0.0,0
3,12,3,16,0.075,0,0.0,0.0,0
3,12,4,16,0.075,0,0.0,0.0,0
3,12,5,16,0.075,0,0.0,0.0,0
3,12,6,16,0.075,0,0.0,0.0,0
3,12,7,16,0.075,0,0.0,0.0,0
3,12,8,16,0.075,0,0.0,0.0,0
3,12,9,16,0.075,0,0.0,0.0,0
3,12,10,16,0.075,0,0.0,0.0,0
3,12,11,16,0.075,0,0.0,0.0,0
3,12,12,16,0.075,0,0.0,0.0,0
3,12,13,16,0.075,0,0.0,0.0,0
3,12,0,16,0.1,0,0.0,0.0,0
3,12,1,16,0.1,0,0.0,0.0,0
3,12,2,16,0.1,0,0.0,0.0,0
3,12,3,16,0.1,0,0.0,0.0,0
3,12,4,16,0.1,0,0.0,0.0,0
3,12,5,16,0.1,0,0.0,0.0,0
3,12,6,16,0.1,0,0.0,0.0,0
3,12,7,16,0.1,0,0.0,0.0,0
3,12,8,16,0.1,0,0.0,0.0,0
3,12,9,16,0.1,0,0.0,0.0,0
3,12,10,16,0.1,0,0.0,0.0,0
3,12,11,16,0.1,0,0.0,0.0,0
3,12,12,16,0.1,0,0.0,0.0,0
3,12,13,16,0.1,0,0.0,0.0,0
3,12,0,16,0.15,0,0.0,0.0,0
3,12,1,16,0.15,0,0.0,0.0,0
3,12,2,16,0.15,0,0.0,0.0,0
3,12,3,16,0.15,0,0.0,0.0,0
3,12,4,16,0.15,0,0.0,0.0,0
3,12,5,16,0.15,0,0.0,0.0,0
3,12,6,16,0.15,0,0.0,0.0,0
3,12,7,16,0.15,0,0.0,0.0,0
3,12,8,16,0.15,0,0.0,0.0,0
3,12,9,16,0.15,0,0.0,0.0,0
3,12,10,16,0.15,0,0.0,0.0,0
3,12,11,16,0.15,0,0.0,0.0,0
3,12,12,16,0.15,0,0.0,0.0,0
3,12,13,16,0.15,0,0.0,0.0,0
3,12,0,16,0.2,0,0.0,0.0,0
3,12,1,16,0.2,0,0.0,0.0,0
3,12,2,16,0.2,0,0.0,0.0,0
3,12,3,16,0.2,0,0.0,0.0,0
3,12,4,16,0.2,0,0.0,0.0,0
3,12,5,16,0.2,0,0.0,0.0,0
3,12,6,16,0.2,0,0.0,0.0,0
3,12,7,16,0.2,0,0.0,0.0,0
3,12,8,16,0.2,0,0.0,0.0,0
3,12,9,16,0.2,0,0.0,0.0,0
3,12,10,16,0.2,0,0.0,0.0,0
3,12,11,16,0.2,0,0.0,0.0,0
3,12,12,16,0.2,0,0.0,0.0,0
3,12,13,16,0.2,0,0.0,0.0,0
3,12,0,16,0.3,0,0.0,0.0,0
3,12,1,16,0.3,0,0.0,0.0,0
3,12,2,16,0.3,0,0.0,0.0,0
3,12,3,16,0.3,0,0.0,0.0,0
3,12,4,16,0.3,0,0.0,0.0,0
3,12,5,16,0.3,0,0.0,0.0,0
3,12,6,16,0.3,0,0.0,0.0,0
3,12,7,16,0.3,0,0.0,0.0,0
3,12,8,16,0.3,0,0.0,0.0,0
3,12,9,16,0.3,0,0.0,0.0,0
3,12,10,16,0.3,0,0.0,0.0,0
3,12,11,16,0.3,0,0.0,0.0,0
3,12,12,16,0.3,0,0.0,0.0,0
3,12,13,16,0.3,0,0.0,0.0,0
3,12,0,16,0.4,0,0.0,0.0,0
3,12,1,16,0.4,0,0.0,0.0,0
3,12,2,16,0.4,0,0.0,0.0,0
3,12,3,16,0.4,0,0.0,0.0,0
3,12,4,16,0.4,0,0.0,0.0,0
3,12,5,16,0.4,0,0.0,0.0,0
3,12,6,16,0.4,0,0.0,0.0,0
3,12,7,16,0.4,0,0.0,0.0,0
3,12,8,16,0.4,0,0.0,0.0,0
3,12,9,16,0.4,0,0.0,0.0,0
3,12,10,16,0.4,0,0.0,0.0,0
3,12,11,16,0.4,0,0.0,0.0,0
3,12,12,16,0.4,0,0.0,0.0,0
3,12,13,16,0.4,0,0.0,0.0,0
3,12,0,32,0.01,0,0.0,0.0,0
3,12,1,32,0.01,0,0.0,0.0,0
3,12,2,32,0.01,0,0.0,0.0,0
3,12,3,32,0.01,0,0.0,0.0,0
3,12,4,32,0.01,0,0.0,0.0,0
3,12,5,32,0.01,0,0.0,0.0,0
3,12,6,32,0.01,0,0.0,0.0,0
3,12,7,32,0.01,0,0.0,0.0,0
3,12,8,32,0.01,0,0.0,0.0,0
3,12,9,32,0.01,0,0.0,0.0,0
3,12,10,32,0.01,0,0.0,0.0,0
3,12,11,32,0.01,0,0.0,0.0,0
3,12,12,32,0.01,0,0.0,0.0,0
3,12,13,32,0.01,0,0.0,0.0,0
3,12,0,32,0.025,0,0.0,0.0,0
3,12,1,32,0.025,0,0.0,0.0,0
3,12,2,32,0.025,0,0.0,0.0,0
3,12,3,32,0.025,0,0.0,0.0,0
3,12,4,32,0.025,0,0.0,0.0,0
3,12,5,32,0.025,0,0.0,0.0,0
3,12,6,32,0.025,0,0.0,0.0,0
3,12,7,32,0.025,0,0.0,0.0,0
3,12,8,32,0.025,0,0.0,0.0,0
3,12,9,32,0.025,0,0.0,0.0,0
3,12,10,32,0.025,0,0.0,0.0,0
3,12,11,32,0.025,0,0.0,0.0,0
3,12,12,32,0.025,0,0.0,0.0,0
3,12,13,32,0.025,0,0.0,0.0,0
3,12,0,32,0.05,0,0.0,0.0,0
3,12,1,32,0.05,0,0.0,0.0,0
3,12,2,32,0.05,0,0.0,0.0,0
3,12,3,32,0.05,0,0.0,0.0,0
3,12,4,32,0.05,0,0.0,0.0,0
3,12,5,32,0.05,0,0.0,0.0,0
3,12,6,32,0.05,0,0.0,0.0,0
3,12,7,32,0.05,0,0.0,0.0,0
3,12,8,32,0.05,0,0.0,0.0,0
3,12,9,32,0.05,0,0.0,0.0,0
3,12,10,32,0.05,0,0.0,0.0,0
3,12,11,32,0.05,0,0.0,0.0,0
3,12,12,32,0.05,0,0.0,0.0,0
3,12,13,32,0.05,0,0.0,0.0,0
3,12,0,32,0.075,0,0.0,0.0,0
3,12,1,32,0.075,0,0.0,0.0,0
3,12,2,32,0.075,0,0.0,0.0,0
3,12,3,32,0.075,0,0.0,0.0,0
3,12,4,32,0.075,0,0.0,0.0,0
3,12,5,32,0.075,0,0.0,0.0,0
3,12,6,32,0.075,0,0.0,0.0,0
3,12,7,32,0.075,0,0.0,0.0,0
3,12,8,32,0.075,0,0.0,0.0,0
3,12,9,32,0.075,0,0.0,0.0,0
3,12,10,32,0.075,0,0.0,0.0,0
3,12,11,32,0.075,0,0.0,0.0,0
3,12,12,32,0.075,0,0.0,0.0,0
3,12,13,32,0.075,0,0.0,0.0,0
3,12,0,32,0.1,0,0.0,0.0,0
3,12,1,32,0.1,0,0.0,0.0,0
3,12,2,32,0.1,0,0.0,0.0,0
3,12,3,32,0.1,0,0.0,0.0,0
3,12,4,32,0.1,0,0.0,0.0,0
3,12,5,32,0.1,0,0.0,0.0,0
3,12,6,32,0.1,0,0.0,0.0,0
3,12,7,32,0.1,0,0.0,0.0,0
3,12,8,32,0.1,0,0.0,0.0,0
3,12,9,32,0.1,0,0.0,0.0,0
3,12,10,32,0.1,0,0.0,0.0,0
3,12,11,32,0.1,0,0.0,0.0,0
3,12,12,32,0.1,0,0.0,0.0,0
3,12,13,32,0.1,0,0.0,0.0,0
3,12,0,32,0.15,0,0.0,0.0,0
3,12,1,32,0.15,0,0.0,0.0,0
3,12,2,32,0.15,0,0.0,0.0,0
3,12,3,32,0.15,0,0.0,0.0,0
3,12,4,32,0.15,0,0.0,0.0,0
3,12,5,32,0.15,0,0.0,0.0,0
3,12,6,32,0.15,0,0.0,0.0,0
3,12,7,32,0.15,0,0.0,0.0,0
3,12,8,32,0.15,0,0.0,0.0,0
3,12,9,32,0.15,0,0.0,0.0,0
3,12,10,32,0.15,0,0.0,0.0,0
3,12,11,32,0.15,0,0.0,0.0,0
3,12,12,32,0.15,0,0.0,0.0,0
3,12,13,32,0.15,0,0.0,0.0,0
3,12,0,32,0.2,0,0.0,0.0,0
3,12,1,32,0.2,0,0.0,0.0,0
3,12,2,32,0.2,0,0.0,0.0,0
3,12,3,32,0.2,0,0.0,0.0,0
3,12,4,32,0.2,0,0.0,0.0,0
3,12,5,32,0.2,0,0.0,0.0,0
3,12,6,32,0.2,0,0.0,0.0,0
3,12,7,32,0.2,0,0.0,0.0,0
3,12,8,32,0.2,0,0.0,0.0,0
3,12,9,32,0.2,0,0.0,0.0,0
3,12,10,32,0.2,0,0.0,0.0,0
3,12,11,32,0.2,0,0.0,0.0,0
3,12,12,32,0.2,0,0.0,0.0,0
3,12,13,32,0.2,0,0.0,0.0,0
3,12,0,32,0.3,0,0.0,0.0,0
3,12,1,32,0.3,0,0.0,0.0,0
3,12,2,32,0.3,0,0.0,0.0,0
3,12,3,32,0.3,0,0.0,0.0,0
3,12,4,32,0.3,0,0.0,0.0,0
3,12,5,32,0.3,0,0.0,0.0,0
3,12,6,32,0.3,0,0.0,0.0,0
3,12,7,32,0.3,0,0.0,0.0,0
3,12,8,32,0.3,0,0.0,0.0,0
3,12,9,32,0.3,0,0.0,0.0,0
3,12,10,32,0.3,0,0.0,0.0,0
3,12,11,32,0.3,0,0.0,0.0,0
3,12,12,32,0.3,0,0.0,0.0,0
3,12,13,32,0.3,0,0.0,0.0,0
3,12,0,32,0.4,0,0.0,0.0,0
3,12,1,32,0.4,0,0.0,0.0,0
3,12,2,32,0.4,0,0.0,0.0,0
3,12,3,32,0.4,0,0.0,0.0,0
3,12,4,32,0.4,0,0.0,0.0,0
3,12,5,32,0.4,0,0.0,0.0,0
3,12,6,32,0.4,0,0.0,0.0,0
3,12,7,32,0.4,0,0.0,0.0,0
3,12,8,32,0.4,0,0.0,0.0,0
3,12,9,32,0.4,0,0.0,0.0,0
3,12,10,32,0.4,0,0.0,0.0,0
3,12,11,32,0.4,0,0.0,0.0,0
3,12,12,32,0.4,0,0.0,0.0,0
3,12,13,32,0.4,0,0.0,0.0,0
3,12,0,64,0.01,0,0.0,0.0,0
3,12,1,64,0.01,0,0.0,0.0,0
3,12,2,64,0.01,0,0.0,0.0,0
3,12,3,64,0.01,0,0.0,0.0,0
3,12,4,64,0.01,0,0.0,0.0,0
3,12,5,64,0.01,0,0.0,0.0,0
3,12,6,64,0.01,0,0.0,0.0,0
3,12,7,64,0.01,0,0.0,0.0,0
3,12,8,64,0.01,0,0.0,0.0,0
3,12,9,64,0.01,0,0.0,0.0,0
3,12,10,64,0.01,0,0.0,0.0,0
3,12,11,64,0.01,0,0.0,0.0,0
3,12,12,64,0.01,0,0.0,0.0,0
3,12,13,64,0.01,0,0.0,0.0,0
3,12,0,64,0.025,0,0.0,0.0,0
3,12,1,64,0.025,0,0.0,0.0,0
3,12,2,64,0.025,0,0.0,0.0,0
3,12,3,64,0.025,0,0.0,0.0,0
3,12,4,64,0.025,0,0.0,0.0,0
3,12,5,64,0.025,0,0.0,0.0,0
3,12,6,64,0.025,0,0.0,0.0,0
3,12,7,64,0.025,0,0.0,0.0,0
3,12,8,64,0.025,0,0.0,0.0,0
3,12,9,64,0.025,0,0.0,0.0,0
3,12,10,64,0.025,0,0.0,0.0,0
3,12,11,64,0.025,0,0.0,0.0,0
3,12,12,64,0.025,0,0.0,0.0,0
3,12,13,64,0.025,0,0.0,0.0,0
3,12,0,64,0.05,0,0.0,0.0,0
3,12,1,64,0.05,0,0.0,0.0,0
3,12,2,64,0.05,0,0.0,0.0,0
3,12,3,64,0.05,0,0.0,0.0,0
3,12,4,64,0.05,0,0.0,0.0,0
3,12,5,64,0.05,0,0.0,0.0,0
3,12,6,64,0.05,0,0.0,0.0,0
3,12,7,64,0.05,0,0.0,0.0,0
3,12,8,64,0.05,0,0.0,0.0,0
3,12,9,64,0.05,0,0.0,0.0,0
3,12,10,64,0.05,0,0.0,0.0,0
3,12,11,64,0.05,0,0.0,0.0,0
3,12,12,64,0.05,0,0.0,0.0,0
3,12,13,64,0.05,0,0.0,0.0,0
3,12,0,64,0.075,0,0.0,0.0,0
3,12,1,64,0.075,0,0.0,0.0,0
3,12,2,64,0.075,0,0.0,0.0,0
3,12,3,64,0.075,0,0.0,0.0,0
3,12,4,64,0.075,0,0.0,0.0,0
3,12,5,64,0.075,0,0.0,0.0,0
3,12,6,64,0.075,0,0.0,0.0,0
3,12,7,64,0.075,0,0.0,0.0,0
3,12,8,64,0.075,0,0.0,0.0,0
3,12,9,64,0.075,0,0.0,0.0,0
3,12,10,64,0.075,0,0.0,0.0,0
3,12,11,64,0.075,0,0.0,0.0,0
3,12,12,64,0.075,0,0.0,0.0,0
3,12,13,64,0.075,0,0.0,0.0,0
3,12,0,64,0.1,0,0.0,0.0,0
3,12,1,64,0.1,0,0.0,0.0,0
3,12,2,64,0.1,0,0.0,0.0,0
3,12,3,64,0.1,0,0.0,0.0,0
3,12,4,64,0.1,0,0.0,0.0,0
3,12,5,64,0.1,0,0.0,0.0,0
3,12,6,64,0.1,0,0.0,0.0,0
3,12,7,64,0.1,0,0.0,0.0,0
3,12,8,64,0.1,0,0.0,0.0,0
3,12,9,64,0.1,0,0.0,0.0,0
3,12,10,64,0.1,0,0.0,0.0,0
3,12,11,64,0.1,0,0.0,0.0,0
3,12,12,64,0.1,0,0.0,0.0,0
3,12,13,64,0.1,0,0.0,0.0,0
3,12,0,64,0.15,0,0.0,0.0,0
3,12,1,64,0.15,0,0.0,0.0,0
3,12,2,64,0.15,0,0.0,0.0,0
3,12,3,64,0.15,0,0.0,0.0,0
3,12,4,64,0.15,0,0.0,0.0,0
3,12,5,64,0.15,0,0.0,0.0,0
3,12,6,64,0.15,0,0.0,0.0,0
3,12,7,64,0.15,0,0.0,0.0,0
3,12,8,64,0.15,0,0.0,0.0,0
3,12,9,64,0.15,0,0.0,0.0,0
3,12,10,64,0.15,0,0.0,0.0,0
3,12,11,64,0.15,0,0.0,0.0,0
3,12,12,64,0.15,0,0.0,0.0,0
3,12,13,64,0.15,0,0.0,0.0,0
3,12,0,64,0.2,0,0.0,0.0,0
3,12,1,64,0.2,0,0.0,0.0,0
3,12,2,64,0.2,0,0.0,0.0,0
3,12,3,64,0.2,0,0.0,0.0,0
3,12,4,64,0.2,0,0.0,0.0,0
3,12,5,64,0.2,0,0.0,0.0,0
3,12,6,64,0.2,0,0.0,0.0,0
3,12,7,64,0.2,0,0.0,0.0,0
3,12,8,64,0.2,0,0.0,0.0,0
3,12,9,64,0.2,0,0.0,0.0,0
3,12,10,64,0.2,0,0.0,0.0,0
3,12,11,64,0.2,0,0.0,0.0,0
3,12,12,64,0.2,0,0.0,0.0,0
3,12,13,64,0.2,0,0.0,0.0,0
3,12,0,64,0.3,0,0.0,0.0,0
3,12,1,64,0.3,0,0.0,0.0,0
3,12,2,64,0.3,0,0.0,0.0,0
3,12,3,64,0.3,0,0.0,0.0,0
3,12,4,64,0.3,0,0.0,0.0,0
3,12,5,64,0.3,0,0.0,0.0,0
3,12,6,64,0.3,0,0.0,0.0,0
3,12,7,64,0.3,0,0.0,0.0,0
3,12,8,64,0.3,0,0.0,0.0,0
3,12,9,64,0.3,0,0.0,0.0,0
3,12,10,64,0.3,0,0.0,0.0,0
3,12,11,64,0.3,0,0.0,0.0,0
3,12,12,64,0.3,0,0.0,0.0,0
3,12,13,64,0.3,0,0.0,0.0,0
3,12,0,64,0.4,0,0.0,0.0,0
3,12,1,64,0.4,0,0.0,0.0,0
3,12,2,64,0.4,0,0.0,0.0,0
3,12,3,64,0.4,0,0.0,0.0,0
3,12,4,64,0.4,0,0.0,0.0,0
3,12,5,64,0.4,0,0.0,0.0,0
3,12,6,64,0.4,0,0.0,0.0,0
3,12,7,64,0.4,0,0.0,0.0,0
3,12,8,64,0.4,0,0.0,0.0,0
3,12,9,64,0.4,0,0.0,0.0,0
3,12,10,64,0.4,0,0.0,0.0,0
3,12,11,64,0.4,0,0.0,0.0,0
3,12,12,64,0.4,0,0.0,0.0,0
3,12,13,64,0.4,0,0.0,0.0,0
3,12,0,128,0.01,0,0.0,0.0,0
3,12,1,128,0.01,0,0.0,0.0,0
3,12,2,128,0.01,0,0.0,0.0,0
3,12,3,128,0.01,0,0.0,0.0,0
3,12,4,128,0.01,0,0.0,0.0,0
3,12,5,128,0.01,0,0.0,0.0,0
3,12,6,128,0.01,0,0.0,0.0,0
3,12,7,128,0.01,0,0.0,0.0,0
3,12,8,128,0.01,0,0.0,0.0,0
3,12,9,128,0.01,0,0.0,0.0,0
3,12,10,128,0.01,0,0.0,0.0,0
3,12,11,128,0.01,0,0.0,0.0,0
3,12,12,128,0.01,0,0.0,0.0,0
3,12,13,128,0.01,0,0.0,0.0,0
3,12,0,128,0.025,0,0.0,0.0,0
3,12,1,128,0.025,0,0.0,0.0,0
3,12,2,128,0.025,0,0.0,0.0,0
3,12,3,128,0.025,0,0.0,0.0,0
3,12,4,128,0.025,0,0.0,0.0,0
3,12,5,128,0.025,0,0.0,0.0,0
3,12,6,128,0.025,0,0.0,0.0,0
3,12,7,128,0.025,0,0.0,0.0,0
3,12,8,128,0.025,0,0.0,0.0,0
3,12,9,128,0.025,0,0.0,0.0,0
3,12,10,128,0.025,0,0.0,0.0,0
3,12,11,128,0.025,0,0.0,0.0,0
3,12,12,128,0.025,0,0.0,0.0,0
3,12,13,128,0.025,0,0.0,0.0,0
3,12,0,128,0.05,0,0.0,0.0,0
3,12,1,128,0.05,0,0.0,0.0,0
3,12,2,128,0.05,0,0.0,0.0,0
3,12,3,128,0.05,0,0.0,0.0,0
3,12,4,128,0.05,0,0.0,0.0,0
3,12,5,128,0.05,0,0.0,0.0,0
3,12,6,128,0.05,0,0.0,0.0,0
3,12,7,128,0.05,0,0.0,0.0,0
3,12,8,128,0.05,0,0.0,0.0,0
3,12,9,128,0.05,0,0.0,0.0,0
3,12,10,128,0.05,0,0.0,0.0,0
3,12,11,128,0.05,0,0.0,0.0,0
3,12,12,128,0.05,0,0.0,0.0,0
3,12,13,128,0.05,0,0.0,0.0,0
3,12,0,128,0.075,0,0.0,0.0,0
3,12,1,128,0.075,0,0.0,0.0,0
3,12,2,128,0.075,0,0.0,0.0,0
3,12,3,128,0.075,0,0.0,0.0,0
3,12,4,128,0.075,0,0.0,0.0,0
3,12,5,128,0.075,0,0.0,0.0,0
3,12,6,128,0.075,0,0.0,0.0,0
3,12,7,128,0.075,0,0.0,0.0,0
3,12,8,128,0.075,0,0.0,0.0,0
3,12,9,128,0.075,0,0.0,0.0,0
3,12,10,128,0.075,0,0.0,0.0,0
3,12,11,128,0.075,0,0.0,0.0,0
3,12,12,128,0.075,0,0.0,0.0,0
3,12,13,128,0.075,0,0.0,0.0,0
3,12,0,128,0.1,0,0.0,0.0,0
3,12,1,128,0.1,0,0.0,0.0,0
3,12,2,128,0.1,0,0.0,0.0,0
3,12,3,128,0.1,0,0.0,0.0,0
3,12,4,128,0.1,0,0.0,0.0,0
3,12,5,128,0.1,0,0.0,0.0,0
3,12,6,128,0.1,0,0.0,0.0,0
3,12,7,128,0.1,0,0.0,0.0,0
3,12,8,128,0.1,0,0.0,0.0,0
3,12,9,128,0.1,0,0.0,0.0,0
3,12,10,128,0.1,0,0.0,0.0,0
3,12,11,128,0.1,0,0.0,0.0,0
3,12,12,128,0.1,0,0.0,0.0,0
3,12,13,128,0.1,0,0.0,0.0,0
3,12,0,128,0.15,0,0.0,0.0,0
3,12,1,128,0.15,0,0.0,0.0,0
3,12,2,128,0.15,0,0.0,0.0,0
3,12,3,128,0.15,0,0.0,0.0,0
3,12,4,128,0.15,0,0.0,0.0,0
3,12,5,128,0.15,0,0.0,0.0,0
3,12,6,128,0.15,0,0.0,0.0,0
3,12,7,128,0.15,0,0.0,0.0,0
3,12,8,128,0.15,0,0.0,0.0,0
3,12,9,128,0.15,0,0.0,0.0,0
3,12,10,128,0.15,0,0.0,0.0,0
3,12,11,128,0.15,0,0.0,0.0,0
3,12,12,128,0.15,0,0.0,0.0,0
3,12,13,128,0.15,0,0.0,0.0,0
3,12,0,128,0.2,0,0.0,0.0,0
3,12,1,128,0.2,0,0.0,0.0,0
3,12,2,128,0.2,0,0.0,0.0,0
3,12,3,128,0.2,0,0.0,0.0,0
3,12,4,128,0.2,0,0.0,0.0,0
3,12,5,128,0.2,0,0.0,0.0,0
3,12,6,128,0.2,0,0.0,0.0,0
3,12,7,128,0.2,0,0.0,0.0,0
3,12,8,128,0.2,0,0.0,0.0,0
3,12,9,128,0.2,0,0.0,0.0,0
3,12,10,128,0.2,0,0.0,0.0,0
3,12,11,128,0.2,0,0.0,0.0,0
3,12,12,128,0.2,0,0.0,0.0,0
3,12,13,128,0.2,0,0.0,0.0,0
3,12,0,128,0.3,0,0.0,0.0,0
3,12,1,128,0.3,0,0.0,0.0,0
3,12,2,128,0.3,0,0.0,0.0,0
3,12,3,128,0.3,0,0.0,0.0,0
3,12,4,128,0.3,0,0.0,0.0,0
3,12,5,128,0.3,0,0.0,0.0,0
3,12,6,128,0.3,0,0.0,0.0,0
3,12,7,128,0.3,0,0.0,0.0,0
3,12,8,128,0.3,0,0.0,0.0,0
3,12,9,128,0.3,0,0.0,0.0,0
3,12,10,128,0.3,0,0.0,0.0,0
3,12,11,128,0.3,0,0.0,0.0,0
3,12,12,128,0.3,0,0.0,0.0,0
3,12,13,128,0.3,0,0.0,0.0,0
3,12,0,128,0.4,0,0.0,0.0,0
3,12,1,128,0.4,0,0.0,0.0,0
3,12,2,128,0.4,0,0.0,0.0,0
3,12,3,128,0.4,0,0.0,0.0,0
3,12,4,128,0.4,0,0.0,0.0,0
3,12,5,128,0.4,0,0.0,0.0,0
3,12,6,128,0.4,0,0.0,0.0,0
3,12,7,128,0.4,0,0.0,0.0,0
3,12,8,128,0.4,0,0.0,0.0,0
3,12,9,128,0.4,0,0.0,0.0,0
3,12,10,128,0.4,0,0.0,0.0,0
3,12,11,128,0.4,0,0.0,0.0,0
3,12,12,128,0.4,0,0.0,0.0,0
3,12,13,128,0.4,0,0.0,0.0,0
3,18,0,4,0.01,0,0.0,0.0,0
3,18,1,4,0.01,0,0.0,0.0,0
3,18,2,4,0.01,0,0.0,0.0,0
3,18,3,4,0.01,0,0.0,0.0,0
3,18,4,4,0.01,0,0.0,0.0,0
3,18,5,4,0.01,0,0.0,0.0,0
3,18,6,4,0.01,0,0.0,0.0,0
3,18,7,4,0.01,0,0.0,0.0,0
3,18,8,4,0.01,0,0.0,0.0,0
3,18,9,4,0.01,0,0.0,0.0,0
3,18,10,4,0.01,0,0.0,0.0,0
3,18,11,4,0.01,0,0.0,0.0,0
3,18,12,4,0.01,0,0.0,0.0,0
3,18,13,4,0.01,0,0.0,0.0,0
3,18,0,4,0.025,0,0.0,0.0,0
3,18,1,4,0.025,0,0.0,0.0,0
3,18,2,4,0.025,0,0.0,0.0,0
3,18,3,4,0.025,0,0.0,0.0,0
3,18,4,4,0.025,0,0.0,0.0,0
3,18,5,4,0.025,0,0.0,0.0,0
3,18,6,4,0.025,0,0.0,0.0,0
3,18,7,4,0.025,0,0.0,0.0,0
3,18,8,4,0.025,0,0.0,0.0,0
3,18,9,4,0.025,0,0.0,0.0,0
3,18,10,4,0.025,0,0.0,0.0,0
3,18,11,4,0.025,0,0.0,0.0,0
3,18,12,4,0.025,0,0.0,0.0,0
3,18,13,4,0.025,0,0.0,0.0,0
3,18,0,4,0.05,0,0.0,0.0,0
3,18,1,4,0.05,0,0.0,0.0,0
3,18,2,4,0.05,0,0.0,0.0,0
3,18,3,4,0.05,0,0.0,0.0,0
3,18,4,4,0.05,0,0.0,0.0,0
3,18,5,4,0.05,0,0.0,0.0,0
3,18,6,4,0.05,0,0.0,0.0,0
3,18,7,4,0.05,0,0.0,0.0,0
3,18,8,4,0.05,0,0.0,0.0,0
3,18,9,4,0.05,0,0.0,0.0,0
3,18,10,4,0.05,0,0.0,0.0,0
3,18,11,4,0.05,0,0.0,0.0,0
3,18,12,4,0.05,0,0.0,0.0,0
3,18,13,4,0.05,0,0.0,0.0,0
3,18,0,4,0.075,0,0.0,0.0,0
3,18,1,4,0.075,0,0.0,0.0,0
3,18,2,4,0.075,0,0.0,0.0,0
3,18,3,4,0.075,0,0.0,0.0,0
3,18,4,4,0.075,0,0.0,0.0,0
3,18,5,4,0.075,0,0.0,0.0,0
3,18,6,4,0.075,0,0.0,0.0,0
3,18,7,4,0.075,0,0.0,0.0,0
3,18,8,4,0.075,0,0.0,0.0,0
3,18,9,4,0.075,0,0.0,0.0,0
3,18,10,4,0.075,0,0.0,0.0,0
3,18,11,4,0.075,0,0.0,0.0,0
3,18,12,4,0.075,0,0.0,0.0,0
3,18,13,4,0.075,0,0.0,0.0,0
3,18,0,4,0.1,0,0.0,0.0,0
3,18,1,4,0.1,0,0.0,0.0,0
3,18,2,4,0.1,0,0.0,0.0,0
3,18,3,4,0.1,0,0.0,0.0,0
3,18,4,4,0.1,0,0.0,0.0,0
3,18,5,4,0.1,0,0.0,0.0,0
3,18,6,4,0.1,0,0.0,0.0,0
3,18,7,4,0.1,0,0.0,0.0,0
3,18,8,4,0.1,0,0.0,0.0,0
3,18,9,4,0.1,0,0.0,0.0,0
3,18,10,4,0.1,0,0.0,0.0,0
3,18,11,4,0.1,0,0.0,0.0,0
3,18,12,4,0.1,0,0.0,0.0,0
3,18,13,4,0.1,0,0.0,0.0,0
3,18,0,4,0.15,0,0.0,0.0,0
3,18,1,4,0.15,0,0.0,0.0,0
3,18,2,4,0.15,0,0.0,0.0,0
3,18,3,4,0.15,0,0.0,0.0,0
3,18,4,4,0.15,0,0.0,0.0,0
3,18,5,4,0.15,0,0.0,0.0,0
3,18,6,4,0.15,0,0.0,0.0,0
3,18,7,4,0.15,0,0.0,0.0,0
3,18,8,4,0.15,0,0.0,0.0,0
3,18,9,4,0.15,0,0.0,0.0,0
3,18,10,4,0.15,0,0.0,0.0,0
3,18,11,4,0.15,0,0.0,0.0,0
3,18,12,4,0.15,0,0.0,0.0,0
3,18,13,4,0.15,0,0.0,0.0,0
3,18,0,4,0.2,0,0.0,0.0,0
3,18,1,4,0.2,0,0.0,0.0,0
3,18,2,4,0.2,0,0.0,0.0,0
3,18,3,4,0.2,0,0.0,0.0,0
3,18,4,4,0.2,0,0.0,0.0,0
3,18,5,4,0.2,0,0.0,0.0,0
3,18,6,4,0.2,0,0.0,0.0,0
3,18,7,4,0.2,0,0.0,0.0,0
3,18,8,4,0.2,0,0.0,0.0,0
3,18,9,4,0.2,0,0.0,0.0,0
3,18,10,4,0.2,0,0.0,0.0,0
3,18,11,4,0.2,0,0.0,0.0,0
3,18,12,4,0.2,0,0.0,0.0,0
3,18,13,4,0.2,0,0.0,0.0,0
3,18,0,4,0.3,0,0.0,0.0,0
3,18,1,4,0.3,0,0.0,0.0,0
3,18,2,4,0.3,0,0.0,0.0,0
3,18,3,4,0.3,0,0.0,0.0,0
3,18,4,4,0.3,0,0.0,0.0,0
3,18,5,4,0.3,0,0.0,0.0,0
3,18,6,4,0.3,0,0.0,0.0,0
3,18,7,4,0.3,0,0.0,0.0,0
3,18,8,4,0.3,0,0.0,0.0,0
3,18,9,4,0.3,0,0.0,0.0,0
3,18,10,4,0.3,0,0.0,0.0,0
3,18,11,4,0.3,0,0.0,0.0,0
3,18,12,4,0.3,0,0.0,0.0,0
3,18,13,4,0.3,0,0.0,0.0,0
3,18,0,4,0.4,0,0.0,0.0,0
3,18,1,4,0.4,0,0.0,0.0,0
3,18,2,4,0.4,0,0.0,0.0,0
3,18,3,4,0.4,0,0.0,0.0,0
3,18,4,4,0.4,0,0.0,0.0,0
3,18,5,4,0.4,0,0.0,0.0,0
3,18,6,4,0.4,0,0.0,0.0,0
3,18,7,4,0.4,0,0.0,0.0,0
3,18,8,4,0.4,0,0.0,0.0,0
3,18,9,4,0.4,0,0.0,0.0,0
3,18,10,4,0.4,0,0.0,0.0,0
3,18,11,4,0.4,0,0.0,0.0,0
3,18,12,4,0.4,0,0.0,0.0,0
3,18,13,4,0.4,0,0.0,0.0,0
3,18,0,8,0.01,0,0.0,0.0,0
3,18,1,8,0.01,0,0.0,0.0,0
3,18,2,8,0.01,0,0.0,0.0,0
3,18,3,8,0.01,0,0.0,0.0,0
3,18,4,8,0.01,0,0.0,0.0,0
3,18,5,8,0.01,0,0.0,0.0,0
3,18,6,8,0.01,0,0.0,0.0,0
3,18,7,8,0.01,0,0.0,0.0,0
3,18,8,8,0.01,0,0.0,0.0,0
3,18,9,8,0.01,0,0.0,0.0,0
3,18,10,8,0.01,0,0.0,0.0,0
3,18,11,8,0.01,0,0.0,0.0,0
3,18,12,8,0.01,0,0.0,0.0,0
3,18,13,8,0.01,0,0.0,0.0,0
3,18,0,8,0.025,0,0.0,0.0,0
3,18,1,8,0.025,0,0.0,0.0,0
3,18,2,8,0.025,0,0.0,0.0,0
3,18,3,8,0.025,0,0.0,0.0,0
3,18,4,8,0.025,0,0.0,0.0,0
3,18,5,8,0.025,0,0.0,0.0,0
3,18,6,8,0.025,0,0.0,0.0,0
3,18,7,8,0.025,0,0.0,0.0,0
3,18,8,8,0.025,0,0.0,0.0,0
3,18,9,8,0.025,0,0.0,0.0,0
3,18,10,8,0.025,0,0.0,0.0,0
3,18,11,8,0.025,0,0.0,0.0,0
3,18,12,8,0.025,0,0.0,0.0,0
3,18,13,8,0.025,0,0.0,0.0,0
3,18,0,8,0.05,0,0.0,0.0,0
3,18,1,8,0.05,0,0.0,0.0,0
3,18,2,8,0.05,0,0.0,0.0,0
3,18,3,8,0.05,0,0.0,0.0,0
3,18,4,8,0.05,0,0.0,0.0,0
3,18,5,8,0.05,0,0.0,0.0,0
3,18,6,8,0.05,0,0.0,0.0,0
3,18,7,8,0.05,0,0.0,0.0,0
3,18,8,8,0.05,0,0.0,0.0,0
3,18,9,8,0.05,0,0.0,0.0,0
3,18,10,8,0.05,0,0.0,0.0,0
3,18,11,8,0.05,0,0.0,0.0,0
3,18,12,8,0.05,0,0.0,0.0,0
3,18,13,8,0.05,0,0.0,0.0,0
3,18,0,8,0.075,0,0.0,0.0,0
3,18,1,8,0.075,0,0.0,0.0,0
3,18,2,8,0.075,0,0.0,0.0,0
3,18,3,8,0.075,0,0.0,0.0,0
3,18,4,8,0.075,0,0.0,0.0,0
3,18,5,8,0.075,0,0.0,0.0,0
3,18,6,8,0.075,0,0.0,0.0,0
3,18,7,8,0.075,0,0.0,0.0,0
3,18,8,8,0.075,0,0.0,0.0,0
3,18,9,8,0.075,0,0.0,0.0,0
3,18,10,8,0.075,0,0.0,0.0,0
3,18,11,8,0.075,0,0.0,0.0,0
3,18,12,8,0.075,0,0.0,0.0,0
3,18,13,8,0.075,0,0.0,0.0,0
3,18,0,8,0.1,0,0.0,0.0,0
3,18,1,8,0.1,0,0.0,0.0,0
3,18,2,8,0.1,0,0.0,0.0,0
3,18,3,8,0.1,0,0.0,0.0,0
3,18,4,8,0.1,0,0.0,0.0,0
3,18,5,8,0.1,0,0.0,0.0,0
3,18,6,8,0.1,0,0.0,0.0,0
3,18,7,8,0.1,0,0.0,0.0,0
3,18,8,8,0.1,0,0.0,0.0,0
3,18,9,8,0.1,0,0.0,0.0,0
3,18,10,8,0.1,0,0.0,0.0,0
3,18,11,8,0.1,0,0.0,0.0,0
3,18,12,8,0.1,0,0.0,0.0,0
3,18,13,8,0.1,0,0.0,0.0,0
3,18,0,8,0.15,0,0.0,0.0,0
3,18,1,8,0.15,0,0.0,0.0,0
3,18,2,8,0.15,0,0.0,0.0,0
3,18,3,8,0.15,0,0.0,0.0,0
3,18,4,8,0.15,0,0.0,0.0,0
3,18,5,8,0.15,0,0.0,0.0,0
3,18,6,8,0.15,0,0.0,0.0,0
3,18,7,8,0.15,0,0.0,0.0,0
3,18,8,8,0.15,0,0.0,0.0,0
3,18,9,8,0.15,0,0.0,0.0,0
3,18,10,8,0.15,0,0.0,0.0,0
3,18,11,8,0.15,0,0.0,0.0,0
3,18,12,8,0.15,0,0.0,0.0,0
3,18,13,8,0.15,0,0.0,0.0,0
3,18,0,8,0.2,0,0.0,0.0,0
3,18,1,8,0.2,0,0.0,0.0,0
3,18,2,8,0.2,0,0.0,0.0,0
3,18,3,8,0.2,0,0.0,0.0,0
3,18,4,8,0.2,0,0.0,0.0,0
3,18,5,8,0.2,0,0.0,0.0,0
3,18,6,8,0.2,0,0.0,0.0,0
3,18,7,8,0.2,0,0.0,0.0,0
3,18,8,8,0.2,0,0.0,0.0,0
3,18,9,8,0.2,0,0.0,0.0,0
3,18,10,8,0.2,0,0.0,0.0,0
3,18,11,8,0.2,0,0.0,0.0,0
3,18,12,8,0.2,0,0.0,0.0,0
3,18,13,8,0.2,0,0.0,0.0,0
3,18,0,8,0.3,0,0.0,0.0,0
3,18,1,8,0.3,0,0.0,0.0,0
3,18,2,8,0.3,0,0.0,0.0,0
3,18,3,8,0.3,0,0.0,0.0,0
3,18,4,8,0.3,0,0.0,0.0,0
3,18,5,8,0.3,0,0.0,0.0,0
3,18,6,8,0.3,0,0.0,0.0,0
3,18,7,8,0.3,0,0.0,0.0,0
3,18,8,8,0.3,0,0.0,0.0,0
3,18,9,8,0.3,0,0.0,0.0,0
3,18,10,8,0.3,0,0.0,0.0,0
3,18,11,8,0.3,0,0.0,0.0,0
3,18,12,8,0.3,0,0.0,0.0,0
3,18,13,8,0.3,0,0.0,0.0,0
3,18,0,8,0.4,0,0.0,0.0,0
3,18,1,8,0.4,0,0.0,0.0,0
3,18,2,8,0.4,0,0.0,0.0,0
3,18,3,8,0.4,0,0.0,0.0,0
3,18,4,8,0.4,0,0.0,0.0,0
3,18,5,8,0.4,0,0.0,0.0,0
3,18,6,8,0.4,0,0.0,0.0,0
3,18,7,8,0.4,0,0.0,0.0,0
3,18,8,8,0.4,0,0.0,0.0,0
3,18,9,8,0.4,0,0.0,0.0,0
3,18,10,8,0.4,0,0.0,0.0,0
3,18,11,8,0.4,0,0.0,0.0,0
3,18,12,8,0.4,0,0.0,0.0,0
3,18,13,8,0.4,0,0.0,0.0,0
3,18,0,16,0.01,0,0.0,0.0,0
3,18,1,16,0.01,0,0.0,0.0,0
3,18,2,16,0.01,0,0.0,0.0,0
3,18,3,16,0.01,0,0.0,0.0,0
3,18,4,16,0.01,0,0.0,0.0,0
3,18,5,16,0.01,0,0.0,0.0,0
3,18,6,16,0.01,0,0.0,0.0,0
3,18,7,16,0.01,0,0.0,0.0,0
3,18,8,16,0.01,0,0.0,0.0,0
3,18,9,16,0.01,0,0.0,0.0,0
3,18,10,16,0.01,0,0.0,0.0,0
3,18,11,16,0.01,0,0.0,0.0,0
3,18,12,16,0.01,0,0.0,0.0,0
3,18,13,16,0.01,0,0.0,0.0,0
3,18,0,16,0.025,0,0.0,0.0,0
3,18,1,16,0.025,0,0.0,0.0,0
3,18,2,16,0.025,0,0.0,0.0,0
3,18,3,16,0.025,0,0.0,0.0,0
3,18,4,16,0.025,0,0.0,0.0,0
3,18,5,16,0.025,0,0.0,0.0,0
3,18,6,16,0.025,0,0.0,0.0,0
3,18,7,16,0.025,0,0.0,0.0,0
3,18,8,16,0.025,0,0.0,0.0,0
3,18,9,16,0.025,0,0.0,0.0,0
3,18,10,16,0.025,0,0.0,0.0,0
3,18,11,16,0.025,0,0.0,0.0,0
3,18,12,16,0.025,0,0.0,0.0,0
3,18,13,16,0.025,0,0.0,0.0,0
3,18,0,16,0.05,0,0.0,0.0,0
3,18,1,16,0.05,0,0.0,0.0,0
3,18,2,16,0.05,0,0.0,0.0,0
3,18,3,16,0.05,0,0.0,0.0,0
3,18,4,16,0.05,0,0.0,0.0,0
3,18,5,16,0.05,0,0.0,0.0,0
3,18,6,16,0.05,0,0.0,0.0,0
3,18,7,16,0.05,0,0.0,0.0,0
3,18,8,16,0.05,0,0.0,0.0,0
3,18,9,16,0.05,0,0.0,0.0,0
3,18,10,16,0.05,0,0.0,0.0,0
3,18,11,16,0.05,0,0.0,0.0,0
3,18,12,16,0.05,0,0.0,0.0,0
3,18,13,16,0.05,0,0.0,0.0,0
3,18,0,16,0.075,0,0.0,0.0,0
3,18,1,16,0.075,0,0.0,0.0,0
3,18,2,16,0.075,0,0.0,0.0,0
3,18,3,16,0.075,0,0.0,0.0,0
3,18,4,16,0.075,0,0.0,0.0,0
3,18,5,16,0.075,0,0.0,0.0,0
3,18,6,16,0.075,0,0.0,0.0,0
3,18,7,16,0.075,0,0.0,0.0,0
3,18,8,16,0.075,0,0.0,0.0,0
3,18,9,16,0.075,0,0.0,0.0,0
3,18,10,16,0.075,0,0.0,0.0,0
3,18,11,16,0.075,0,0.0,0.0,0
3,18,12,16,0.075,0,0.0,0.0,0
3,18,13,16,0.075,0,0.0,0.0,0
3,18,0,16,0.1,0,0.0,0.0,0
3,18,1,16,0.1,0,0.0,0.0,0
3,18,2,16,0.1,0,0.0,0.0,0
3,18,3,16,0.1,0,0.0,0.0,0
3,18,4,16,0.1,0,0.0,0.0,0
3,18,5,16,0.1,0,0.0,0.0,0
3,18,6,16,0.1,0,0.0,0.0,0
3,18,7,16,0.1,0,0.0,0.0,0
3,18,8,16,0.1,0,0.0,0.0,0
3,18,9,16,0.1,0,0.0,0.0,0
3,18,10,16,0.1,0,0.0,0.0,0
3,18,11,16,0.1,0,0.0,0.0,0
3,18,12,16,0.1,0,0.0,0.0,0
3,18,13,16,0.1,0,0.0,0.0,0
3,18,0,16,0.15,0,0.0,0.0,0
3,18,1,16,0.15,0,0.0,0.0,0
3,18,2,16,0.15,0,0.0,0.0,0
3,18,3,16,0.15,0,0.0,0.0,0
3,18,4,16,0.15,0,0.0,0.0,0
3,18,5,16,0.15,0,0.0,0.0,0
3,18,6,16,0.15,0,0.0,0.0,0
3,18,7,16,0.15,0,0.0,0.0,0
3,18,8,16,0.15,0,0.0,0.0,0
3,18,9,16,0.15,0,0.0,0.0,0
3,18,10,16,0.15,0,0.0,0.0,0
3,18,11,16,0.15,0,0.0,0.0,0
3,18,12,16,0.15,0,0.0,0.0,0
3,18,13,16,0.15,0,0.0,0.0,0
3,18,0,16,0.2,0,0.0,0.0,0
3,18,1,16,0.2,0,0.0,0.0,0
3,18,2,16,0.2,0,0.0,0.0,0
3,18,3,16,0.2,0,0.0,0.0,0
3,18,4,16,0.2,0,0.0,0.0,0
3,18,5,16,0.2,0,0.0,0.0,0
3,18,6,16,0.2,0,0.0,0.0,0
3,18,7,16,0.2,0,0.0,0.0,0
3,18,8,16,0.2,0,0.0,0.0,0
3,18,9,16,0.2,0,0.0,0.0,0
3,18,10,16,0.2,0,0.0,0.0,0
3,18,11,16,0.2,0,0.0,0.0,0
3,18,12,16,0.2,0,0.0,0.0,0
3,18,13,16,0.2,0,0.0,0.0,0
3,18,0,16,0.3,0,0.0,0.0,0
3,18,1,16,0.3,0,0.0,0.0,0
3,18,2,16,0.3,0,0.0,0.0,0
3,18,3,16,0.3,0,0.0,0.0,0
3,18,4,16,0.3,0,0.0,0.0,0
3,18,5,16,0.3,0,0.0,0.0,0
3,18,6,16,0.3,0,0.0,0.0,0
3,18,7,16,0.3,0,0.0,0.0,0
3,18,8,16,0.3,0,0.0,0.0,0
3,18,9,16,0.3,0,0.0,0.0,0
3,18,10,16,0.3,0,0.0,0.0,0
3,18,11,16,0.3,0,0.0,0.0,0
3,18,12,16,0.3,0,0.0,0.0,0
3,18,13,16,0.3,0,0.0,0.0,0
3,18,0,16,0.4,0,0.0,0.0,0
3,18,1,16,0.4,0,0.0,0.0,0
3,18,2,16,0.4,0,0.0,0.0,0
3,18,3,16,0.4,0,0.0,0.0,0
3,18,4,16,0.4,0,0.0,0.0,0
3,18,5,16,0.4,0,0.0,0.0,0
3,18,6,16,0.4,0,0.0,0.0,0
3,18,7,16,0.4,0,0.0,0.0,0
3,18,8,16,0.4,0,0.0,0.0,0
3,18,9,16,0.4,0,0.0,0.0,0
3,18,10,16,0.4,0,0.0,0.0,0
3,18,11,16,0.4,0,0.0,0.0,0
3,18,12,16,0.4,0,0.0,0.0,0
3,18,13,16,0.4,0,0.0,0.0,0
3,18,0,32,0.01,0,0.0,0.0,0
3,18,1,32,0.01,0,0.0,0.0,0
3,18,2,32,0.01,0,0.0,0.0,0
3,18,3,32,0.01,0,0.0,0.0,0
3,18,4,32,0.01,0,0.0,0.0,0
3,18,5,32,0.01,0,0.0,0.0,0
3,18,6,32,0.01,0,0.0,0.0,0
3,18,7,32,0.01,0,0.0,0.0,0
3,18,8,32,0.01,0,0.0,0.0,0
3,18,9,32,0.01,0,0.0,0.0,0
3,18,10,32,0.01,0,0.0,0.0,0
3,18,11,32,0.01,0,0.0,0.0,0
3,18,12,32,0.01,0,0.0,0.0,0
3,18,13,32,0.01,0,0.0,0.0,0
3,18,0,32,0.025,0,0.0,0.0,0
3,18,1,32,0.025,0,0.0,0.0,0
3,18,2,32,0.025,0,0.0,0.0,0
3,18,3,32,0.025,0,0.0,0.0,0
3,18,4,32,0.025,0,0.0,0.0,0
3,18,5,32,0.025,0,0.0,0.0,0
3,18,6,32,0.025,0,0.0,0.0,0
3,18,7,32,0.025,0,0.0,0.0,0
3,18,8,32,0.025,0,0.0,0.0,0
3,18,9,32,0.025,0,0.0,0.0,0
3,18,10,32,0.025,0,0.0,0.0,0
3,18,11,32,0.025,0,0.0,0.0,0
3,18,12,32,0.025,0,0.0,0.0,0
3,18,13,32,0.025,0,0.0,0.0,0
3,18,0,32,0.05,0,0.0,0.0,0
3,18,1,32,0.05,0,0.0,0.0,0
3,18,2,32,0.05,0,0.0,0.0,0
3,18,3,32,0.05,0,0.0,0.0,0
3,18,4,32,0.05,0,0.0,0.0,0
3,18,5,32,0.05,0,0.0,0.0,0
3,18,6,32,0.05,0,0.0,0.0,0
3,18,7,32,0.05,0,0.0,0.0,0
3,18,8,32,0.05,0,0.0,0.0,0
3,18,9,32,0.05,0,0.0,0.0,0
3,18,10,32,0.05,0,0.0,0.0,0
3,18,11,32,0.05,0,0.0,0.0,0
3,18,12,32,0.05,0,0.0,0.0,0
3,18,13,32,0.05,0,0.0,0.0,0
3,18,0,32,0.075,0,0.0,0.0,0
3,18,1,32,0.075,0,0.0,0.0,0
3,18,2,32,0.075,0,0.0,0.0,0
3,18,3,32,0.075,0,0.0,0.0,0
3,18,4,32,0.075,0,0.0,0.0,0
3,18,5,32,0.075,0,0.0,0.0,0
3,18,6,32,0.075,0,0.0,0.0,0
3,18,7,32,0.075,0,0.0,0.0,0
3,18,8,32,0.075,0,0.0,0.0,0
3,18,9,32,0.075,0,0.0,0.0,0
3,18,10,32,0.075,0,0.0,0.0,0
3,18,11,32,0.075,0,0.0,0.0,0
3,18,12,32,0.075,0,0.0,0.0,0
3,18,13,32,0.075,0,0.0,0.0,0
3,18,0,32,0.1,0,0.0,0.0,0
3,18,1,32,0.1,0,0.0,0.0,0
3,18,2,32,0.1,0,0.0,0.0,0
3,18,3,32,0.1,0,0.0,0.0,0
3,18,4,32,0.1,0,0.0,0.0,0
3,18,5,32,0.1,0,0.0,0.0,0
3,18,6,32,0.1,0,0.0,0.0,0
3,18,7,32,0.1,0,0.0,0.0,0
3,18,8,32,0.1,0,0.0,0.0,0
3,18,9,32,0.1,0,0.0,0.0,0
3,18,10,32,0.1,0,0.0,0.0,0
3,18,11,32,0.1,0,0.0,0.0,0
3,18,12,32,0.1,0,0.0,0.0,0
3,18,13,32,0.1,0,0.0,0.0,0
3,18,0,32,0.15,0,0.0,0.0,0
3,18,1,32,0.15,0,0.0,0.0,0
3,18,2,32,0.15,0,0.0,0.0,0
3,18,3,32,0.15,0,0.0,0.0,0
3,18,4,32,0.15,0,0.0,0.0,0
3,18,5,32,0.15,0,0.0,0.0,0
3,18,6,32,0.15,0,0.0,0.0,0
3,18,7,32,0.15,0,0.0,0.0,0
3,18,8,32,0.15,0,0.0,0.0,0
3,18,9,32,0.15,0,0.0,0.0,0
3,18,10,32,0.15,0,0.0,0.0,0
3,18,11,32,0.15,0,0.0,0.0,0
3,18,12,32,0.15,0,0.0,0.0,0
3,18,13,32,0.15,0,0.0,0.0,0
3,18,0,32,0.2,0,0.0,0.0,0
3,18,1,32,0.2,0,0.0,0.0,0
3,18,2,32,0.2,0,0.0,0.0,0
3,18,3,32,0.2,0,0.0,0.0,0
3,18,4,32,0.2,0,0.0,0.0,0
3,18,5,32,0.2,0,0.0,0.0,0
3,18,6,32,0.2,0,0.0,0.0,0
3,18,7,32,0.2,0,0.0,0.0,0
3,18,8,32,0.2,0,0.0,0.0,0
3,18,9,32,0.2,0,0.0,0.0,0
3,18,10,32,0.2,0,0.0,0.0,0
3,18,11,32,0.2,0,0.0,0.0,0
3,18,12,32,0.2,0,0.0,0.0,0
3,18,13,32,0.2,0,0.0,0.0,0
3,18,0,32,0.3,0,0.0,0.0,0
3,18,1,32,0.3,0,0.0,0.0,0
3,18,2,32,0.3,0,0.0,0.0,0
3,18,3,32,0.3,0,0.0,0.0,0
3,18,4,32,0.3,0,0.0,0.0,0
3,18,5,32,0.3,0,0.0,0.0,0
3,18,6,32,0.3,0,0.0,0.0,0
3,18,7,32,0.3,0,0.0,0.0,0
3,18,8,32,0.3,0,0.0,0.0,0
3,18,9,32,0.3,0,0.0,0.0,0
3,18,10,32,0.3,0,0.0,0.0,0
3,18,11,32,0.3,0,0.0,0.0,0
3,18,12,32,0.3,0,0.0,0.0,0
3,18,13,32,0.3,0,0.0,0.0,0
3,18,0,32,0.4,0,0.0,0.0,0
3,18,1,32,0.4,0,0.0,0.0,0
3,18,2,32,0.4,0,0.0,0.0,0
3,18,3,32,0.4,0,0.0,0.0,0
3,18,4,32,0.4,0,0.0,0.0,0
3,18,5,32,0.4,0,0.0,0.0,0
3,18,6,32,0.4,0,0.0,0.0,0
3,18,7,32,0.4,0,0.0,0.0,0
3,18,8,32,0.4,0,0.0,0.0,0
3,18,9,32,0.4,0,0.0,0.0,0
3,18,10,32,0.4,0,0.0,0.0,0
3,18,11,32,0.4,0,0.0,0.0,0
3,18,12,32,0.4,0,0.0,0.0,0
3,18,13,32,0.4,0,0.0,0.0,0
3,18,0,64,0.01,0,0.0,0.0,0
3,18,1,64,0.01,0,0.0,0.0,0
3,18,2,64,0.01,0,0.0,0.0,0
3,18,3,64,0.01,0,0.0,0.0,0
3,18,4,64,0.01,0,0.0,0.0,0
3,18,5,64,0.01,0,0.0,0.0,0
3,18,6,64,0.01,0,0.0,0.0,0
3,18,7,64,0.01,0,0.0,0.0,0
3,18,8,64,0.01,0,0.0,0.0,0
3,18,9,64,0.01,0,0.0,0.0,0
3,18,10,64,0.01,0,0.0,0.0,0
3,18,11,64,0.01,0,0.0,0.0,0
3,18,12,64,0.01,0,0.0,0.0,0
3,18,13,64,0.01,0,0.0,0.0,0
3,18,0,64,0.025,0,0.0,0.0,0
3,18,1,64,0.025,0,0.0,0.0,0
3,18,2,64,0.025,0,0.0,0.0,0
3,18,3,64,0.025,0,0.0,0.0,0
3,18,4,64,0.025,0,0.0,0.0,0
3,18,5,64,0.025,0,0.0,0.0,0
3,18,6,64,0.025,0,0.0,0.0,0
3,18,7,64,0.025,0,0.0,0.0,0
3,18,8,64,0.025,0,0.0,0.0,0
3,18,9,64,0.025,0,0.0,0.0,0
3,18,10,64,0.025,0,0.0,0.0,0
3,18,11,64,0.025,0,0.0,0.0,0
3,18,12,64,0.025,0,0.0,0.0,0
3,18,13,64,0.025,0,0.0,0.0,0
3,18,0,64,0.05,0,0.0,0.0,0
3,18,1,64,0.05,0,0.0,0.0,0
3,18,2,64,0.05,0,0.0,0.0,0
3,18,3,64,0.05,0,0.0,0.0,0
3,18,4,64,0.05,0,0.0,0.0,0
3,18,5,64,0.05,0,0.0,0.0,0
3,18,6,64,0.05,0,0.0,0.0,0
3,18,7,64,0.05,0,0.0,0.0,0
3,18,8,64,0.05,0,0.0,0.0,0
3,18,9,64,0.05,0,0.0,0.0,0
3,18,10,64,0.05,0,0.0,0.0,0
3,18,11,64,0.05,0,0.0,0.0,0
3,18,12,64,0.05,0,0.0,0.0,0
3,18,13,64,0.05,0,0.0,0.0,0
3,18,0,64,0.075,0,0.0,0.0,0
3,18,1,64,0.075,0,0.0,0.0,0
3,18,2,64,0.075,0,0.0,0.0,0
3,18,3,64,0.075,0,0.0,0.0,0
3,18,4,64,0.075,0,0.0,0.0,0
3,18,5,64,0.075,0,0.0,0.0,0
3,18,6,64,0.075,0,0.0,0.0,0
3,18,7,64,0.075,0,0.0,0.0,0
3,18,8,64,0.075,0,0.0,0.0,0
3,18,9,64,0.075,0,0.0,0.0,0
3,18,10,64,0.075,0,0.0,0.0,0
3,18,11,64,0.075,0,0.0,0.0,0
3,18,12,64,0.075,0,0.0,0.0,0
3,18,13,64,0.075,0,0.0,0.0,0
3,18,0,64,0.1,0,0.0,0.0,0
3,18,1,64,0.1,0,0.0,0.0,0
3,18,2,64,0.1,0,0.0,0.0,0
3,18,3,64,0.1,0,0.0,0.0,0
3,18,4,64,0.1,0,0.0,0.0,0
3,18,5,64,0.1,0,0.0,0.0,0
3,18,6,64,0.1,0,0.0,0.0,0
3,18,7,64,0.1,0,0.0,0.0,0
3,18,8,64,0.1,0,0.0,0.0,0
3,18,9,64,0.1,0,0.0,0.0,0
3,18,10,64,0.1,0,0.0,0.0,0
3,18,11,64,0.1,0,0.0,0.0,0
3,18,12,64,0.1,0,0.0,0.0,0
3,18,13,64,0.1,0,0.0,0.0,0
3,18,0,64,0.15,0,0.0,0.0,0
3,18,1,64,0.15,0,0.0,0.0,0
3,18,2,64,0.15,0,0.0,0.0,0
3,18,3,64,0.15,0,0.0,0.0,0
3,18,4,64,0.15,0,0.0,0.0,0
3,18,5,64,0.15,0,0.0,0.0,0
3,18,6,64,0.15,0,0.0,0.0,0
3,18,7,64,0.15,0,0.0,0.0,0
3,18,8,64,0.15,0,0.0,0.0,0
3,18,9,64,0.15,0,0.0,0.0,0
3,18,10,64,0.15,0,0.0,0.0,0
3,18,11,64,0.15,0,0.0,0.0,0
3,18,12,64,0.15,0,0.0,0.0,0
3,18,13,64,0.15,0,0.0,0.0,0
3,18,0,64,0.2,0,0.0,0.0,0
3,18,1,64,0.2,0,0.0,0.0,0
3,18,2,64,0.2,0,0.0,0.0,0
3,18,3,64,0.2,0,0.0,0.0,0
3,18,4,64,0.2,0,0.0,0.0,0
3,18,5,64,0.2,0,0.0,0.0,0
3,18,6,64,0.2,0,0.0,0.0,0
3,18,7,64,0.2,0,0.0,0.0,0
3,18,8,64,0.2,0,0.0,0.0,0
3,18,9,64,0.2,0,0.0,0.0,0
3,18,10,64,0.2,0,0.0,0.0,0
3,18,11,64,0.2,0,0.0,0.0,0
3,18,12,64,0.2,0,0.0,0.0,0
3,18,13,64,0.2,0,0.0,0.0,0
3,18,0,64,0.3,0,0.0,0.0,0
3,18,1,64,0.3,0,0.0,0.0,0
3,18,2,64,0.3,0,0.0,0.0,0
3,18,3,64,0.3,0,0.0,0.0,0
3,18,4,64,0.3,0,0.0,0.0,0
3,18,5,64,0.3,0,0.0,0.0,0
3,18,6,64,0.3,0,0.0,0.0,0
3,18,7,64,0.3,0,0.0,0.0,0
3,18,8,64,0.3,0,0.0,0.0,0
3,18,9,64,0.3,0,0.0,0.0,0
3,18,10,64,0.3,0,0.0,0.0,0
3,18,11,64,0.3,0,0.0,0.0,0
3,18,12,64,0.3,0,0.0,0.0,0
3,18,13,64,0.3,0,0.0,0.0,0
3,18,0,64,0.4,0,0.0,0.0,0
3,18,1,64,0.4,0,0.0,0.0,0
3,18,2,64,0.4,0,0.0,0.0,0
3,18,3,64,0.4,0,0.0,0.0,0
3,18,4,64,0.4,0,0.0,0.0,0
3,18,5,64,0.4,0,0.0,0.0,0
3,18,6,64,0.4,0,0.0,0.0,0
3,18,7,64,0.4,0,0.0,0.0,0
3,18,8,64,0.4,0,0.0,0.0,0
3,18,9,64,0.4,0,0.0,0.0,0
3,18,10,64,0.4,0,0.0,0.0,0
3,18,11,64,0.4,0,0.0,0.0,0
3,18,12,64,0.4,0,0.0,0.0,0
3,18,13,64,0.4,0,0.0,0.0,0
3,18,0,128,0.01,0,0.0,0.0,0
3,18,1,128,0.01,0,0.0,0.0,0
3,18,2,128,0.01,0,0.0,0.0,0
3,18,3,128,0.01,0,0.0,0.0,0
3,18,4,128,0.01,0,0.0,0.0,0
3,18,5,128,0.01,0,0.0,0.0,0
3,18,6,128,0.01,0,0.0,0.0,0
3,18,7,128,0.01,0,0.0,0.0,0
3,18,8,128,0.01,0,0.0,0.0,0
3,18,9,128,0.01,0,0.0,0.0,0
3,18,10,128,0.01,0,0.0,0.0,0
3,18,11,128,0.01,0,0.0,0.0,0
3,18,12,128,0.01,0,0.0,0.0,0
3,18,13,128,0.01,0,0.0,0.0,0
3,18,0,128,0.025,0,0.0,0.0,0
3,18,1,128,0.025,0,0.0,0.0,0
3,18,2,128,0.025,0,0.0,0.0,0
3,18,3,128,0.025,0,0.0,0.0,0
3,18,4,128,0.025,0,0.0,0.0,0
3,18,5,128,0.025,0,0.0,0.0,0
3,18,6,128,0.025,0,0.0,0.0,0
3,18,7,128,0.025,0,0.0,0.0,0
3,18,8,128,0.025,0,0.0,0.0,0
3,18,9,128,0.025,0,0.0,0.0,0
3,18,10,128,0.025,0,0.0,0.0,0
3,18,11,128,0.025,0,0.0,0.0,0
3,18,12,128,0.025,0,0.0,0.0,0
3,18,13,128,0.025,0,0.0,0.0,0
3,18,0,128,0.05,0,0.0,0.0,0
3,18,1,128,0.05,0,0.0,0.0,0
3,18,2,128,0.05,0,0.0,0.0,0
3,18,3,128,0.05,0,0.0,0.0,0
3,18,4,128,0.05,0,0.0,0.0,0
3,18,5,128,0.05,0,0.0,0.0,0
3,18,6,128,0.05,0,0.0,0.0,0
3,18,7,128,0.05,0,0.0,0.0,0
3,18,8,128,0.05,0,0.0,0.0,0
3,18,9,128,0.05,0,0.0,0.0,0
3,18,10,128,0.05,0,0.0,0.0,0
3,18,11,128,0.05,0,0.0,0.0,0
3,18,12,128,0.05,0,0.0,0.0,0
3,18,13,128,0.05,0,0.0,0.0,0
3,18,0,128,0.075,0,0.0,0.0,0
3,18,1,128,0.075,0,0.0,0.0,0
3,18,2,128,0.075,0,0.0,0.0,0
3,18,3,128,0.075,0,0.0,0.0,0
3,18,4,128,0.075,0,0.0,0.0,0
3,18,5,128,0.075,0,0.0,0.0,0
3,18,6,128,0.075,0,0.0,0.0,0
3,18,7,128,0.075,0,0.0,0.0,0
3,18,8,128,0.075,0,0.0,0.0,0
3,18,9,128,0.075,0,0.0,0.0,0
3,18,10,128,0.075,0,0.0,0.0,0
3,18,11,128,0.075,0,0.0,0.0,0
3,18,12,128,0.075,0,0.0,0.0,0
3,18,13,128,0.075,0,0.0,0.0,0
3,18,0,128,0.1,0,0.0,0.0,0
3,18,1,128,0.1,0,0.0,0.0,0
3,18,2,128,0.1,0,0.0,0.0,0
3,18,3,128,0.1,0,0.0,0.0,0
3,18,4,128,0.1,0,0.0,0.0,0
3,18,5,128,0.1,0,0.0,0.0,0
3,18,6,128,0.1,0,0.0,0.0,0
3,18,7,128,0.1,0,0.0,0.0,0
3,18,8,128,0.1,0,0.0,0.0,0
3,18,9,128,0.1,0,0.0,0.0,0
3,18,10,128,0.1,0,0.0,0.0,0
3,18,11,128,0.1,0,0.0,0.0,0
3,18,12,128,0.1,0,0.0,0.0,0
3,18,13,128,0.1,0,0.0,0.0,0
3,18,0,128,0.15,0,0.0,0.0,0
3,18,1,128,0.15,0,0.0,0.0,0
3,18,2,128,0.15,0,0.0,0.0,0
3,18,3,128,0.15,0,0.0,0.0,0
3,18,4,128,0.15,0,0.0,0.0,0
3,18,5,128,0.15,0,0.0,0.0,0
3,18,6,128,0.15,0,0.0,0.0,0
3,18,7,128,0.15,0,0.0,0.0,0
3,18,8,128,0.15,0,0.0,0.0,0
3,18,9,128,0.15,0,0.0,0.0,0
3,18,10,128,0.15,0,0.0,0.0,0
3,18,11,128,0.15,0,0.0,0.0,0
3,18,12,128,0.15,0,0.0,0.0,0
3,18,13,128,0.15,0,0.0,0.0,0
3,18,0,128,0.2,0,0.0,0.0,0
3,18,1,128,0.2,0,0.0,0.0,0
3,18,2,128,0.2,0,0.0,0.0,0
3,18,3,128,0.2,0,0.0,0.0,0
3,18,4,128,0.2,0,0.0,0.0,0
3,18,5,128,0.2,0,0.0,0.0,0
3,18,6,128,0.2,0,0.0,0.0,0
3,18,7,128,0.2,0,0.0,0.0,0
3,18,8,128,0.2,0,0.0,0.0,0
3,18,9,128,0.2,0,0.0,0.0,0
3,18,10,128,0.2,0,0.0,0.0,0
3,18,11,128,0.2,0,0.0,0.0,0
3,18,12,128,0.2,0,0.0,0.0,0
3,18,13,128,0.2,0,0.0,0.0,0
3,18,0,128,0.3,0,0.0,0.0,0
3,18,1,128,0.3,0,0.0,0.0,0
3,18,2,128,0.3,0,0.0,0.0,0
3,18,3,128,0.3,0,0.0,0.0,0
3,18,4,128,0.3,0,0.0,0.0,0
3,18,5,128,0.3,0,0.0,0.0,0
3,18,6,128,0.3,0,0.0,0.0,0
3,18,7,128,0.3,0,0.0,0.0,0
3,18,8,128,0.3,0,0.0,0.0,0
3,18,9,128,0.3,0,0.0,0.0,0
3,18,10,128,0.3,0,0.0,0.0,0
3,18,11,128,0.3,0,0.0,0.0,0
3,18,12,128,0.3,0,0.0,0.0,0
3,18,13,128,0.3,0,0.0,0.0,0
3,18,0,128,0.4,0,0.0,0.0,0
3,18,1,128,0.4,0,0.0,0.0,0
3,18,2,128,0.4,0,0.0,0.0,0
3,18,3,128,0.4,0,0.0,0.0,0
3,18,4,128,0.4,0,0.0,0.0,0
3,18,5,128,0.4,0,0.0,0.0,0
3,18,6,128,0.4,0,0.0,0.0,0
3,18,7,128,0.4,0,0.0,0.0,0
3,18,8,128,0.4,0,0.0,0.0,0
3,18,9,128,0.4,0,0.0,0.0,0
3,18,10,128,0.4,0,0.0,0.0,0
3,18,11,128,0.4,0,0.0,0.0,0
3,18,12,128,0.4,0,0.0,0.0,0
3,18,13,128,0.4,0,0.0,0.0,0
3,23,0,4,0.01,0,0.0,0.0,0
3,23,1,4,0.01,0,0.0,0.0,0
3,23,2,4,0.01,0,0.0,0.0,0
3,23,3,4,0.01,0,0.0,0.0,0
3,23,4,4,0.01,0,0.0,0.0,0
3,23,5,4,0.01,0,0.0,0.0,0
3,23,6,4,0.01,0,0.0,0.0,0
3,23,7,4,0.01,0,0.0,0.0,0
3,23,8,4,0.01,0,0.0,0.0,0
3,23,9,4,0.01,0,0.0,0.0,0
3,23,10,4,0.01,0,0.0,0.0,0
3,23,11,4,0.01,0,0.0,0.0,0
3,23,12,4,0.01,0,0.0,0.0,0
3,23,13,4,0.01,0,0.0,0.0,0
3,23,0,4,0.025,0,0.0,0.0,0
3,23,1,4,0.025,0,0.0,0.0,0
3,23,2,4,0.025,0,0.0,0.0,0
3,23,3,4,0.025,0,0.0,0.0,0
3,23,4,4,0.025,0,0.0,0.0,0
3,23,5,4,0.025,0,0.0,0.0,0
3,23,6,4,0.025,0,0.0,0.0,0
3,23,7,4,0.025,0,0.0,0.0,0
3,23,8,4,0.025,0,0.0,0.0,0
3,23,9,4,0.025,0,0.0,0.0,0
3,23,10,4,0.025,0,0.0,0.0,0
3,23,11,4,0.025,0,0.0,0.0,0
3,23,12,4,0.025,0,0.0,0.0,0
3,23,13,4,0.025,0,0.0,0.0,0
3,23,0,4,0.05,0,0.0,0.0,0
3,23,1,4,0.05,0,0.0,0.0,0
3,23,2,4,0.05,0,0.0,0.0,0
3,23,3,4,0.05,0,0.0,0.0,0
3,23,4,4,0.05,0,0.0,0.0,0
3,23,5,4,0.05,0,0.0,0.0,0
3,23,6,4,0.05,0,0.0,0.0,0
3,23,7,4,0.05,0,0.0,0.0,0
3,23,8,4,0.05,0,0.0,0.0,0
3,23,9,4,0.05,0,0.0,0.0,0
3,23,10,4,0.05,0,0.0,0.0,0
3,23,11,4,0.05,0,0.0,0.0,0
3,23,12,4,0.05,0,0.0,0.0,0
3,23,13,4,0.05,0,0.0,0.0,0
3,23,0,4,0.075,0,0.0,0.0,0
3,23,1,4,0.075,0,0.0,0.0,0
3,23,2,4,0.075,0,0.0,0.0,0
3,23,3,4,0.075,0,0.0,0.0,0
3,23,4,4,0.075,0,0.0,0.0,0
3,23,5,4,0.075,0,0.0,0.0,0
3,23,6,4,0.075,0,0.0,0.0,0
3,23,7,4,0.075,0,0.0,0.0,0
3,23,8,4,0.075,0,0.0,0.0,0
3,23,9,4,0.075,0,0.0,0.0,0
3,23,10,4,0.075,0,0.0,0.0,0
3,23,11,4,0.075,0,0.0,0.0,0
3,23,12,4,0.075,0,0.0,0.0,0
3,23,13,4,0.075,0,0.0,0.0,0
3,23,0,4,0.1,0,0.0,0.0,0
3,23,1,4,0.1,0,0.0,0.0,0
3,23,2,4,0.1,0,0.0,0.0,0
3,23,3,4,0.1,0,0.0,0.0,0
3,23,4,4,0.1,0,0.0,0.0,0
3,23,5,4,0.1,0,0.0,0.0,0
3,23,6,4,0.1,0,0.0,0.0,0
3,23,7,4,0.1,0,0.0,0.0,0
3,23,8,4,0.1,0,0.0,0.0,0
3,23,9,4,0.1,0,0.0,0.0,0
3,23,10,4,0.1,0,0.0,0.0,0
3,23,11,4,0.1,0,0.0,0.0,0
3,23,12,4,0.1,0,0.0,0.0,0
3,23,13,4,0.1,0,0.0,0.0,0
3,23,0,4,0.15,0,0.0,0.0,0
3,23,1,4,0.15,0,0.0,0.0,0
3,23,2,4,0.15,0,0.0,0.0,0
3,23,3,4,0.15,0,0.0,0.0,0
3,23,4,4,0.15,0,0.0,0.0,0
3,23,5,4,0.15,0,0.0,0.0,0
3,23,6,4,0.15,0,0.0,0.0,0
3,23,7,4,0.15,0,0.0,0.0,0
3,23,8,4,0.15,0,0.0,0.0,0
3,23,9,4,0.15,0,0.0,0.0,0
3,23,10,4,0.15,0,0.0,0.0,0
3,23,11,4,0.15,0,0.0,0.0,0
3,23,12,4,0.15,0,0.0,0.0,0
3,23,13,4,0.15,0,0.0,0.0,0
3,23,0,4,0.2,0,0.0,0.0,0
3,23,1,4,0.2,0,0.0,0.0,0
3,23,2,4,0.2,0,0.0,0.0,0
3,23,3,4,0.2,0,0.0,0.0,0
3,23,4,4,0.2,0,0.0,0.0,0
3,23,5,4,0.2,0,0.0,0.0,0
3,23,6,4,0.2,0,0.0,0.0,0
3,23,7,4,0.2,0,0.0,0.0,0
3,23,8,4,0.2,0,0.0,0.0,0
3,23,9,4,0.2,0,0.0,0.0,0
3,23,10,4,0.2,0,0.0,0.0,0
3,23,11,4,0.2,0,0.0,0.0,0
3,23,12,4,0.2,0,0.0,0.0,0
3,23,13,4,0.2,0,0.0,0.0,0
3,23,0,4,0.3,0,0.0,0.0,0
3,23,1,4,0.3,0,0.0,0.0,0
3,23,2,4,0.3,0,0.0,0.0,0
3,23,3,4,0.3,0,0.0,0.0,0
3,23,4,4,0.3,0,0.0,0.0,0
3,23,5,4,0.3,0,0.0,0.0,0
3,23,6,4,0.3,0,0.0,0.0,0
3,23,7,4,0.3,0,0.0,0.0,0
3,23,8,4,0.3,0,0.0,0.0,0
3,23,9,4,0.3,0,0.0,0.0,0
3,23,10,4,0.3,0,0.0,0.0,0
3,23,11,4,0.3,0,0.0,0.0,0
3,23,12,4,0.3,0,0.0,0.0,0
3,23,13,4,0.3,0,0.0,0.0,0
3,23,0,4,0.4,0,0.0,0.0,0
3,23,1,4,0.4,0,0.0,0.0,0
3,23,2,4,0.4,0,0.0,0.0,0
3,23,3,4,0.4,0,0.0,0.0,0
3,23,4,4,0.4,0,0.0,0.0,0
3,23,5,4,0.4,0,0.0,0.0,0
3,23,6,4,0.4,0,0.0,0.0,0
3,23,7,4,0.4,0,0.0,0.0,0
3,23,8,4,0.4,0,0.0,0.0,0
3,23,9,4,0.4,0,0.0,0.0,0
3,23,10,4,0.4,0,0.0,0.0,0
3,23,11,4,0.4,0,0.0,0.0,0
3,23,12,4,0.4,0,0.0,0.0,0
3,23,13,4,0.4,0,0.0,0.0,0
3,23,0,8,0.01,0,0.0,0.0,0
3,23,1,8,0.01,0,0.0,0.0,0
3,23,2,8,0.01,0,0.0,0.0,0
3,23,3,8,0.01,0,0.0,0.0,0
3,23,4,8,0.01,0,0.0,0.0,0
3,23,5,8,0.01,0,0.0,0.0,0
3,23,6,8,0.01,0,0.0,0.0,0
3,23,7,8,0.01,0,0.0,0.0,0
3,23,8,8,0.01,0,0.0,0.0,0
3,23,9,8,0.01,0,0.0,0.0,0
3,23,10,8,0.01,0,0.0,0.0,0
3,23,11,8,0.01,0,0.0,0.0,0
3,23,12,8,0.01,0,0.0,0.0,0
3,23,13,8,0.01,0,0.0,0.0,0
3,23,0,8,0.025,0,0.0,0.0,0
3,23,1,8,0.025,0,0.0,0.0,0
3,23,2,8,0.025,0,0.0,0.0,0
3,23,3,8,0.025,0,0.0,0.0,0
3,23,4,8,0.025,0,0.0,0.0,0
3,23,5,8,0.025,0,0.0,0.0,0
3,23,6,8,0.025,0,0.0,0.0,0
3,23,7,8,0.025,0,0.0,0.0,0
3,23,8,8,0.025,0,0.0,0.0,0
3,23,9,8,0.025,0,0.0,0.0,0
3,23,10,8,0.025,0,0.0,0.0,0
3,23,11,8,0.025,0,0.0,0.0,0
3,23,12,8,0.025,0,0.0,0.0,0
3,23,13,8,0.025,0,0.0,0.0,0
3,23,0,8,0.05,0,0.0,0.0,0
3,23,1,8,0.05,0,0.0,0.0,0
3,23,2,8,0.05,0,0.0,0.0,0
3,23,3,8,0.05,0,0.0,0.0,0
3,23,4,8,0.05,0,0.0,0.0,0
3,23,5,8,0.05,0,0.0,0.0,0
3,23,6,8,0.05,0,0.0,0.0,0
3,23,7,8,0.05,0,0.0,0.0,0
3,23,8,8,0.05,0,0.0,0.0,0
3,23,9,8,0.05,0,0.0,0.0,0
3,23,10,8,0.05,0,0.0,0.0,0
3,23,11,8,0.05,0,0.0,0.0,0
3,23,12,8,0.05,0,0.0,0.0,0
3,23,13,8,0.05,0,0.0,0.0,0
3,23,0,8,0.075,0,0.0,0.0,0
3,23,1,8,0.075,0,0.0,0.0,0
3,23,2,8,0.075,0,0.0,0.0,0
3,23,3,8,0.075,0,0.0,0.0,0
3,23,4,8,0.075,0,0.0,0.0,0
3,23,5,8,0.075,0,0.0,0.0,0
3,23,6,8,0.075,0,0.0,0.0,0
3,23,7,8,0.075,0,0.0,0.0,0
3,23,8,8,0.075,0,0.0,0.0,0
3,23,9,8,0.075,0,0.0,0.0,0
3,23,10,8,0.075,0,0.0,0.0,0
3,23,11,8,0.075,0,0.0,0.0,0
3,23,12,8,0.075,0,0.0,0.0,0
3,23,13,8,0.075,0,0.0,0.0,0
3,23,0,8,0.1,0,0.0,0.0,0
3,23,1,8,0.1,0,0.0,0.0,0
3,23,2,8,0.1,0,0.0,0.0,0
3,23,3,8,0.1,0,0.0,0.0,0
3,23,4,8,0.1,0,0.0,0.0,0
3,23,5,8,0.1,0,0.0,0.0,0
3,23,6,8,0.1,0,0.0,0.0,0
3,23,7,8,0.1,0,0.0,0.0,0
3,23,8,8,0.1,0,0.0,0.0,0
3,23,9,8,0.1,0,0.0,0.0,0
3,23,10,8,0.1,0,0.0,0.0,0
3,23,11,8,0.1,0,0.0,0.0,0
3,23,12,8,0.1,0,0.0,0.0,0
3,23,13,8,0.1,0,0.0,0.0,0
3,23,0,8,0.15,0,0.0,0.0,0
3,23,1,8,0.15,0,0.0,0.0,0
3,23,2,8,0.15,0,0.0,0.0,0
3,23,3,8,0.15,0,0.0,0.0,0
3,23,4,8,0.15,0,0.0,0.0,0
3,23,5,8,0.15,0,0.0,0.0,0
3,23,6,8,0.15,0,0.0,0.0,0
3,23,7,8,0.15,0,0.0,0.0,0
3,23,8,8,0.15,0,0.0,0.0,0
3,23,9,8,0.15,0,0.0,0.0,0
3,23,10,8,0.15,0,0.0,0.0,0
3,23,11,8,0.15,0,0.0,0.0,0
3,23,12,8,0.15,0,0.0,0.0,0
3,23,13,8,0.15,0,0.0,0.0,0
3,23,0,8,0.2,0,0.0,0.0,0
3,23,1,8,0.2,0,0.0,0.0,0
3,23,2,8,0.2,0,0.0,0.0,0
3,23,3,8,0.2,0,0.0,0.0,0
3,23,4,8,0.2,0,0.0,0.0,0
3,23,5,8,0.2,0,0.0,0.0,0
3,23,6,8,0.2,0,0.0,0.0,0
3,23,7,8,0.2,0,0.0,0.0,0
3,23,8,8,0.2,0,0.0,0.0,0
3,23,9,8,0.2,0,0.0,0.0,0
3,23,10,8,0.2,0,0.0,0.0,0
3,23,11,8,0.2,0,0.0,0.0,0
3,23,12,8,0.2,0,0.0,0.0,0
3,23,13,8,0.2,0,0.0,0.0,0
3,23,0,8,0.3,0,0.0,0.0,0
3,23,1,8,0.3,0,0.0,0.0,0
3,23,2,8,0.3,0,0.0,0.0,0
3,23,3,8,0.3,0,0.0,0.0,0
3,23,4,8,0.3,0,0.0,0.0,0
3,23,5,8,0.3,0,0.0,0.0,0
3,23,6,8,0.3,0,0.0,0.0,0
3,23,7,8,0.3,0,0.0,0.0,0
3,23,8,8,0.3,0,0.0,0.0,0
3,23,9,8,0.3,0,0.0,0.0,0
3,23,10,8,0.3,0,0.0,0.0,0
3,23,11,8,0.3,0,0.0,0.0,0
3,23,12,8,0.3,0,0.0,0.0,0
3,23,13,8,0.3,0,0.0,0.0,0
3,23,0,8,0.4,0,0.0,0.0,0
3,23,1,8,0.4,0,0.0,0.0,0
3,23,2,8,0.4,0,0.0,0.0,0
3,23,3,8,0.4,0,0.0,0.0,0
3,23,4,8,0.4,0,0.0,0.0,0
3,23,5,8,0.4,0,0.0,0.0,0
3,23,6,8,0.4,0,0.0,0.0,0
3,23,7,8,0.4,0,0.0,0.0,0
3,23,8,8,0.4,0,0.0,0.0,0
3,23,9,8,0.4,0,0.0,0.0,0
3,23,10,8,0.4,0,0.0,0.0,0
3,23,11,8,0.4,0,0.0,0.0,0
3,23,12,8,0.4,0,0.0,0.0,0
3,23,13,8,0.4,0,0.0,0.0,0
3,23,0,16,0.01,0,0.0,0.0,0
3,23,1,16,0.01,0,0.0,0.0,0
3,23,2,16,0.01,0,0.0,0.0,0
3,23,3,16,0.01,0,0.0,0.0,0
3,23,4,16,0.01,0,0.0,0.0,0
3,23,5,16,0.01,0,0.0,0.0,0
3,23,6,16,0.01,0,0.0,0.0,0
3,23,7,16,0.01,0,0.0,0.0,0
3,23,8,16,0.01,0,0.0,0.0,0
3,23,9,16,0.01,0,0.0,0.0,0
3,23,10,16,0.01,0,0.0,0.0,0
3,23,11,16,0.01,0,0.0,0.0,0
3,23,12,16,0.01,0,0.0,0.0,0
3,23,13,16,0.01,0,0.0,0.0,0
3,23,0,16,0.025,0,0.0,0.0,0
3,23,1,16,0.025,0,0.0,0.0,0
3,23,2,16,0.025,0,0.0,0.0,0
3,23,3,16,0.025,0,0.0,0.0,0
3,23,4,16,0.025,0,0.0,0.0,0
3,23,5,16,0.025,0,0.0,0.0,0
3,23,6,16,0.025,0,0.0,0.0,0
3,23,7,16,0.025,0,0.0,0.0,0
3,23,8,16,0.025,0,0.0,0.0,0
3,23,9,16,0.025,0,0.0,0.0,0
3,23,10,16,0.025,0,0.0,0.0,0
3,23,11,16,0.025,0,0.0,0.0,0
3,23,12,16,0.025,0,0.0,0.0,0
3,23,13,16,0.025,0,0.0,0.0,0
3,23,0,16,0.05,0,0.0,0.0,0
3,23,1,16,0.05,0,0.0,0.0,0
3,23,2,16,0.05,0,0.0,0.0,0
3,23,3,16,0.05,0,0.0,0.0,0
3,23,4,16,0.05,0,0.0,0.0,0
3,23,5,16,0.05,0,0.0,0.0,0
3,23,6,16,0.05,0,0.0,0.0,0
3,23,7,16,0.05,0,0.0,0.0,0
3,23,8,16,0.05,0,0.0,0.0,0
3,23,9,16,0.05,0,0.0,0.0,0
3,23,10,16,0.05,0,0.0,0.0,0
3,23,11,16,0.05,0,0.0,0.0,0
3,23,12,16,0.05,0,0.0,0.0,0
3,23,13,16,0.05,0,0.0,0.0,0
3,23,0,16,0.075,0,0.0,0.0,0
3,23,1,16,0.075,0,0.0,0.0,0
3,23,2,16,0.075,0,0.0,0.0,0
3,23,3,16,0.075,0,0.0,0.0,0
3,23,4,16,0.075,0,0.0,0.0,0
3,23,5,16,0.075,0,0.0,0.0,0
3,23,6,16,0.075,0,0.0,0.0,0
3,23,7,16,0.075,0,0.0,0.0,0
3,23,8,16,0.075,0,0.0,0.0,0
3,23,9,16,0.075,0,0.0,0.0,0
3,23,10,16,0.075,0,0.0,0.0,0
3,23,11,16,0.075,0,0.0,0.0,0
3,23,12,16,0.075,0,0.0,0.0,0
3,23,13,16,0.075,0,0.0,0.0,0
3,23,0,16,0.1,0,0.0,0.0,0
3,23,1,16,0.1,0,0.0,0.0,0
3,23,2,16,0.1,0,0.0,0.0,0
3,23,3,16,0.1,0,0.0,0.0,0
3,23,4,16,0.1,0,0.0,0.0,0
3,23,5,16,0.1,0,0.0,0.0,0
3,23,6,16,0.1,0,0.0,0.0,0
3,23,7,16,0.1,0,0.0,0.0,0
3,23,8,16,0.1,0,0.0,0.0,0
3,23,9,16,0.1,0,0.0,0.0,0
3,23,10,16,0.1,0,0.0,0.0,0
3,23,11,16,0.1,0,0.0,0.0,0
3,23,12,16,0.1,0,0.0,0.0,0
3,23,13,16,0.1,0,0.0,0.0,0
3,23,0,16,0.15,0,0.0,0.0,0
3,23,1,16,0.15,0,0.0,0.0,0
3,23,2,16,0.15,0,0.0,0.0,0
3,23,3,16,0.15,0,0.0,0.0,0
3,23,4,16,0.15,0,0.0,0.0,0
3,23,5,16,0.15,0,0.0,0.0,0
3,23,6,16,0.15,0,0.0,0.0,0
3,23,7,16,0.15,0,0.0,0.0,0
3,23,8,16,0.15,0,0.0,0.0,0
3,23,9,16,0.15,0,0.0,0.0,0
3,23,10,16,0.15,0,0.0,0.0,0
3,23,11,16,0.15,0,0.0,0.0,0
3,23,12,16,0.15,0,0.0,0.0,0
3,23,13,16,0.15,0,0.0,0.0,0
3,23,0,16,0.2,0,0.0,0.0,0
3,23,1,16,0.2,0,0.0,0.0,0
3,23,2,16,0.2,0,0.0,0.0,0
3,23,3,16,0.2,0,0.0,0.0,0
3,23,4,16,0.2,0,0.0,0.0,0
3,23,5,16,0.2,0,0.0,0.0,0
3,23,6,16,0.2,0,0.0,0.0,0
3,23,7,16,0.2,0,0.0,0.0,0
3,23,8,16,0.2,0,0.0,0.0,0
3,23,9,16,0.2,0,0.0,0.0,0
3,23,10,16,0.2,0,0.0,0.0,0
3,23,11,16,0.2,0,0.0,0.0,0
3,23,12,16,0.2,0,0.0,0.0,0
3,23,13,16,0.2,0,0.0,0.0,0
3,23,0,16,0.3,0,0.0,0.0,0
3,23,1,16,0.3,0,0.0,0.0,0
3,23,2,16,0.3,0,0.0,0.0,0
3,23,3,16,0.3,0,0.0,0.0,0
3,23,4,16,0.3,0,0.0,0.0,0
3,23,5,16,0.3,0,0.0,0.0,0
3,23,6,16,0.3,0,0.0,0.0,0
3,23,7,16,0.3,0,0.0,0.0,0
3,23,8,16,0.3,0,0.0,0.0,0
3,23,9,16,0.3,0,0.0,0.0,0
3,23,10,16,0.3,0,0.0,0.0,0
3,23,11,16,0.3,0,0.0,0.0,0
3,23,12,16,0.3,0,0.0,0.0,0
3,23,13,16,0.3,0,0.0,0.0,0
3,23,0,16,0.4,0,0.0,0.0,0
3,23,1,16,0.4,0,0.0,0.0,0
3,23,2,16,0.4,0,0.0,0.0,0
3,23,3,16,0.4,0,0.0,0.0,0
3,23,4,16,0.4,0,0.0,0.0,0
3,23,5,16,0.4,0,0.0,0.0,0
3,23,6,16,0.4,0,0.0,0.0,0
3,23,7,16,0.4,0,0.0,0.0,0
3,23,8,16,0.4,0,0.0,0.0,0
3,23,9,16,0.4,0,0.0,0.0,0
3,23,10,16,0.4,0,0.0,0.0,0
3,23,11,16,0.4,0,0.0,0.0,0
3,23,12,16,0.4,0,0.0,0.0,0
3,23,13,16,0.4,0,0.0,0.0,0
3,23,0,32,0.01,0,0.0,0.0,0
3,23,1,32,0.01,0,0.0,0.0,0
3,23,2,32,0.01,0,0.0,0.0,0
3,23,3,32,0.01,0,0.0,0.0,0
3,23,4,32,0.01,0,0.0,0.0,0
3,23,5,32,0.01,0,0.0,0.0,0
3,23,6,32,0.01,0,0.0,0.0,0
3,23,7,32,0.01,0,0.0,0.0,0
3,23,8,32,0.01,0,0.0,0.0,0
3,23,9,32,0.01,0,0.0,0.0,0
3,23,10,32,0.01,0,0.0,0.0,0
3,23,11,32,0.01,0,0.0,0.0,0
3,23,12,32,0.01,0,0.0,0.0,0
3,23,13,32,0.01,0,0.0,0.0,0
3,23,0,32,0.025,0,0.0,0.0,0
3,23,1,32,0.025,0,0.0,0.0,0
3,23,2,32,0.025,0,0.0,0.0,0
3,23,3,32,0.025,0,0.0,0.0,0
3,23,4,32,0.025,0,0.0,0.0,0
3,23,5,32,0.025,0,0.0,0.0,0
3,23,6,32,0.025,0,0.0,0.0,0
3,23,7,32,0.025,0,0.0,0.0,0
3,23,8,32,0.025,0,0.0,0.0,0
3,23,9,32,0.025,0,0.0,0.0,0
3,23,10,32,0.025,0,0.0,0.0,0
3,23,11,32,0.025,0,0.0,0.0,0
3,23,12,32,0.025,0,0.0,0.0,0
3,23,13,32,0.025,0,0.0,0.0,0
3,23,0,32,0.05,0,0.0,0.0,0
3,23,1,32,0.05,0,0.0,0.0,0
3,23,2,32,0.05,0,0.0,0.0,0
3,23,3,32,0.05,0,0.0,0.0,0
3,23,4,32,0.05,0,0.0,0.0,0
3,23,5,32,0.05,0,0.0,0.0,0
3,23,6,32,0.05,0,0.0,0.0,0
3,23,7,32,0.05,0,0.0,0.0,0
3,23,8,32,0.05,0,0.0,0.0,0
3,23,9,32,0.05,0,0.0,0.0,0
3,23,10,32,0.05,0,0.0,0.0,0
3,23,11,32,0.05,0,0.0,0.0,0
3,23,12,32,0.05,0,0.0,0.0,0
3,23,13,32,0.05,0,0.0,0.0,0
3,23,0,32,0.075,0,0.0,0.0,0
3,23,1,32,0.075,0,0.0,0.0,0
3,23,2,32,0.075,0,0.0,0.0,0
3,23,3,32,0.075,0,0.0,0.0,0
3,23,4,32,0.075,0,0.0,0.0,0
3,23,5,32,0.075,0,0.0,0.0,0
3,23,6,32,0.075,0,0.0,0.0,0
3,23,7,32,0.075,0,0.0,0.0,0
3,23,8,32,0.075,0,0.0,0.0,0
3,23,9,32,0.075,0,0.0,0.0,0
3,23,10,32,0.075,0,0.0,0.0,0
3,23,11,32,0.075,0,0.0,0.0,0
3,23,12,32,0.075,0,0.0,0.0,0
3,23,13,32,0.075,0,0.0,0.0,0
3,23,0,32,0.1,0,0.0,0.0,0
3,23,1,32,0.1,0,0.0,0.0,0
3,23,2,32,0.1,0,0.0,0.0,0
3,23,3,32,0.1,0,0.0,0.0,0
3,23,4,32,0.1,0,0.0,0.0,0
3,23,5,32,0.1,0,0.0,0.0,0
3,23,6,32,0.1,0,0.0,0.0,0
3,23,7,32,0.1,0,0.0,0.0,0
3,23,8,32,0.1,0,0.0,0.0,0
3,23,9,32,0.1,0,0.0,0.0,0
3,23,10,32,0.1,0,0.0,0.0,0
3,23,11,32,0.1,0,0.0,0.0,0
3,23,12,32,0.1,0,0.0,0.0,0
3,23,13,32,0.1,0,0.0,0.0,0
3,23,0,32,0.15,0,0.0,0.0,0
3,23,1,32,0.15,0,0.0,0.0,0
3,23,2,32,0.15,0,0.0,0.0,0
3,23,3,32,0.15,0,0.0,0.0,0
3,23,4,32,0.15,0,0.0,0.0,0
3,23,5,32,0.15,0,0.0,0.0,0
3,23,6,32,0.15,0,0.0,0.0,0
3,23,7,32,0.15,0,0.0,0.0,0
3,23,8,32,0.15,0,0.0,0.0,0
3,23,9,32,0.15,0,0.0,0.0,0
3,23,10,32,0.15,0,0.0,0.0,0
3,23,11,32,0.15,0,0.0,0.0,0
3,23,12,32,0.15,0,0.0,0.0,0
3,23,13,32,0.15,0,0.0,0.0,0
3,23,0,32,0.2,0,0.0,0.0,0
3,23,1,32,0.2,0,0.0,0.0,0
3,23,2,32,0.2,0,0.0,0.0,0
3,23,3,32,0.2,0,0.0,0.0,0
3,23,4,32,0.2,0,0.0,0.0,0
3,23,5,32,0.2,0,0.0,0.0,0
3,23,6,32,0.2,0,0.0,0.0,0
3,23,7,32,0.2,0,0.0,0.0,0
3,23,8,32,0.2,0,0.0,0.0,0
3,23,9,32,0.2,0,0.0,0.0,0
3,23,10,32,0.2,0,0.0,0.0,0
3,23,11,32,0.2,0,0.0,0.0,0
3,23,12,32,0.2,0,0.0,0.0,0
3,23,13,32,0.2,0,0.0,0.0,0
3,23,0,32,0.3,0,0.0,0.0,0
3,23,1,32,0.3,0,0.0,0.0,0
3,23,2,32,0.3,0,0.0,0.0,0
3,23,3,32,0.3,0,0.0,0.0,0
3,23,4,32,0.3,0,0.0,0.0,0
3,23,5,32,0.3,0,0.0,0.0,0
3,23,6,32,0.3,0,0.0,0.0,0
3,23,7,32,0.3,0,0.0,0.0,0
3,23,8,32,0.3,0,0.0,0.0,0
3,23,9,32,0.3,0,0.0,0.0,0
3,23,10,32,0.3,0,0.0,0.0,0
3,23,11,32,0.3,0,0.0,0.0,0
3,23,12,32,0.3,0,0.0,0.0,0
3,23,13,32,0.3,0,0.0,0.0,0
3,23,0,32,0.4,0,0.0,0.0,0
3,23,1,32,0.4,0,0.0,0.0,0
3,23,2,32,0.4,0,0.0,0.0,0
3,23,3,32,0.4,0,0.0,0.0,0
3,23,4,32,0.4,0,0.0,0.0,0
3,23,5,32,0.4,0,0.0,0.0,0
3,23,6,32,0.4,0,0.0,0.0,0
3,23,7,32,0.4,0,0.0,0.0,0
3,23,8,32,0.4,0,0.0,0.0,0
3,23,9,32,0.4,0,0.0,0.0,0
3,23,10,32,0.4,0,0.0,0.0,0
3,23,11,32,0.4,0,0.0,0.0,0
3,23,12,32,0.4,0,0.0,0.0,0
3,23,13,32,0.4,0,0.0,0.0,0
3,23,0,64,0.01,0,0.0,0.0,0
3,23,1,64,0.01,0,0.0,0.0,0
3,23,2,64,0.01,0,0.0,0.0,0
3,23,3,64,0.01,0,0.0,0.0,0
3,23,4,64,0.01,0,0.0,0.0,0
3,23,5,64,0.01,0,0.0,0.0,0
3,23,6,64,0.01,0,0.0,0.0,0
3,23,7,64,0.01,0,0.0,0.0,0
3,23,8,64,0.01,0,0.0,0.0,0
3,23,9,64,0.01,0,0.0,0.0,0
3,23,10,64,0.01,0,0.0,0.0,0
3,23,11,64,0.01,0,0.0,0.0,0
3,23,12,64,0.01,0,0.0,0.0,0
3,23,13,64,0.01,0,0.0,0.0,0
3,23,0,64,0.025,0,0.0,0.0,0
3,23,1,64,0.025,0,0.0,0.0,0
3,23,2,64,0.025,0,0.0,0.0,0
3,23,3,64,0.025,0,0.0,0.0,0
3,23,4,64,0.025,0,0.0,0.0,0
3,23,5,64,0.025,0,0.0,0.0,0
3,23,6,64,0.025,0,0.0,0.0,0
3,23,7,64,0.025,0,0.0,0.0,0
3,23,8,64,0.025,0,0.0,0.0,0
3,23,9,64,0.025,0,0.0,0.0,0
3,23,10,64,0.025,0,0.0,0.0,0
3,23,11,64,0.025,0,0.0,0.0,0
3,23,12,64,0.025,0,0.0,0.0,0
3,23,13,64,0.025,0,0.0,0.0,0
3,23,0,64,0.05,0,0.0,0.0,0
3,23,1,64,0.05,0,0.0,0.0,0
3,23,2,64,0.05,0,0.0,0.0,0
3,23,3,64,0.05,0,0.0,0.0,0
3,23,4,64,0.05,0,0.0,0.0,0
3,23,5,64,0.05,0,0.0,0.0,0
3,23,6,64,0.05,0,0.0,0.0,0
3,23,7,64,0.05,0,0.0,0.0,0
3,23,8,64,0.05,0,0.0,0.0,0
3,23,9,64,0.05,0,0.0,0.0,0
3,23,10,64,0.05,0,0.0,0.0,0
3,23,11,64,0.05,0,0.0,0.0,0
3,23,12,64,0.05,0,0.0,0.0,0
3,23,13,64,0.05,0,0.0,0.0,0
3,23,0,64,0.075,0,0.0,0.0,0
3,23,1,64,0.075,0,0.0,0.0,0
3,23,2,64,0.075,0,0.0,0.0,0
3,23,3,64,0.075,0,0.0,0.0,0
3,23,4,64,0.075,0,0.0,0.0,0
3,23,5,64,0.075,0,0.0,0.0,0
3,23,6,64,0.075,0,0.0,0.0,0
3,23,7,64,0.075,0,0.0,0.0,0
3,23,8,64,0.075,0,0.0,0.0,0
3,23,9,64,0.075,0,0.0,0.0,0
3,23,10,64,0.075,0,0.0,0.0,0
3,23,11,64,0.075,0,0.0,0.0,0
3,23,12,64,0.075,0,0.0,0.0,0
3,23,13,64,0.075,0,0.0,0.0,0
3,23,0,64,0.1,0,0.0,0.0,0
3,23,1,64,0.1,0,0.0,0.0,0
3,23,2,64,0.1,0,0.0,0.0,0
3,23,3,64,0.1,0,0.0,0.0,0
3,23,4,64,0.1,0,0.0,0.0,0
3,23,5,64,0.1,0,0.0,0.0,0
3,23,6,64,0.1,0,0.0,0.0,0
3,23,7,64,0.1,0,0.0,0.0,0
3,23,8,64,0.1,0,0.0,0.0,0
3,23,9,64,0.1,0,0.0,0.0,0
3,23,10,64,0.1,0,0.0,0.0,0
3,23,11,64,0.1,0,0.0,0.0,0
3,23,12,64,0.1,0,0.0,0.0,0
3,23,13,64,0.1,0,0.0,0.0,0
3,23,0,64,0.15,0,0.0,0.0,0
3,23,1,64,0.15,0,0.0,0.0,0
3,23,2,64,0.15,0,0.0,0.0,0
3,23,3,64,0.15,0,0.0,0.0,0
3,23,4,64,0.15,0,0.0,0.0,0
3,23,5,64,0.15,0,0.0,0.0,0
3,23,6,64,0.15,0,0.0,0.0,0
3,23,7,64,0.15,0,0.0,0.0,0
3,23,8,64,0.15,0,0.0,0.0,0
3,23,9,64,0.15,0,0.0,0.0,0
3,23,10,64,0.15,0,0.0,0.0,0
3,23,11,64,0.15,0,0.0,0.0,0
3,23,12,64,0.15,0,0.0,0.0,0
3,23,13,64,0.15,0,0.0,0.0,0
3,23,0,64,0.2,0,0.0,0.0,0
3,23,1,64,0.2,0,0.0,0.0,0
3,23,2,64,0.2,0,0.0,0.0,0
3,23,3,64,0.2,0,0.0,0.0,0
3,23,4,64,0.2,0,0.0,0.0,0
3,23,5,64,0.2,0,0.0,0.0,0
3,23,6,64,0.2,0,0.0,0.0,0
3,23,7,64,0.2,0,0.0,0.0,0
3,23,8,64,0.2,0,0.0,0.0,0
3,23,9,64,0.2,0,0.0,0.0,0
3,23,10,64,0.2,0,0.0,0.0,0
3,23,11,64,0.2,0,0.0,0.0,0
3,23,12,64,0.2,0,0.0,0.0,0
3,23,13,64,0.2,0,0.0,0.0,0
3,23,0,64,0.3,0,0.0,0.0,0
3,23,1,64,0.3,0,0.0,0.0,0
3,23,2,64,0.3,0,0.0,0.0,0
3,23,3,64,0.3,0,0.0,0.0,0
3,23,4,64,0.3,0,0.0,0.0,0
3,23,5,64,0.3,0,0.0,0.0,0
3,23,6,64,0.3,0,0.0,0.0,0
3,23,7,64,0.3,0,0.0,0.0,0
3,23,8,64,0.3,0,0.0,0.0,0
3,23,9,64,0.3,0,0.0,0.0,0
3,23,10,64,0.3,0,0.0,0.0,0
3,23,11,64,0.3,0,0.0,0.0,0
3,23,12,64,0.3,0,0.0,0.0,0
3,23,13,64,0.3,0,0.0,0.0,0
3,23,0,64,0.4,0,0.0,0.0,0
3,23,1,64,0.4,0,0.0,0.0,0
3,23,2,64,0.4,0,0.0,0.0,0
3,23,3,64,0.4,0,0.0,0.0,0
3,23,4,64,0.4,0,0.0,0.0,0
3,23,5,64,0.4,0,0.0,0.0,0
3,23,6,64,0.4,0,0.0,0.0,0
3,23,7,64,0.4,0,0.0,0.0,0
3,23,8,64,0.4,0,0.0,0.0,0
3,23,9,64,0.4,0,0.0,0.0,0
3,23,10,64,0.4,0,0.0,0.0,0
3,23,11,64,0.4,0,0.0,0.0,0
3,23,12,64,0.4,0,0.0,0.0,0
3,23,13,64,0.4,0,0.0,0.0,0
3,23,0,128,0.01,0,0.0,0.0,0
3,23,1,128,0.01,0,0.0,0.0,0
3,23,2,128,0.01,0,0.0,0.0,0
3,23,3,128,0.01,0,0.0,0.0,0
3,23,4,128,0.01,0,0.0,0.0,0
3,23,5,128,0.01,0,0.0,0.0,0
3,23,6,128,0.01,0,0.0,0.0,0
3,23,7,128,0.01,0,0.0,0.0,0
3,23,8,128,0.01,0,0.0,0.0,0
3,23,9,128,0.01,0,0.0,0.0,0
3,23,10,128,0.01,0,0.0,0.0,0
3,23,11,128,0.01,0,0.0,0.0,0
3,23,12,128,0.01,0,0.0,0.0,0
3,23,13,128,0.01,0,0.0,0.0,0
3,23,0,128,0.025,0,0.0,0.0,0
3,23,1,128,0.025,0,0.0,0.0,0
3,23,2,128,0.025,0,0.0,0.0,0
3,23,3,128,0.025,0,0.0,0.0,0
3,23,4,128,0.025,0,0.0,0.0,0
3,23,5,128,0.025,0,0.0,0.0,0
3,23,6,128,0.025,0,0.0,0.0,0
3,23,7,128,0.025,0,0.0,0.0,0
3,23,8,128,0.025,0,0.0,0.0,0
3,23,9,128,0.025,0,0.0,0.0,0
3,23,10,128,0.025,0,0.0,0.0,0
3,23,11,128,0.025,0,0.0,0.0,0
3,23,12,128,0.025,0,0.0,0.0,0
3,23,13,128,0.025,0,0.0,0.0,0
3,23,0,128,0.05,0,0.0,0.0,0
3,23,1,128,0.05,0,0.0,0.0,0
3,23,2,128,0.05,0,0.0,0.0,0
3,23,3,128,0.05,0,0.0,0.0,0
3,23,4,128,0.05,0,0.0,0.0,0
3,23,5,128,0.05,0,0.0,0.0,0
3,23,6,128,0.05,0,0.0,0.0,0
3,23,7,128,0.05,0,0.0,0.0,0
3,23,8,128,0.05,0,0.0,0.0,0
3,23,9,128,0.05,0,0.0,0.0,0
3,23,10,128,0.05,0,0.0,0.0,0
3,23,11,128,0.05,0,0.0,0.0,0
3,23,12,128,0.05,0,0.0,0.0,0
3,23,13,128,0.05,0,0.0,0.0,0
3,23,0,128,0.075,0,0.0,0.0,0
3,23,1,128,0.075,0,0.0,0.0,0
3,23,2,128,0.075,0,0.0,0.0,0
3,23,3,128,0.075,0,0.0,0.0,0
3,23,4,128,0.075,0,0.0,0.0,0
3,23,5,128,0.075,0,0.0,0.0,0
3,23,6,128,0.075,0,0.0,0.0,0
3,23,7,128,0.075,0,0.0,0.0,0
3,23,8,128,0.075,0,0.0,0.0,0
3,23,9,128,0.075,0,0.0,0.0,0
3,23,10,128,0.075,0,0.0,0.0,0
3,23,11,128,0.075,0,0.0,0.0,0
3,23,12,128,0.075,0,0.0,0.0,0
3,23,13,128,0.075,0,0.0,0.0,0
3,23,0,128,0.1,0,0.0,0.0,0
3,23,1,128,0.1,0,0.0,0.0,0
3,23,2,128,0.1,0,0.0,0.0,0
3,23,3,128,0.1,0,0.0,0.0,0
3,23,4,128,0.1,0,0.0,0.0,0
3,23,5,128,0.1,0,0.0,0.0,0
3,23,6,128,0.1,0,0.0,0.0,0
3,23,7,128,0.1,0,0.0,0.0,0
3,23,8,128,0.1,0,0.0,0.0,0
3,23,9,128,0.1,0,0.0,0.0,0
3,23,10,128,0.1,0,0.0,0.0,0
3,23,11,128,0.1,0,0.0,0.0,0
3,23,12,128,0.1,0,0.0,0.0,0
3,23,13,128,0.1,0,0.0,0.0,0
3,23,0,128,0.15,0,0.0,0.0,0
3,23,1,128,0.15,0,0.0,0.0,0
3,23,2,128,0.15,0,0.0,0.0,0
3,23,3,128,0.15,0,0.0,0.0,0
3,23,4,128,0.15,0,0.0,0.0,0
3,23,5,128,0.15,0,0.0,0.0,0
3,23,6,128,0.15,0,0.0,0.0,0
3,23,7,128,0.15,0,0.0,0.0,0
3,23,8,128,0.15,0,0.0,0.0,0
3,23,9,128,0.15,0,0.0,0.0,0
3,23,10,128,0.15,0,0.0,0.0,0
3,23,11,128,0.15,0,0.0,0.0,0
3,23,12,128,0.15,0,0.0,0.0,0
3,23,13,128,0.15,0,0.0,0.0,0
3,23,0,128,0.2,0,0.0,0.0,0
3,23,1,128,0.2,0,0.0,0.0,0
3,23,2,128,0.2,0,0.0,0.0,0
3,23,3,128,0.2,0,0.0,0.0,0
3,23,4,128,0.2,0,0.0,0.0,0
3,23,5,128,0.2,0,0.0,0.0,0
3,23,6,128,0.2,0,0.0,0.0,0
3,23,7,128,0.2,0,0.0,0.0,0
3,23,8,128,0.2,0,0.0,0.0,0
3,23,9,128,0.2,0,0.0,0.0,0
3,23,10,128,0.2,0,0.0,0.0,0
3,23,11,128,0.2,0,0.0,0.0,0
3,23,12,128,0.2,0,0.0,0.0,0
3,23,13,128,0.2,0,0.0,0.0,0
3,23,0,128,0.3,0,0.0,0.0,0
3,23,1,128,0.3,0,0.0,0.0,0
3,23,2,128,0.3,0,0.0,0.0,0
3,23,3,128,0.3,0,0.0,0.0,0
3,23,4,128,0.3,0,0.0,0.0,0
3,23,5,128,0.3,0,0.0,0.0,0
3,23,6,128,0.3,0,0.0,0.0,0
3,23,7,128,0.3,0,0.0,0.0,0
3,23,8,128,0.3,0,0.0,0.0,0
3,23,9,128,0.3,0,0.0,0.0,0
3,23,10,128,0.3,0,0.0,0.0,0
3,23,11,128,0.3,0,0.0,0.0,0
3,23,12,128,0.3,0,0.0,0.0,0
3,23,13,128,0.3,0,0.0,0.0,0
3,23,0,128,0.4,0,0.0,0.0,0
3,23,1,128,0.4,0,0.0,0.0,0
3,23,2,128,0.4,0,0.0,0.0,0
3,23,3,128,0.4,0,0.0,0.0,0
3,23,4,128,0.4,0,0.0,0.0,0
3,23,5,128,0.4,0,0.0,0.0,0
3,23,6,128,0.4,0,0.0,0.0,0
3,23,7,128,0.4,0,0.0,0.0,0
3,23,8,128,0.4,0,0.0,0.0,0
3,23,9,128,0.4,0,0.0,0.0,0
3,23,10,128,0.4,0,0.0,0.0,0
3,23,11,128,0.4,0,0.0,0.0,0
3,23,12,128,0.4,0,0.0,0.0,0
3,23,13,128,0.4,0,0.0,0.0,0
