mode,tol,N,layer,head,rank
original,0.1,1024,0,0,0
original,0.1,1024,0,1,0
original,0.1,1024,0,2,0
original,0.1,1024,0,3,0
original,0.1,1024,0,4,0
original,0.1,1024,0,5,0
original,0.1,1024,0,6,0
original,0.1,1024,0,7,0
original,0.1,1024,0,8,0
original,0.1,1024,0,9,0
original,0.1,1024,0,10,0
original,0.1,1024,0,11,0
original,0.1,1024,0,12,0
original,0.1,1024,0,13,0
original,0.1,1024,1,0,0
original,0.1,1024,1,1,0
original,0.1,1024,1,2,0
original,0.1,1024,1,3,0
original,0.1,1024,1,4,0
original,0.1,1024,1,5,0
original,0.1,1024,1,6,0
original,0.1,1024,1,7,0
original,0.1,1024,1,8,0
original,0.1,1024,1,9,0
original,0.1,1024,1,10,0
original,0.1,1024,1,11,0
original,0.1,1024,1,12,0
original,0.1,1024,1,13,0
original,0.1,1024,2,0,0
original,0.1,1024,2,1,0
original,0.1,1024,2,2,0
original,0.1,1024,2,3,0
original,0.1,1024,2,4,0
original,0.1,1024,2,5,0
original,0.1,1024,2,6,0
original,0.1,1024,2,7,0
original,0.1,1024,2,8,0
original,0.1,1024,2,9,0
original,0.1,1024,2,10,0
original,0.1,1024,2,11,0
original,0.1,1024,2,12,0
original,0.1,1024,2,13,0
original,0.1,1024,3,0,0
original,0.1,1024,3,1,0
original,0.1,1024,3,2,0
original,0.1,1024,3,3,0
original,0.1,1024,3,4,0
original,0.1,1024,3,5,0
original,0.1,1024,3,6,0
original,0.1,1024,3,7,0
original,0.1,1024,3,8,0
original,0.1,1024,3,9,0
original,0.1,1024,3,10,0
original,0.1,1024,3,11,0
original,0.1,1024,3,12,0
original,0.1,1024,3,13,0
original,0.1,1024,4,0,0
original,0.1,1024,4,1,0
original,0.1,1024,4,2,0
original,0.1,1024,4,3,0
original,0.1,1024,4,4,0
original,0.1,1024,4,5,0
original,0.1,1024,4,6,0
original,0.1,1024,4,7,0
original,0.1,1024,4,8,0
original,0.1,1024,4,9,0
original,0.1,1024,4,10,0
original,0.1,1024,4,11,0
original,0.1,1024,4,12,0
original,0.1,1024,4,13,0
original,0.1,1024,5,0,0
original,0.1,1024,5,1,0
original,0.1,1024,5,2,0
original,0.1,1024,5,3,0
original,0.1,1024,5,4,0
original,0.1,1024,5,5,0
original,0.1,1024,5,6,0
original,0.1,1024,5,7,0
original,0.1,1024,5,8,0
original,0.1,1024,5,9,0
original,0.1,1024,5,10,0
original,0.1,1024,5,11,0
original,0.1,1024,5,12,0
original,0.1,1024,5,13,0
original,0.1,1024,6,0,0
original,0.1,1024,6,1,0
original,0.1,1024,6,2,0
original,0.1,1024,6,3,0
original,0.1,1024,6,4,0
original,0.1,1024,6,5,0
original,0.1,1024,6,6,0
original,0.1,1024,6,7,0
original,0.1,1024,6,8,0
original,0.1,1024,6,9,0
original,0.1,1024,6,10,0
original,0.1,1024,6,11,0
original,0.1,1024,6,12,0
original,0.1,1024,6,13,0
original,0.1,1024,7,0,0
original,0.1,1024,7,1,0
original,0.1,1024,7,2,0
original,0.1,1024,7,3,0
original,0.1,1024,7,4,0
original,0.1,1024,7,5,0
original,0.1,1024,7,6,0
original,0.1,1024,7,7,0
original,0.1,1024,7,8,0
original,0.1,1024,7,9,0
original,0.1,1024,7,10,0
original,0.1,1024,7,11,0
original,0.1,1024,7,12,0
original,0.1,1024,7,13,0
original,0.1,1024,8,0,0
original,0.1,1024,8,1,0
original,0.1,1024,8,2,0
original,0.1,1024,8,3,0
original,0.1,1024,8,4,0
original,0.1,1024,8,5,0
original,0.1,1024,8,6,0
original,0.1,1024,8,7,0
original,0.1,1024,8,8,0
original,0.1,1024,8,9,0
original,0.1,1024,8,10,0
original,0.1,1024,8,11,0
original,0.1,1024,8,12,0
original,0.1,1024,8,13,0
original,0.1,1024,9,0,0
original,0.1,1024,9,1,0
original,0.1,1024,9,2,0
original,0.1,1024,9,3,0
original,0.1,1024,9,4,0
original,0.1,1024,9,5,0
original,0.1,1024,9,6,0
original,0.1,1024,9,7,64
original,0.1,1024,9,8,0
original,0.1,1024,9,9,0
original,0.1,1024,9,10,0
original,0.1,1024,9,11,0
original,0.1,1024,9,12,0
original,0.1,1024,9,13,0
original,0.1,1024,10,0,0
original,0.1,1024,10,1,0
original,0.1,1024,10,2,0
original,0.1,1024,10,3,0
original,0.1,1024,10,4,0
original,0.1,1024,10,5,0
original,0.1,1024,10,6,0
original,0.1,1024,10,7,0
original,0.1,1024,10,8,0
original,0.1,1024,10,9,0
original,0.1,1024,10,10,0
original,0.1,1024,10,11,0
original,0.1,1024,10,12,0
original,0.1,1024,10,13,0
original,0.1,1024,11,0,0
original,0.1,1024,11,1,0
original,0.1,1024,11,2,0
original,0.1,1024,11,3,0
original,0.1,1024,11,4,0
original,0.1,1024,11,5,0
original,0.1,1024,11,6,0
original,0.1,1024,11,7,64
original,0.1,1024,11,8,0
original,0.1,1024,11,9,0
original,0.1,1024,11,10,0
original,0.1,1024,11,11,1024
original,0.1,1024,11,12,0
original,0.1,1024,11,13,256
original,0.1,1024,12,0,0
original,0.1,1024,12,1,0
original,0.1,1024,12,2,0
original,0.1,1024,12,3,0
original,0.1,1024,12,4,0
original,0.1,1024,12,5,0
original,0.1,1024,12,6,0
original,0.1,1024,12,7,0
original,0.1,1024,12,8,0
original,0.1,1024,12,9,0
original,0.1,1024,12,10,0
original,0.1,1024,12,11,0
original,0.1,1024,12,12,0
original,0.1,1024,12,13,0
original,0.1,1024,13,0,0
original,0.1,1024,13,1,0
original,0.1,1024,13,2,0
original,0.1,1024,13,3,0
original,0.1,1024,13,4,0
original,0.1,1024,13,5,0
original,0.1,1024,13,6,0
original,0.1,1024,13,7,0
original,0.1,1024,13,8,0
original,0.1,1024,13,9,0
original,0.1,1024,13,10,0
original,0.1,1024,13,11,0
original,0.1,1024,13,12,0
original,0.1,1024,13,13,0
original,0.1,1024,14,0,0
original,0.1,1024,14,1,0
original,0.1,1024,14,2,0
original,0.1,1024,14,3,0
original,0.1,1024,14,4,0
original,0.1,1024,14,5,0
original,0.1,1024,14,6,0
original,0.1,1024,14,7,0
original,0.1,1024,14,8,0
original,0.1,1024,14,9,0
original,0.1,1024,14,10,0
original,0.1,1024,14,11,0
original,0.1,1024,14,12,0
original,0.1,1024,14,13,0
original,0.1,1024,15,0,0
original,0.1,1024,15,1,0
original,0.1,1024,15,2,0
original,0.1,1024,15,3,0
original,0.1,1024,15,4,0
original,0.1,1024,15,5,0
original,0.1,1024,15,6,0
original,0.1,1024,15,7,0
original,0.1,1024,15,8,0
original,0.1,1024,15,9,0
original,0.1,1024,15,10,0
original,0.1,1024,15,11,0
original,0.1,1024,15,12,0
original,0.1,1024,15,13,0
original,0.1,1024,16,0,0
original,0.1,1024,16,1,0
original,0.1,1024,16,2,0
original,0.1,1024,16,3,0
original,0.1,1024,16,4,0
original,0.1,1024,16,5,0
original,0.1,1024,16,6,0
original,0.1,1024,16,7,0
original,0.1,1024,16,8,0
original,0.1,1024,16,9,0
original,0.1,1024,16,10,0
original,0.1,1024,16,11,0
original,0.1,1024,16,12,0
original,0.1,1024,16,13,0
original,0.1,1024,17,0,0
original,0.1,1024,17,1,0
original,0.1,1024,17,2,0
original,0.1,1024,17,3,0
original,0.1,1024,17,4,0
original,0.1,1024,17,5,0
original,0.1,1024,17,6,0
original,0.1,1024,17,7,0
original,0.1,1024,17,8,0
original,0.1,1024,17,9,0
original,0.1,1024,17,10,0
original,0.1,1024,17,11,0
original,0.1,1024,17,12,0
original,0.1,1024,17,13,0
original,0.1,1024,18,0,0
original,0.1,1024,18,1,0
original,0.1,1024,18,2,0
original,0.1,1024,18,3,0
original,0.1,1024,18,4,0
original,0.1,1024,18,5,0
original,0.1,1024,18,6,0
original,0.1,1024,18,7,0
original,0.1,1024,18,8,0
original,0.1,1024,18,9,0
original,0.1,1024,18,10,0
original,0.1,1024,18,11,0
original,0.1,1024,18,12,0
original,0.1,1024,18,13,0
original,0.1,1024,19,0,0
original,0.1,1024,19,1,0
original,0.1,1024,19,2,0
original,0.1,1024,19,3,0
original,0.1,1024,19,4,0
original,0.1,1024,19,5,0
original,0.1,1024,19,6,0
original,0.1,1024,19,7,0
original,0.1,1024,19,8,0
original,0.1,1024,19,9,0
original,0.1,1024,19,10,0
original,0.1,1024,19,11,0
original,0.1,1024,19,12,0
original,0.1,1024,19,13,0
original,0.1,1024,20,0,0
original,0.1,1024,20,1,0
original,0.1,1024,20,2,0
original,0.1,1024,20,3,0
original,0.1,1024,20,4,0
original,0.1,1024,20,5,0
original,0.1,1024,20,6,0
original,0.1,1024,20,7,0
original,0.1,1024,20,8,0
original,0.1,1024,20,9,0
original,0.1,1024,20,10,0
original,0.1,1024,20,11,0
original,0.1,1024,20,12,0
original,0.1,1024,20,13,0
original,0.1,1024,21,0,0
original,0.1,1024,21,1,0
original,0.1,1024,21,2,0
original,0.1,1024,21,3,0
original,0.1,1024,21,4,0
original,0.1,1024,21,5,0
original,0.1,1024,21,6,0
original,0.1,1024,21,7,0
original,0.1,1024,21,8,0
original,0.1,1024,21,9,0
original,0.1,1024,21,10,0
original,0.1,1024,21,11,0
original,0.1,1024,21,12,0
original,0.1,1024,21,13,0
original,0.1,1024,22,0,0
original,0.1,1024,22,1,0
original,0.1,1024,22,2,0
original,0.1,1024,22,3,0
original,0.1,1024,22,4,0
original,0.1,1024,22,5,0
original,0.1,1024,22,6,0
original,0.1,1024,22,7,0
original,0.1,1024,22,8,0
original,0.1,1024,22,9,0
original,0.1,1024,22,10,0
original,0.1,1024,22,11,0
original,0.1,1024,22,12,0
original,0.1,1024,22,13,0
original,0.1,1024,23,0,0
original,0.1,1024,23,1,0
original,0.1,1024,23,2,0
original,0.1,1024,23,3,0
original,0.1,1024,23,4,0
original,0.1,1024,23,5,0
original,0.1,1024,23,6,0
original,0.1,1024,23,7,0
original,0.1,1024,23,8,0
original,0.1,1024,23,9,0
original,0.1,1024,23,10,0
original,0.1,1024,23,11,0
original,0.1,1024,23,12,0
original,0.1,1024,23,13,0
original,0.1,2048,0,0,0
original,0.1,2048,0,1,0
original,0.1,2048,0,2,0
original,0.1,2048,0,3,0
original,0.1,2048,0,4,0
original,0.1,2048,0,5,0
original,0.1,2048,0,6,0
original,0.1,2048,0,7,0
original,0.1,2048,0,8,0
original,0.1,2048,0,9,0
original,0.1,2048,0,10,0
original,0.1,2048,0,11,0
original,0.1,2048,0,12,0
original,0.1,2048,0,13,0
original,0.1,2048,1,0,0
original,0.1,2048,1,1,0
original,0.1,2048,1,2,0
original,0.1,2048,1,3,0
original,0.1,2048,1,4,0
original,0.1,2048,1,5,0
original,0.1,2048,1,6,0
original,0.1,2048,1,7,0
original,0.1,2048,1,8,0
original,0.1,2048,1,9,0
original,0.1,2048,1,10,0
original,0.1,2048,1,11,0
original,0.1,2048,1,12,0
original,0.1,2048,1,13,0
original,0.1,2048,2,0,0
original,0.1,2048,2,1,0
original,0.1,2048,2,2,0
original,0.1,2048,2,3,0
original,0.1,2048,2,4,0
original,0.1,2048,2,5,0
original,0.1,2048,2,6,0
original,0.1,2048,2,7,0
original,0.1,2048,2,8,0
original,0.1,2048,2,9,0
original,0.1,2048,2,10,0
original,0.1,2048,2,11,0
original,0.1,2048,2,12,0
original,0.1,2048,2,13,0
original,0.1,2048,3,0,0
original,0.1,2048,3,1,0
original,0.1,2048,3,2,0
original,0.1,2048,3,3,0
original,0.1,2048,3,4,0
original,0.1,2048,3,5,0
original,0.1,2048,3,6,0
original,0.1,2048,3,7,0
original,0.1,2048,3,8,0
original,0.1,2048,3,9,0
original,0.1,2048,3,10,0
original,0.1,2048,3,11,0
original,0.1,2048,3,12,0
original,0.1,2048,3,13,0
original,0.1,2048,4,0,0
original,0.1,2048,4,1,0
original,0.1,2048,4,2,0
original,0.1,2048,4,3,0
original,0.1,2048,4,4,0
original,0.1,2048,4,5,0
original,0.1,2048,4,6,0
original,0.1,2048,4,7,0
original,0.1,2048,4,8,0
original,0.1,2048,4,9,0
original,0.1,2048,4,10,0
original,0.1,2048,4,11,0
original,0.1,2048,4,12,0
original,0.1,2048,4,13,0
original,0.1,2048,5,0,0
original,0.1,2048,5,1,0
original,0.1,2048,5,2,0
original,0.1,2048,5,3,0
original,0.1,2048,5,4,0
original,0.1,2048,5,5,0
original,0.1,2048,5,6,0
original,0.1,2048,5,7,0
original,0.1,2048,5,8,0
original,0.1,2048,5,9,0
original,0.1,2048,5,10,0
original,0.1,2048,5,11,0
original,0.1,2048,5,12,0
original,0.1,2048,5,13,0
original,0.1,2048,6,0,0
original,0.1,2048,6,1,0
original,0.1,2048,6,2,0
original,0.1,2048,6,3,0
original,0.1,2048,6,4,0
original,0.1,2048,6,5,0
original,0.1,2048,6,6,0
original,0.1,2048,6,7,0
original,0.1,2048,6,8,0
original,0.1,2048,6,9,0
original,0.1,2048,6,10,0
original,0.1,2048,6,11,0
original,0.1,2048,6,12,0
original,0.1,2048,6,13,0
original,0.1,2048,7,0,0
original,0.1,2048,7,1,0
original,0.1,2048,7,2,0
original,0.1,2048,7,3,0
original,0.1,2048,7,4,0
original,0.1,2048,7,5,0
original,0.1,2048,7,6,0
original,0.1,2048,7,7,0
original,0.1,2048,7,8,0
original,0.1,2048,7,9,0
original,0.1,2048,7,10,0
original,0.1,2048,7,11,0
original,0.1,2048,7,12,0
original,0.1,2048,7,13,0
original,0.1,2048,8,0,0
original,0.1,2048,8,1,0
original,0.1,2048,8,2,0
original,0.1,2048,8,3,0
original,0.1,2048,8,4,0
original,0.1,2048,8,5,0
original,0.1,2048,8,6,0
original,0.1,2048,8,7,0
original,0.1,2048,8,8,0
original,0.1,2048,8,9,0
original,0.1,2048,8,10,0
original,0.1,2048,8,11,0
original,0.1,2048,8,12,0
original,0.1,2048,8,13,0
original,0.1,2048,9,0,0
original,0.1,2048,9,1,0
original,0.1,2048,9,2,0
original,0.1,2048,9,3,0
original,0.1,2048,9,4,0
original,0.1,2048,9,5,0
original,0.1,2048,9,6,0
original,0.1,2048,9,7,0
original,0.1,2048,9,8,0
original,0.1,2048,9,9,0
original,0.1,2048,9,10,0
original,0.1,2048,9,11,0
original,0.1,2048,9,12,0
original,0.1,2048,9,13,0
original,0.1,2048,10,0,0
original,0.1,2048,10,1,0
original,0.1,2048,10,2,0
original,0.1,2048,10,3,0
original,0.1,2048,10,4,0
original,0.1,2048,10,5,0
original,0.1,2048,10,6,0
original,0.1,2048,10,7,0
original,0.1,2048,10,8,0
original,0.1,2048,10,9,0
original,0.1,2048,10,10,0
original,0.1,2048,10,11,0
original,0.1,2048,10,12,0
original,0.1,2048,10,13,0
original,0.1,2048,11,0,0
original,0.1,2048,11,1,0
original,0.1,2048,11,2,0
original,0.1,2048,11,3,0
original,0.1,2048,11,4,0
original,0.1,2048,11,5,0
original,0.1,2048,11,6,0
original,0.1,2048,11,7,64
original,0.1,2048,11,8,0
original,0.1,2048,11,9,0
original,0.1,2048,11,10,0
original,0.1,2048,11,11,64
original,0.1,2048,11,12,0
original,0.1,2048,11,13,64
original,0.1,2048,12,0,0
original,0.1,2048,12,1,0
original,0.1,2048,12,2,0
original,0.1,2048,12,3,0
original,0.1,2048,12,4,0
original,0.1,2048,12,5,0
original,0.1,2048,12,6,0
original,0.1,2048,12,7,0
original,0.1,2048,12,8,0
original,0.1,2048,12,9,0
original,0.1,2048,12,10,0
original,0.1,2048,12,11,0
original,0.1,2048,12,12,0
original,0.1,2048,12,13,0
original,0.1,2048,13,0,0
original,0.1,2048,13,1,0
original,0.1,2048,13,2,0
original,0.1,2048,13,3,0
original,0.1,2048,13,4,0
original,0.1,2048,13,5,0
original,0.1,2048,13,6,0
original,0.1,2048,13,7,0
original,0.1,2048,13,8,0
original,0.1,2048,13,9,0
original,0.1,2048,13,10,0
original,0.1,2048,13,11,0
original,0.1,2048,13,12,0
original,0.1,2048,13,13,0
original,0.1,2048,14,0,0
original,0.1,2048,14,1,0
original,0.1,2048,14,2,0
original,0.1,2048,14,3,0
original,0.1,2048,14,4,0
original,0.1,2048,14,5,0
original,0.1,2048,14,6,0
original,0.1,2048,14,7,0
original,0.1,2048,14,8,0
original,0.1,2048,14,9,0
original,0.1,2048,14,10,0
original,0.1,2048,14,11,0
original,0.1,2048,14,12,0
original,0.1,2048,14,13,0
original,0.1,2048,15,0,0
original,0.1,2048,15,1,0
original,0.1,2048,15,2,0
original,0.1,2048,15,3,0
original,0.1,2048,15,4,0
original,0.1,2048,15,5,0
original,0.1,2048,15,6,0
original,0.1,2048,15,7,0
original,0.1,2048,15,8,0
original,0.1,2048,15,9,0
original,0.1,2048,15,10,0
original,0.1,2048,15,11,0
original,0.1,2048,15,12,0
original,0.1,2048,15,13,0
original,0.1,2048,16,0,0
original,0.1,2048,16,1,0
original,0.1,2048,16,2,0
original,0.1,2048,16,3,0
original,0.1,2048,16,4,0
original,0.1,2048,16,5,0
original,0.1,2048,16,6,0
original,0.1,2048,16,7,0
original,0.1,2048,16,8,0
original,0.1,2048,16,9,0
original,0.1,2048,16,10,0
original,0.1,2048,16,11,0
original,0.1,2048,16,12,0
original,0.1,2048,16,13,0
original,0.1,2048,17,0,0
original,0.1,2048,17,1,0
original,0.1,2048,17,2,0
original,0.1,2048,17,3,0
original,0.1,2048,17,4,0
original,0.1,2048,17,5,0
original,0.1,2048,17,6,0
original,0.1,2048,17,7,0
original,0.1,2048,17,8,0
original,0.1,2048,17,9,0
original,0.1,2048,17,10,0
original,0.1,2048,17,11,0
original,0.1,2048,17,12,0
original,0.1,2048,17,13,0
original,0.1,2048,18,0,0
original,0.1,2048,18,1,0
original,0.1,2048,18,2,0
original,0.1,2048,18,3,0
original,0.1,2048,18,4,0
original,0.1,2048,18,5,0
original,0.1,2048,18,6,0
original,0.1,2048,18,7,0
original,0.1,2048,18,8,0
original,0.1,2048,18,9,0
original,0.1,2048,18,10,0
original,0.1,2048,18,11,0
original,0.1,2048,18,12,0
original,0.1,2048,18,13,0
original,0.1,2048,19,0,0
original,0.1,2048,19,1,0
original,0.1,2048,19,2,0
original,0.1,2048,19,3,0
original,0.1,2048,19,4,0
original,0.1,2048,19,5,0
original,0.1,2048,19,6,0
original,0.1,2048,19,7,0
original,0.1,2048,19,8,0
original,0.1,2048,19,9,0
original,0.1,2048,19,10,0
original,0.1,2048,19,11,0
original,0.1,2048,19,12,0
original,0.1,2048,19,13,0
original,0.1,2048,20,0,0
original,0.1,2048,20,1,0
original,0.1,2048,20,2,0
original,0.1,2048,20,3,0
original,0.1,2048,20,4,0
original,0.1,2048,20,5,0
original,0.1,2048,20,6,0
original,0.1,2048,20,7,0
original,0.1,2048,20,8,0
original,0.1,2048,20,9,0
original,0.1,2048,20,10,0
original,0.1,2048,20,11,0
original,0.1,2048,20,12,0
original,0.1,2048,20,13,0
original,0.1,2048,21,0,0
original,0.1,2048,21,1,0
original,0.1,2048,21,2,0
original,0.1,2048,21,3,0
original,0.1,2048,21,4,0
original,0.1,2048,21,5,0
original,0.1,2048,21,6,0
original,0.1,2048,21,7,0
original,0.1,2048,21,8,0
original,0.1,2048,21,9,0
original,0.1,2048,21,10,0
original,0.1,2048,21,11,0
original,0.1,2048,21,12,0
original,0.1,2048,21,13,0
original,0.1,2048,22,0,0
original,0.1,2048,22,1,0
original,0.1,2048,22,2,0
original,0.1,2048,22,3,0
original,0.1,2048,22,4,0
original,0.1,2048,22,5,0
original,0.1,2048,22,6,0
original,0.1,2048,22,7,0
original,0.1,2048,22,8,0
original,0.1,2048,22,9,0
original,0.1,2048,22,10,0
original,0.1,2048,22,11,0
original,0.1,2048,22,12,0
original,0.1,2048,22,13,0
original,0.1,2048,23,0,0
original,0.1,2048,23,1,0
original,0.1,2048,23,2,0
original,0.1,2048,23,3,0
original,0.1,2048,23,4,0
original,0.1,2048,23,5,0
original,0.1,2048,23,6,0
original,0.1,2048,23,7,0
original,0.1,2048,23,8,0
original,0.1,2048,23,9,0
original,0.1,2048,23,10,0
original,0.1,2048,23,11,0
original,0.1,2048,23,12,0
original,0.1,2048,23,13,0
original,0.1,4096,0,0,0
original,0.1,4096,0,1,0
original,0.1,4096,0,2,0
original,0.1,4096,0,3,0
original,0.1,4096,0,4,0
original,0.1,4096,0,5,0
original,0.1,4096,0,6,0
original,0.1,4096,0,7,0
original,0.1,4096,0,8,0
original,0.1,4096,0,9,0
original,0.1,4096,0,10,0
original,0.1,4096,0,11,0
original,0.1,4096,0,12,0
original,0.1,4096,0,13,0
original,0.1,4096,1,0,0
original,0.1,4096,1,1,0
original,0.1,4096,1,2,0
original,0.1,4096,1,3,0
original,0.1,4096,1,4,0
original,0.1,4096,1,5,0
original,0.1,4096,1,6,0
original,0.1,4096,1,7,0
original,0.1,4096,1,8,0
original,0.1,4096,1,9,0
original,0.1,4096,1,10,0
original,0.1,4096,1,11,0
original,0.1,4096,1,12,0
original,0.1,4096,1,13,0
original,0.1,4096,2,0,0
original,0.1,4096,2,1,0
original,0.1,4096,2,2,0
original,0.1,4096,2,3,0
original,0.1,4096,2,4,0
original,0.1,4096,2,5,0
original,0.1,4096,2,6,0
original,0.1,4096,2,7,0
original,0.1,4096,2,8,0
original,0.1,4096,2,9,0
original,0.1,4096,2,10,0
original,0.1,4096,2,11,0
original,0.1,4096,2,12,0
original,0.1,4096,2,13,0
original,0.1,4096,3,0,0
original,0.1,4096,3,1,0
original,0.1,4096,3,2,0
original,0.1,4096,3,3,0
original,0.1,4096,3,4,0
original,0.1,4096,3,5,0
original,0.1,4096,3,6,0
original,0.1,4096,3,7,0
original,0.1,4096,3,8,0
original,0.1,4096,3,9,0
original,0.1,4096,3,10,0
original,0.1,4096,3,11,0
original,0.1,4096,3,12,0
original,0.1,4096,3,13,0
original,0.1,4096,4,0,0
original,0.1,4096,4,1,0
original,0.1,4096,4,2,0
original,0.1,4096,4,3,0
original,0.1,4096,4,4,0
original,0.1,4096,4,5,0
original,0.1,4096,4,6,0
original,0.1,4096,4,7,0
original,0.1,4096,4,8,0
original,0.1,4096,4,9,0
original,0.1,4096,4,10,0
original,0.1,4096,4,11,0
original,0.1,4096,4,12,0
original,0.1,4096,4,13,0
original,0.1,4096,5,0,0
original,0.1,4096,5,1,0
original,0.1,4096,5,2,0
original,0.1,4096,5,3,0
original,0.1,4096,5,4,0
original,0.1,4096,5,5,0
original,0.1,4096,5,6,0
original,0.1,4096,5,7,0
original,0.1,4096,5,8,0
original,0.1,4096,5,9,0
original,0.1,4096,5,10,0
original,0.1,4096,5,11,0
original,0.1,4096,5,12,0
original,0.1,4096,5,13,0
original,0.1,4096,6,0,0
original,0.1,4096,6,1,0
original,0.1,4096,6,2,0
original,0.1,4096,6,3,0
original,0.1,4096,6,4,0
original,0.1,4096,6,5,0
original,0.1,4096,6,6,0
original,0.1,4096,6,7,0
original,0.1,4096,6,8,0
original,0.1,4096,6,9,0
original,0.1,4096,6,10,0
original,0.1,4096,6,11,0
original,0.1,4096,6,12,0
original,0.1,4096,6,13,0
original,0.1,4096,7,0,0
original,0.1,4096,7,1,0
original,0.1,4096,7,2,0
original,0.1,4096,7,3,0
original,0.1,4096,7,4,0
original,0.1,4096,7,5,0
original,0.1,4096,7,6,0
original,0.1,4096,7,7,0
original,0.1,4096,7,8,0
original,0.1,4096,7,9,0
original,0.1,4096,7,10,0
original,0.1,4096,7,11,0
original,0.1,4096,7,12,0
original,0.1,4096,7,13,0
original,0.1,4096,8,0,0
original,0.1,4096,8,1,0
original,0.1,4096,8,2,0
original,0.1,4096,8,3,0
original,0.1,4096,8,4,0
original,0.1,4096,8,5,0
original,0.1,4096,8,6,0
original,0.1,4096,8,7,0
original,0.1,4096,8,8,0
original,0.1,4096,8,9,0
original,0.1,4096,8,10,0
original,0.1,4096,8,11,0
original,0.1,4096,8,12,0
original,0.1,4096,8,13,0
original,0.1,4096,9,0,0
original,0.1,4096,9,1,0
original,0.1,4096,9,2,0
original,0.1,4096,9,3,0
original,0.1,4096,9,4,0
original,0.1,4096,9,5,0
original,0.1,4096,9,6,0
original,0.1,4096,9,7,0
original,0.1,4096,9,8,0
original,0.1,4096,9,9,0
original,0.1,4096,9,10,0
original,0.1,4096,9,11,0
original,0.1,4096,9,12,0
original,0.1,4096,9,13,0
original,0.1,4096,10,0,0
original,0.1,4096,10,1,0
original,0.1,4096,10,2,0
original,0.1,4096,10,3,0
original,0.1,4096,10,4,0
original,0.1,4096,10,5,0
original,0.1,4096,10,6,0
original,0.1,4096,10,7,0
original,0.1,4096,10,8,0
original,0.1,4096,10,9,0
original,0.1,4096,10,10,0
original,0.1,4096,10,11,0
original,0.1,4096,10,12,0
original,0.1,4096,10,13,0
original,0.1,4096,11,0,0
original,0.1,4096,11,1,0
original,0.1,4096,11,2,0
original,0.1,4096,11,3,0
original,0.1,4096,11,4,0
original,0.1,4096,11,5,0
original,0.1,4096,11,6,0
original,0.1,4096,11,7,0
original,0.1,4096,11,8,0
original,0.1,4096,11,9,0
original,0.1,4096,11,10,0
original,0.1,4096,11,11,0
original,0.1,4096,11,12,0
original,0.1,4096,11,13,64
original,0.1,4096,12,0,0
original,0.1,4096,12,1,0
original,0.1,4096,12,2,0
original,0.1,4096,12,3,0
original,0.1,4096,12,4,0
original,0.1,4096,12,5,0
original,0.1,4096,12,6,0
original,0.1,4096,12,7,0
original,0.1,4096,12,8,0
original,0.1,4096,12,9,0
original,0.1,4096,12,10,0
original,0.1,4096,12,11,0
original,0.1,4096,12,12,0
original,0.1,4096,12,13,0
original,0.1,4096,13,0,0
original,0.1,4096,13,1,0
original,0.1,4096,13,2,0
original,0.1,4096,13,3,0
original,0.1,4096,13,4,0
original,0.1,4096,13,5,0
original,0.1,4096,13,6,0
original,0.1,4096,13,7,0
original,0.1,4096,13,8,0
original,0.1,4096,13,9,0
original,0.1,4096,13,10,0
original,0.1,4096,13,11,0
original,0.1,4096,13,12,0
original,0.1,4096,13,13,0
original,0.1,4096,14,0,0
original,0.1,4096,14,1,0
original,0.1,4096,14,2,0
original,0.1,4096,14,3,0
original,0.1,4096,14,4,0
original,0.1,4096,14,5,0
original,0.1,4096,14,6,0
original,0.1,4096,14,7,0
original,0.1,4096,14,8,0
original,0.1,4096,14,9,0
original,0.1,4096,14,10,0
original,0.1,4096,14,11,0
original,0.1,4096,14,12,0
original,0.1,4096,14,13,0
original,0.1,4096,15,0,0
original,0.1,4096,15,1,0
original,0.1,4096,15,2,0
original,0.1,4096,15,3,0
original,0.1,4096,15,4,0
original,0.1,4096,15,5,0
original,0.1,4096,15,6,0
original,0.1,4096,15,7,0
original,0.1,4096,15,8,0
original,0.1,4096,15,9,0
original,0.1,4096,15,10,0
original,0.1,4096,15,11,0
original,0.1,4096,15,12,0
original,0.1,4096,15,13,0
original,0.1,4096,16,0,0
original,0.1,4096,16,1,0
original,0.1,4096,16,2,0
original,0.1,4096,16,3,0
original,0.1,4096,16,4,0
original,0.1,4096,16,5,0
original,0.1,4096,16,6,0
original,0.1,4096,16,7,0
original,0.1,4096,16,8,0
original,0.1,4096,16,9,0
original,0.1,4096,16,10,0
original,0.1,4096,16,11,0
original,0.1,4096,16,12,0
original,0.1,4096,16,13,0
original,0.1,4096,17,0,0
original,0.1,4096,17,1,0
original,0.1,4096,17,2,0
original,0.1,4096,17,3,0
original,0.1,4096,17,4,0
original,0.1,4096,17,5,0
original,0.1,4096,17,6,0
original,0.1,4096,17,7,0
original,0.1,4096,17,8,0
original,0.1,4096,17,9,0
original,0.1,4096,17,10,0
original,0.1,4096,17,11,0
original,0.1,4096,17,12,0
original,0.1,4096,17,13,0
original,0.1,4096,18,0,0
original,0.1,4096,18,1,0
original,0.1,4096,18,2,0
original,0.1,4096,18,3,0
original,0.1,4096,18,4,0
original,0.1,4096,18,5,0
original,0.1,4096,18,6,0
original,0.1,4096,18,7,0
original,0.1,4096,18,8,0
original,0.1,4096,18,9,0
original,0.1,4096,18,10,0
original,0.1,4096,18,11,0
original,0.1,4096,18,12,0
original,0.1,4096,18,13,0
original,0.1,4096,19,0,0
original,0.1,4096,19,1,0
original,0.1,4096,19,2,0
original,0.1,4096,19,3,0
original,0.1,4096,19,4,0
original,0.1,4096,19,5,0
original,0.1,4096,19,6,0
original,0.1,4096,19,7,0
original,0.1,4096,19,8,0
original,0.1,4096,19,9,0
original,0.1,4096,19,10,0
original,0.1,4096,19,11,0
original,0.1,4096,19,12,0
original,0.1,4096,19,13,0
original,0.1,4096,20,0,0
original,0.1,4096,20,1,0
original,0.1,4096,20,2,0
original,0.1,4096,20,3,0
original,0.1,4096,20,4,0
original,0.1,4096,20,5,0
original,0.1,4096,20,6,0
original,0.1,4096,20,7,0
original,0.1,4096,20,8,0
original,0.1,4096,20,9,0
original,0.1,4096,20,10,0
original,0.1,4096,20,11,0
original,0.1,4096,20,12,0
original,0.1,4096,20,13,0
original,0.1,4096,21,0,0
original,0.1,4096,21,1,0
original,0.1,4096,21,2,0
original,0.1,4096,21,3,0
original,0.1,4096,21,4,0
original,0.1,4096,21,5,0
original,0.1,4096,21,6,0
original,0.1,4096,21,7,0
original,0.1,4096,21,8,0
original,0.1,4096,21,9,0
original,0.1,4096,21,10,0
original,0.1,4096,21,11,0
original,0.1,4096,21,12,0
original,0.1,4096,21,13,0
original,0.1,4096,22,0,0
original,0.1,4096,22,1,0
original,0.1,4096,22,2,0
original,0.1,4096,22,3,0
original,0.1,4096,22,4,0
original,0.1,4096,22,5,0
original,0.1,4096,22,6,0
original,0.1,4096,22,7,0
original,0.1,4096,22,8,0
original,0.1,4096,22,9,0
original,0.1,4096,22,10,0
original,0.1,4096,22,11,0
original,0.1,4096,22,12,0
original,0.1,4096,22,13,0
original,0.1,4096,23,0,0
original,0.1,4096,23,1,0
original,0.1,4096,23,2,0
original,0.1,4096,23,3,0
original,0.1,4096,23,4,0
original,0.1,4096,23,5,0
original,0.1,4096,23,6,0
original,0.1,4096,23,7,0
original,0.1,4096,23,8,0
original,0.1,4096,23,9,0
original,0.1,4096,23,10,0
original,0.1,4096,23,11,0
original,0.1,4096,23,12,0
original,0.1,4096,23,13,0
original,0.1,8192,0,0,0
original,0.1,8192,0,1,0
original,0.1,8192,0,2,0
original,0.1,8192,0,3,0
original,0.1,8192,0,4,0
original,0.1,8192,0,5,0
original,0.1,8192,0,6,0
original,0.1,8192,0,7,0
original,0.1,8192,0,8,0
original,0.1,8192,0,9,0
original,0.1,8192,0,10,0
original,0.1,8192,0,11,0
original,0.1,8192,0,12,0
original,0.1,8192,0,13,0
original,0.1,8192,1,0,0
original,0.1,8192,1,1,0
original,0.1,8192,1,2,0
original,0.1,8192,1,3,0
original,0.1,8192,1,4,0
original,0.1,8192,1,5,0
original,0.1,8192,1,6,0
original,0.1,8192,1,7,0
original,0.1,8192,1,8,0
original,0.1,8192,1,9,0
original,0.1,8192,1,10,0
original,0.1,8192,1,11,0
original,0.1,8192,1,12,0
original,0.1,8192,1,13,0
original,0.1,8192,2,0,0
original,0.1,8192,2,1,0
original,0.1,8192,2,2,0
original,0.1,8192,2,3,0
original,0.1,8192,2,4,0
original,0.1,8192,2,5,0
original,0.1,8192,2,6,0
original,0.1,8192,2,7,0
original,0.1,8192,2,8,0
original,0.1,8192,2,9,0
original,0.1,8192,2,10,0
original,0.1,8192,2,11,0
original,0.1,8192,2,12,0
original,0.1,8192,2,13,0
original,0.1,8192,3,0,0
original,0.1,8192,3,1,0
original,0.1,8192,3,2,0
original,0.1,8192,3,3,0
original,0.1,8192,3,4,0
original,0.1,8192,3,5,0
original,0.1,8192,3,6,0
original,0.1,8192,3,7,0
original,0.1,8192,3,8,0
original,0.1,8192,3,9,0
original,0.1,8192,3,10,0
original,0.1,8192,3,11,0
original,0.1,8192,3,12,0
original,0.1,8192,3,13,0
original,0.1,8192,4,0,0
original,0.1,8192,4,1,0
original,0.1,8192,4,2,0
original,0.1,8192,4,3,0
original,0.1,8192,4,4,0
original,0.1,8192,4,5,0
original,0.1,8192,4,6,0
original,0.1,8192,4,7,0
original,0.1,8192,4,8,0
original,0.1,8192,4,9,0
original,0.1,8192,4,10,0
original,0.1,8192,4,11,0
original,0.1,8192,4,12,0
original,0.1,8192,4,13,0
original,0.1,8192,5,0,0
original,0.1,8192,5,1,0
original,0.1,8192,5,2,0
original,0.1,8192,5,3,0
original,0.1,8192,5,4,0
original,0.1,8192,5,5,0
original,0.1,8192,5,6,0
original,0.1,8192,5,7,0
original,0.1,8192,5,8,0
original,0.1,8192,5,9,0
original,0.1,8192,5,10,0
original,0.1,8192,5,11,0
original,0.1,8192,5,12,0
original,0.1,8192,5,13,0
original,0.1,8192,6,0,0
original,0.1,8192,6,1,0
original,0.1,8192,6,2,0
original,0.1,8192,6,3,0
original,0.1,8192,6,4,0
original,0.1,8192,6,5,0
original,0.1,8192,6,6,0
original,0.1,8192,6,7,0
original,0.1,8192,6,8,0
original,0.1,8192,6,9,0
original,0.1,8192,6,10,0
original,0.1,8192,6,11,0
original,0.1,8192,6,12,0
original,0.1,8192,6,13,0
original,0.1,8192,7,0,0
original,0.1,8192,7,1,0
original,0.1,8192,7,2,0
original,0.1,8192,7,3,0
original,0.1,8192,7,4,0
original,0.1,8192,7,5,0
original,0.1,8192,7,6,0
original,0.1,8192,7,7,0
original,0.1,8192,7,8,0
original,0.1,8192,7,9,0
original,0.1,8192,7,10,0
original,0.1,8192,7,11,0
original,0.1,8192,7,12,0
original,0.1,8192,7,13,0
original,0.1,8192,8,0,0
original,0.1,8192,8,1,0
original,0.1,8192,8,2,0
original,0.1,8192,8,3,0
original,0.1,8192,8,4,0
original,0.1,8192,8,5,0
original,0.1,8192,8,6,0
original,0.1,8192,8,7,0
original,0.1,8192,8,8,0
original,0.1,8192,8,9,0
original,0.1,8192,8,10,0
original,0.1,8192,8,11,0
original,0.1,8192,8,12,0
original,0.1,8192,8,13,0
original,0.1,8192,9,0,0
original,0.1,8192,9,1,0
original,0.1,8192,9,2,0
original,0.1,8192,9,3,0
original,0.1,8192,9,4,0
original,0.1,8192,9,5,0
original,0.1,8192,9,6,0
original,0.1,8192,9,7,0
original,0.1,8192,9,8,0
original,0.1,8192,9,9,0
original,0.1,8192,9,10,0
original,0.1,8192,9,11,0
original,0.1,8192,9,12,0
original,0.1,8192,9,13,0
original,0.1,8192,10,0,0
original,0.1,8192,10,1,0
original,0.1,8192,10,2,0
original,0.1,8192,10,3,0
original,0.1,8192,10,4,0
original,0.1,8192,10,5,0
original,0.1,8192,10,6,0
original,0.1,8192,10,7,0
original,0.1,8192,10,8,0
original,0.1,8192,10,9,0
original,0.1,8192,10,10,0
original,0.1,8192,10,11,0
original,0.1,8192,10,12,0
original,0.1,8192,10,13,0
original,0.1,8192,11,0,0
original,0.1,8192,11,1,0
original,0.1,8192,11,2,0
original,0.1,8192,11,3,0
original,0.1,8192,11,4,0
original,0.1,8192,11,5,0
original,0.1,8192,11,6,0
original,0.1,8192,11,7,0
original,0.1,8192,11,8,0
original,0.1,8192,11,9,0
original,0.1,8192,11,10,0
original,0.1,8192,11,11,0
original,0.1,8192,11,12,0
original,0.1,8192,11,13,0
original,0.1,8192,12,0,0
original,0.1,8192,12,1,0
original,0.1,8192,12,2,0
original,0.1,8192,12,3,0
original,0.1,8192,12,4,0
original,0.1,8192,12,5,0
original,0.1,8192,12,6,0
original,0.1,8192,12,7,0
original,0.1,8192,12,8,0
original,0.1,8192,12,9,0
original,0.1,8192,12,10,0
original,0.1,8192,12,11,0
original,0.1,8192,12,12,0
original,0.1,8192,12,13,0
original,0.1,8192,13,0,0
original,0.1,8192,13,1,0
original,0.1,8192,13,2,0
original,0.1,8192,13,3,0
original,0.1,8192,13,4,0
original,0.1,8192,13,5,0
original,0.1,8192,13,6,0
original,0.1,8192,13,7,0
original,0.1,8192,13,8,0
original,0.1,8192,13,9,0
original,0.1,8192,13,10,0
original,0.1,8192,13,11,0
original,0.1,8192,13,12,0
original,0.1,8192,13,13,0
original,0.1,8192,14,0,0
original,0.1,8192,14,1,0
original,0.1,8192,14,2,0
original,0.1,8192,14,3,0
original,0.1,8192,14,4,0
original,0.1,8192,14,5,0
original,0.1,8192,14,6,0
original,0.1,8192,14,7,0
original,0.1,8192,14,8,0
original,0.1,8192,14,9,0
original,0.1,8192,14,10,0
original,0.1,8192,14,11,0
original,0.1,8192,14,12,0
original,0.1,8192,14,13,0
original,0.1,8192,15,0,0
original,0.1,8192,15,1,0
original,0.1,8192,15,2,0
original,0.1,8192,15,3,0
original,0.1,8192,15,4,0
original,0.1,8192,15,5,0
original,0.1,8192,15,6,0
original,0.1,8192,15,7,0
original,0.1,8192,15,8,0
original,0.1,8192,15,9,0
original,0.1,8192,15,10,0
original,0.1,8192,15,11,0
original,0.1,8192,15,12,0
original,0.1,8192,15,13,0
original,0.1,8192,16,0,0
original,0.1,8192,16,1,0
original,0.1,8192,16,2,0
original,0.1,8192,16,3,0
original,0.1,8192,16,4,0
original,0.1,8192,16,5,0
original,0.1,8192,16,6,0
original,0.1,8192,16,7,0
original,0.1,8192,16,8,0
original,0.1,8192,16,9,0
original,0.1,8192,16,10,0
original,0.1,8192,16,11,0
original,0.1,8192,16,12,0
original,0.1,8192,16,13,0
original,0.1,8192,17,0,0
original,0.1,8192,17,1,0
original,0.1,8192,17,2,0
original,0.1,8192,17,3,0
original,0.1,8192,17,4,0
original,0.1,8192,17,5,0
original,0.1,8192,17,6,0
original,0.1,8192,17,7,0
original,0.1,8192,17,8,0
original,0.1,8192,17,9,0
original,0.1,8192,17,10,0
original,0.1,8192,17,11,0
original,0.1,8192,17,12,0
original,0.1,8192,17,13,0
original,0.1,8192,18,0,0
original,0.1,8192,18,1,0
original,0.1,8192,18,2,0
original,0.1,8192,18,3,0
original,0.1,8192,18,4,0
original,0.1,8192,18,5,0
original,0.1,8192,18,6,0
original,0.1,8192,18,7,0
original,0.1,8192,18,8,0
original,0.1,8192,18,9,0
original,0.1,8192,18,10,0
original,0.1,8192,18,11,0
original,0.1,8192,18,12,0
original,0.1,8192,18,13,0
original,0.1,8192,19,0,0
original,0.1,8192,19,1,0
original,0.1,8192,19,2,0
original,0.1,8192,19,3,0
original,0.1,8192,19,4,0
original,0.1,8192,19,5,0
original,0.1,8192,19,6,0
original,0.1,8192,19,7,0
original,0.1,8192,19,8,0
original,0.1,8192,19,9,0
original,0.1,8192,19,10,0
original,0.1,8192,19,11,0
original,0.1,8192,19,12,0
original,0.1,8192,19,13,0
original,0.1,8192,20,0,0
original,0.1,8192,20,1,0
original,0.1,8192,20,2,0
original,0.1,8192,20,3,0
original,0.1,8192,20,4,0
original,0.1,8192,20,5,0
original,0.1,8192,20,6,0
original,0.1,8192,20,7,0
original,0.1,8192,20,8,0
original,0.1,8192,20,9,0
original,0.1,8192,20,10,0
original,0.1,8192,20,11,0
original,0.1,8192,20,12,0
original,0.1,8192,20,13,0
original,0.1,8192,21,0,0
original,0.1,8192,21,1,0
original,0.1,8192,21,2,0
original,0.1,8192,21,3,0
original,0.1,8192,21,4,0
original,0.1,8192,21,5,0
original,0.1,8192,21,6,0
original,0.1,8192,21,7,0
original,0.1,8192,21,8,0
original,0.1,8192,21,9,0
original,0.1,8192,21,10,0
original,0.1,8192,21,11,0
original,0.1,8192,21,12,0
original,0.1,8192,21,13,0
original,0.1,8192,22,0,0
original,0.1,8192,22,1,0
original,0.1,8192,22,2,0
original,0.1,8192,22,3,0
original,0.1,8192,22,4,0
original,0.1,8192,22,5,0
original,0.1,8192,22,6,0
original,0.1,8192,22,7,0
original,0.1,8192,22,8,0
original,0.1,8192,22,9,0
original,0.1,8192,22,10,0
original,0.1,8192,22,11,0
original,0.1,8192,22,12,0
original,0.1,8192,22,13,0
original,0.1,8192,23,0,0
original,0.1,8192,23,1,0
original,0.1,8192,23,2,0
original,0.1,8192,23,3,0
original,0.1,8192,23,4,0
original,0.1,8192,23,5,0
original,0.1,8192,23,6,0
original,0.1,8192,23,7,0
original,0.1,8192,23,8,0
original,0.1,8192,23,9,0
original,0.1,8192,23,10,0
original,0.1,8192,23,11,0
original,0.1,8192,23,12,0
original,0.1,8192,23,13,0
oneshot,0.1,1024,0,0,0
oneshot,0.1,1024,0,1,0
oneshot,0.1,1024,0,2,0
oneshot,0.1,1024,0,3,0
oneshot,0.1,1024,0,4,0
oneshot,0.1,1024,0,5,0
oneshot,0.1,1024,0,6,0
oneshot,0.1,1024,0,7,0
oneshot,0.1,1024,0,8,0
oneshot,0.1,1024,0,9,0
oneshot,0.1,1024,0,10,0
oneshot,0.1,1024,0,11,0
oneshot,0.1,1024,0,12,0
oneshot,0.1,1024,0,13,0
oneshot,0.1,1024,1,0,0
oneshot,0.1,1024,1,1,0
oneshot,0.1,1024,1,2,0
oneshot,0.1,1024,1,3,0
oneshot,0.1,1024,1,4,0
oneshot,0.1,1024,1,5,0
oneshot,0.1,1024,1,6,0
oneshot,0.1,1024,1,7,0
oneshot,0.1,1024,1,8,0
oneshot,0.1,1024,1,9,0
oneshot,0.1,1024,1,10,0
oneshot,0.1,1024,1,11,0
oneshot,0.1,1024,1,12,0
oneshot,0.1,1024,1,13,0
oneshot,0.1,1024,2,0,0
oneshot,0.1,1024,2,1,0
oneshot,0.1,1024,2,2,0
oneshot,0.1,1024,2,3,0
oneshot,0.1,1024,2,4,0
oneshot,0.1,1024,2,5,0
oneshot,0.1,1024,2,6,0
oneshot,0.1,1024,2,7,0
oneshot,0.1,1024,2,8,0
oneshot,0.1,1024,2,9,0
oneshot,0.1,1024,2,10,0
oneshot,0.1,1024,2,11,0
oneshot,0.1,1024,2,12,0
oneshot,0.1,1024,2,13,0
oneshot,0.1,1024,3,0,0
oneshot,0.1,1024,3,1,0
oneshot,0.1,1024,3,2,0
oneshot,0.1,1024,3,3,0
oneshot,0.1,1024,3,4,0
oneshot,0.1,1024,3,5,0
oneshot,0.1,1024,3,6,0
oneshot,0.1,1024,3,7,0
oneshot,0.1,1024,3,8,0
oneshot,0.1,1024,3,9,0
oneshot,0.1,1024,3,10,0
oneshot,0.1,1024,3,11,0
oneshot,0.1,1024,3,12,0
oneshot,0.1,1024,3,13,0
oneshot,0.1,1024,4,0,0
oneshot,0.1,1024,4,1,0
oneshot,0.1,1024,4,2,0
oneshot,0.1,1024,4,3,0
oneshot,0.1,1024,4,4,0
oneshot,0.1,1024,4,5,0
oneshot,0.1,1024,4,6,0
oneshot,0.1,1024,4,7,0
oneshot,0.1,1024,4,8,0
oneshot,0.1,1024,4,9,0
oneshot,0.1,1024,4,10,0
oneshot,0.1,1024,4,11,0
oneshot,0.1,1024,4,12,0
oneshot,0.1,1024,4,13,0
oneshot,0.1,1024,5,0,0
oneshot,0.1,1024,5,1,0
oneshot,0.1,1024,5,2,0
oneshot,0.1,1024,5,3,0
oneshot,0.1,1024,5,4,0
oneshot,0.1,1024,5,5,0
oneshot,0.1,1024,5,6,0
oneshot,0.1,1024,5,7,0
oneshot,0.1,1024,5,8,0
oneshot,0.1,1024,5,9,0
oneshot,0.1,1024,5,10,0
oneshot,0.1,1024,5,11,0
oneshot,0.1,1024,5,12,0
oneshot,0.1,1024,5,13,0
oneshot,0.1,1024,6,0,0
oneshot,0.1,1024,6,1,0
oneshot,0.1,1024,6,2,0
oneshot,0.1,1024,6,3,0
oneshot,0.1,1024,6,4,0
oneshot,0.1,1024,6,5,0
oneshot,0.1,1024,6,6,0
oneshot,0.1,1024,6,7,0
oneshot,0.1,1024,6,8,0
oneshot,0.1,1024,6,9,0
oneshot,0.1,1024,6,10,0
oneshot,0.1,1024,6,11,0
oneshot,0.1,1024,6,12,0
oneshot,0.1,1024,6,13,0
oneshot,0.1,1024,7,0,0
oneshot,0.1,1024,7,1,0
oneshot,0.1,1024,7,2,0
oneshot,0.1,1024,7,3,0
oneshot,0.1,1024,7,4,0
oneshot,0.1,1024,7,5,0
oneshot,0.1,1024,7,6,0
oneshot,0.1,1024,7,7,0
oneshot,0.1,1024,7,8,0
oneshot,0.1,1024,7,9,0
oneshot,0.1,1024,7,10,0
oneshot,0.1,1024,7,11,0
oneshot,0.1,1024,7,12,0
oneshot,0.1,1024,7,13,0
oneshot,0.1,1024,8,0,0
oneshot,0.1,1024,8,1,0
oneshot,0.1,1024,8,2,0
oneshot,0.1,1024,8,3,0
oneshot,0.1,1024,8,4,0
oneshot,0.1,1024,8,5,0
oneshot,0.1,1024,8,6,0
oneshot,0.1,1024,8,7,0
oneshot,0.1,1024,8,8,0
oneshot,0.1,1024,8,9,0
oneshot,0.1,1024,8,10,0
oneshot,0.1,1024,8,11,0
oneshot,0.1,1024,8,12,0
oneshot,0.1,1024,8,13,0
oneshot,0.1,1024,9,0,0
oneshot,0.1,1024,9,1,0
oneshot,0.1,1024,9,2,0
oneshot,0.1,1024,9,3,0
oneshot,0.1,1024,9,4,0
oneshot,0.1,1024,9,5,0
oneshot,0.1,1024,9,6,0
oneshot,0.1,1024,9,7,64
oneshot,0.1,1024,9,8,0
oneshot,0.1,1024,9,9,0
oneshot,0.1,1024,9,10,0
oneshot,0.1,1024,9,11,0
oneshot,0.1,1024,9,12,0
oneshot,0.1,1024,9,13,0
oneshot,0.1,1024,10,0,0
oneshot,0.1,1024,10,1,0
oneshot,0.1,1024,10,2,0
oneshot,0.1,1024,10,3,0
oneshot,0.1,1024,10,4,0
oneshot,0.1,1024,10,5,0
oneshot,0.1,1024,10,6,0
oneshot,0.1,1024,10,7,0
oneshot,0.1,1024,10,8,0
oneshot,0.1,1024,10,9,0
oneshot,0.1,1024,10,10,0
oneshot,0.1,1024,10,11,0
oneshot,0.1,1024,10,12,0
oneshot,0.1,1024,10,13,0
oneshot,0.1,1024,11,0,0
oneshot,0.1,1024,11,1,0
oneshot,0.1,1024,11,2,0
oneshot,0.1,1024,11,3,0
oneshot,0.1,1024,11,4,0
oneshot,0.1,1024,11,5,0
oneshot,0.1,1024,11,6,0
oneshot,0.1,1024,11,7,64
oneshot,0.1,1024,11,8,0
oneshot,0.1,1024,11,9,0
oneshot,0.1,1024,11,10,0
oneshot,0.1,1024,11,11,1024
oneshot,0.1,1024,11,12,0
oneshot,0.1,1024,11,13,256
oneshot,0.1,1024,12,0,0
oneshot,0.1,1024,12,1,0
oneshot,0.1,1024,12,2,0
oneshot,0.1,1024,12,3,0
oneshot,0.1,1024,12,4,0
oneshot,0.1,1024,12,5,0
oneshot,0.1,1024,12,6,0
oneshot,0.1,1024,12,7,0
oneshot,0.1,1024,12,8,0
oneshot,0.1,1024,12,9,0
oneshot,0.1,1024,12,10,0
oneshot,0.1,1024,12,11,0
oneshot,0.1,1024,12,12,0
oneshot,0.1,1024,12,13,0
oneshot,0.1,1024,13,0,0
oneshot,0.1,1024,13,1,0
oneshot,0.1,1024,13,2,0
oneshot,0.1,1024,13,3,0
oneshot,0.1,1024,13,4,0
oneshot,0.1,1024,13,5,0
oneshot,0.1,1024,13,6,0
oneshot,0.1,1024,13,7,0
oneshot,0.1,1024,13,8,0
oneshot,0.1,1024,13,9,0
oneshot,0.1,1024,13,10,0
oneshot,0.1,1024,13,11,0
oneshot,0.1,1024,13,12,0
oneshot,0.1,1024,13,13,0
oneshot,0.1,1024,14,0,0
oneshot,0.1,1024,14,1,0
oneshot,0.1,1024,14,2,0
oneshot,0.1,1024,14,3,0
oneshot,0.1,1024,14,4,0
oneshot,0.1,1024,14,5,0
oneshot,0.1,1024,14,6,0
oneshot,0.1,1024,14,7,0
oneshot,0.1,1024,14,8,0
oneshot,0.1,1024,14,9,0
oneshot,0.1,1024,14,10,0
oneshot,0.1,1024,14,11,0
oneshot,0.1,1024,14,12,0
oneshot,0.1,1024,14,13,0
oneshot,0.1,1024,15,0,0
oneshot,0.1,1024,15,1,0
oneshot,0.1,1024,15,2,0
oneshot,0.1,1024,15,3,0
oneshot,0.1,1024,15,4,0
oneshot,0.1,1024,15,5,0
oneshot,0.1,1024,15,6,0
oneshot,0.1,1024,15,7,0
oneshot,0.1,1024,15,8,0
oneshot,0.1,1024,15,9,0
oneshot,0.1,1024,15,10,0
oneshot,0.1,1024,15,11,0
oneshot,0.1,1024,15,12,0
oneshot,0.1,1024,15,13,0
oneshot,0.1,1024,16,0,0
oneshot,0.1,1024,16,1,0
oneshot,0.1,1024,16,2,0
oneshot,0.1,1024,16,3,0
oneshot,0.1,1024,16,4,0
oneshot,0.1,1024,16,5,0
oneshot,0.1,1024,16,6,0
oneshot,0.1,1024,16,7,0
oneshot,0.1,1024,16,8,0
oneshot,0.1,1024,16,9,0
oneshot,0.1,1024,16,10,0
oneshot,0.1,1024,16,11,0
oneshot,0.1,1024,16,12,0
oneshot,0.1,1024,16,13,0
oneshot,0.1,1024,17,0,0
oneshot,0.1,1024,17,1,0
oneshot,0.1,1024,17,2,0
oneshot,0.1,1024,17,3,0
oneshot,0.1,1024,17,4,0
oneshot,0.1,1024,17,5,0
oneshot,0.1,1024,17,6,0
oneshot,0.1,1024,17,7,0
oneshot,0.1,1024,17,8,0
oneshot,0.1,1024,17,9,0
oneshot,0.1,1024,17,10,0
oneshot,0.1,1024,17,11,0
oneshot,0.1,1024,17,12,0
oneshot,0.1,1024,17,13,0
oneshot,0.1,1024,18,0,0
oneshot,0.1,1024,18,1,0
oneshot,0.1,1024,18,2,0
oneshot,0.1,1024,18,3,0
oneshot,0.1,1024,18,4,0
oneshot,0.1,1024,18,5,0
oneshot,0.1,1024,18,6,0
oneshot,0.1,1024,18,7,0
oneshot,0.1,1024,18,8,0
oneshot,0.1,1024,18,9,0
oneshot,0.1,1024,18,10,0
oneshot,0.1,1024,18,11,0
oneshot,0.1,1024,18,12,0
oneshot,0.1,1024,18,13,0
oneshot,0.1,1024,19,0,0
oneshot,0.1,1024,19,1,0
oneshot,0.1,1024,19,2,0
oneshot,0.1,1024,19,3,0
oneshot,0.1,1024,19,4,0
oneshot,0.1,1024,19,5,0
oneshot,0.1,1024,19,6,0
oneshot,0.1,1024,19,7,0
oneshot,0.1,1024,19,8,0
oneshot,0.1,1024,19,9,0
oneshot,0.1,1024,19,10,0
oneshot,0.1,1024,19,11,0
oneshot,0.1,1024,19,12,0
oneshot,0.1,1024,19,13,0
oneshot,0.1,1024,20,0,0
oneshot,0.1,1024,20,1,0
oneshot,0.1,1024,20,2,0
oneshot,0.1,1024,20,3,0
oneshot,0.1,1024,20,4,0
oneshot,0.1,1024,20,5,0
oneshot,0.1,1024,20,6,0
oneshot,0.1,1024,20,7,0
oneshot,0.1,1024,20,8,0
oneshot,0.1,1024,20,9,0
oneshot,0.1,1024,20,10,0
oneshot,0.1,1024,20,11,0
oneshot,0.1,1024,20,12,0
oneshot,0.1,1024,20,13,0
oneshot,0.1,1024,21,0,0
oneshot,0.1,1024,21,1,0
oneshot,0.1,1024,21,2,0
oneshot,0.1,1024,21,3,0
oneshot,0.1,1024,21,4,0
oneshot,0.1,1024,21,5,0
oneshot,0.1,1024,21,6,0
oneshot,0.1,1024,21,7,0
oneshot,0.1,1024,21,8,0
oneshot,0.1,1024,21,9,0
oneshot,0.1,1024,21,10,0
oneshot,0.1,1024,21,11,0
oneshot,0.1,1024,21,12,0
oneshot,0.1,1024,21,13,0
oneshot,0.1,1024,22,0,0
oneshot,0.1,1024,22,1,0
oneshot,0.1,1024,22,2,0
oneshot,0.1,1024,22,3,0
oneshot,0.1,1024,22,4,0
oneshot,0.1,1024,22,5,0
oneshot,0.1,1024,22,6,0
oneshot,0.1,1024,22,7,0
oneshot,0.1,1024,22,8,0
oneshot,0.1,1024,22,9,0
oneshot,0.1,1024,22,10,0
oneshot,0.1,1024,22,11,0
oneshot,0.1,1024,22,12,0
oneshot,0.1,1024,22,13,0
oneshot,0.1,1024,23,0,0
oneshot,0.1,1024,23,1,0
oneshot,0.1,1024,23,2,0
oneshot,0.1,1024,23,3,0
oneshot,0.1,1024,23,4,0
oneshot,0.1,1024,23,5,0
oneshot,0.1,1024,23,6,0
oneshot,0.1,1024,23,7,0
oneshot,0.1,1024,23,8,0
oneshot,0.1,1024,23,9,0
oneshot,0.1,1024,23,10,0
oneshot,0.1,1024,23,11,0
oneshot,0.1,1024,23,12,0
oneshot,0.1,1024,23,13,0
oneshot,0.1,2048,0,0,0
oneshot,0.1,2048,0,1,0
oneshot,0.1,2048,0,2,0
oneshot,0.1,2048,0,3,0
oneshot,0.1,2048,0,4,0
oneshot,0.1,2048,0,5,0
oneshot,0.1,2048,0,6,0
oneshot,0.1,2048,0,7,0
oneshot,0.1,2048,0,8,0
oneshot,0.1,2048,0,9,0
oneshot,0.1,2048,0,10,0
oneshot,0.1,2048,0,11,0
oneshot,0.1,2048,0,12,0
oneshot,0.1,2048,0,13,0
oneshot,0.1,2048,1,0,0
oneshot,0.1,2048,1,1,0
oneshot,0.1,2048,1,2,0
oneshot,0.1,2048,1,3,0
oneshot,0.1,2048,1,4,0
oneshot,0.1,2048,1,5,0
oneshot,0.1,2048,1,6,0
oneshot,0.1,2048,1,7,0
oneshot,0.1,2048,1,8,0
oneshot,0.1,2048,1,9,0
oneshot,0.1,2048,1,10,0
oneshot,0.1,2048,1,11,0
oneshot,0.1,2048,1,12,0
oneshot,0.1,2048,1,13,0
oneshot,0.1,2048,2,0,0
oneshot,0.1,2048,2,1,0
oneshot,0.1,2048,2,2,0
oneshot,0.1,2048,2,3,0
oneshot,0.1,2048,2,4,0
oneshot,0.1,2048,2,5,0
oneshot,0.1,2048,2,6,0
oneshot,0.1,2048,2,7,0
oneshot,0.1,2048,2,8,0
oneshot,0.1,2048,2,9,0
oneshot,0.1,2048,2,10,0
oneshot,0.1,2048,2,11,0
oneshot,0.1,2048,2,12,0
oneshot,0.1,2048,2,13,0
oneshot,0.1,2048,3,0,0
oneshot,0.1,2048,3,1,0
oneshot,0.1,2048,3,2,0
oneshot,0.1,2048,3,3,0
oneshot,0.1,2048,3,4,0
oneshot,0.1,2048,3,5,0
oneshot,0.1,2048,3,6,0
oneshot,0.1,2048,3,7,0
oneshot,0.1,2048,3,8,0
oneshot,0.1,2048,3,9,0
oneshot,0.1,2048,3,10,0
oneshot,0.1,2048,3,11,0
oneshot,0.1,2048,3,12,0
oneshot,0.1,2048,3,13,0
oneshot,0.1,2048,4,0,0
oneshot,0.1,2048,4,1,0
oneshot,0.1,2048,4,2,0
oneshot,0.1,2048,4,3,0
oneshot,0.1,2048,4,4,0
oneshot,0.1,2048,4,5,0
oneshot,0.1,2048,4,6,0
oneshot,0.1,2048,4,7,0
oneshot,0.1,2048,4,8,0
oneshot,0.1,2048,4,9,0
oneshot,0.1,2048,4,10,0
oneshot,0.1,2048,4,11,0
oneshot,0.1,2048,4,12,0
oneshot,0.1,2048,4,13,0
oneshot,0.1,2048,5,0,0
oneshot,0.1,2048,5,1,0
oneshot,0.1,2048,5,2,0
oneshot,0.1,2048,5,3,0
oneshot,0.1,2048,5,4,0
oneshot,0.1,2048,5,5,0
oneshot,0.1,2048,5,6,0
oneshot,0.1,2048,5,7,0
oneshot,0.1,2048,5,8,0
oneshot,0.1,2048,5,9,0
oneshot,0.1,2048,5,10,0
oneshot,0.1,2048,5,11,0
oneshot,0.1,2048,5,12,0
oneshot,0.1,2048,5,13,0
oneshot,0.1,2048,6,0,0
oneshot,0.1,2048,6,1,0
oneshot,0.1,2048,6,2,0
oneshot,0.1,2048,6,3,0
oneshot,0.1,2048,6,4,0
oneshot,0.1,2048,6,5,0
oneshot,0.1,2048,6,6,0
oneshot,0.1,2048,6,7,0
oneshot,0.1,2048,6,8,0
oneshot,0.1,2048,6,9,0
oneshot,0.1,2048,6,10,0
oneshot,0.1,2048,6,11,0
oneshot,0.1,2048,6,12,0
oneshot,0.1,2048,6,13,0
oneshot,0.1,2048,7,0,0
oneshot,0.1,2048,7,1,0
oneshot,0.1,2048,7,2,0
oneshot,0.1,2048,7,3,0
oneshot,0.1,2048,7,4,0
oneshot,0.1,2048,7,5,0
oneshot,0.1,2048,7,6,0
oneshot,0.1,2048,7,7,0
oneshot,0.1,2048,7,8,0
oneshot,0.1,2048,7,9,0
oneshot,0.1,2048,7,10,0
oneshot,0.1,2048,7,11,0
oneshot,0.1,2048,7,12,0
oneshot,0.1,2048,7,13,0
oneshot,0.1,2048,8,0,0
oneshot,0.1,2048,8,1,0
oneshot,0.1,2048,8,2,0
oneshot,0.1,2048,8,3,0
oneshot,0.1,2048,8,4,0
oneshot,0.1,2048,8,5,0
oneshot,0.1,2048,8,6,0
oneshot,0.1,2048,8,7,0
oneshot,0.1,2048,8,8,0
oneshot,0.1,2048,8,9,0
oneshot,0.1,2048,8,10,0
oneshot,0.1,2048,8,11,0
oneshot,0.1,2048,8,12,0
oneshot,0.1,2048,8,13,0
oneshot,0.1,2048,9,0,0
oneshot,0.1,2048,9,1,0
oneshot,0.1,2048,9,2,0
oneshot,0.1,2048,9,3,0
oneshot,0.1,2048,9,4,0
oneshot,0.1,2048,9,5,0
oneshot,0.1,2048,9,6,0
oneshot,0.1,2048,9,7,0
oneshot,0.1,2048,9,8,0
oneshot,0.1,2048,9,9,0
oneshot,0.1,2048,9,10,0
oneshot,0.1,2048,9,11,0
oneshot,0.1,2048,9,12,0
oneshot,0.1,2048,9,13,0
oneshot,0.1,2048,10,0,0
oneshot,0.1,2048,10,1,0
oneshot,0.1,2048,10,2,0
oneshot,0.1,2048,10,3,0
oneshot,0.1,2048,10,4,0
oneshot,0.1,2048,10,5,0
oneshot,0.1,2048,10,6,0
oneshot,0.1,2048,10,7,0
oneshot,0.1,2048,10,8,0
oneshot,0.1,2048,10,9,0
oneshot,0.1,2048,10,10,0
oneshot,0.1,2048,10,11,0
oneshot,0.1,2048,10,12,0
oneshot,0.1,2048,10,13,0
oneshot,0.1,2048,11,0,0
oneshot,0.1,2048,11,1,0
oneshot,0.1,2048,11,2,0
oneshot,0.1,2048,11,3,0
oneshot,0.1,2048,11,4,0
oneshot,0.1,2048,11,5,0
oneshot,0.1,2048,11,6,0
oneshot,0.1,2048,11,7,64
oneshot,0.1,2048,11,8,0
oneshot,0.1,2048,11,9,0
oneshot,0.1,2048,11,10,0
oneshot,0.1,2048,11,11,64
oneshot,0.1,2048,11,12,0
oneshot,0.1,2048,11,13,64
oneshot,0.1,2048,12,0,0
oneshot,0.1,2048,12,1,0
oneshot,0.1,2048,12,2,0
oneshot,0.1,2048,12,3,0
oneshot,0.1,2048,12,4,0
oneshot,0.1,2048,12,5,0
oneshot,0.1,2048,12,6,0
oneshot,0.1,2048,12,7,0
oneshot,0.1,2048,12,8,0
oneshot,0.1,2048,12,9,0
oneshot,0.1,2048,12,10,0
oneshot,0.1,2048,12,11,0
oneshot,0.1,2048,12,12,0
oneshot,0.1,2048,12,13,0
oneshot,0.1,2048,13,0,0
oneshot,0.1,2048,13,1,0
oneshot,0.1,2048,13,2,0
oneshot,0.1,2048,13,3,0
oneshot,0.1,2048,13,4,0
oneshot,0.1,2048,13,5,0
oneshot,0.1,2048,13,6,0
oneshot,0.1,2048,13,7,0
oneshot,0.1,2048,13,8,0
oneshot,0.1,2048,13,9,0
oneshot,0.1,2048,13,10,0
oneshot,0.1,2048,13,11,0
oneshot,0.1,2048,13,12,0
oneshot,0.1,2048,13,13,0
oneshot,0.1,2048,14,0,0
oneshot,0.1,2048,14,1,0
oneshot,0.1,2048,14,2,0
oneshot,0.1,2048,14,3,0
oneshot,0.1,2048,14,4,0
oneshot,0.1,2048,14,5,0
oneshot,0.1,2048,14,6,0
oneshot,0.1,2048,14,7,0
oneshot,0.1,2048,14,8,0
oneshot,0.1,2048,14,9,0
oneshot,0.1,2048,14,10,0
oneshot,0.1,2048,14,11,0
oneshot,0.1,2048,14,12,0
oneshot,0.1,2048,14,13,0
oneshot,0.1,2048,15,0,0
oneshot,0.1,2048,15,1,0
oneshot,0.1,2048,15,2,0
oneshot,0.1,2048,15,3,0
oneshot,0.1,2048,15,4,0
oneshot,0.1,2048,15,5,0
oneshot,0.1,2048,15,6,0
oneshot,0.1,2048,15,7,0
oneshot,0.1,2048,15,8,0
oneshot,0.1,2048,15,9,0
oneshot,0.1,2048,15,10,0
oneshot,0.1,2048,15,11,0
oneshot,0.1,2048,15,12,0
oneshot,0.1,2048,15,13,0
oneshot,0.1,2048,16,0,0
oneshot,0.1,2048,16,1,0
oneshot,0.1,2048,16,2,0
oneshot,0.1,2048,16,3,0
oneshot,0.1,2048,16,4,0
oneshot,0.1,2048,16,5,0
oneshot,0.1,2048,16,6,0
oneshot,0.1,2048,16,7,0
oneshot,0.1,2048,16,8,0
oneshot,0.1,2048,16,9,0
oneshot,0.1,2048,16,10,0
oneshot,0.1,2048,16,11,0
oneshot,0.1,2048,16,12,0
oneshot,0.1,2048,16,13,0
oneshot,0.1,2048,17,0,0
oneshot,0.1,2048,17,1,0
oneshot,0.1,2048,17,2,0
oneshot,0.1,2048,17,3,0
oneshot,0.1,2048,17,4,0
oneshot,0.1,2048,17,5,0
oneshot,0.1,2048,17,6,0
oneshot,0.1,2048,17,7,0
oneshot,0.1,2048,17,8,0
oneshot,0.1,2048,17,9,0
oneshot,0.1,2048,17,10,0
oneshot,0.1,2048,17,11,0
oneshot,0.1,2048,17,12,0
oneshot,0.1,2048,17,13,0
oneshot,0.1,2048,18,0,0
oneshot,0.1,2048,18,1,0
oneshot,0.1,2048,18,2,0
oneshot,0.1,2048,18,3,0
oneshot,0.1,2048,18,4,0
oneshot,0.1,2048,18,5,0
oneshot,0.1,2048,18,6,0
oneshot,0.1,2048,18,7,0
oneshot,0.1,2048,18,8,0
oneshot,0.1,2048,18,9,0
oneshot,0.1,2048,18,10,0
oneshot,0.1,2048,18,11,0
oneshot,0.1,2048,18,12,0
oneshot,0.1,2048,18,13,0
oneshot,0.1,2048,19,0,0
oneshot,0.1,2048,19,1,0
oneshot,0.1,2048,19,2,0
oneshot,0.1,2048,19,3,0
oneshot,0.1,2048,19,4,0
oneshot,0.1,2048,19,5,0
oneshot,0.1,2048,19,6,0
oneshot,0.1,2048,19,7,0
oneshot,0.1,2048,19,8,0
oneshot,0.1,2048,19,9,0
oneshot,0.1,2048,19,10,0
oneshot,0.1,2048,19,11,0
oneshot,0.1,2048,19,12,0
oneshot,0.1,2048,19,13,0
oneshot,0.1,2048,20,0,0
oneshot,0.1,2048,20,1,0
oneshot,0.1,2048,20,2,0
oneshot,0.1,2048,20,3,0
oneshot,0.1,2048,20,4,0
oneshot,0.1,2048,20,5,0
oneshot,0.1,2048,20,6,0
oneshot,0.1,2048,20,7,0
oneshot,0.1,2048,20,8,0
oneshot,0.1,2048,20,9,0
oneshot,0.1,2048,20,10,0
oneshot,0.1,2048,20,11,0
oneshot,0.1,2048,20,12,0
oneshot,0.1,2048,20,13,0
oneshot,0.1,2048,21,0,0
oneshot,0.1,2048,21,1,0
oneshot,0.1,2048,21,2,0
oneshot,0.1,2048,21,3,0
oneshot,0.1,2048,21,4,0
oneshot,0.1,2048,21,5,0
oneshot,0.1,2048,21,6,0
oneshot,0.1,2048,21,7,0
oneshot,0.1,2048,21,8,0
oneshot,0.1,2048,21,9,0
oneshot,0.1,2048,21,10,0
oneshot,0.1,2048,21,11,0
oneshot,0.1,2048,21,12,0
oneshot,0.1,2048,21,13,0
oneshot,0.1,2048,22,0,0
oneshot,0.1,2048,22,1,0
oneshot,0.1,2048,22,2,0
oneshot,0.1,2048,22,3,0
oneshot,0.1,2048,22,4,0
oneshot,0.1,2048,22,5,0
oneshot,0.1,2048,22,6,0
oneshot,0.1,2048,22,7,0
oneshot,0.1,2048,22,8,0
oneshot,0.1,2048,22,9,0
oneshot,0.1,2048,22,10,0
oneshot,0.1,2048,22,11,0
oneshot,0.1,2048,22,12,0
oneshot,0.1,2048,22,13,0
oneshot,0.1,2048,23,0,0
oneshot,0.1,2048,23,1,0
oneshot,0.1,2048,23,2,0
oneshot,0.1,2048,23,3,0
oneshot,0.1,2048,23,4,0
oneshot,0.1,2048,23,5,0
oneshot,0.1,2048,23,6,0
oneshot,0.1,2048,23,7,0
oneshot,0.1,2048,23,8,0
oneshot,0.1,2048,23,9,0
oneshot,0.1,2048,23,10,0
oneshot,0.1,2048,23,11,0
oneshot,0.1,2048,23,12,0
oneshot,0.1,2048,23,13,0
oneshot,0.1,4096,0,0,0
oneshot,0.1,4096,0,1,0
oneshot,0.1,4096,0,2,0
oneshot,0.1,4096,0,3,0
oneshot,0.1,4096,0,4,0
oneshot,0.1,4096,0,5,0
oneshot,0.1,4096,0,6,0
oneshot,0.1,4096,0,7,0
oneshot,0.1,4096,0,8,0
oneshot,0.1,4096,0,9,0
oneshot,0.1,4096,0,10,0
oneshot,0.1,4096,0,11,0
oneshot,0.1,4096,0,12,0
oneshot,0.1,4096,0,13,0
oneshot,0.1,4096,1,0,0
oneshot,0.1,4096,1,1,0
oneshot,0.1,4096,1,2,0
oneshot,0.1,4096,1,3,0
oneshot,0.1,4096,1,4,0
oneshot,0.1,4096,1,5,0
oneshot,0.1,4096,1,6,0
oneshot,0.1,4096,1,7,0
oneshot,0.1,4096,1,8,0
oneshot,0.1,4096,1,9,0
oneshot,0.1,4096,1,10,0
oneshot,0.1,4096,1,11,0
oneshot,0.1,4096,1,12,0
oneshot,0.1,4096,1,13,0
oneshot,0.1,4096,2,0,0
oneshot,0.1,4096,2,1,0
oneshot,0.1,4096,2,2,0
oneshot,0.1,4096,2,3,0
oneshot,0.1,4096,2,4,0
oneshot,0.1,4096,2,5,0
oneshot,0.1,4096,2,6,0
oneshot,0.1,4096,2,7,0
oneshot,0.1,4096,2,8,0
oneshot,0.1,4096,2,9,0
oneshot,0.1,4096,2,10,0
oneshot,0.1,4096,2,11,0
oneshot,0.1,4096,2,12,0
oneshot,0.1,4096,2,13,0
oneshot,0.1,4096,3,0,0
oneshot,0.1,4096,3,1,0
oneshot,0.1,4096,3,2,0
oneshot,0.1,4096,3,3,0
oneshot,0.1,4096,3,4,0
oneshot,0.1,4096,3,5,0
oneshot,0.1,4096,3,6,0
oneshot,0.1,4096,3,7,0
oneshot,0.1,4096,3,8,0
oneshot,0.1,4096,3,9,0
oneshot,0.1,4096,3,10,0
oneshot,0.1,4096,3,11,0
oneshot,0.1,4096,3,12,0
oneshot,0.1,4096,3,13,0
oneshot,0.1,4096,4,0,0
oneshot,0.1,4096,4,1,0
oneshot,0.1,4096,4,2,0
oneshot,0.1,4096,4,3,0
oneshot,0.1,4096,4,4,0
oneshot,0.1,4096,4,5,0
oneshot,0.1,4096,4,6,0
oneshot,0.1,4096,4,7,0
oneshot,0.1,4096,4,8,0
oneshot,0.1,4096,4,9,0
oneshot,0.1,4096,4,10,0
oneshot,0.1,4096,4,11,0
oneshot,0.1,4096,4,12,0
oneshot,0.1,4096,4,13,0
oneshot,0.1,4096,5,0,0
oneshot,0.1,4096,5,1,0
oneshot,0.1,4096,5,2,0
oneshot,0.1,4096,5,3,0
oneshot,0.1,4096,5,4,0
oneshot,0.1,4096,5,5,0
oneshot,0.1,4096,5,6,0
oneshot,0.1,4096,5,7,0
oneshot,0.1,4096,5,8,0
oneshot,0.1,4096,5,9,0
oneshot,0.1,4096,5,10,0
oneshot,0.1,4096,5,11,0
oneshot,0.1,4096,5,12,0
oneshot,0.1,4096,5,13,0
oneshot,0.1,4096,6,0,0
oneshot,0.1,4096,6,1,0
oneshot,0.1,4096,6,2,0
oneshot,0.1,4096,6,3,0
oneshot,0.1,4096,6,4,0
oneshot,0.1,4096,6,5,0
oneshot,0.1,4096,6,6,0
oneshot,0.1,4096,6,7,0
oneshot,0.1,4096,6,8,0
oneshot,0.1,4096,6,9,0
oneshot,0.1,4096,6,10,0
oneshot,0.1,4096,6,11,0
oneshot,0.1,4096,6,12,0
oneshot,0.1,4096,6,13,0
oneshot,0.1,4096,7,0,0
oneshot,0.1,4096,7,1,0
oneshot,0.1,4096,7,2,0
oneshot,0.1,4096,7,3,0
oneshot,0.1,4096,7,4,0
oneshot,0.1,4096,7,5,0
oneshot,0.1,4096,7,6,0
oneshot,0.1,4096,7,7,0
oneshot,0.1,4096,7,8,0
oneshot,0.1,4096,7,9,0
oneshot,0.1,4096,7,10,0
oneshot,0.1,4096,7,11,0
oneshot,0.1,4096,7,12,0
oneshot,0.1,4096,7,13,0
oneshot,0.1,4096,8,0,0
oneshot,0.1,4096,8,1,0
oneshot,0.1,4096,8,2,0
oneshot,0.1,4096,8,3,0
oneshot,0.1,4096,8,4,0
oneshot,0.1,4096,8,5,0
oneshot,0.1,4096,8,6,0
oneshot,0.1,4096,8,7,0
oneshot,0.1,4096,8,8,0
oneshot,0.1,4096,8,9,0
oneshot,0.1,4096,8,10,0
oneshot,0.1,4096,8,11,0
oneshot,0.1,4096,8,12,0
oneshot,0.1,4096,8,13,0
oneshot,0.1,4096,9,0,0
oneshot,0.1,4096,9,1,0
oneshot,0.1,4096,9,2,0
oneshot,0.1,4096,9,3,0
oneshot,0.1,4096,9,4,0
oneshot,0.1,4096,9,5,0
oneshot,0.1,4096,9,6,0
oneshot,0.1,4096,9,7,0
oneshot,0.1,4096,9,8,0
oneshot,0.1,4096,9,9,0
oneshot,0.1,4096,9,10,0
oneshot,0.1,4096,9,11,0
oneshot,0.1,4096,9,12,0
oneshot,0.1,4096,9,13,0
oneshot,0.1,4096,10,0,0
oneshot,0.1,4096,10,1,0
oneshot,0.1,4096,10,2,0
oneshot,0.1,4096,10,3,0
oneshot,0.1,4096,10,4,0
oneshot,0.1,4096,10,5,0
oneshot,0.1,4096,10,6,0
oneshot,0.1,4096,10,7,0
oneshot,0.1,4096,10,8,0
oneshot,0.1,4096,10,9,0
oneshot,0.1,4096,10,10,0
oneshot,0.1,4096,10,11,0
oneshot,0.1,4096,10,12,0
oneshot,0.1,4096,10,13,0
oneshot,0.1,4096,11,0,0
oneshot,0.1,4096,11,1,0
oneshot,0.1,4096,11,2,0
oneshot,0.1,4096,11,3,0
oneshot,0.1,4096,11,4,0
oneshot,0.1,4096,11,5,0
oneshot,0.1,4096,11,6,0
oneshot,0.1,4096,11,7,0
oneshot,0.1,4096,11,8,0
oneshot,0.1,4096,11,9,0
oneshot,0.1,4096,11,10,0
oneshot,0.1,4096,11,11,0
oneshot,0.1,4096,11,12,0
oneshot,0.1,4096,11,13,64
oneshot,0.1,4096,12,0,0
oneshot,0.1,4096,12,1,0
oneshot,0.1,4096,12,2,0
oneshot,0.1,4096,12,3,0
oneshot,0.1,4096,12,4,0
oneshot,0.1,4096,12,5,0
oneshot,0.1,4096,12,6,0
oneshot,0.1,4096,12,7,0
oneshot,0.1,4096,12,8,0
oneshot,0.1,4096,12,9,0
oneshot,0.1,4096,12,10,0
oneshot,0.1,4096,12,11,0
oneshot,0.1,4096,12,12,0
oneshot,0.1,4096,12,13,0
oneshot,0.1,4096,13,0,0
oneshot,0.1,4096,13,1,0
oneshot,0.1,4096,13,2,0
oneshot,0.1,4096,13,3,0
oneshot,0.1,4096,13,4,0
oneshot,0.1,4096,13,5,0
oneshot,0.1,4096,13,6,0
oneshot,0.1,4096,13,7,0
oneshot,0.1,4096,13,8,0
oneshot,0.1,4096,13,9,0
oneshot,0.1,4096,13,10,0
oneshot,0.1,4096,13,11,0
oneshot,0.1,4096,13,12,0
oneshot,0.1,4096,13,13,0
oneshot,0.1,4096,14,0,0
oneshot,0.1,4096,14,1,0
oneshot,0.1,4096,14,2,0
oneshot,0.1,4096,14,3,0
oneshot,0.1,4096,14,4,0
oneshot,0.1,4096,14,5,0
oneshot,0.1,4096,14,6,0
oneshot,0.1,4096,14,7,0
oneshot,0.1,4096,14,8,0
oneshot,0.1,4096,14,9,0
oneshot,0.1,4096,14,10,0
oneshot,0.1,4096,14,11,0
oneshot,0.1,4096,14,12,0
oneshot,0.1,4096,14,13,0
oneshot,0.1,4096,15,0,0
oneshot,0.1,4096,15,1,0
oneshot,0.1,4096,15,2,0
oneshot,0.1,4096,15,3,0
oneshot,0.1,4096,15,4,0
oneshot,0.1,4096,15,5,0
oneshot,0.1,4096,15,6,0
oneshot,0.1,4096,15,7,0
oneshot,0.1,4096,15,8,0
oneshot,0.1,4096,15,9,0
oneshot,0.1,4096,15,10,0
oneshot,0.1,4096,15,11,0
oneshot,0.1,4096,15,12,0
oneshot,0.1,4096,15,13,0
oneshot,0.1,4096,16,0,0
oneshot,0.1,4096,16,1,0
oneshot,0.1,4096,16,2,0
oneshot,0.1,4096,16,3,0
oneshot,0.1,4096,16,4,0
oneshot,0.1,4096,16,5,0
oneshot,0.1,4096,16,6,0
oneshot,0.1,4096,16,7,0
oneshot,0.1,4096,16,8,0
oneshot,0.1,4096,16,9,0
oneshot,0.1,4096,16,10,0
oneshot,0.1,4096,16,11,0
oneshot,0.1,4096,16,12,0
oneshot,0.1,4096,16,13,0
oneshot,0.1,4096,17,0,0
oneshot,0.1,4096,17,1,0
oneshot,0.1,4096,17,2,0
oneshot,0.1,4096,17,3,0
oneshot,0.1,4096,17,4,0
oneshot,0.1,4096,17,5,0
oneshot,0.1,4096,17,6,0
oneshot,0.1,4096,17,7,0
oneshot,0.1,4096,17,8,0
oneshot,0.1,4096,17,9,0
oneshot,0.1,4096,17,10,0
oneshot,0.1,4096,17,11,0
oneshot,0.1,4096,17,12,0
oneshot,0.1,4096,17,13,0
oneshot,0.1,4096,18,0,0
oneshot,0.1,4096,18,1,0
oneshot,0.1,4096,18,2,0
oneshot,0.1,4096,18,3,0
oneshot,0.1,4096,18,4,0
oneshot,0.1,4096,18,5,0
oneshot,0.1,4096,18,6,0
oneshot,0.1,4096,18,7,0
oneshot,0.1,4096,18,8,0
oneshot,0.1,4096,18,9,0
oneshot,0.1,4096,18,10,0
oneshot,0.1,4096,18,11,0
oneshot,0.1,4096,18,12,0
oneshot,0.1,4096,18,13,0
oneshot,0.1,4096,19,0,0
oneshot,0.1,4096,19,1,0
oneshot,0.1,4096,19,2,0
oneshot,0.1,4096,19,3,0
oneshot,0.1,4096,19,4,0
oneshot,0.1,4096,19,5,0
oneshot,0.1,4096,19,6,0
oneshot,0.1,4096,19,7,0
oneshot,0.1,4096,19,8,0
oneshot,0.1,4096,19,9,0
oneshot,0.1,4096,19,10,0
oneshot,0.1,4096,19,11,0
oneshot,0.1,4096,19,12,0
oneshot,0.1,4096,19,13,0
oneshot,0.1,4096,20,0,0
oneshot,0.1,4096,20,1,0
oneshot,0.1,4096,20,2,0
oneshot,0.1,4096,20,3,0
oneshot,0.1,4096,20,4,0
oneshot,0.1,4096,20,5,0
oneshot,0.1,4096,20,6,0
oneshot,0.1,4096,20,7,0
oneshot,0.1,4096,20,8,0
oneshot,0.1,4096,20,9,0
oneshot,0.1,4096,20,10,0
oneshot,0.1,4096,20,11,0
oneshot,0.1,4096,20,12,0
oneshot,0.1,4096,20,13,0
oneshot,0.1,4096,21,0,0
oneshot,0.1,4096,21,1,0
oneshot,0.1,4096,21,2,0
oneshot,0.1,4096,21,3,0
oneshot,0.1,4096,21,4,0
oneshot,0.1,4096,21,5,0
oneshot,0.1,4096,21,6,0
oneshot,0.1,4096,21,7,0
oneshot,0.1,4096,21,8,0
oneshot,0.1,4096,21,9,0
oneshot,0.1,4096,21,10,0
oneshot,0.1,4096,21,11,0
oneshot,0.1,4096,21,12,0
oneshot,0.1,4096,21,13,0
oneshot,0.1,4096,22,0,0
oneshot,0.1,4096,22,1,0
oneshot,0.1,4096,22,2,0
oneshot,0.1,4096,22,3,0
oneshot,0.1,4096,22,4,0
oneshot,0.1,4096,22,5,0
oneshot,0.1,4096,22,6,0
oneshot,0.1,4096,22,7,0
oneshot,0.1,4096,22,8,0
oneshot,0.1,4096,22,9,0
oneshot,0.1,4096,22,10,0
oneshot,0.1,4096,22,11,0
oneshot,0.1,4096,22,12,0
oneshot,0.1,4096,22,13,0
oneshot,0.1,4096,23,0,0
oneshot,0.1,4096,23,1,0
oneshot,0.1,4096,23,2,0
oneshot,0.1,4096,23,3,0
oneshot,0.1,4096,23,4,0
oneshot,0.1,4096,23,5,0
oneshot,0.1,4096,23,6,0
oneshot,0.1,4096,23,7,0
oneshot,0.1,4096,23,8,0
oneshot,0.1,4096,23,9,0
oneshot,0.1,4096,23,10,0
oneshot,0.1,4096,23,11,0
oneshot,0.1,4096,23,12,0
oneshot,0.1,4096,23,13,0
oneshot,0.1,8192,0,0,0
oneshot,0.1,8192,0,1,0
oneshot,0.1,8192,0,2,0
oneshot,0.1,8192,0,3,0
oneshot,0.1,8192,0,4,0
oneshot,0.1,8192,0,5,0
oneshot,0.1,8192,0,6,0
oneshot,0.1,8192,0,7,0
oneshot,0.1,8192,0,8,0
oneshot,0.1,8192,0,9,0
oneshot,0.1,8192,0,10,0
oneshot,0.1,8192,0,11,0
oneshot,0.1,8192,0,12,0
oneshot,0.1,8192,0,13,0
oneshot,0.1,8192,1,0,0
oneshot,0.1,8192,1,1,0
oneshot,0.1,8192,1,2,0
oneshot,0.1,8192,1,3,0
oneshot,0.1,8192,1,4,0
oneshot,0.1,8192,1,5,0
oneshot,0.1,8192,1,6,0
oneshot,0.1,8192,1,7,0
oneshot,0.1,8192,1,8,0
oneshot,0.1,8192,1,9,0
oneshot,0.1,8192,1,10,0
oneshot,0.1,8192,1,11,0
oneshot,0.1,8192,1,12,0
oneshot,0.1,8192,1,13,0
oneshot,0.1,8192,2,0,0
oneshot,0.1,8192,2,1,0
oneshot,0.1,8192,2,2,0
oneshot,0.1,8192,2,3,0
oneshot,0.1,8192,2,4,0
oneshot,0.1,8192,2,5,0
oneshot,0.1,8192,2,6,0
oneshot,0.1,8192,2,7,0
oneshot,0.1,8192,2,8,0
oneshot,0.1,8192,2,9,0
oneshot,0.1,8192,2,10,0
oneshot,0.1,8192,2,11,0
oneshot,0.1,8192,2,12,0
oneshot,0.1,8192,2,13,0
oneshot,0.1,8192,3,0,0
oneshot,0.1,8192,3,1,0
oneshot,0.1,8192,3,2,0
oneshot,0.1,8192,3,3,0
oneshot,0.1,8192,3,4,0
oneshot,0.1,8192,3,5,0
oneshot,0.1,8192,3,6,0
oneshot,0.1,8192,3,7,0
oneshot,0.1,8192,3,8,0
oneshot,0.1,8192,3,9,0
oneshot,0.1,8192,3,10,0
oneshot,0.1,8192,3,11,0
oneshot,0.1,8192,3,12,0
oneshot,0.1,8192,3,13,0
oneshot,0.1,8192,4,0,0
oneshot,0.1,8192,4,1,0
oneshot,0.1,8192,4,2,0
oneshot,0.1,8192,4,3,0
oneshot,0.1,8192,4,4,0
oneshot,0.1,8192,4,5,0
oneshot,0.1,8192,4,6,0
oneshot,0.1,8192,4,7,0
oneshot,0.1,8192,4,8,0
oneshot,0.1,8192,4,9,0
oneshot,0.1,8192,4,10,0
oneshot,0.1,8192,4,11,0
oneshot,0.1,8192,4,12,0
oneshot,0.1,8192,4,13,0
oneshot,0.1,8192,5,0,0
oneshot,0.1,8192,5,1,0
oneshot,0.1,8192,5,2,0
oneshot,0.1,8192,5,3,0
oneshot,0.1,8192,5,4,0
oneshot,0.1,8192,5,5,0
oneshot,0.1,8192,5,6,0
oneshot,0.1,8192,5,7,0
oneshot,0.1,8192,5,8,0
oneshot,0.1,8192,5,9,0
oneshot,0.1,8192,5,10,0
oneshot,0.1,8192,5,11,0
oneshot,0.1,8192,5,12,0
oneshot,0.1,8192,5,13,0
oneshot,0.1,8192,6,0,0
oneshot,0.1,8192,6,1,0
oneshot,0.1,8192,6,2,0
oneshot,0.1,8192,6,3,0
oneshot,0.1,8192,6,4,0
oneshot,0.1,8192,6,5,0
oneshot,0.1,8192,6,6,0
oneshot,0.1,8192,6,7,0
oneshot,0.1,8192,6,8,0
oneshot,0.1,8192,6,9,0
oneshot,0.1,8192,6,10,0
oneshot,0.1,8192,6,11,0
oneshot,0.1,8192,6,12,0
oneshot,0.1,8192,6,13,0
oneshot,0.1,8192,7,0,0
oneshot,0.1,8192,7,1,0
oneshot,0.1,8192,7,2,0
oneshot,0.1,8192,7,3,0
oneshot,0.1,8192,7,4,0
oneshot,0.1,8192,7,5,0
oneshot,0.1,8192,7,6,0
oneshot,0.1,8192,7,7,0
oneshot,0.1,8192,7,8,0
oneshot,0.1,8192,7,9,0
oneshot,0.1,8192,7,10,0
oneshot,0.1,8192,7,11,0
oneshot,0.1,8192,7,12,0
oneshot,0.1,8192,7,13,0
oneshot,0.1,8192,8,0,0
oneshot,0.1,8192,8,1,0
oneshot,0.1,8192,8,2,0
oneshot,0.1,8192,8,3,0
oneshot,0.1,8192,8,4,0
oneshot,0.1,8192,8,5,0
oneshot,0.1,8192,8,6,0
oneshot,0.1,8192,8,7,0
oneshot,0.1,8192,8,8,0
oneshot,0.1,8192,8,9,0
oneshot,0.1,8192,8,10,0
oneshot,0.1,8192,8,11,0
oneshot,0.1,8192,8,12,0
oneshot,0.1,8192,8,13,0
oneshot,0.1,8192,9,0,0
oneshot,0.1,8192,9,1,0
oneshot,0.1,8192,9,2,0
oneshot,0.1,8192,9,3,0
oneshot,0.1,8192,9,4,0
oneshot,0.1,8192,9,5,0
oneshot,0.1,8192,9,6,0
oneshot,0.1,8192,9,7,0
oneshot,0.1,8192,9,8,0
oneshot,0.1,8192,9,9,0
oneshot,0.1,8192,9,10,0
oneshot,0.1,8192,9,11,0
oneshot,0.1,8192,9,12,0
oneshot,0.1,8192,9,13,0
oneshot,0.1,8192,10,0,0
oneshot,0.1,8192,10,1,0
oneshot,0.1,8192,10,2,0
oneshot,0.1,8192,10,3,0
oneshot,0.1,8192,10,4,0
oneshot,0.1,8192,10,5,0
oneshot,0.1,8192,10,6,0
oneshot,0.1,8192,10,7,0
oneshot,0.1,8192,10,8,0
oneshot,0.1,8192,10,9,0
oneshot,0.1,8192,10,10,0
oneshot,0.1,8192,10,11,0
oneshot,0.1,8192,10,12,0
oneshot,0.1,8192,10,13,0
oneshot,0.1,8192,11,0,0
oneshot,0.1,8192,11,1,0
oneshot,0.1,8192,11,2,0
oneshot,0.1,8192,11,3,0
oneshot,0.1,8192,11,4,0
oneshot,0.1,8192,11,5,0
oneshot,0.1,8192,11,6,0
oneshot,0.1,8192,11,7,0
oneshot,0.1,8192,11,8,0
oneshot,0.1,8192,11,9,0
oneshot,0.1,8192,11,10,0
oneshot,0.1,8192,11,11,0
oneshot,0.1,8192,11,12,0
oneshot,0.1,8192,11,13,0
oneshot,0.1,8192,12,0,0
oneshot,0.1,8192,12,1,0
oneshot,0.1,8192,12,2,0
oneshot,0.1,8192,12,3,0
oneshot,0.1,8192,12,4,0
oneshot,0.1,8192,12,5,0
oneshot,0.1,8192,12,6,0
oneshot,0.1,8192,12,7,0
oneshot,0.1,8192,12,8,0
oneshot,0.1,8192,12,9,0
oneshot,0.1,8192,12,10,0
oneshot,0.1,8192,12,11,0
oneshot,0.1,8192,12,12,0
oneshot,0.1,8192,12,13,0
oneshot,0.1,8192,13,0,0
oneshot,0.1,8192,13,1,0
oneshot,0.1,8192,13,2,0
oneshot,0.1,8192,13,3,0
oneshot,0.1,8192,13,4,0
oneshot,0.1,8192,13,5,0
oneshot,0.1,8192,13,6,0
oneshot,0.1,8192,13,7,0
oneshot,0.1,8192,13,8,0
oneshot,0.1,8192,13,9,0
oneshot,0.1,8192,13,10,0
oneshot,0.1,8192,13,11,0
oneshot,0.1,8192,13,12,0
oneshot,0.1,8192,13,13,0
oneshot,0.1,8192,14,0,0
oneshot,0.1,8192,14,1,0
oneshot,0.1,8192,14,2,0
oneshot,0.1,8192,14,3,0
oneshot,0.1,8192,14,4,0
oneshot,0.1,8192,14,5,0
oneshot,0.1,8192,14,6,0
oneshot,0.1,8192,14,7,0
oneshot,0.1,8192,14,8,0
oneshot,0.1,8192,14,9,0
oneshot,0.1,8192,14,10,0
oneshot,0.1,8192,14,11,0
oneshot,0.1,8192,14,12,0
oneshot,0.1,8192,14,13,0
oneshot,0.1,8192,15,0,0
oneshot,0.1,8192,15,1,0
oneshot,0.1,8192,15,2,0
oneshot,0.1,8192,15,3,0
oneshot,0.1,8192,15,4,0
oneshot,0.1,8192,15,5,0
oneshot,0.1,8192,15,6,0
oneshot,0.1,8192,15,7,0
oneshot,0.1,8192,15,8,0
oneshot,0.1,8192,15,9,0
oneshot,0.1,8192,15,10,0
oneshot,0.1,8192,15,11,0
oneshot,0.1,8192,15,12,0
oneshot,0.1,8192,15,13,0
oneshot,0.1,8192,16,0,0
oneshot,0.1,8192,16,1,0
oneshot,0.1,8192,16,2,0
oneshot,0.1,8192,16,3,0
oneshot,0.1,8192,16,4,0
oneshot,0.1,8192,16,5,0
oneshot,0.1,8192,16,6,0
oneshot,0.1,8192,16,7,0
oneshot,0.1,8192,16,8,0
oneshot,0.1,8192,16,9,0
oneshot,0.1,8192,16,10,0
oneshot,0.1,8192,16,11,0
oneshot,0.1,8192,16,12,0
oneshot,0.1,8192,16,13,0
oneshot,0.1,8192,17,0,0
oneshot,0.1,8192,17,1,0
oneshot,0.1,8192,17,2,0
oneshot,0.1,8192,17,3,0
oneshot,0.1,8192,17,4,0
oneshot,0.1,8192,17,5,0
oneshot,0.1,8192,17,6,0
oneshot,0.1,8192,17,7,0
oneshot,0.1,8192,17,8,0
oneshot,0.1,8192,17,9,0
oneshot,0.1,8192,17,10,0
oneshot,0.1,8192,17,11,0
oneshot,0.1,8192,17,12,0
oneshot,0.1,8192,17,13,0
oneshot,0.1,8192,18,0,0
oneshot,0.1,8192,18,1,0
oneshot,0.1,8192,18,2,0
oneshot,0.1,8192,18,3,0
oneshot,0.1,8192,18,4,0
oneshot,0.1,8192,18,5,0
oneshot,0.1,8192,18,6,0
oneshot,0.1,8192,18,7,0
oneshot,0.1,8192,18,8,0
oneshot,0.1,8192,18,9,0
oneshot,0.1,8192,18,10,0
oneshot,0.1,8192,18,11,0
oneshot,0.1,8192,18,12,0
oneshot,0.1,8192,18,13,0
oneshot,0.1,8192,19,0,0
oneshot,0.1,8192,19,1,0
oneshot,0.1,8192,19,2,0
oneshot,0.1,8192,19,3,0
oneshot,0.1,8192,19,4,0
oneshot,0.1,8192,19,5,0
oneshot,0.1,8192,19,6,0
oneshot,0.1,8192,19,7,0
oneshot,0.1,8192,19,8,0
oneshot,0.1,8192,19,9,0
oneshot,0.1,8192,19,10,0
oneshot,0.1,8192,19,11,0
oneshot,0.1,8192,19,12,0
oneshot,0.1,8192,19,13,0
oneshot,0.1,8192,20,0,0
oneshot,0.1,8192,20,1,0
oneshot,0.1,8192,20,2,0
oneshot,0.1,8192,20,3,0
oneshot,0.1,8192,20,4,0
oneshot,0.1,8192,20,5,0
oneshot,0.1,8192,20,6,0
oneshot,0.1,8192,20,7,0
oneshot,0.1,8192,20,8,0
oneshot,0.1,8192,20,9,0
oneshot,0.1,8192,20,10,0
oneshot,0.1,8192,20,11,0
oneshot,0.1,8192,20,12,0
oneshot,0.1,8192,20,13,0
oneshot,0.1,8192,21,0,0
oneshot,0.1,8192,21,1,0
oneshot,0.1,8192,21,2,0
oneshot,0.1,8192,21,3,0
oneshot,0.1,8192,21,4,0
oneshot,0.1,8192,21,5,0
oneshot,0.1,8192,21,6,0
oneshot,0.1,8192,21,7,0
oneshot,0.1,8192,21,8,0
oneshot,0.1,8192,21,9,0
oneshot,0.1,8192,21,10,0
oneshot,0.1,8192,21,11,0
oneshot,0.1,8192,21,12,0
oneshot,0.1,8192,21,13,0
oneshot,0.1,8192,22,0,0
oneshot,0.1,8192,22,1,0
oneshot,0.1,8192,22,2,0
oneshot,0.1,8192,22,3,0
oneshot,0.1,8192,22,4,0
oneshot,0.1,8192,22,5,0
oneshot,0.1,8192,22,6,0
oneshot,0.1,8192,22,7,0
oneshot,0.1,8192,22,8,0
oneshot,0.1,8192,22,9,0
oneshot,0.1,8192,22,10,0
oneshot,0.1,8192,22,11,0
oneshot,0.1,8192,22,12,0
oneshot,0.1,8192,22,13,0
oneshot,0.1,8192,23,0,0
oneshot,0.1,8192,23,1,0
oneshot,0.1,8192,23,2,0
oneshot,0.1,8192,23,3,0
oneshot,0.1,8192,23,4,0
oneshot,0.1,8192,23,5,0
oneshot,0.1,8192,23,6,0
oneshot,0.1,8192,23,7,0
oneshot,0.1,8192,23,8,0
oneshot,0.1,8192,23,9,0
oneshot,0.1,8192,23,10,0
oneshot,0.1,8192,23,11,0
oneshot,0.1,8192,23,12,0
oneshot,0.1,8192,23,13,0
oneshot,0.2,1024,0,0,0
oneshot,0.2,1024,0,1,0
oneshot,0.2,1024,0,2,0
oneshot,0.2,1024,0,3,0
oneshot,0.2,1024,0,4,0
oneshot,0.2,1024,0,5,0
oneshot,0.2,1024,0,6,0
oneshot,0.2,1024,0,7,0
oneshot,0.2,1024,0,8,0
oneshot,0.2,1024,0,9,0
oneshot,0.2,1024,0,10,0
oneshot,0.2,1024,0,11,0
oneshot,0.2,1024,0,12,0
oneshot,0.2,1024,0,13,0
oneshot,0.2,1024,1,0,0
oneshot,0.2,1024,1,1,0
oneshot,0.2,1024,1,2,0
oneshot,0.2,1024,1,3,0
oneshot,0.2,1024,1,4,0
oneshot,0.2,1024,1,5,0
oneshot,0.2,1024,1,6,0
oneshot,0.2,1024,1,7,0
oneshot,0.2,1024,1,8,0
oneshot,0.2,1024,1,9,0
oneshot,0.2,1024,1,10,0
oneshot,0.2,1024,1,11,0
oneshot,0.2,1024,1,12,0
oneshot,0.2,1024,1,13,0
oneshot,0.2,1024,2,0,0
oneshot,0.2,1024,2,1,0
oneshot,0.2,1024,2,2,0
oneshot,0.2,1024,2,3,0
oneshot,0.2,1024,2,4,0
oneshot,0.2,1024,2,5,0
oneshot,0.2,1024,2,6,0
oneshot,0.2,1024,2,7,0
oneshot,0.2,1024,2,8,0
oneshot,0.2,1024,2,9,0
oneshot,0.2,1024,2,10,0
oneshot,0.2,1024,2,11,0
oneshot,0.2,1024,2,12,0
oneshot,0.2,1024,2,13,0
oneshot,0.2,1024,3,0,0
oneshot,0.2,1024,3,1,0
oneshot,0.2,1024,3,2,0
oneshot,0.2,1024,3,3,0
oneshot,0.2,1024,3,4,0
oneshot,0.2,1024,3,5,0
oneshot,0.2,1024,3,6,0
oneshot,0.2,1024,3,7,0
oneshot,0.2,1024,3,8,0
oneshot,0.2,1024,3,9,0
oneshot,0.2,1024,3,10,0
oneshot,0.2,1024,3,11,0
oneshot,0.2,1024,3,12,0
oneshot,0.2,1024,3,13,0
oneshot,0.2,1024,4,0,0
oneshot,0.2,1024,4,1,0
oneshot,0.2,1024,4,2,0
oneshot,0.2,1024,4,3,0
oneshot,0.2,1024,4,4,0
oneshot,0.2,1024,4,5,0
oneshot,0.2,1024,4,6,0
oneshot,0.2,1024,4,7,0
oneshot,0.2,1024,4,8,0
oneshot,0.2,1024,4,9,0
oneshot,0.2,1024,4,10,0
oneshot,0.2,1024,4,11,0
oneshot,0.2,1024,4,12,0
oneshot,0.2,1024,4,13,0
oneshot,0.2,1024,5,0,0
oneshot,0.2,1024,5,1,0
oneshot,0.2,1024,5,2,0
oneshot,0.2,1024,5,3,0
oneshot,0.2,1024,5,4,0
oneshot,0.2,1024,5,5,0
oneshot,0.2,1024,5,6,0
oneshot,0.2,1024,5,7,0
oneshot,0.2,1024,5,8,0
oneshot,0.2,1024,5,9,0
oneshot,0.2,1024,5,10,0
oneshot,0.2,1024,5,11,0
oneshot,0.2,1024,5,12,0
oneshot,0.2,1024,5,13,0
oneshot,0.2,1024,6,0,0
oneshot,0.2,1024,6,1,0
oneshot,0.2,1024,6,2,0
oneshot,0.2,1024,6,3,0
oneshot,0.2,1024,6,4,0
oneshot,0.2,1024,6,5,0
oneshot,0.2,1024,6,6,0
oneshot,0.2,1024,6,7,0
oneshot,0.2,1024,6,8,0
oneshot,0.2,1024,6,9,0
oneshot,0.2,1024,6,10,0
oneshot,0.2,1024,6,11,0
oneshot,0.2,1024,6,12,0
oneshot,0.2,1024,6,13,0
oneshot,0.2,1024,7,0,0
oneshot,0.2,1024,7,1,0
oneshot,0.2,1024,7,2,0
oneshot,0.2,1024,7,3,0
oneshot,0.2,1024,7,4,0
oneshot,0.2,1024,7,5,0
oneshot,0.2,1024,7,6,0
oneshot,0.2,1024,7,7,0
oneshot,0.2,1024,7,8,0
oneshot,0.2,1024,7,9,0
oneshot,0.2,1024,7,10,0
oneshot,0.2,1024,7,11,0
oneshot,0.2,1024,7,12,0
oneshot,0.2,1024,7,13,0
oneshot,0.2,1024,8,0,0
oneshot,0.2,1024,8,1,0
oneshot,0.2,1024,8,2,0
oneshot,0.2,1024,8,3,0
oneshot,0.2,1024,8,4,0
oneshot,0.2,1024,8,5,0
oneshot,0.2,1024,8,6,0
oneshot,0.2,1024,8,7,0
oneshot,0.2,1024,8,8,0
oneshot,0.2,1024,8,9,0
oneshot,0.2,1024,8,10,0
oneshot,0.2,1024,8,11,0
oneshot,0.2,1024,8,12,0
oneshot,0.2,1024,8,13,0
oneshot,0.2,1024,9,0,0
oneshot,0.2,1024,9,1,0
oneshot,0.2,1024,9,2,0
oneshot,0.2,1024,9,3,0
oneshot,0.2,1024,9,4,0
oneshot,0.2,1024,9,5,0
oneshot,0.2,1024,9,6,0
oneshot,0.2,1024,9,7,64
oneshot,0.2,1024,9,8,0
oneshot,0.2,1024,9,9,256
oneshot,0.2,1024,9,10,0
oneshot,0.2,1024,9,11,0
oneshot,0.2,1024,9,12,0
oneshot,0.2,1024,9,13,0
oneshot,0.2,1024,10,0,0
oneshot,0.2,1024,10,1,0
oneshot,0.2,1024,10,2,0
oneshot,0.2,1024,10,3,0
oneshot,0.2,1024,10,4,0
oneshot,0.2,1024,10,5,0
oneshot,0.2,1024,10,6,0
oneshot,0.2,1024,10,7,0
oneshot,0.2,1024,10,8,0
oneshot,0.2,1024,10,9,0
oneshot,0.2,1024,10,10,0
oneshot,0.2,1024,10,11,0
oneshot,0.2,1024,10,12,0
oneshot,0.2,1024,10,13,0
oneshot,0.2,1024,11,0,0
oneshot,0.2,1024,11,1,0
oneshot,0.2,1024,11,2,0
oneshot,0.2,1024,11,3,0
oneshot,0.2,1024,11,4,0
oneshot,0.2,1024,11,5,0
oneshot,0.2,1024,11,6,0
oneshot,0.2,1024,11,7,64
oneshot,0.2,1024,11,8,0
oneshot,0.2,1024,11,9,0
oneshot,0.2,1024,11,10,0
oneshot,0.2,1024,11,11,64
oneshot,0.2,1024,11,12,0
oneshot,0.2,1024,11,13,64
oneshot,0.2,1024,12,0,0
oneshot,0.2,1024,12,1,0
oneshot,0.2,1024,12,2,0
oneshot,0.2,1024,12,3,0
oneshot,0.2,1024,12,4,0
oneshot,0.2,1024,12,5,0
oneshot,0.2,1024,12,6,0
oneshot,0.2,1024,12,7,0
oneshot,0.2,1024,12,8,0
oneshot,0.2,1024,12,9,0
oneshot,0.2,1024,12,10,0
oneshot,0.2,1024,12,11,0
oneshot,0.2,1024,12,12,0
oneshot,0.2,1024,12,13,0
oneshot,0.2,1024,13,0,0
oneshot,0.2,1024,13,1,0
oneshot,0.2,1024,13,2,0
oneshot,0.2,1024,13,3,0
oneshot,0.2,1024,13,4,0
oneshot,0.2,1024,13,5,0
oneshot,0.2,1024,13,6,0
oneshot,0.2,1024,13,7,0
oneshot,0.2,1024,13,8,0
oneshot,0.2,1024,13,9,0
oneshot,0.2,1024,13,10,0
oneshot,0.2,1024,13,11,0
oneshot,0.2,1024,13,12,0
oneshot,0.2,1024,13,13,0
oneshot,0.2,1024,14,0,0
oneshot,0.2,1024,14,1,0
oneshot,0.2,1024,14,2,0
oneshot,0.2,1024,14,3,0
oneshot,0.2,1024,14,4,0
oneshot,0.2,1024,14,5,0
oneshot,0.2,1024,14,6,0
oneshot,0.2,1024,14,7,0
oneshot,0.2,1024,14,8,0
oneshot,0.2,1024,14,9,0
oneshot,0.2,1024,14,10,0
oneshot,0.2,1024,14,11,0
oneshot,0.2,1024,14,12,0
oneshot,0.2,1024,14,13,0
oneshot,0.2,1024,15,0,0
oneshot,0.2,1024,15,1,0
oneshot,0.2,1024,15,2,0
oneshot,0.2,1024,15,3,0
oneshot,0.2,1024,15,4,0
oneshot,0.2,1024,15,5,0
oneshot,0.2,1024,15,6,0
oneshot,0.2,1024,15,7,0
oneshot,0.2,1024,15,8,0
oneshot,0.2,1024,15,9,0
oneshot,0.2,1024,15,10,0
oneshot,0.2,1024,15,11,0
oneshot,0.2,1024,15,12,0
oneshot,0.2,1024,15,13,0
oneshot,0.2,1024,16,0,0
oneshot,0.2,1024,16,1,0
oneshot,0.2,1024,16,2,0
oneshot,0.2,1024,16,3,0
oneshot,0.2,1024,16,4,0
oneshot,0.2,1024,16,5,0
oneshot,0.2,1024,16,6,0
oneshot,0.2,1024,16,7,0
oneshot,0.2,1024,16,8,0
oneshot,0.2,1024,16,9,0
oneshot,0.2,1024,16,10,0
oneshot,0.2,1024,16,11,0
oneshot,0.2,1024,16,12,0
oneshot,0.2,1024,16,13,0
oneshot,0.2,1024,17,0,0
oneshot,0.2,1024,17,1,0
oneshot,0.2,1024,17,2,0
oneshot,0.2,1024,17,3,0
oneshot,0.2,1024,17,4,0
oneshot,0.2,1024,17,5,0
oneshot,0.2,1024,17,6,0
oneshot,0.2,1024,17,7,0
oneshot,0.2,1024,17,8,0
oneshot,0.2,1024,17,9,0
oneshot,0.2,1024,17,10,0
oneshot,0.2,1024,17,11,0
oneshot,0.2,1024,17,12,0
oneshot,0.2,1024,17,13,0
oneshot,0.2,1024,18,0,0
oneshot,0.2,1024,18,1,0
oneshot,0.2,1024,18,2,0
oneshot,0.2,1024,18,3,0
oneshot,0.2,1024,18,4,0
oneshot,0.2,1024,18,5,0
oneshot,0.2,1024,18,6,0
oneshot,0.2,1024,18,7,0
oneshot,0.2,1024,18,8,0
oneshot,0.2,1024,18,9,0
oneshot,0.2,1024,18,10,0
oneshot,0.2,1024,18,11,0
oneshot,0.2,1024,18,12,0
oneshot,0.2,1024,18,13,0
oneshot,0.2,1024,19,0,0
oneshot,0.2,1024,19,1,0
oneshot,0.2,1024,19,2,0
oneshot,0.2,1024,19,3,0
oneshot,0.2,1024,19,4,0
oneshot,0.2,1024,19,5,0
oneshot,0.2,1024,19,6,0
oneshot,0.2,1024,19,7,0
oneshot,0.2,1024,19,8,0
oneshot,0.2,1024,19,9,0
oneshot,0.2,1024,19,10,0
oneshot,0.2,1024,19,11,0
oneshot,0.2,1024,19,12,0
oneshot,0.2,1024,19,13,0
oneshot,0.2,1024,20,0,0
oneshot,0.2,1024,20,1,0
oneshot,0.2,1024,20,2,0
oneshot,0.2,1024,20,3,0
oneshot,0.2,1024,20,4,0
oneshot,0.2,1024,20,5,0
oneshot,0.2,1024,20,6,0
oneshot,0.2,1024,20,7,0
oneshot,0.2,1024,20,8,1024
oneshot,0.2,1024,20,9,0
oneshot,0.2,1024,20,10,64
oneshot,0.2,1024,20,11,64
oneshot,0.2,1024,20,12,0
oneshot,0.2,1024,20,13,0
oneshot,0.2,1024,21,0,0
oneshot,0.2,1024,21,1,0
oneshot,0.2,1024,21,2,0
oneshot,0.2,1024,21,3,0
oneshot,0.2,1024,21,4,0
oneshot,0.2,1024,21,5,0
oneshot,0.2,1024,21,6,0
oneshot,0.2,1024,21,7,0
oneshot,0.2,1024,21,8,0
oneshot,0.2,1024,21,9,0
oneshot,0.2,1024,21,10,0
oneshot,0.2,1024,21,11,0
oneshot,0.2,1024,21,12,0
oneshot,0.2,1024,21,13,0
oneshot,0.2,1024,22,0,0
oneshot,0.2,1024,22,1,0
oneshot,0.2,1024,22,2,0
oneshot,0.2,1024,22,3,0
oneshot,0.2,1024,22,4,0
oneshot,0.2,1024,22,5,0
oneshot,0.2,1024,22,6,0
oneshot,0.2,1024,22,7,0
oneshot,0.2,1024,22,8,0
oneshot,0.2,1024,22,9,0
oneshot,0.2,1024,22,10,0
oneshot,0.2,1024,22,11,0
oneshot,0.2,1024,22,12,0
oneshot,0.2,1024,22,13,0
oneshot,0.2,1024,23,0,0
oneshot,0.2,1024,23,1,0
oneshot,0.2,1024,23,2,0
oneshot,0.2,1024,23,3,0
oneshot,0.2,1024,23,4,0
oneshot,0.2,1024,23,5,0
oneshot,0.2,1024,23,6,0
oneshot,0.2,1024,23,7,0
oneshot,0.2,1024,23,8,0
oneshot,0.2,1024,23,9,0
oneshot,0.2,1024,23,10,0
oneshot,0.2,1024,23,11,0
oneshot,0.2,1024,23,12,0
oneshot,0.2,1024,23,13,0
oneshot,0.2,2048,0,0,0
oneshot,0.2,2048,0,1,0
oneshot,0.2,2048,0,2,0
oneshot,0.2,2048,0,3,0
oneshot,0.2,2048,0,4,0
oneshot,0.2,2048,0,5,0
oneshot,0.2,2048,0,6,0
oneshot,0.2,2048,0,7,0
oneshot,0.2,2048,0,8,0
oneshot,0.2,2048,0,9,0
oneshot,0.2,2048,0,10,0
oneshot,0.2,2048,0,11,0
oneshot,0.2,2048,0,12,0
oneshot,0.2,2048,0,13,0
oneshot,0.2,2048,1,0,0
oneshot,0.2,2048,1,1,0
oneshot,0.2,2048,1,2,0
oneshot,0.2,2048,1,3,0
oneshot,0.2,2048,1,4,0
oneshot,0.2,2048,1,5,0
oneshot,0.2,2048,1,6,0
oneshot,0.2,2048,1,7,0
oneshot,0.2,2048,1,8,0
oneshot,0.2,2048,1,9,0
oneshot,0.2,2048,1,10,0
oneshot,0.2,2048,1,11,0
oneshot,0.2,2048,1,12,0
oneshot,0.2,2048,1,13,0
oneshot,0.2,2048,2,0,0
oneshot,0.2,2048,2,1,0
oneshot,0.2,2048,2,2,0
oneshot,0.2,2048,2,3,0
oneshot,0.2,2048,2,4,0
oneshot,0.2,2048,2,5,0
oneshot,0.2,2048,2,6,0
oneshot,0.2,2048,2,7,0
oneshot,0.2,2048,2,8,0
oneshot,0.2,2048,2,9,0
oneshot,0.2,2048,2,10,0
oneshot,0.2,2048,2,11,0
oneshot,0.2,2048,2,12,0
oneshot,0.2,2048,2,13,0
oneshot,0.2,2048,3,0,0
oneshot,0.2,2048,3,1,0
oneshot,0.2,2048,3,2,0
oneshot,0.2,2048,3,3,0
oneshot,0.2,2048,3,4,0
oneshot,0.2,2048,3,5,0
oneshot,0.2,2048,3,6,0
oneshot,0.2,2048,3,7,0
oneshot,0.2,2048,3,8,0
oneshot,0.2,2048,3,9,0
oneshot,0.2,2048,3,10,0
oneshot,0.2,2048,3,11,0
oneshot,0.2,2048,3,12,0
oneshot,0.2,2048,3,13,0
oneshot,0.2,2048,4,0,0
oneshot,0.2,2048,4,1,0
oneshot,0.2,2048,4,2,0
oneshot,0.2,2048,4,3,0
oneshot,0.2,2048,4,4,0
oneshot,0.2,2048,4,5,0
oneshot,0.2,2048,4,6,0
oneshot,0.2,2048,4,7,0
oneshot,0.2,2048,4,8,0
oneshot,0.2,2048,4,9,0
oneshot,0.2,2048,4,10,0
oneshot,0.2,2048,4,11,0
oneshot,0.2,2048,4,12,0
oneshot,0.2,2048,4,13,0
oneshot,0.2,2048,5,0,0
oneshot,0.2,2048,5,1,0
oneshot,0.2,2048,5,2,0
oneshot,0.2,2048,5,3,0
oneshot,0.2,2048,5,4,0
oneshot,0.2,2048,5,5,0
oneshot,0.2,2048,5,6,0
oneshot,0.2,2048,5,7,0
oneshot,0.2,2048,5,8,0
oneshot,0.2,2048,5,9,0
oneshot,0.2,2048,5,10,0
oneshot,0.2,2048,5,11,0
oneshot,0.2,2048,5,12,0
oneshot,0.2,2048,5,13,0
oneshot,0.2,2048,6,0,0
oneshot,0.2,2048,6,1,0
oneshot,0.2,2048,6,2,0
oneshot,0.2,2048,6,3,0
oneshot,0.2,2048,6,4,0
oneshot,0.2,2048,6,5,0
oneshot,0.2,2048,6,6,0
oneshot,0.2,2048,6,7,0
oneshot,0.2,2048,6,8,0
oneshot,0.2,2048,6,9,0
oneshot,0.2,2048,6,10,0
oneshot,0.2,2048,6,11,0
oneshot,0.2,2048,6,12,0
oneshot,0.2,2048,6,13,0
oneshot,0.2,2048,7,0,0
oneshot,0.2,2048,7,1,0
oneshot,0.2,2048,7,2,0
oneshot,0.2,2048,7,3,0
oneshot,0.2,2048,7,4,0
oneshot,0.2,2048,7,5,0
oneshot,0.2,2048,7,6,0
oneshot,0.2,2048,7,7,0
oneshot,0.2,2048,7,8,0
oneshot,0.2,2048,7,9,0
oneshot,0.2,2048,7,10,0
oneshot,0.2,2048,7,11,0
oneshot,0.2,2048,7,12,0
oneshot,0.2,2048,7,13,0
oneshot,0.2,2048,8,0,0
oneshot,0.2,2048,8,1,0
oneshot,0.2,2048,8,2,0
oneshot,0.2,2048,8,3,0
oneshot,0.2,2048,8,4,0
oneshot,0.2,2048,8,5,0
oneshot,0.2,2048,8,6,0
oneshot,0.2,2048,8,7,0
oneshot,0.2,2048,8,8,0
oneshot,0.2,2048,8,9,0
oneshot,0.2,2048,8,10,0
oneshot,0.2,2048,8,11,0
oneshot,0.2,2048,8,12,0
oneshot,0.2,2048,8,13,0
oneshot,0.2,2048,9,0,0
oneshot,0.2,2048,9,1,0
oneshot,0.2,2048,9,2,0
oneshot,0.2,2048,9,3,0
oneshot,0.2,2048,9,4,0
oneshot,0.2,2048,9,5,0
oneshot,0.2,2048,9,6,0
oneshot,0.2,2048,9,7,1024
oneshot,0.2,2048,9,8,0
oneshot,0.2,2048,9,9,0
oneshot,0.2,2048,9,10,0
oneshot,0.2,2048,9,11,0
oneshot,0.2,2048,9,12,0
oneshot,0.2,2048,9,13,0
oneshot,0.2,2048,10,0,0
oneshot,0.2,2048,10,1,0
oneshot,0.2,2048,10,2,0
oneshot,0.2,2048,10,3,0
oneshot,0.2,2048,10,4,0
oneshot,0.2,2048,10,5,0
oneshot,0.2,2048,10,6,0
oneshot,0.2,2048,10,7,0
oneshot,0.2,2048,10,8,0
oneshot,0.2,2048,10,9,0
oneshot,0.2,2048,10,10,0
oneshot,0.2,2048,10,11,0
oneshot,0.2,2048,10,12,0
oneshot,0.2,2048,10,13,0
oneshot,0.2,2048,11,0,0
oneshot,0.2,2048,11,1,0
oneshot,0.2,2048,11,2,0
oneshot,0.2,2048,11,3,0
oneshot,0.2,2048,11,4,0
oneshot,0.2,2048,11,5,0
oneshot,0.2,2048,11,6,0
oneshot,0.2,2048,11,7,64
oneshot,0.2,2048,11,8,0
oneshot,0.2,2048,11,9,0
oneshot,0.2,2048,11,10,0
oneshot,0.2,2048,11,11,64
oneshot,0.2,2048,11,12,0
oneshot,0.2,2048,11,13,64
oneshot,0.2,2048,12,0,0
oneshot,0.2,2048,12,1,0
oneshot,0.2,2048,12,2,0
oneshot,0.2,2048,12,3,0
oneshot,0.2,2048,12,4,0
oneshot,0.2,2048,12,5,0
oneshot,0.2,2048,12,6,0
oneshot,0.2,2048,12,7,0
oneshot,0.2,2048,12,8,0
oneshot,0.2,2048,12,9,0
oneshot,0.2,2048,12,10,0
oneshot,0.2,2048,12,11,0
oneshot,0.2,2048,12,12,0
oneshot,0.2,2048,12,13,0
oneshot,0.2,2048,13,0,0
oneshot,0.2,2048,13,1,0
oneshot,0.2,2048,13,2,0
oneshot,0.2,2048,13,3,0
oneshot,0.2,2048,13,4,0
oneshot,0.2,2048,13,5,0
oneshot,0.2,2048,13,6,0
oneshot,0.2,2048,13,7,0
oneshot,0.2,2048,13,8,0
oneshot,0.2,2048,13,9,0
oneshot,0.2,2048,13,10,0
oneshot,0.2,2048,13,11,0
oneshot,0.2,2048,13,12,0
oneshot,0.2,2048,13,13,0
oneshot,0.2,2048,14,0,0
oneshot,0.2,2048,14,1,0
oneshot,0.2,2048,14,2,0
oneshot,0.2,2048,14,3,0
oneshot,0.2,2048,14,4,0
oneshot,0.2,2048,14,5,0
oneshot,0.2,2048,14,6,0
oneshot,0.2,2048,14,7,0
oneshot,0.2,2048,14,8,0
oneshot,0.2,2048,14,9,0
oneshot,0.2,2048,14,10,0
oneshot,0.2,2048,14,11,0
oneshot,0.2,2048,14,12,0
oneshot,0.2,2048,14,13,0
oneshot,0.2,2048,15,0,0
oneshot,0.2,2048,15,1,0
oneshot,0.2,2048,15,2,0
oneshot,0.2,2048,15,3,0
oneshot,0.2,2048,15,4,0
oneshot,0.2,2048,15,5,0
oneshot,0.2,2048,15,6,0
oneshot,0.2,2048,15,7,0
oneshot,0.2,2048,15,8,0
oneshot,0.2,2048,15,9,0
oneshot,0.2,2048,15,10,0
oneshot,0.2,2048,15,11,0
oneshot,0.2,2048,15,12,0
oneshot,0.2,2048,15,13,0
oneshot,0.2,2048,16,0,0
oneshot,0.2,2048,16,1,0
oneshot,0.2,2048,16,2,0
oneshot,0.2,2048,16,3,0
oneshot,0.2,2048,16,4,0
oneshot,0.2,2048,16,5,0
oneshot,0.2,2048,16,6,0
oneshot,0.2,2048,16,7,0
oneshot,0.2,2048,16,8,0
oneshot,0.2,2048,16,9,0
oneshot,0.2,2048,16,10,0
oneshot,0.2,2048,16,11,0
oneshot,0.2,2048,16,12,0
oneshot,0.2,2048,16,13,0
oneshot,0.2,2048,17,0,0
oneshot,0.2,2048,17,1,0
oneshot,0.2,2048,17,2,0
oneshot,0.2,2048,17,3,0
oneshot,0.2,2048,17,4,0
oneshot,0.2,2048,17,5,0
oneshot,0.2,2048,17,6,0
oneshot,0.2,2048,17,7,0
oneshot,0.2,2048,17,8,0
oneshot,0.2,2048,17,9,0
oneshot,0.2,2048,17,10,0
oneshot,0.2,2048,17,11,0
oneshot,0.2,2048,17,12,0
oneshot,0.2,2048,17,13,0
oneshot,0.2,2048,18,0,0
oneshot,0.2,2048,18,1,0
oneshot,0.2,2048,18,2,0
oneshot,0.2,2048,18,3,0
oneshot,0.2,2048,18,4,0
oneshot,0.2,2048,18,5,0
oneshot,0.2,2048,18,6,0
oneshot,0.2,2048,18,7,0
oneshot,0.2,2048,18,8,0
oneshot,0.2,2048,18,9,0
oneshot,0.2,2048,18,10,0
oneshot,0.2,2048,18,11,0
oneshot,0.2,2048,18,12,0
oneshot,0.2,2048,18,13,0
oneshot,0.2,2048,19,0,0
oneshot,0.2,2048,19,1,0
oneshot,0.2,2048,19,2,0
oneshot,0.2,2048,19,3,0
oneshot,0.2,2048,19,4,0
oneshot,0.2,2048,19,5,0
oneshot,0.2,2048,19,6,0
oneshot,0.2,2048,19,7,0
oneshot,0.2,2048,19,8,0
oneshot,0.2,2048,19,9,0
oneshot,0.2,2048,19,10,0
oneshot,0.2,2048,19,11,0
oneshot,0.2,2048,19,12,0
oneshot,0.2,2048,19,13,0
oneshot,0.2,2048,20,0,0
oneshot,0.2,2048,20,1,0
oneshot,0.2,2048,20,2,0
oneshot,0.2,2048,20,3,0
oneshot,0.2,2048,20,4,0
oneshot,0.2,2048,20,5,0
oneshot,0.2,2048,20,6,0
oneshot,0.2,2048,20,7,0
oneshot,0.2,2048,20,8,0
oneshot,0.2,2048,20,9,0
oneshot,0.2,2048,20,10,0
oneshot,0.2,2048,20,11,64
oneshot,0.2,2048,20,12,0
oneshot,0.2,2048,20,13,0
oneshot,0.2,2048,21,0,0
oneshot,0.2,2048,21,1,0
oneshot,0.2,2048,21,2,64
oneshot,0.2,2048,21,3,64
oneshot,0.2,2048,21,4,0
oneshot,0.2,2048,21,5,0
oneshot,0.2,2048,21,6,0
oneshot,0.2,2048,21,7,0
oneshot,0.2,2048,21,8,0
oneshot,0.2,2048,21,9,0
oneshot,0.2,2048,21,10,0
oneshot,0.2,2048,21,11,0
oneshot,0.2,2048,21,12,0
oneshot,0.2,2048,21,13,0
oneshot,0.2,2048,22,0,0
oneshot,0.2,2048,22,1,0
oneshot,0.2,2048,22,2,0
oneshot,0.2,2048,22,3,0
oneshot,0.2,2048,22,4,0
oneshot,0.2,2048,22,5,0
oneshot,0.2,2048,22,6,0
oneshot,0.2,2048,22,7,0
oneshot,0.2,2048,22,8,0
oneshot,0.2,2048,22,9,0
oneshot,0.2,2048,22,10,0
oneshot,0.2,2048,22,11,0
oneshot,0.2,2048,22,12,0
oneshot,0.2,2048,22,13,0
oneshot,0.2,2048,23,0,0
oneshot,0.2,2048,23,1,0
oneshot,0.2,2048,23,2,0
oneshot,0.2,2048,23,3,0
oneshot,0.2,2048,23,4,0
oneshot,0.2,2048,23,5,0
oneshot,0.2,2048,23,6,0
oneshot,0.2,2048,23,7,0
oneshot,0.2,2048,23,8,0
oneshot,0.2,2048,23,9,0
oneshot,0.2,2048,23,10,0
oneshot,0.2,2048,23,11,0
oneshot,0.2,2048,23,12,0
oneshot,0.2,2048,23,13,0
oneshot,0.2,4096,0,0,0
oneshot,0.2,4096,0,1,0
oneshot,0.2,4096,0,2,0
oneshot,0.2,4096,0,3,0
oneshot,0.2,4096,0,4,0
oneshot,0.2,4096,0,5,0
oneshot,0.2,4096,0,6,0
oneshot,0.2,4096,0,7,0
oneshot,0.2,4096,0,8,0
oneshot,0.2,4096,0,9,0
oneshot,0.2,4096,0,10,0
oneshot,0.2,4096,0,11,0
oneshot,0.2,4096,0,12,0
oneshot,0.2,4096,0,13,0
oneshot,0.2,4096,1,0,0
oneshot,0.2,4096,1,1,0
oneshot,0.2,4096,1,2,0
oneshot,0.2,4096,1,3,0
oneshot,0.2,4096,1,4,0
oneshot,0.2,4096,1,5,0
oneshot,0.2,4096,1,6,0
oneshot,0.2,4096,1,7,0
oneshot,0.2,4096,1,8,0
oneshot,0.2,4096,1,9,0
oneshot,0.2,4096,1,10,0
oneshot,0.2,4096,1,11,0
oneshot,0.2,4096,1,12,0
oneshot,0.2,4096,1,13,0
oneshot,0.2,4096,2,0,0
oneshot,0.2,4096,2,1,0
oneshot,0.2,4096,2,2,0
oneshot,0.2,4096,2,3,0
oneshot,0.2,4096,2,4,0
oneshot,0.2,4096,2,5,0
oneshot,0.2,4096,2,6,0
oneshot,0.2,4096,2,7,0
oneshot,0.2,4096,2,8,0
oneshot,0.2,4096,2,9,0
oneshot,0.2,4096,2,10,0
oneshot,0.2,4096,2,11,0
oneshot,0.2,4096,2,12,0
oneshot,0.2,4096,2,13,0
oneshot,0.2,4096,3,0,0
oneshot,0.2,4096,3,1,0
oneshot,0.2,4096,3,2,0
oneshot,0.2,4096,3,3,0
oneshot,0.2,4096,3,4,0
oneshot,0.2,4096,3,5,0
oneshot,0.2,4096,3,6,0
oneshot,0.2,4096,3,7,0
oneshot,0.2,4096,3,8,0
oneshot,0.2,4096,3,9,0
oneshot,0.2,4096,3,10,0
oneshot,0.2,4096,3,11,0
oneshot,0.2,4096,3,12,0
oneshot,0.2,4096,3,13,0
oneshot,0.2,4096,4,0,0
oneshot,0.2,4096,4,1,0
oneshot,0.2,4096,4,2,0
oneshot,0.2,4096,4,3,0
oneshot,0.2,4096,4,4,0
oneshot,0.2,4096,4,5,0
oneshot,0.2,4096,4,6,0
oneshot,0.2,4096,4,7,0
oneshot,0.2,4096,4,8,0
oneshot,0.2,4096,4,9,0
oneshot,0.2,4096,4,10,0
oneshot,0.2,4096,4,11,0
oneshot,0.2,4096,4,12,0
oneshot,0.2,4096,4,13,0
oneshot,0.2,4096,5,0,0
oneshot,0.2,4096,5,1,0
oneshot,0.2,4096,5,2,0
oneshot,0.2,4096,5,3,0
oneshot,0.2,4096,5,4,0
oneshot,0.2,4096,5,5,0
oneshot,0.2,4096,5,6,0
oneshot,0.2,4096,5,7,0
oneshot,0.2,4096,5,8,0
oneshot,0.2,4096,5,9,0
oneshot,0.2,4096,5,10,0
oneshot,0.2,4096,5,11,0
oneshot,0.2,4096,5,12,0
oneshot,0.2,4096,5,13,0
oneshot,0.2,4096,6,0,0
oneshot,0.2,4096,6,1,0
oneshot,0.2,4096,6,2,0
oneshot,0.2,4096,6,3,0
oneshot,0.2,4096,6,4,0
oneshot,0.2,4096,6,5,0
oneshot,0.2,4096,6,6,0
oneshot,0.2,4096,6,7,0
oneshot,0.2,4096,6,8,0
oneshot,0.2,4096,6,9,0
oneshot,0.2,4096,6,10,0
oneshot,0.2,4096,6,11,0
oneshot,0.2,4096,6,12,0
oneshot,0.2,4096,6,13,0
oneshot,0.2,4096,7,0,0
oneshot,0.2,4096,7,1,0
oneshot,0.2,4096,7,2,0
oneshot,0.2,4096,7,3,0
oneshot,0.2,4096,7,4,0
oneshot,0.2,4096,7,5,0
oneshot,0.2,4096,7,6,0
oneshot,0.2,4096,7,7,0
oneshot,0.2,4096,7,8,0
oneshot,0.2,4096,7,9,0
oneshot,0.2,4096,7,10,0
oneshot,0.2,4096,7,11,0
oneshot,0.2,4096,7,12,0
oneshot,0.2,4096,7,13,0
oneshot,0.2,4096,8,0,0
oneshot,0.2,4096,8,1,0
oneshot,0.2,4096,8,2,0
oneshot,0.2,4096,8,3,0
oneshot,0.2,4096,8,4,0
oneshot,0.2,4096,8,5,0
oneshot,0.2,4096,8,6,0
oneshot,0.2,4096,8,7,0
oneshot,0.2,4096,8,8,0
oneshot,0.2,4096,8,9,0
oneshot,0.2,4096,8,10,0
oneshot,0.2,4096,8,11,0
oneshot,0.2,4096,8,12,0
oneshot,0.2,4096,8,13,0
oneshot,0.2,4096,9,0,0
oneshot,0.2,4096,9,1,0
oneshot,0.2,4096,9,2,0
oneshot,0.2,4096,9,3,0
oneshot,0.2,4096,9,4,0
oneshot,0.2,4096,9,5,0
oneshot,0.2,4096,9,6,0
oneshot,0.2,4096,9,7,64
oneshot,0.2,4096,9,8,0
oneshot,0.2,4096,9,9,0
oneshot,0.2,4096,9,10,0
oneshot,0.2,4096,9,11,0
oneshot,0.2,4096,9,12,0
oneshot,0.2,4096,9,13,0
oneshot,0.2,4096,10,0,0
oneshot,0.2,4096,10,1,0
oneshot,0.2,4096,10,2,0
oneshot,0.2,4096,10,3,0
oneshot,0.2,4096,10,4,0
oneshot,0.2,4096,10,5,0
oneshot,0.2,4096,10,6,0
oneshot,0.2,4096,10,7,0
oneshot,0.2,4096,10,8,0
oneshot,0.2,4096,10,9,0
oneshot,0.2,4096,10,10,0
oneshot,0.2,4096,10,11,0
oneshot,0.2,4096,10,12,0
oneshot,0.2,4096,10,13,0
oneshot,0.2,4096,11,0,0
oneshot,0.2,4096,11,1,0
oneshot,0.2,4096,11,2,0
oneshot,0.2,4096,11,3,0
oneshot,0.2,4096,11,4,0
oneshot,0.2,4096,11,5,0
oneshot,0.2,4096,11,6,0
oneshot,0.2,4096,11,7,64
oneshot,0.2,4096,11,8,0
oneshot,0.2,4096,11,9,0
oneshot,0.2,4096,11,10,0
oneshot,0.2,4096,11,11,64
oneshot,0.2,4096,11,12,0
oneshot,0.2,4096,11,13,64
oneshot,0.2,4096,12,0,0
oneshot,0.2,4096,12,1,0
oneshot,0.2,4096,12,2,0
oneshot,0.2,4096,12,3,0
oneshot,0.2,4096,12,4,0
oneshot,0.2,4096,12,5,0
oneshot,0.2,4096,12,6,0
oneshot,0.2,4096,12,7,0
oneshot,0.2,4096,12,8,0
oneshot,0.2,4096,12,9,0
oneshot,0.2,4096,12,10,0
oneshot,0.2,4096,12,11,0
oneshot,0.2,4096,12,12,0
oneshot,0.2,4096,12,13,0
oneshot,0.2,4096,13,0,0
oneshot,0.2,4096,13,1,0
oneshot,0.2,4096,13,2,0
oneshot,0.2,4096,13,3,0
oneshot,0.2,4096,13,4,0
oneshot,0.2,4096,13,5,0
oneshot,0.2,4096,13,6,0
oneshot,0.2,4096,13,7,0
oneshot,0.2,4096,13,8,0
oneshot,0.2,4096,13,9,0
oneshot,0.2,4096,13,10,0
oneshot,0.2,4096,13,11,0
oneshot,0.2,4096,13,12,0
oneshot,0.2,4096,13,13,0
oneshot,0.2,4096,14,0,0
oneshot,0.2,4096,14,1,0
oneshot,0.2,4096,14,2,0
oneshot,0.2,4096,14,3,0
oneshot,0.2,4096,14,4,0
oneshot,0.2,4096,14,5,0
oneshot,0.2,4096,14,6,0
oneshot,0.2,4096,14,7,0
oneshot,0.2,4096,14,8,0
oneshot,0.2,4096,14,9,0
oneshot,0.2,4096,14,10,0
oneshot,0.2,4096,14,11,0
oneshot,0.2,4096,14,12,0
oneshot,0.2,4096,14,13,0
oneshot,0.2,4096,15,0,0
oneshot,0.2,4096,15,1,0
oneshot,0.2,4096,15,2,0
oneshot,0.2,4096,15,3,0
oneshot,0.2,4096,15,4,0
oneshot,0.2,4096,15,5,0
oneshot,0.2,4096,15,6,0
oneshot,0.2,4096,15,7,0
oneshot,0.2,4096,15,8,0
oneshot,0.2,4096,15,9,0
oneshot,0.2,4096,15,10,0
oneshot,0.2,4096,15,11,0
oneshot,0.2,4096,15,12,0
oneshot,0.2,4096,15,13,0
oneshot,0.2,4096,16,0,0
oneshot,0.2,4096,16,1,0
oneshot,0.2,4096,16,2,0
oneshot,0.2,4096,16,3,0
oneshot,0.2,4096,16,4,0
oneshot,0.2,4096,16,5,0
oneshot,0.2,4096,16,6,0
oneshot,0.2,4096,16,7,0
oneshot,0.2,4096,16,8,0
oneshot,0.2,4096,16,9,0
oneshot,0.2,4096,16,10,0
oneshot,0.2,4096,16,11,0
oneshot,0.2,4096,16,12,0
oneshot,0.2,4096,16,13,0
oneshot,0.2,4096,17,0,0
oneshot,0.2,4096,17,1,0
oneshot,0.2,4096,17,2,0
oneshot,0.2,4096,17,3,0
oneshot,0.2,4096,17,4,0
oneshot,0.2,4096,17,5,0
oneshot,0.2,4096,17,6,0
oneshot,0.2,4096,17,7,0
oneshot,0.2,4096,17,8,0
oneshot,0.2,4096,17,9,0
oneshot,0.2,4096,17,10,0
oneshot,0.2,4096,17,11,0
oneshot,0.2,4096,17,12,0
oneshot,0.2,4096,17,13,0
oneshot,0.2,4096,18,0,0
oneshot,0.2,4096,18,1,0
oneshot,0.2,4096,18,2,0
oneshot,0.2,4096,18,3,0
oneshot,0.2,4096,18,4,0
oneshot,0.2,4096,18,5,0
oneshot,0.2,4096,18,6,0
oneshot,0.2,4096,18,7,0
oneshot,0.2,4096,18,8,0
oneshot,0.2,4096,18,9,0
oneshot,0.2,4096,18,10,0
oneshot,0.2,4096,18,11,0
oneshot,0.2,4096,18,12,0
oneshot,0.2,4096,18,13,0
oneshot,0.2,4096,19,0,0
oneshot,0.2,4096,19,1,0
oneshot,0.2,4096,19,2,0
oneshot,0.2,4096,19,3,0
oneshot,0.2,4096,19,4,0
oneshot,0.2,4096,19,5,0
oneshot,0.2,4096,19,6,0
oneshot,0.2,4096,19,7,0
oneshot,0.2,4096,19,8,0
oneshot,0.2,4096,19,9,0
oneshot,0.2,4096,19,10,0
oneshot,0.2,4096,19,11,0
oneshot,0.2,4096,19,12,0
oneshot,0.2,4096,19,13,0
oneshot,0.2,4096,20,0,0
oneshot,0.2,4096,20,1,0
oneshot,0.2,4096,20,2,0
oneshot,0.2,4096,20,3,0
oneshot,0.2,4096,20,4,0
oneshot,0.2,4096,20,5,0
oneshot,0.2,4096,20,6,0
oneshot,0.2,4096,20,7,0
oneshot,0.2,4096,20,8,0
oneshot,0.2,4096,20,9,0
oneshot,0.2,4096,20,10,0
oneshot,0.2,4096,20,11,0
oneshot,0.2,4096,20,12,0
oneshot,0.2,4096,20,13,0
oneshot,0.2,4096,21,0,0
oneshot,0.2,4096,21,1,0
oneshot,0.2,4096,21,2,0
oneshot,0.2,4096,21,3,64
oneshot,0.2,4096,21,4,64
oneshot,0.2,4096,21,5,0
oneshot,0.2,4096,21,6,0
oneshot,0.2,4096,21,7,0
oneshot,0.2,4096,21,8,0
oneshot,0.2,4096,21,9,0
oneshot,0.2,4096,21,10,0
oneshot,0.2,4096,21,11,0
oneshot,0.2,4096,21,12,0
oneshot,0.2,4096,21,13,0
oneshot,0.2,4096,22,0,0
oneshot,0.2,4096,22,1,0
oneshot,0.2,4096,22,2,0
oneshot,0.2,4096,22,3,0
oneshot,0.2,4096,22,4,0
oneshot,0.2,4096,22,5,0
oneshot,0.2,4096,22,6,0
oneshot,0.2,4096,22,7,0
oneshot,0.2,4096,22,8,0
oneshot,0.2,4096,22,9,0
oneshot,0.2,4096,22,10,0
oneshot,0.2,4096,22,11,0
oneshot,0.2,4096,22,12,0
oneshot,0.2,4096,22,13,0
oneshot,0.2,4096,23,0,0
oneshot,0.2,4096,23,1,0
oneshot,0.2,4096,23,2,0
oneshot,0.2,4096,23,3,0
oneshot,0.2,4096,23,4,0
oneshot,0.2,4096,23,5,0
oneshot,0.2,4096,23,6,0
oneshot,0.2,4096,23,7,0
oneshot,0.2,4096,23,8,0
oneshot,0.2,4096,23,9,0
oneshot,0.2,4096,23,10,0
oneshot,0.2,4096,23,11,0
oneshot,0.2,4096,23,12,0
oneshot,0.2,4096,23,13,0
oneshot,0.2,8192,0,0,0
oneshot,0.2,8192,0,1,0
oneshot,0.2,8192,0,2,0
oneshot,0.2,8192,0,3,0
oneshot,0.2,8192,0,4,0
oneshot,0.2,8192,0,5,0
oneshot,0.2,8192,0,6,0
oneshot,0.2,8192,0,7,0
oneshot,0.2,8192,0,8,0
oneshot,0.2,8192,0,9,0
oneshot,0.2,8192,0,10,0
oneshot,0.2,8192,0,11,0
oneshot,0.2,8192,0,12,0
oneshot,0.2,8192,0,13,0
oneshot,0.2,8192,1,0,0
oneshot,0.2,8192,1,1,0
oneshot,0.2,8192,1,2,0
oneshot,0.2,8192,1,3,0
oneshot,0.2,8192,1,4,0
oneshot,0.2,8192,1,5,0
oneshot,0.2,8192,1,6,0
oneshot,0.2,8192,1,7,0
oneshot,0.2,8192,1,8,0
oneshot,0.2,8192,1,9,0
oneshot,0.2,8192,1,10,0
oneshot,0.2,8192,1,11,0
oneshot,0.2,8192,1,12,0
oneshot,0.2,8192,1,13,0
oneshot,0.2,8192,2,0,0
oneshot,0.2,8192,2,1,0
oneshot,0.2,8192,2,2,0
oneshot,0.2,8192,2,3,0
oneshot,0.2,8192,2,4,0
oneshot,0.2,8192,2,5,0
oneshot,0.2,8192,2,6,0
oneshot,0.2,8192,2,7,0
oneshot,0.2,8192,2,8,0
oneshot,0.2,8192,2,9,0
oneshot,0.2,8192,2,10,0
oneshot,0.2,8192,2,11,0
oneshot,0.2,8192,2,12,0
oneshot,0.2,8192,2,13,0
oneshot,0.2,8192,3,0,0
oneshot,0.2,8192,3,1,0
oneshot,0.2,8192,3,2,0
oneshot,0.2,8192,3,3,0
oneshot,0.2,8192,3,4,0
oneshot,0.2,8192,3,5,0
oneshot,0.2,8192,3,6,0
oneshot,0.2,8192,3,7,0
oneshot,0.2,8192,3,8,0
oneshot,0.2,8192,3,9,0
oneshot,0.2,8192,3,10,0
oneshot,0.2,8192,3,11,0
oneshot,0.2,8192,3,12,0
oneshot,0.2,8192,3,13,0
oneshot,0.2,8192,4,0,0
oneshot,0.2,8192,4,1,0
oneshot,0.2,8192,4,2,0
oneshot,0.2,8192,4,3,0
oneshot,0.2,8192,4,4,0
oneshot,0.2,8192,4,5,0
oneshot,0.2,8192,4,6,0
oneshot,0.2,8192,4,7,0
oneshot,0.2,8192,4,8,0
oneshot,0.2,8192,4,9,0
oneshot,0.2,8192,4,10,0
oneshot,0.2,8192,4,11,0
oneshot,0.2,8192,4,12,0
oneshot,0.2,8192,4,13,0
oneshot,0.2,8192,5,0,0
oneshot,0.2,8192,5,1,0
oneshot,0.2,8192,5,2,0
oneshot,0.2,8192,5,3,0
oneshot,0.2,8192,5,4,0
oneshot,0.2,8192,5,5,0
oneshot,0.2,8192,5,6,0
oneshot,0.2,8192,5,7,0
oneshot,0.2,8192,5,8,0
oneshot,0.2,8192,5,9,0
oneshot,0.2,8192,5,10,0
oneshot,0.2,8192,5,11,0
oneshot,0.2,8192,5,12,0
oneshot,0.2,8192,5,13,0
oneshot,0.2,8192,6,0,0
oneshot,0.2,8192,6,1,0
oneshot,0.2,8192,6,2,0
oneshot,0.2,8192,6,3,0
oneshot,0.2,8192,6,4,0
oneshot,0.2,8192,6,5,0
oneshot,0.2,8192,6,6,0
oneshot,0.2,8192,6,7,0
oneshot,0.2,8192,6,8,0
oneshot,0.2,8192,6,9,0
oneshot,0.2,8192,6,10,0
oneshot,0.2,8192,6,11,0
oneshot,0.2,8192,6,12,0
oneshot,0.2,8192,6,13,0
oneshot,0.2,8192,7,0,0
oneshot,0.2,8192,7,1,0
oneshot,0.2,8192,7,2,0
oneshot,0.2,8192,7,3,0
oneshot,0.2,8192,7,4,0
oneshot,0.2,8192,7,5,0
oneshot,0.2,8192,7,6,0
oneshot,0.2,8192,7,7,0
oneshot,0.2,8192,7,8,0
oneshot,0.2,8192,7,9,0
oneshot,0.2,8192,7,10,0
oneshot,0.2,8192,7,11,0
oneshot,0.2,8192,7,12,0
oneshot,0.2,8192,7,13,0
oneshot,0.2,8192,8,0,0
oneshot,0.2,8192,8,1,0
oneshot,0.2,8192,8,2,0
oneshot,0.2,8192,8,3,0
oneshot,0.2,8192,8,4,0
oneshot,0.2,8192,8,5,0
oneshot,0.2,8192,8,6,0
oneshot,0.2,8192,8,7,0
oneshot,0.2,8192,8,8,0
oneshot,0.2,8192,8,9,0
oneshot,0.2,8192,8,10,0
oneshot,0.2,8192,8,11,0
oneshot,0.2,8192,8,12,0
oneshot,0.2,8192,8,13,0
oneshot,0.2,8192,9,0,0
oneshot,0.2,8192,9,1,0
oneshot,0.2,8192,9,2,0
oneshot,0.2,8192,9,3,0
oneshot,0.2,8192,9,4,0
oneshot,0.2,8192,9,5,0
oneshot,0.2,8192,9,6,0
oneshot,0.2,8192,9,7,0
oneshot,0.2,8192,9,8,0
oneshot,0.2,8192,9,9,0
oneshot,0.2,8192,9,10,0
oneshot,0.2,8192,9,11,0
oneshot,0.2,8192,9,12,0
oneshot,0.2,8192,9,13,0
oneshot,0.2,8192,10,0,0
oneshot,0.2,8192,10,1,0
oneshot,0.2,8192,10,2,0
oneshot,0.2,8192,10,3,0
oneshot,0.2,8192,10,4,0
oneshot,0.2,8192,10,5,0
oneshot,0.2,8192,10,6,0
oneshot,0.2,8192,10,7,0
oneshot,0.2,8192,10,8,0
oneshot,0.2,8192,10,9,0
oneshot,0.2,8192,10,10,0
oneshot,0.2,8192,10,11,0
oneshot,0.2,8192,10,12,0
oneshot,0.2,8192,10,13,0
oneshot,0.2,8192,11,0,0
oneshot,0.2,8192,11,1,0
oneshot,0.2,8192,11,2,0
oneshot,0.2,8192,11,3,0
oneshot,0.2,8192,11,4,0
oneshot,0.2,8192,11,5,0
oneshot,0.2,8192,11,6,0
oneshot,0.2,8192,11,7,1024
oneshot,0.2,8192,11,8,0
oneshot,0.2,8192,11,9,0
oneshot,0.2,8192,11,10,0
oneshot,0.2,8192,11,11,0
oneshot,0.2,8192,11,12,0
oneshot,0.2,8192,11,13,1024
oneshot,0.2,8192,12,0,0
oneshot,0.2,8192,12,1,0
oneshot,0.2,8192,12,2,0
oneshot,0.2,8192,12,3,0
oneshot,0.2,8192,12,4,0
oneshot,0.2,8192,12,5,0
oneshot,0.2,8192,12,6,0
oneshot,0.2,8192,12,7,0
oneshot,0.2,8192,12,8,0
oneshot,0.2,8192,12,9,0
oneshot,0.2,8192,12,10,0
oneshot,0.2,8192,12,11,0
oneshot,0.2,8192,12,12,0
oneshot,0.2,8192,12,13,0
oneshot,0.2,8192,13,0,0
oneshot,0.2,8192,13,1,0
oneshot,0.2,8192,13,2,0
oneshot,0.2,8192,13,3,0
oneshot,0.2,8192,13,4,0
oneshot,0.2,8192,13,5,0
oneshot,0.2,8192,13,6,0
oneshot,0.2,8192,13,7,0
oneshot,0.2,8192,13,8,0
oneshot,0.2,8192,13,9,0
oneshot,0.2,8192,13,10,0
oneshot,0.2,8192,13,11,0
oneshot,0.2,8192,13,12,0
oneshot,0.2,8192,13,13,0
oneshot,0.2,8192,14,0,0
oneshot,0.2,8192,14,1,0
oneshot,0.2,8192,14,2,0
oneshot,0.2,8192,14,3,0
oneshot,0.2,8192,14,4,0
oneshot,0.2,8192,14,5,0
oneshot,0.2,8192,14,6,0
oneshot,0.2,8192,14,7,0
oneshot,0.2,8192,14,8,0
oneshot,0.2,8192,14,9,0
oneshot,0.2,8192,14,10,0
oneshot,0.2,8192,14,11,0
oneshot,0.2,8192,14,12,0
oneshot,0.2,8192,14,13,0
oneshot,0.2,8192,15,0,0
oneshot,0.2,8192,15,1,0
oneshot,0.2,8192,15,2,0
oneshot,0.2,8192,15,3,0
oneshot,0.2,8192,15,4,0
oneshot,0.2,8192,15,5,0
oneshot,0.2,8192,15,6,0
oneshot,0.2,8192,15,7,0
oneshot,0.2,8192,15,8,0
oneshot,0.2,8192,15,9,0
oneshot,0.2,8192,15,10,0
oneshot,0.2,8192,15,11,0
oneshot,0.2,8192,15,12,0
oneshot,0.2,8192,15,13,0
oneshot,0.2,8192,16,0,0
oneshot,0.2,8192,16,1,0
oneshot,0.2,8192,16,2,0
oneshot,0.2,8192,16,3,0
oneshot,0.2,8192,16,4,0
oneshot,0.2,8192,16,5,0
oneshot,0.2,8192,16,6,0
oneshot,0.2,8192,16,7,0
oneshot,0.2,8192,16,8,0
oneshot,0.2,8192,16,9,0
oneshot,0.2,8192,16,10,0
oneshot,0.2,8192,16,11,0
oneshot,0.2,8192,16,12,0
oneshot,0.2,8192,16,13,0
oneshot,0.2,8192,17,0,0
oneshot,0.2,8192,17,1,0
oneshot,0.2,8192,17,2,0
oneshot,0.2,8192,17,3,0
oneshot,0.2,8192,17,4,0
oneshot,0.2,8192,17,5,0
oneshot,0.2,8192,17,6,0
oneshot,0.2,8192,17,7,0
oneshot,0.2,8192,17,8,0
oneshot,0.2,8192,17,9,0
oneshot,0.2,8192,17,10,0
oneshot,0.2,8192,17,11,0
oneshot,0.2,8192,17,12,0
oneshot,0.2,8192,17,13,0
oneshot,0.2,8192,18,0,0
oneshot,0.2,8192,18,1,0
oneshot,0.2,8192,18,2,0
oneshot,0.2,8192,18,3,0
oneshot,0.2,8192,18,4,0
oneshot,0.2,8192,18,5,0
oneshot,0.2,8192,18,6,0
oneshot,0.2,8192,18,7,0
oneshot,0.2,8192,18,8,0
oneshot,0.2,8192,18,9,0
oneshot,0.2,8192,18,10,0
oneshot,0.2,8192,18,11,0
oneshot,0.2,8192,18,12,0
oneshot,0.2,8192,18,13,0
oneshot,0.2,8192,19,0,0
oneshot,0.2,8192,19,1,0
oneshot,0.2,8192,19,2,0
oneshot,0.2,8192,19,3,0
oneshot,0.2,8192,19,4,0
oneshot,0.2,8192,19,5,0
oneshot,0.2,8192,19,6,0
oneshot,0.2,8192,19,7,0
oneshot,0.2,8192,19,8,0
oneshot,0.2,8192,19,9,0
oneshot,0.2,8192,19,10,0
oneshot,0.2,8192,19,11,0
oneshot,0.2,8192,19,12,0
oneshot,0.2,8192,19,13,0
oneshot,0.2,8192,20,0,0
oneshot,0.2,8192,20,1,0
oneshot,0.2,8192,20,2,0
oneshot,0.2,8192,20,3,0
oneshot,0.2,8192,20,4,0
oneshot,0.2,8192,20,5,0
oneshot,0.2,8192,20,6,0
oneshot,0.2,8192,20,7,0
oneshot,0.2,8192,20,8,0
oneshot,0.2,8192,20,9,0
oneshot,0.2,8192,20,10,0
oneshot,0.2,8192,20,11,0
oneshot,0.2,8192,20,12,0
oneshot,0.2,8192,20,13,0
oneshot,0.2,8192,21,0,0
oneshot,0.2,8192,21,1,0
oneshot,0.2,8192,21,2,0
oneshot,0.2,8192,21,3,0
oneshot,0.2,8192,21,4,0
oneshot,0.2,8192,21,5,0
oneshot,0.2,8192,21,6,0
oneshot,0.2,8192,21,7,0
oneshot,0.2,8192,21,8,0
oneshot,0.2,8192,21,9,0
oneshot,0.2,8192,21,10,0
oneshot,0.2,8192,21,11,0
oneshot,0.2,8192,21,12,0
oneshot,0.2,8192,21,13,0
oneshot,0.2,8192,22,0,0
oneshot,0.2,8192,22,1,0
oneshot,0.2,8192,22,2,0
oneshot,0.2,8192,22,3,0
oneshot,0.2,8192,22,4,0
oneshot,0.2,8192,22,5,0
oneshot,0.2,8192,22,6,0
oneshot,0.2,8192,22,7,0
oneshot,0.2,8192,22,8,0
oneshot,0.2,8192,22,9,0
oneshot,0.2,8192,22,10,0
oneshot,0.2,8192,22,11,0
oneshot,0.2,8192,22,12,0
oneshot,0.2,8192,22,13,0
oneshot,0.2,8192,23,0,0
oneshot,0.2,8192,23,1,0
oneshot,0.2,8192,23,2,0
oneshot,0.2,8192,23,3,0
oneshot,0.2,8192,23,4,0
oneshot,0.2,8192,23,5,0
oneshot,0.2,8192,23,6,0
oneshot,0.2,8192,23,7,0
oneshot,0.2,8192,23,8,0
oneshot,0.2,8192,23,9,0
oneshot,0.2,8192,23,10,0
oneshot,0.2,8192,23,11,0
oneshot,0.2,8192,23,12,0
oneshot,0.2,8192,23,13,0
oneshot,0.4,1024,0,0,0
oneshot,0.4,1024,0,1,0
oneshot,0.4,1024,0,2,0
oneshot,0.4,1024,0,3,0
oneshot,0.4,1024,0,4,0
oneshot,0.4,1024,0,5,0
oneshot,0.4,1024,0,6,0
oneshot,0.4,1024,0,7,0
oneshot,0.4,1024,0,8,0
oneshot,0.4,1024,0,9,0
oneshot,0.4,1024,0,10,0
oneshot,0.4,1024,0,11,0
oneshot,0.4,1024,0,12,0
oneshot,0.4,1024,0,13,0
oneshot,0.4,1024,1,0,0
oneshot,0.4,1024,1,1,0
oneshot,0.4,1024,1,2,0
oneshot,0.4,1024,1,3,0
oneshot,0.4,1024,1,4,0
oneshot,0.4,1024,1,5,0
oneshot,0.4,1024,1,6,0
oneshot,0.4,1024,1,7,0
oneshot,0.4,1024,1,8,0
oneshot,0.4,1024,1,9,0
oneshot,0.4,1024,1,10,0
oneshot,0.4,1024,1,11,0
oneshot,0.4,1024,1,12,0
oneshot,0.4,1024,1,13,0
oneshot,0.4,1024,2,0,0
oneshot,0.4,1024,2,1,0
oneshot,0.4,1024,2,2,0
oneshot,0.4,1024,2,3,0
oneshot,0.4,1024,2,4,0
oneshot,0.4,1024,2,5,0
oneshot,0.4,1024,2,6,0
oneshot,0.4,1024,2,7,0
oneshot,0.4,1024,2,8,0
oneshot,0.4,1024,2,9,0
oneshot,0.4,1024,2,10,0
oneshot,0.4,1024,2,11,0
oneshot,0.4,1024,2,12,0
oneshot,0.4,1024,2,13,0
oneshot,0.4,1024,3,0,0
oneshot,0.4,1024,3,1,0
oneshot,0.4,1024,3,2,0
oneshot,0.4,1024,3,3,0
oneshot,0.4,1024,3,4,0
oneshot,0.4,1024,3,5,0
oneshot,0.4,1024,3,6,0
oneshot,0.4,1024,3,7,0
oneshot,0.4,1024,3,8,0
oneshot,0.4,1024,3,9,0
oneshot,0.4,1024,3,10,0
oneshot,0.4,1024,3,11,0
oneshot,0.4,1024,3,12,0
oneshot,0.4,1024,3,13,0
oneshot,0.4,1024,4,0,0
oneshot,0.4,1024,4,1,0
oneshot,0.4,1024,4,2,0
oneshot,0.4,1024,4,3,0
oneshot,0.4,1024,4,4,0
oneshot,0.4,1024,4,5,0
oneshot,0.4,1024,4,6,0
oneshot,0.4,1024,4,7,0
oneshot,0.4,1024,4,8,0
oneshot,0.4,1024,4,9,0
oneshot,0.4,1024,4,10,0
oneshot,0.4,1024,4,11,0
oneshot,0.4,1024,4,12,0
oneshot,0.4,1024,4,13,0
oneshot,0.4,1024,5,0,0
oneshot,0.4,1024,5,1,0
oneshot,0.4,1024,5,2,0
oneshot,0.4,1024,5,3,0
oneshot,0.4,1024,5,4,0
oneshot,0.4,1024,5,5,0
oneshot,0.4,1024,5,6,0
oneshot,0.4,1024,5,7,0
oneshot,0.4,1024,5,8,0
oneshot,0.4,1024,5,9,0
oneshot,0.4,1024,5,10,0
oneshot,0.4,1024,5,11,0
oneshot,0.4,1024,5,12,0
oneshot,0.4,1024,5,13,0
oneshot,0.4,1024,6,0,0
oneshot,0.4,1024,6,1,0
oneshot,0.4,1024,6,2,0
oneshot,0.4,1024,6,3,0
oneshot,0.4,1024,6,4,0
oneshot,0.4,1024,6,5,0
oneshot,0.4,1024,6,6,0
oneshot,0.4,1024,6,7,0
oneshot,0.4,1024,6,8,0
oneshot,0.4,1024,6,9,0
oneshot,0.4,1024,6,10,0
oneshot,0.4,1024,6,11,0
oneshot,0.4,1024,6,12,0
oneshot,0.4,1024,6,13,0
oneshot,0.4,1024,7,0,0
oneshot,0.4,1024,7,1,0
oneshot,0.4,1024,7,2,0
oneshot,0.4,1024,7,3,0
oneshot,0.4,1024,7,4,0
oneshot,0.4,1024,7,5,0
oneshot,0.4,1024,7,6,0
oneshot,0.4,1024,7,7,0
oneshot,0.4,1024,7,8,0
oneshot,0.4,1024,7,9,0
oneshot,0.4,1024,7,10,0
oneshot,0.4,1024,7,11,0
oneshot,0.4,1024,7,12,0
oneshot,0.4,1024,7,13,0
oneshot,0.4,1024,8,0,0
oneshot,0.4,1024,8,1,0
oneshot,0.4,1024,8,2,0
oneshot,0.4,1024,8,3,0
oneshot,0.4,1024,8,4,0
oneshot,0.4,1024,8,5,0
oneshot,0.4,1024,8,6,0
oneshot,0.4,1024,8,7,0
oneshot,0.4,1024,8,8,0
oneshot,0.4,1024,8,9,0
oneshot,0.4,1024,8,10,0
oneshot,0.4,1024,8,11,0
oneshot,0.4,1024,8,12,0
oneshot,0.4,1024,8,13,0
oneshot,0.4,1024,9,0,0
oneshot,0.4,1024,9,1,0
oneshot,0.4,1024,9,2,0
oneshot,0.4,1024,9,3,0
oneshot,0.4,1024,9,4,0
oneshot,0.4,1024,9,5,0
oneshot,0.4,1024,9,6,0
oneshot,0.4,1024,9,7,64
oneshot,0.4,1024,9,8,256
oneshot,0.4,1024,9,9,64
oneshot,0.4,1024,9,10,0
oneshot,0.4,1024,9,11,0
oneshot,0.4,1024,9,12,0
oneshot,0.4,1024,9,13,0
oneshot,0.4,1024,10,0,0
oneshot,0.4,1024,10,1,0
oneshot,0.4,1024,10,2,0
oneshot,0.4,1024,10,3,0
oneshot,0.4,1024,10,4,0
oneshot,0.4,1024,10,5,0
oneshot,0.4,1024,10,6,0
oneshot,0.4,1024,10,7,0
oneshot,0.4,1024,10,8,0
oneshot,0.4,1024,10,9,0
oneshot,0.4,1024,10,10,0
oneshot,0.4,1024,10,11,0
oneshot,0.4,1024,10,12,0
oneshot,0.4,1024,10,13,0
oneshot,0.4,1024,11,0,0
oneshot,0.4,1024,11,1,0
oneshot,0.4,1024,11,2,0
oneshot,0.4,1024,11,3,0
oneshot,0.4,1024,11,4,0
oneshot,0.4,1024,11,5,0
oneshot,0.4,1024,11,6,0
oneshot,0.4,1024,11,7,64
oneshot,0.4,1024,11,8,0
oneshot,0.4,1024,11,9,0
oneshot,0.4,1024,11,10,0
oneshot,0.4,1024,11,11,64
oneshot,0.4,1024,11,12,0
oneshot,0.4,1024,11,13,64
oneshot,0.4,1024,12,0,0
oneshot,0.4,1024,12,1,0
oneshot,0.4,1024,12,2,0
oneshot,0.4,1024,12,3,0
oneshot,0.4,1024,12,4,0
oneshot,0.4,1024,12,5,0
oneshot,0.4,1024,12,6,0
oneshot,0.4,1024,12,7,0
oneshot,0.4,1024,12,8,0
oneshot,0.4,1024,12,9,0
oneshot,0.4,1024,12,10,0
oneshot,0.4,1024,12,11,0
oneshot,0.4,1024,12,12,0
oneshot,0.4,1024,12,13,0
oneshot,0.4,1024,13,0,0
oneshot,0.4,1024,13,1,0
oneshot,0.4,1024,13,2,0
oneshot,0.4,1024,13,3,0
oneshot,0.4,1024,13,4,0
oneshot,0.4,1024,13,5,0
oneshot,0.4,1024,13,6,0
oneshot,0.4,1024,13,7,0
oneshot,0.4,1024,13,8,0
oneshot,0.4,1024,13,9,0
oneshot,0.4,1024,13,10,0
oneshot,0.4,1024,13,11,0
oneshot,0.4,1024,13,12,0
oneshot,0.4,1024,13,13,0
oneshot,0.4,1024,14,0,0
oneshot,0.4,1024,14,1,0
oneshot,0.4,1024,14,2,0
oneshot,0.4,1024,14,3,0
oneshot,0.4,1024,14,4,0
oneshot,0.4,1024,14,5,0
oneshot,0.4,1024,14,6,0
oneshot,0.4,1024,14,7,0
oneshot,0.4,1024,14,8,0
oneshot,0.4,1024,14,9,0
oneshot,0.4,1024,14,10,0
oneshot,0.4,1024,14,11,0
oneshot,0.4,1024,14,12,0
oneshot,0.4,1024,14,13,0
oneshot,0.4,1024,15,0,0
oneshot,0.4,1024,15,1,0
oneshot,0.4,1024,15,2,0
oneshot,0.4,1024,15,3,0
oneshot,0.4,1024,15,4,0
oneshot,0.4,1024,15,5,0
oneshot,0.4,1024,15,6,0
oneshot,0.4,1024,15,7,0
oneshot,0.4,1024,15,8,0
oneshot,0.4,1024,15,9,0
oneshot,0.4,1024,15,10,0
oneshot,0.4,1024,15,11,0
oneshot,0.4,1024,15,12,0
oneshot,0.4,1024,15,13,0
oneshot,0.4,1024,16,0,0
oneshot,0.4,1024,16,1,1024
oneshot,0.4,1024,16,2,0
oneshot,0.4,1024,16,3,0
oneshot,0.4,1024,16,4,0
oneshot,0.4,1024,16,5,0
oneshot,0.4,1024,16,6,0
oneshot,0.4,1024,16,7,0
oneshot,0.4,1024,16,8,0
oneshot,0.4,1024,16,9,1024
oneshot,0.4,1024,16,10,0
oneshot,0.4,1024,16,11,0
oneshot,0.4,1024,16,12,0
oneshot,0.4,1024,16,13,0
oneshot,0.4,1024,17,0,0
oneshot,0.4,1024,17,1,0
oneshot,0.4,1024,17,2,0
oneshot,0.4,1024,17,3,0
oneshot,0.4,1024,17,4,0
oneshot,0.4,1024,17,5,64
oneshot,0.4,1024,17,6,64
oneshot,0.4,1024,17,7,0
oneshot,0.4,1024,17,8,0
oneshot,0.4,1024,17,9,0
oneshot,0.4,1024,17,10,0
oneshot,0.4,1024,17,11,0
oneshot,0.4,1024,17,12,0
oneshot,0.4,1024,17,13,0
oneshot,0.4,1024,18,0,0
oneshot,0.4,1024,18,1,0
oneshot,0.4,1024,18,2,0
oneshot,0.4,1024,18,3,0
oneshot,0.4,1024,18,4,0
oneshot,0.4,1024,18,5,0
oneshot,0.4,1024,18,6,0
oneshot,0.4,1024,18,7,0
oneshot,0.4,1024,18,8,0
oneshot,0.4,1024,18,9,0
oneshot,0.4,1024,18,10,0
oneshot,0.4,1024,18,11,0
oneshot,0.4,1024,18,12,0
oneshot,0.4,1024,18,13,0
oneshot,0.4,1024,19,0,0
oneshot,0.4,1024,19,1,0
oneshot,0.4,1024,19,2,0
oneshot,0.4,1024,19,3,0
oneshot,0.4,1024,19,4,0
oneshot,0.4,1024,19,5,0
oneshot,0.4,1024,19,6,0
oneshot,0.4,1024,19,7,0
oneshot,0.4,1024,19,8,0
oneshot,0.4,1024,19,9,0
oneshot,0.4,1024,19,10,0
oneshot,0.4,1024,19,11,0
oneshot,0.4,1024,19,12,0
oneshot,0.4,1024,19,13,0
oneshot,0.4,1024,20,0,0
oneshot,0.4,1024,20,1,0
oneshot,0.4,1024,20,2,0
oneshot,0.4,1024,20,3,0
oneshot,0.4,1024,20,4,0
oneshot,0.4,1024,20,5,0
oneshot,0.4,1024,20,6,0
oneshot,0.4,1024,20,7,64
oneshot,0.4,1024,20,8,64
oneshot,0.4,1024,20,9,64
oneshot,0.4,1024,20,10,64
oneshot,0.4,1024,20,11,64
oneshot,0.4,1024,20,12,64
oneshot,0.4,1024,20,13,64
oneshot,0.4,1024,21,0,64
oneshot,0.4,1024,21,1,64
oneshot,0.4,1024,21,2,64
oneshot,0.4,1024,21,3,64
oneshot,0.4,1024,21,4,64
oneshot,0.4,1024,21,5,64
oneshot,0.4,1024,21,6,0
oneshot,0.4,1024,21,7,0
oneshot,0.4,1024,21,8,0
oneshot,0.4,1024,21,9,0
oneshot,0.4,1024,21,10,0
oneshot,0.4,1024,21,11,0
oneshot,0.4,1024,21,12,0
oneshot,0.4,1024,21,13,0
oneshot,0.4,1024,22,0,0
oneshot,0.4,1024,22,1,0
oneshot,0.4,1024,22,2,0
oneshot,0.4,1024,22,3,0
oneshot,0.4,1024,22,4,0
oneshot,0.4,1024,22,5,0
oneshot,0.4,1024,22,6,0
oneshot,0.4,1024,22,7,0
oneshot,0.4,1024,22,8,0
oneshot,0.4,1024,22,9,0
oneshot,0.4,1024,22,10,0
oneshot,0.4,1024,22,11,0
oneshot,0.4,1024,22,12,0
oneshot,0.4,1024,22,13,0
oneshot,0.4,1024,23,0,0
oneshot,0.4,1024,23,1,0
oneshot,0.4,1024,23,2,0
oneshot,0.4,1024,23,3,0
oneshot,0.4,1024,23,4,0
oneshot,0.4,1024,23,5,0
oneshot,0.4,1024,23,6,0
oneshot,0.4,1024,23,7,0
oneshot,0.4,1024,23,8,0
oneshot,0.4,1024,23,9,0
oneshot,0.4,1024,23,10,0
oneshot,0.4,1024,23,11,0
oneshot,0.4,1024,23,12,0
oneshot,0.4,1024,23,13,0
oneshot,0.4,2048,0,0,0
oneshot,0.4,2048,0,1,0
oneshot,0.4,2048,0,2,0
oneshot,0.4,2048,0,3,0
oneshot,0.4,2048,0,4,0
oneshot,0.4,2048,0,5,0
oneshot,0.4,2048,0,6,0
oneshot,0.4,2048,0,7,0
oneshot,0.4,2048,0,8,0
oneshot,0.4,2048,0,9,0
oneshot,0.4,2048,0,10,0
oneshot,0.4,2048,0,11,0
oneshot,0.4,2048,0,12,0
oneshot,0.4,2048,0,13,0
oneshot,0.4,2048,1,0,0
oneshot,0.4,2048,1,1,0
oneshot,0.4,2048,1,2,0
oneshot,0.4,2048,1,3,0
oneshot,0.4,2048,1,4,0
oneshot,0.4,2048,1,5,0
oneshot,0.4,2048,1,6,0
oneshot,0.4,2048,1,7,0
oneshot,0.4,2048,1,8,0
oneshot,0.4,2048,1,9,0
oneshot,0.4,2048,1,10,0
oneshot,0.4,2048,1,11,0
oneshot,0.4,2048,1,12,0
oneshot,0.4,2048,1,13,0
oneshot,0.4,2048,2,0,0
oneshot,0.4,2048,2,1,0
oneshot,0.4,2048,2,2,0
oneshot,0.4,2048,2,3,0
oneshot,0.4,2048,2,4,0
oneshot,0.4,2048,2,5,0
oneshot,0.4,2048,2,6,0
oneshot,0.4,2048,2,7,0
oneshot,0.4,2048,2,8,0
oneshot,0.4,2048,2,9,0
oneshot,0.4,2048,2,10,0
oneshot,0.4,2048,2,11,0
oneshot,0.4,2048,2,12,0
oneshot,0.4,2048,2,13,0
oneshot,0.4,2048,3,0,0
oneshot,0.4,2048,3,1,0
oneshot,0.4,2048,3,2,0
oneshot,0.4,2048,3,3,0
oneshot,0.4,2048,3,4,0
oneshot,0.4,2048,3,5,0
oneshot,0.4,2048,3,6,0
oneshot,0.4,2048,3,7,0
oneshot,0.4,2048,3,8,0
oneshot,0.4,2048,3,9,0
oneshot,0.4,2048,3,10,0
oneshot,0.4,2048,3,11,0
oneshot,0.4,2048,3,12,0
oneshot,0.4,2048,3,13,0
oneshot,0.4,2048,4,0,0
oneshot,0.4,2048,4,1,0
oneshot,0.4,2048,4,2,0
oneshot,0.4,2048,4,3,0
oneshot,0.4,2048,4,4,0
oneshot,0.4,2048,4,5,0
oneshot,0.4,2048,4,6,0
oneshot,0.4,2048,4,7,0
oneshot,0.4,2048,4,8,0
oneshot,0.4,2048,4,9,0
oneshot,0.4,2048,4,10,0
oneshot,0.4,2048,4,11,0
oneshot,0.4,2048,4,12,0
oneshot,0.4,2048,4,13,0
oneshot,0.4,2048,5,0,0
oneshot,0.4,2048,5,1,0
oneshot,0.4,2048,5,2,0
oneshot,0.4,2048,5,3,0
oneshot,0.4,2048,5,4,0
oneshot,0.4,2048,5,5,0
oneshot,0.4,2048,5,6,0
oneshot,0.4,2048,5,7,0
oneshot,0.4,2048,5,8,0
oneshot,0.4,2048,5,9,0
oneshot,0.4,2048,5,10,0
oneshot,0.4,2048,5,11,0
oneshot,0.4,2048,5,12,0
oneshot,0.4,2048,5,13,0
oneshot,0.4,2048,6,0,0
oneshot,0.4,2048,6,1,0
oneshot,0.4,2048,6,2,0
oneshot,0.4,2048,6,3,0
oneshot,0.4,2048,6,4,0
oneshot,0.4,2048,6,5,0
oneshot,0.4,2048,6,6,0
oneshot,0.4,2048,6,7,0
oneshot,0.4,2048,6,8,0
oneshot,0.4,2048,6,9,0
oneshot,0.4,2048,6,10,0
oneshot,0.4,2048,6,11,0
oneshot,0.4,2048,6,12,0
oneshot,0.4,2048,6,13,0
oneshot,0.4,2048,7,0,0
oneshot,0.4,2048,7,1,0
oneshot,0.4,2048,7,2,0
oneshot,0.4,2048,7,3,0
oneshot,0.4,2048,7,4,0
oneshot,0.4,2048,7,5,0
oneshot,0.4,2048,7,6,0
oneshot,0.4,2048,7,7,0
oneshot,0.4,2048,7,8,0
oneshot,0.4,2048,7,9,0
oneshot,0.4,2048,7,10,0
oneshot,0.4,2048,7,11,0
oneshot,0.4,2048,7,12,0
oneshot,0.4,2048,7,13,0
oneshot,0.4,2048,8,0,0
oneshot,0.4,2048,8,1,0
oneshot,0.4,2048,8,2,0
oneshot,0.4,2048,8,3,0
oneshot,0.4,2048,8,4,0
oneshot,0.4,2048,8,5,0
oneshot,0.4,2048,8,6,0
oneshot,0.4,2048,8,7,0
oneshot,0.4,2048,8,8,0
oneshot,0.4,2048,8,9,0
oneshot,0.4,2048,8,10,0
oneshot,0.4,2048,8,11,0
oneshot,0.4,2048,8,12,0
oneshot,0.4,2048,8,13,0
oneshot,0.4,2048,9,0,0
oneshot,0.4,2048,9,1,0
oneshot,0.4,2048,9,2,0
oneshot,0.4,2048,9,3,0
oneshot,0.4,2048,9,4,0
oneshot,0.4,2048,9,5,0
oneshot,0.4,2048,9,6,0
oneshot,0.4,2048,9,7,64
oneshot,0.4,2048,9,8,0
oneshot,0.4,2048,9,9,64
oneshot,0.4,2048,9,10,0
oneshot,0.4,2048,9,11,0
oneshot,0.4,2048,9,12,0
oneshot,0.4,2048,9,13,0
oneshot,0.4,2048,10,0,0
oneshot,0.4,2048,10,1,0
oneshot,0.4,2048,10,2,0
oneshot,0.4,2048,10,3,0
oneshot,0.4,2048,10,4,0
oneshot,0.4,2048,10,5,0
oneshot,0.4,2048,10,6,0
oneshot,0.4,2048,10,7,0
oneshot,0.4,2048,10,8,0
oneshot,0.4,2048,10,9,0
oneshot,0.4,2048,10,10,0
oneshot,0.4,2048,10,11,0
oneshot,0.4,2048,10,12,0
oneshot,0.4,2048,10,13,0
oneshot,0.4,2048,11,0,0
oneshot,0.4,2048,11,1,0
oneshot,0.4,2048,11,2,0
oneshot,0.4,2048,11,3,0
oneshot,0.4,2048,11,4,0
oneshot,0.4,2048,11,5,0
oneshot,0.4,2048,11,6,0
oneshot,0.4,2048,11,7,64
oneshot,0.4,2048,11,8,0
oneshot,0.4,2048,11,9,0
oneshot,0.4,2048,11,10,0
oneshot,0.4,2048,11,11,64
oneshot,0.4,2048,11,12,0
oneshot,0.4,2048,11,13,64
oneshot,0.4,2048,12,0,0
oneshot,0.4,2048,12,1,0
oneshot,0.4,2048,12,2,0
oneshot,0.4,2048,12,3,0
oneshot,0.4,2048,12,4,0
oneshot,0.4,2048,12,5,0
oneshot,0.4,2048,12,6,0
oneshot,0.4,2048,12,7,0
oneshot,0.4,2048,12,8,0
oneshot,0.4,2048,12,9,0
oneshot,0.4,2048,12,10,0
oneshot,0.4,2048,12,11,0
oneshot,0.4,2048,12,12,0
oneshot,0.4,2048,12,13,0
oneshot,0.4,2048,13,0,0
oneshot,0.4,2048,13,1,0
oneshot,0.4,2048,13,2,0
oneshot,0.4,2048,13,3,0
oneshot,0.4,2048,13,4,0
oneshot,0.4,2048,13,5,0
oneshot,0.4,2048,13,6,0
oneshot,0.4,2048,13,7,0
oneshot,0.4,2048,13,8,0
oneshot,0.4,2048,13,9,0
oneshot,0.4,2048,13,10,0
oneshot,0.4,2048,13,11,0
oneshot,0.4,2048,13,12,0
oneshot,0.4,2048,13,13,0
oneshot,0.4,2048,14,0,0
oneshot,0.4,2048,14,1,0
oneshot,0.4,2048,14,2,0
oneshot,0.4,2048,14,3,0
oneshot,0.4,2048,14,4,0
oneshot,0.4,2048,14,5,0
oneshot,0.4,2048,14,6,0
oneshot,0.4,2048,14,7,0
oneshot,0.4,2048,14,8,0
oneshot,0.4,2048,14,9,0
oneshot,0.4,2048,14,10,0
oneshot,0.4,2048,14,11,0
oneshot,0.4,2048,14,12,0
oneshot,0.4,2048,14,13,0
oneshot,0.4,2048,15,0,0
oneshot,0.4,2048,15,1,0
oneshot,0.4,2048,15,2,0
oneshot,0.4,2048,15,3,0
oneshot,0.4,2048,15,4,0
oneshot,0.4,2048,15,5,0
oneshot,0.4,2048,15,6,0
oneshot,0.4,2048,15,7,0
oneshot,0.4,2048,15,8,0
oneshot,0.4,2048,15,9,0
oneshot,0.4,2048,15,10,0
oneshot,0.4,2048,15,11,0
oneshot,0.4,2048,15,12,0
oneshot,0.4,2048,15,13,0
oneshot,0.4,2048,16,0,0
oneshot,0.4,2048,16,1,0
oneshot,0.4,2048,16,2,0
oneshot,0.4,2048,16,3,0
oneshot,0.4,2048,16,4,0
oneshot,0.4,2048,16,5,0
oneshot,0.4,2048,16,6,0
oneshot,0.4,2048,16,7,0
oneshot,0.4,2048,16,8,0
oneshot,0.4,2048,16,9,0
oneshot,0.4,2048,16,10,0
oneshot,0.4,2048,16,11,0
oneshot,0.4,2048,16,12,0
oneshot,0.4,2048,16,13,0
oneshot,0.4,2048,17,0,0
oneshot,0.4,2048,17,1,0
oneshot,0.4,2048,17,2,256
oneshot,0.4,2048,17,3,0
oneshot,0.4,2048,17,4,0
oneshot,0.4,2048,17,5,64
oneshot,0.4,2048,17,6,0
oneshot,0.4,2048,17,7,0
oneshot,0.4,2048,17,8,0
oneshot,0.4,2048,17,9,0
oneshot,0.4,2048,17,10,0
oneshot,0.4,2048,17,11,0
oneshot,0.4,2048,17,12,0
oneshot,0.4,2048,17,13,0
oneshot,0.4,2048,18,0,0
oneshot,0.4,2048,18,1,0
oneshot,0.4,2048,18,2,0
oneshot,0.4,2048,18,3,0
oneshot,0.4,2048,18,4,0
oneshot,0.4,2048,18,5,0
oneshot,0.4,2048,18,6,0
oneshot,0.4,2048,18,7,0
oneshot,0.4,2048,18,8,0
oneshot,0.4,2048,18,9,0
oneshot,0.4,2048,18,10,0
oneshot,0.4,2048,18,11,0
oneshot,0.4,2048,18,12,0
oneshot,0.4,2048,18,13,0
oneshot,0.4,2048,19,0,0
oneshot,0.4,2048,19,1,0
oneshot,0.4,2048,19,2,0
oneshot,0.4,2048,19,3,0
oneshot,0.4,2048,19,4,0
oneshot,0.4,2048,19,5,0
oneshot,0.4,2048,19,6,0
oneshot,0.4,2048,19,7,0
oneshot,0.4,2048,19,8,0
oneshot,0.4,2048,19,9,0
oneshot,0.4,2048,19,10,0
oneshot,0.4,2048,19,11,0
oneshot,0.4,2048,19,12,0
oneshot,0.4,2048,19,13,0
oneshot,0.4,2048,20,0,0
oneshot,0.4,2048,20,1,0
oneshot,0.4,2048,20,2,0
oneshot,0.4,2048,20,3,0
oneshot,0.4,2048,20,4,0
oneshot,0.4,2048,20,5,0
oneshot,0.4,2048,20,6,0
oneshot,0.4,2048,20,7,64
oneshot,0.4,2048,20,8,64
oneshot,0.4,2048,20,9,64
oneshot,0.4,2048,20,10,64
oneshot,0.4,2048,20,11,64
oneshot,0.4,2048,20,12,64
oneshot,0.4,2048,20,13,1024
oneshot,0.4,2048,21,0,64
oneshot,0.4,2048,21,1,256
oneshot,0.4,2048,21,2,64
oneshot,0.4,2048,21,3,64
oneshot,0.4,2048,21,4,64
oneshot,0.4,2048,21,5,64
oneshot,0.4,2048,21,6,0
oneshot,0.4,2048,21,7,0
oneshot,0.4,2048,21,8,0
oneshot,0.4,2048,21,9,0
oneshot,0.4,2048,21,10,0
oneshot,0.4,2048,21,11,0
oneshot,0.4,2048,21,12,0
oneshot,0.4,2048,21,13,0
oneshot,0.4,2048,22,0,0
oneshot,0.4,2048,22,1,0
oneshot,0.4,2048,22,2,0
oneshot,0.4,2048,22,3,0
oneshot,0.4,2048,22,4,0
oneshot,0.4,2048,22,5,0
oneshot,0.4,2048,22,6,0
oneshot,0.4,2048,22,7,0
oneshot,0.4,2048,22,8,0
oneshot,0.4,2048,22,9,0
oneshot,0.4,2048,22,10,0
oneshot,0.4,2048,22,11,0
oneshot,0.4,2048,22,12,0
oneshot,0.4,2048,22,13,0
oneshot,0.4,2048,23,0,0
oneshot,0.4,2048,23,1,0
oneshot,0.4,2048,23,2,0
oneshot,0.4,2048,23,3,0
oneshot,0.4,2048,23,4,0
oneshot,0.4,2048,23,5,0
oneshot,0.4,2048,23,6,0
oneshot,0.4,2048,23,7,0
oneshot,0.4,2048,23,8,0
oneshot,0.4,2048,23,9,0
oneshot,0.4,2048,23,10,0
oneshot,0.4,2048,23,11,0
oneshot,0.4,2048,23,12,0
oneshot,0.4,2048,23,13,0
oneshot,0.4,4096,0,0,0
oneshot,0.4,4096,0,1,0
oneshot,0.4,4096,0,2,0
oneshot,0.4,4096,0,3,0
oneshot,0.4,4096,0,4,0
oneshot,0.4,4096,0,5,0
oneshot,0.4,4096,0,6,0
oneshot,0.4,4096,0,7,0
oneshot,0.4,4096,0,8,0
oneshot,0.4,4096,0,9,0
oneshot,0.4,4096,0,10,0
oneshot,0.4,4096,0,11,0
oneshot,0.4,4096,0,12,0
oneshot,0.4,4096,0,13,0
oneshot,0.4,4096,1,0,0
oneshot,0.4,4096,1,1,0
oneshot,0.4,4096,1,2,0
oneshot,0.4,4096,1,3,0
oneshot,0.4,4096,1,4,0
oneshot,0.4,4096,1,5,0
oneshot,0.4,4096,1,6,0
oneshot,0.4,4096,1,7,0
oneshot,0.4,4096,1,8,0
oneshot,0.4,4096,1,9,0
oneshot,0.4,4096,1,10,0
oneshot,0.4,4096,1,11,0
oneshot,0.4,4096,1,12,0
oneshot,0.4,4096,1,13,0
oneshot,0.4,4096,2,0,0
oneshot,0.4,4096,2,1,0
oneshot,0.4,4096,2,2,0
oneshot,0.4,4096,2,3,0
oneshot,0.4,4096,2,4,0
oneshot,0.4,4096,2,5,0
oneshot,0.4,4096,2,6,0
oneshot,0.4,4096,2,7,0
oneshot,0.4,4096,2,8,0
oneshot,0.4,4096,2,9,0
oneshot,0.4,4096,2,10,0
oneshot,0.4,4096,2,11,0
oneshot,0.4,4096,2,12,0
oneshot,0.4,4096,2,13,0
oneshot,0.4,4096,3,0,0
oneshot,0.4,4096,3,1,0
oneshot,0.4,4096,3,2,0
oneshot,0.4,4096,3,3,0
oneshot,0.4,4096,3,4,0
oneshot,0.4,4096,3,5,0
oneshot,0.4,4096,3,6,0
oneshot,0.4,4096,3,7,0
oneshot,0.4,4096,3,8,0
oneshot,0.4,4096,3,9,0
oneshot,0.4,4096,3,10,0
oneshot,0.4,4096,3,11,0
oneshot,0.4,4096,3,12,0
oneshot,0.4,4096,3,13,0
oneshot,0.4,4096,4,0,0
oneshot,0.4,4096,4,1,0
oneshot,0.4,4096,4,2,0
oneshot,0.4,4096,4,3,0
oneshot,0.4,4096,4,4,0
oneshot,0.4,4096,4,5,0
oneshot,0.4,4096,4,6,0
oneshot,0.4,4096,4,7,0
oneshot,0.4,4096,4,8,0
oneshot,0.4,4096,4,9,0
oneshot,0.4,4096,4,10,0
oneshot,0.4,4096,4,11,0
oneshot,0.4,4096,4,12,0
oneshot,0.4,4096,4,13,0
oneshot,0.4,4096,5,0,0
oneshot,0.4,4096,5,1,0
oneshot,0.4,4096,5,2,0
oneshot,0.4,4096,5,3,0
oneshot,0.4,4096,5,4,0
oneshot,0.4,4096,5,5,0
oneshot,0.4,4096,5,6,0
oneshot,0.4,4096,5,7,0
oneshot,0.4,4096,5,8,0
oneshot,0.4,4096,5,9,0
oneshot,0.4,4096,5,10,0
oneshot,0.4,4096,5,11,0
oneshot,0.4,4096,5,12,0
oneshot,0.4,4096,5,13,0
oneshot,0.4,4096,6,0,0
oneshot,0.4,4096,6,1,0
oneshot,0.4,4096,6,2,0
oneshot,0.4,4096,6,3,0
oneshot,0.4,4096,6,4,0
oneshot,0.4,4096,6,5,0
oneshot,0.4,4096,6,6,0
oneshot,0.4,4096,6,7,0
oneshot,0.4,4096,6,8,0
oneshot,0.4,4096,6,9,0
oneshot,0.4,4096,6,10,0
oneshot,0.4,4096,6,11,0
oneshot,0.4,4096,6,12,0
oneshot,0.4,4096,6,13,0
oneshot,0.4,4096,7,0,0
oneshot,0.4,4096,7,1,0
oneshot,0.4,4096,7,2,0
oneshot,0.4,4096,7,3,0
oneshot,0.4,4096,7,4,0
oneshot,0.4,4096,7,5,0
oneshot,0.4,4096,7,6,0
oneshot,0.4,4096,7,7,0
oneshot,0.4,4096,7,8,0
oneshot,0.4,4096,7,9,0
oneshot,0.4,4096,7,10,0
oneshot,0.4,4096,7,11,0
oneshot,0.4,4096,7,12,0
oneshot,0.4,4096,7,13,0
oneshot,0.4,4096,8,0,0
oneshot,0.4,4096,8,1,0
oneshot,0.4,4096,8,2,0
oneshot,0.4,4096,8,3,0
oneshot,0.4,4096,8,4,0
oneshot,0.4,4096,8,5,0
oneshot,0.4,4096,8,6,0
oneshot,0.4,4096,8,7,0
oneshot,0.4,4096,8,8,0
oneshot,0.4,4096,8,9,0
oneshot,0.4,4096,8,10,0
oneshot,0.4,4096,8,11,0
oneshot,0.4,4096,8,12,0
oneshot,0.4,4096,8,13,0
oneshot,0.4,4096,9,0,0
oneshot,0.4,4096,9,1,0
oneshot,0.4,4096,9,2,0
oneshot,0.4,4096,9,3,0
oneshot,0.4,4096,9,4,0
oneshot,0.4,4096,9,5,0
oneshot,0.4,4096,9,6,0
oneshot,0.4,4096,9,7,64
oneshot,0.4,4096,9,8,0
oneshot,0.4,4096,9,9,0
oneshot,0.4,4096,9,10,0
oneshot,0.4,4096,9,11,0
oneshot,0.4,4096,9,12,0
oneshot,0.4,4096,9,13,0
oneshot,0.4,4096,10,0,0
oneshot,0.4,4096,10,1,0
oneshot,0.4,4096,10,2,0
oneshot,0.4,4096,10,3,0
oneshot,0.4,4096,10,4,0
oneshot,0.4,4096,10,5,0
oneshot,0.4,4096,10,6,0
oneshot,0.4,4096,10,7,0
oneshot,0.4,4096,10,8,0
oneshot,0.4,4096,10,9,0
oneshot,0.4,4096,10,10,0
oneshot,0.4,4096,10,11,0
oneshot,0.4,4096,10,12,0
oneshot,0.4,4096,10,13,0
oneshot,0.4,4096,11,0,0
oneshot,0.4,4096,11,1,0
oneshot,0.4,4096,11,2,0
oneshot,0.4,4096,11,3,0
oneshot,0.4,4096,11,4,0
oneshot,0.4,4096,11,5,0
oneshot,0.4,4096,11,6,0
oneshot,0.4,4096,11,7,64
oneshot,0.4,4096,11,8,0
oneshot,0.4,4096,11,9,0
oneshot,0.4,4096,11,10,0
oneshot,0.4,4096,11,11,64
oneshot,0.4,4096,11,12,0
oneshot,0.4,4096,11,13,64
oneshot,0.4,4096,12,0,0
oneshot,0.4,4096,12,1,0
oneshot,0.4,4096,12,2,0
oneshot,0.4,4096,12,3,0
oneshot,0.4,4096,12,4,0
oneshot,0.4,4096,12,5,0
oneshot,0.4,4096,12,6,0
oneshot,0.4,4096,12,7,0
oneshot,0.4,4096,12,8,0
oneshot,0.4,4096,12,9,0
oneshot,0.4,4096,12,10,0
oneshot,0.4,4096,12,11,0
oneshot,0.4,4096,12,12,0
oneshot,0.4,4096,12,13,0
oneshot,0.4,4096,13,0,0
oneshot,0.4,4096,13,1,0
oneshot,0.4,4096,13,2,0
oneshot,0.4,4096,13,3,0
oneshot,0.4,4096,13,4,0
oneshot,0.4,4096,13,5,0
oneshot,0.4,4096,13,6,0
oneshot,0.4,4096,13,7,0
oneshot,0.4,4096,13,8,0
oneshot,0.4,4096,13,9,0
oneshot,0.4,4096,13,10,0
oneshot,0.4,4096,13,11,0
oneshot,0.4,4096,13,12,0
oneshot,0.4,4096,13,13,0
oneshot,0.4,4096,14,0,0
oneshot,0.4,4096,14,1,0
oneshot,0.4,4096,14,2,0
oneshot,0.4,4096,14,3,0
oneshot,0.4,4096,14,4,0
oneshot,0.4,4096,14,5,0
oneshot,0.4,4096,14,6,0
oneshot,0.4,4096,14,7,0
oneshot,0.4,4096,14,8,0
oneshot,0.4,4096,14,9,0
oneshot,0.4,4096,14,10,0
oneshot,0.4,4096,14,11,0
oneshot,0.4,4096,14,12,0
oneshot,0.4,4096,14,13,0
oneshot,0.4,4096,15,0,0
oneshot,0.4,4096,15,1,0
oneshot,0.4,4096,15,2,0
oneshot,0.4,4096,15,3,0
oneshot,0.4,4096,15,4,0
oneshot,0.4,4096,15,5,0
oneshot,0.4,4096,15,6,0
oneshot,0.4,4096,15,7,0
oneshot,0.4,4096,15,8,0
oneshot,0.4,4096,15,9,0
oneshot,0.4,4096,15,10,0
oneshot,0.4,4096,15,11,0
oneshot,0.4,4096,15,12,0
oneshot,0.4,4096,15,13,0
oneshot,0.4,4096,16,0,0
oneshot,0.4,4096,16,1,0
oneshot,0.4,4096,16,2,0
oneshot,0.4,4096,16,3,0
oneshot,0.4,4096,16,4,0
oneshot,0.4,4096,16,5,0
oneshot,0.4,4096,16,6,0
oneshot,0.4,4096,16,7,0
oneshot,0.4,4096,16,8,0
oneshot,0.4,4096,16,9,0
oneshot,0.4,4096,16,10,0
oneshot,0.4,4096,16,11,0
oneshot,0.4,4096,16,12,0
oneshot,0.4,4096,16,13,0
oneshot,0.4,4096,17,0,0
oneshot,0.4,4096,17,1,0
oneshot,0.4,4096,17,2,0
oneshot,0.4,4096,17,3,64
oneshot,0.4,4096,17,4,0
oneshot,0.4,4096,17,5,64
oneshot,0.4,4096,17,6,64
oneshot,0.4,4096,17,7,0
oneshot,0.4,4096,17,8,0
oneshot,0.4,4096,17,9,0
oneshot,0.4,4096,17,10,0
oneshot,0.4,4096,17,11,0
oneshot,0.4,4096,17,12,0
oneshot,0.4,4096,17,13,0
oneshot,0.4,4096,18,0,0
oneshot,0.4,4096,18,1,0
oneshot,0.4,4096,18,2,0
oneshot,0.4,4096,18,3,0
oneshot,0.4,4096,18,4,0
oneshot,0.4,4096,18,5,0
oneshot,0.4,4096,18,6,0
oneshot,0.4,4096,18,7,0
oneshot,0.4,4096,18,8,0
oneshot,0.4,4096,18,9,0
oneshot,0.4,4096,18,10,0
oneshot,0.4,4096,18,11,0
oneshot,0.4,4096,18,12,0
oneshot,0.4,4096,18,13,0
oneshot,0.4,4096,19,0,0
oneshot,0.4,4096,19,1,0
oneshot,0.4,4096,19,2,0
oneshot,0.4,4096,19,3,0
oneshot,0.4,4096,19,4,0
oneshot,0.4,4096,19,5,0
oneshot,0.4,4096,19,6,0
oneshot,0.4,4096,19,7,0
oneshot,0.4,4096,19,8,0
oneshot,0.4,4096,19,9,0
oneshot,0.4,4096,19,10,0
oneshot,0.4,4096,19,11,0
oneshot,0.4,4096,19,12,0
oneshot,0.4,4096,19,13,0
oneshot,0.4,4096,20,0,0
oneshot,0.4,4096,20,1,0
oneshot,0.4,4096,20,2,0
oneshot,0.4,4096,20,3,0
oneshot,0.4,4096,20,4,0
oneshot,0.4,4096,20,5,0
oneshot,0.4,4096,20,6,0
oneshot,0.4,4096,20,7,64
oneshot,0.4,4096,20,8,64
oneshot,0.4,4096,20,9,64
oneshot,0.4,4096,20,10,64
oneshot,0.4,4096,20,11,64
oneshot,0.4,4096,20,12,64
oneshot,0.4,4096,20,13,64
oneshot,0.4,4096,21,0,64
oneshot,0.4,4096,21,1,64
oneshot,0.4,4096,21,2,64
oneshot,0.4,4096,21,3,64
oneshot,0.4,4096,21,4,64
oneshot,0.4,4096,21,5,64
oneshot,0.4,4096,21,6,0
oneshot,0.4,4096,21,7,0
oneshot,0.4,4096,21,8,0
oneshot,0.4,4096,21,9,0
oneshot,0.4,4096,21,10,0
oneshot,0.4,4096,21,11,0
oneshot,0.4,4096,21,12,0
oneshot,0.4,4096,21,13,0
oneshot,0.4,4096,22,0,0
oneshot,0.4,4096,22,1,0
oneshot,0.4,4096,22,2,0
oneshot,0.4,4096,22,3,0
oneshot,0.4,4096,22,4,0
oneshot,0.4,4096,22,5,0
oneshot,0.4,4096,22,6,0
oneshot,0.4,4096,22,7,0
oneshot,0.4,4096,22,8,0
oneshot,0.4,4096,22,9,0
oneshot,0.4,4096,22,10,0
oneshot,0.4,4096,22,11,0
oneshot,0.4,4096,22,12,0
oneshot,0.4,4096,22,13,0
oneshot,0.4,4096,23,0,0
oneshot,0.4,4096,23,1,0
oneshot,0.4,4096,23,2,0
oneshot,0.4,4096,23,3,0
oneshot,0.4,4096,23,4,0
oneshot,0.4,4096,23,5,0
oneshot,0.4,4096,23,6,0
oneshot,0.4,4096,23,7,0
oneshot,0.4,4096,23,8,0
oneshot,0.4,4096,23,9,0
oneshot,0.4,4096,23,10,0
oneshot,0.4,4096,23,11,0
oneshot,0.4,4096,23,12,0
oneshot,0.4,4096,23,13,0
oneshot,0.4,8192,0,0,0
oneshot,0.4,8192,0,1,0
oneshot,0.4,8192,0,2,0
oneshot,0.4,8192,0,3,0
oneshot,0.4,8192,0,4,0
oneshot,0.4,8192,0,5,0
oneshot,0.4,8192,0,6,0
oneshot,0.4,8192,0,7,0
oneshot,0.4,8192,0,8,0
oneshot,0.4,8192,0,9,0
oneshot,0.4,8192,0,10,0
oneshot,0.4,8192,0,11,0
oneshot,0.4,8192,0,12,0
oneshot,0.4,8192,0,13,0
oneshot,0.4,8192,1,0,0
oneshot,0.4,8192,1,1,0
oneshot,0.4,8192,1,2,0
oneshot,0.4,8192,1,3,0
oneshot,0.4,8192,1,4,0
oneshot,0.4,8192,1,5,0
oneshot,0.4,8192,1,6,0
oneshot,0.4,8192,1,7,0
oneshot,0.4,8192,1,8,0
oneshot,0.4,8192,1,9,0
oneshot,0.4,8192,1,10,0
oneshot,0.4,8192,1,11,0
oneshot,0.4,8192,1,12,0
oneshot,0.4,8192,1,13,0
oneshot,0.4,8192,2,0,0
oneshot,0.4,8192,2,1,0
oneshot,0.4,8192,2,2,0
oneshot,0.4,8192,2,3,0
oneshot,0.4,8192,2,4,0
oneshot,0.4,8192,2,5,0
oneshot,0.4,8192,2,6,0
oneshot,0.4,8192,2,7,0
oneshot,0.4,8192,2,8,0
oneshot,0.4,8192,2,9,0
oneshot,0.4,8192,2,10,0
oneshot,0.4,8192,2,11,0
oneshot,0.4,8192,2,12,0
oneshot,0.4,8192,2,13,0
oneshot,0.4,8192,3,0,0
oneshot,0.4,8192,3,1,0
oneshot,0.4,8192,3,2,0
oneshot,0.4,8192,3,3,0
oneshot,0.4,8192,3,4,0
oneshot,0.4,8192,3,5,0
oneshot,0.4,8192,3,6,0
oneshot,0.4,8192,3,7,0
oneshot,0.4,8192,3,8,0
oneshot,0.4,8192,3,9,0
oneshot,0.4,8192,3,10,0
oneshot,0.4,8192,3,11,0
oneshot,0.4,8192,3,12,0
oneshot,0.4,8192,3,13,0
oneshot,0.4,8192,4,0,0
oneshot,0.4,8192,4,1,0
oneshot,0.4,8192,4,2,0
oneshot,0.4,8192,4,3,0
oneshot,0.4,8192,4,4,0
oneshot,0.4,8192,4,5,0
oneshot,0.4,8192,4,6,0
oneshot,0.4,8192,4,7,0
oneshot,0.4,8192,4,8,0
oneshot,0.4,8192,4,9,0
oneshot,0.4,8192,4,10,0
oneshot,0.4,8192,4,11,0
oneshot,0.4,8192,4,12,0
oneshot,0.4,8192,4,13,0
oneshot,0.4,8192,5,0,0
oneshot,0.4,8192,5,1,0
oneshot,0.4,8192,5,2,0
oneshot,0.4,8192,5,3,0
oneshot,0.4,8192,5,4,0
oneshot,0.4,8192,5,5,0
oneshot,0.4,8192,5,6,0
oneshot,0.4,8192,5,7,0
oneshot,0.4,8192,5,8,0
oneshot,0.4,8192,5,9,0
oneshot,0.4,8192,5,10,0
oneshot,0.4,8192,5,11,0
oneshot,0.4,8192,5,12,0
oneshot,0.4,8192,5,13,0
oneshot,0.4,8192,6,0,0
oneshot,0.4,8192,6,1,0
oneshot,0.4,8192,6,2,0
oneshot,0.4,8192,6,3,0
oneshot,0.4,8192,6,4,0
oneshot,0.4,8192,6,5,0
oneshot,0.4,8192,6,6,0
oneshot,0.4,8192,6,7,0
oneshot,0.4,8192,6,8,0
oneshot,0.4,8192,6,9,0
oneshot,0.4,8192,6,10,0
oneshot,0.4,8192,6,11,0
oneshot,0.4,8192,6,12,0
oneshot,0.4,8192,6,13,0
oneshot,0.4,8192,7,0,0
oneshot,0.4,8192,7,1,0
oneshot,0.4,8192,7,2,0
oneshot,0.4,8192,7,3,0
oneshot,0.4,8192,7,4,0
oneshot,0.4,8192,7,5,0
oneshot,0.4,8192,7,6,0
oneshot,0.4,8192,7,7,0
oneshot,0.4,8192,7,8,0
oneshot,0.4,8192,7,9,0
oneshot,0.4,8192,7,10,0
oneshot,0.4,8192,7,11,0
oneshot,0.4,8192,7,12,0
oneshot,0.4,8192,7,13,0
oneshot,0.4,8192,8,0,0
oneshot,0.4,8192,8,1,0
oneshot,0.4,8192,8,2,0
oneshot,0.4,8192,8,3,0
oneshot,0.4,8192,8,4,0
oneshot,0.4,8192,8,5,0
oneshot,0.4,8192,8,6,0
oneshot,0.4,8192,8,7,0
oneshot,0.4,8192,8,8,0
oneshot,0.4,8192,8,9,0
oneshot,0.4,8192,8,10,0
oneshot,0.4,8192,8,11,0
oneshot,0.4,8192,8,12,0
oneshot,0.4,8192,8,13,0
oneshot,0.4,8192,9,0,0
oneshot,0.4,8192,9,1,0
oneshot,0.4,8192,9,2,0
oneshot,0.4,8192,9,3,0
oneshot,0.4,8192,9,4,0
oneshot,0.4,8192,9,5,0
oneshot,0.4,8192,9,6,0
oneshot,0.4,8192,9,7,256
oneshot,0.4,8192,9,8,0
oneshot,0.4,8192,9,9,0
oneshot,0.4,8192,9,10,0
oneshot,0.4,8192,9,11,0
oneshot,0.4,8192,9,12,0
oneshot,0.4,8192,9,13,0
oneshot,0.4,8192,10,0,0
oneshot,0.4,8192,10,1,0
oneshot,0.4,8192,10,2,0
oneshot,0.4,8192,10,3,0
oneshot,0.4,8192,10,4,0
oneshot,0.4,8192,10,5,0
oneshot,0.4,8192,10,6,0
oneshot,0.4,8192,10,7,0
oneshot,0.4,8192,10,8,0
oneshot,0.4,8192,10,9,0
oneshot,0.4,8192,10,10,0
oneshot,0.4,8192,10,11,0
oneshot,0.4,8192,10,12,0
oneshot,0.4,8192,10,13,0
oneshot,0.4,8192,11,0,0
oneshot,0.4,8192,11,1,0
oneshot,0.4,8192,11,2,0
oneshot,0.4,8192,11,3,0
oneshot,0.4,8192,11,4,0
oneshot,0.4,8192,11,5,0
oneshot,0.4,8192,11,6,0
oneshot,0.4,8192,11,7,64
oneshot,0.4,8192,11,8,0
oneshot,0.4,8192,11,9,0
oneshot,0.4,8192,11,10,0
oneshot,0.4,8192,11,11,0
oneshot,0.4,8192,11,12,0
oneshot,0.4,8192,11,13,1024
oneshot,0.4,8192,12,0,0
oneshot,0.4,8192,12,1,0
oneshot,0.4,8192,12,2,0
oneshot,0.4,8192,12,3,0
oneshot,0.4,8192,12,4,0
oneshot,0.4,8192,12,5,0
oneshot,0.4,8192,12,6,0
oneshot,0.4,8192,12,7,0
oneshot,0.4,8192,12,8,0
oneshot,0.4,8192,12,9,0
oneshot,0.4,8192,12,10,0
oneshot,0.4,8192,12,11,0
oneshot,0.4,8192,12,12,0
oneshot,0.4,8192,12,13,0
oneshot,0.4,8192,13,0,0
oneshot,0.4,8192,13,1,0
oneshot,0.4,8192,13,2,0
oneshot,0.4,8192,13,3,0
oneshot,0.4,8192,13,4,0
oneshot,0.4,8192,13,5,0
oneshot,0.4,8192,13,6,0
oneshot,0.4,8192,13,7,0
oneshot,0.4,8192,13,8,0
oneshot,0.4,8192,13,9,0
oneshot,0.4,8192,13,10,0
oneshot,0.4,8192,13,11,0
oneshot,0.4,8192,13,12,0
oneshot,0.4,8192,13,13,0
oneshot,0.4,8192,14,0,0
oneshot,0.4,8192,14,1,0
oneshot,0.4,8192,14,2,0
oneshot,0.4,8192,14,3,0
oneshot,0.4,8192,14,4,0
oneshot,0.4,8192,14,5,0
oneshot,0.4,8192,14,6,0
oneshot,0.4,8192,14,7,0
oneshot,0.4,8192,14,8,0
oneshot,0.4,8192,14,9,0
oneshot,0.4,8192,14,10,0
oneshot,0.4,8192,14,11,0
oneshot,0.4,8192,14,12,0
oneshot,0.4,8192,14,13,0
oneshot,0.4,8192,15,0,0
oneshot,0.4,8192,15,1,0
oneshot,0.4,8192,15,2,0
oneshot,0.4,8192,15,3,0
oneshot,0.4,8192,15,4,0
oneshot,0.4,8192,15,5,0
oneshot,0.4,8192,15,6,0
oneshot,0.4,8192,15,7,0
oneshot,0.4,8192,15,8,0
oneshot,0.4,8192,15,9,0
oneshot,0.4,8192,15,10,0
oneshot,0.4,8192,15,11,0
oneshot,0.4,8192,15,12,0
oneshot,0.4,8192,15,13,0
oneshot,0.4,8192,16,0,0
oneshot,0.4,8192,16,1,0
oneshot,0.4,8192,16,2,0
oneshot,0.4,8192,16,3,0
oneshot,0.4,8192,16,4,0
oneshot,0.4,8192,16,5,0
oneshot,0.4,8192,16,6,0
oneshot,0.4,8192,16,7,0
oneshot,0.4,8192,16,8,0
oneshot,0.4,8192,16,9,0
oneshot,0.4,8192,16,10,0
oneshot,0.4,8192,16,11,0
oneshot,0.4,8192,16,12,0
oneshot,0.4,8192,16,13,0
oneshot,0.4,8192,17,0,0
oneshot,0.4,8192,17,1,0
oneshot,0.4,8192,17,2,0
oneshot,0.4,8192,17,3,64
oneshot,0.4,8192,17,4,0
oneshot,0.4,8192,17,5,64
oneshot,0.4,8192,17,6,64
oneshot,0.4,8192,17,7,0
oneshot,0.4,8192,17,8,0
oneshot,0.4,8192,17,9,0
oneshot,0.4,8192,17,10,0
oneshot,0.4,8192,17,11,0
oneshot,0.4,8192,17,12,0
oneshot,0.4,8192,17,13,0
oneshot,0.4,8192,18,0,0
oneshot,0.4,8192,18,1,0
oneshot,0.4,8192,18,2,0
oneshot,0.4,8192,18,3,0
oneshot,0.4,8192,18,4,0
oneshot,0.4,8192,18,5,0
oneshot,0.4,8192,18,6,0
oneshot,0.4,8192,18,7,0
oneshot,0.4,8192,18,8,0
oneshot,0.4,8192,18,9,0
oneshot,0.4,8192,18,10,0
oneshot,0.4,8192,18,11,0
oneshot,0.4,8192,18,12,0
oneshot,0.4,8192,18,13,0
oneshot,0.4,8192,19,0,0
oneshot,0.4,8192,19,1,0
oneshot,0.4,8192,19,2,0
oneshot,0.4,8192,19,3,0
oneshot,0.4,8192,19,4,0
oneshot,0.4,8192,19,5,0
oneshot,0.4,8192,19,6,0
oneshot,0.4,8192,19,7,0
oneshot,0.4,8192,19,8,0
oneshot,0.4,8192,19,9,0
oneshot,0.4,8192,19,10,0
oneshot,0.4,8192,19,11,0
oneshot,0.4,8192,19,12,0
oneshot,0.4,8192,19,13,0
oneshot,0.4,8192,20,0,0
oneshot,0.4,8192,20,1,0
oneshot,0.4,8192,20,2,0
oneshot,0.4,8192,20,3,0
oneshot,0.4,8192,20,4,0
oneshot,0.4,8192,20,5,0
oneshot,0.4,8192,20,6,0
oneshot,0.4,8192,20,7,0
oneshot,0.4,8192,20,8,1024
oneshot,0.4,8192,20,9,64
oneshot,0.4,8192,20,10,64
oneshot,0.4,8192,20,11,64
oneshot,0.4,8192,20,12,0
oneshot,0.4,8192,20,13,0
oneshot,0.4,8192,21,0,64
oneshot,0.4,8192,21,1,0
oneshot,0.4,8192,21,2,64
oneshot,0.4,8192,21,3,64
oneshot,0.4,8192,21,4,64
oneshot,0.4,8192,21,5,64
oneshot,0.4,8192,21,6,0
oneshot,0.4,8192,21,7,0
oneshot,0.4,8192,21,8,0
oneshot,0.4,8192,21,9,0
oneshot,0.4,8192,21,10,0
oneshot,0.4,8192,21,11,0
oneshot,0.4,8192,21,12,0
oneshot,0.4,8192,21,13,0
oneshot,0.4,8192,22,0,0
oneshot,0.4,8192,22,1,0
oneshot,0.4,8192,22,2,0
oneshot,0.4,8192,22,3,0
oneshot,0.4,8192,22,4,0
oneshot,0.4,8192,22,5,0
oneshot,0.4,8192,22,6,0
oneshot,0.4,8192,22,7,0
oneshot,0.4,8192,22,8,0
oneshot,0.4,8192,22,9,0
oneshot,0.4,8192,22,10,0
oneshot,0.4,8192,22,11,0
oneshot,0.4,8192,22,12,0
oneshot,0.4,8192,22,13,0
oneshot,0.4,8192,23,0,0
oneshot,0.4,8192,23,1,0
oneshot,0.4,8192,23,2,0
oneshot,0.4,8192,23,3,0
oneshot,0.4,8192,23,4,0
oneshot,0.4,8192,23,5,0
oneshot,0.4,8192,23,6,0
oneshot,0.4,8192,23,7,0
oneshot,0.4,8192,23,8,0
oneshot,0.4,8192,23,9,0
oneshot,0.4,8192,23,10,0
oneshot,0.4,8192,23,11,0
oneshot,0.4,8192,23,12,0
oneshot,0.4,8192,23,13,0
cached,0.1,1024,0,0,0
cached,0.1,1024,0,1,0
cached,0.1,1024,0,2,0
cached,0.1,1024,0,3,0
cached,0.1,1024,0,4,0
cached,0.1,1024,0,5,0
cached,0.1,1024,0,6,0
cached,0.1,1024,0,7,0
cached,0.1,1024,0,8,0
cached,0.1,1024,0,9,0
cached,0.1,1024,0,10,0
cached,0.1,1024,0,11,0
cached,0.1,1024,0,12,0
cached,0.1,1024,0,13,0
cached,0.1,1024,1,0,0
cached,0.1,1024,1,1,0
cached,0.1,1024,1,2,0
cached,0.1,1024,1,3,0
cached,0.1,1024,1,4,0
cached,0.1,1024,1,5,0
cached,0.1,1024,1,6,0
cached,0.1,1024,1,7,0
cached,0.1,1024,1,8,0
cached,0.1,1024,1,9,0
cached,0.1,1024,1,10,0
cached,0.1,1024,1,11,0
cached,0.1,1024,1,12,0
cached,0.1,1024,1,13,0
cached,0.1,1024,2,0,0
cached,0.1,1024,2,1,0
cached,0.1,1024,2,2,0
cached,0.1,1024,2,3,0
cached,0.1,1024,2,4,0
cached,0.1,1024,2,5,0
cached,0.1,1024,2,6,0
cached,0.1,1024,2,7,0
cached,0.1,1024,2,8,0
cached,0.1,1024,2,9,0
cached,0.1,1024,2,10,0
cached,0.1,1024,2,11,0
cached,0.1,1024,2,12,0
cached,0.1,1024,2,13,0
cached,0.1,1024,3,0,0
cached,0.1,1024,3,1,0
cached,0.1,1024,3,2,0
cached,0.1,1024,3,3,0
cached,0.1,1024,3,4,0
cached,0.1,1024,3,5,0
cached,0.1,1024,3,6,0
cached,0.1,1024,3,7,0
cached,0.1,1024,3,8,0
cached,0.1,1024,3,9,0
cached,0.1,1024,3,10,0
cached,0.1,1024,3,11,0
cached,0.1,1024,3,12,0
cached,0.1,1024,3,13,0
cached,0.1,1024,4,0,0
cached,0.1,1024,4,1,0
cached,0.1,1024,4,2,0
cached,0.1,1024,4,3,0
cached,0.1,1024,4,4,0
cached,0.1,1024,4,5,0
cached,0.1,1024,4,6,0
cached,0.1,1024,4,7,0
cached,0.1,1024,4,8,0
cached,0.1,1024,4,9,0
cached,0.1,1024,4,10,0
cached,0.1,1024,4,11,0
cached,0.1,1024,4,12,0
cached,0.1,1024,4,13,0
cached,0.1,1024,5,0,0
cached,0.1,1024,5,1,0
cached,0.1,1024,5,2,0
cached,0.1,1024,5,3,0
cached,0.1,1024,5,4,0
cached,0.1,1024,5,5,0
cached,0.1,1024,5,6,0
cached,0.1,1024,5,7,0
cached,0.1,1024,5,8,0
cached,0.1,1024,5,9,0
cached,0.1,1024,5,10,0
cached,0.1,1024,5,11,0
cached,0.1,1024,5,12,0
cached,0.1,1024,5,13,0
cached,0.1,1024,6,0,0
cached,0.1,1024,6,1,0
cached,0.1,1024,6,2,0
cached,0.1,1024,6,3,0
cached,0.1,1024,6,4,0
cached,0.1,1024,6,5,0
cached,0.1,1024,6,6,0
cached,0.1,1024,6,7,0
cached,0.1,1024,6,8,0
cached,0.1,1024,6,9,0
cached,0.1,1024,6,10,0
cached,0.1,1024,6,11,0
cached,0.1,1024,6,12,0
cached,0.1,1024,6,13,0
cached,0.1,1024,7,0,0
cached,0.1,1024,7,1,0
cached,0.1,1024,7,2,0
cached,0.1,1024,7,3,0
cached,0.1,1024,7,4,0
cached,0.1,1024,7,5,0
cached,0.1,1024,7,6,0
cached,0.1,1024,7,7,0
cached,0.1,1024,7,8,0
cached,0.1,1024,7,9,0
cached,0.1,1024,7,10,0
cached,0.1,1024,7,11,0
cached,0.1,1024,7,12,0
cached,0.1,1024,7,13,0
cached,0.1,1024,8,0,0
cached,0.1,1024,8,1,0
cached,0.1,1024,8,2,0
cached,0.1,1024,8,3,0
cached,0.1,1024,8,4,0
cached,0.1,1024,8,5,0
cached,0.1,1024,8,6,0
cached,0.1,1024,8,7,0
cached,0.1,1024,8,8,0
cached,0.1,1024,8,9,0
cached,0.1,1024,8,10,0
cached,0.1,1024,8,11,0
cached,0.1,1024,8,12,0
cached,0.1,1024,8,13,0
cached,0.1,1024,9,0,0
cached,0.1,1024,9,1,0
cached,0.1,1024,9,2,0
cached,0.1,1024,9,3,0
cached,0.1,1024,9,4,0
cached,0.1,1024,9,5,0
cached,0.1,1024,9,6,0
cached,0.1,1024,9,7,0
cached,0.1,1024,9,8,0
cached,0.1,1024,9,9,0
cached,0.1,1024,9,10,0
cached,0.1,1024,9,11,0
cached,0.1,1024,9,12,0
cached,0.1,1024,9,13,0
cached,0.1,1024,10,0,0
cached,0.1,1024,10,1,0
cached,0.1,1024,10,2,0
cached,0.1,1024,10,3,0
cached,0.1,1024,10,4,0
cached,0.1,1024,10,5,0
cached,0.1,1024,10,6,0
cached,0.1,1024,10,7,0
cached,0.1,1024,10,8,0
cached,0.1,1024,10,9,0
cached,0.1,1024,10,10,0
cached,0.1,1024,10,11,0
cached,0.1,1024,10,12,0
cached,0.1,1024,10,13,0
cached,0.1,1024,11,0,0
cached,0.1,1024,11,1,0
cached,0.1,1024,11,2,0
cached,0.1,1024,11,3,0
cached,0.1,1024,11,4,0
cached,0.1,1024,11,5,0
cached,0.1,1024,11,6,0
cached,0.1,1024,11,7,0
cached,0.1,1024,11,8,0
cached,0.1,1024,11,9,0
cached,0.1,1024,11,10,0
cached,0.1,1024,11,11,0
cached,0.1,1024,11,12,0
cached,0.1,1024,11,13,0
cached,0.1,1024,12,0,0
cached,0.1,1024,12,1,0
cached,0.1,1024,12,2,0
cached,0.1,1024,12,3,0
cached,0.1,1024,12,4,0
cached,0.1,1024,12,5,0
cached,0.1,1024,12,6,0
cached,0.1,1024,12,7,0
cached,0.1,1024,12,8,0
cached,0.1,1024,12,9,0
cached,0.1,1024,12,10,0
cached,0.1,1024,12,11,0
cached,0.1,1024,12,12,0
cached,0.1,1024,12,13,0
cached,0.1,1024,13,0,0
cached,0.1,1024,13,1,0
cached,0.1,1024,13,2,0
cached,0.1,1024,13,3,0
cached,0.1,1024,13,4,0
cached,0.1,1024,13,5,0
cached,0.1,1024,13,6,0
cached,0.1,1024,13,7,0
cached,0.1,1024,13,8,0
cached,0.1,1024,13,9,0
cached,0.1,1024,13,10,0
cached,0.1,1024,13,11,0
cached,0.1,1024,13,12,0
cached,0.1,1024,13,13,0
cached,0.1,1024,14,0,0
cached,0.1,1024,14,1,0
cached,0.1,1024,14,2,0
cached,0.1,1024,14,3,0
cached,0.1,1024,14,4,0
cached,0.1,1024,14,5,0
cached,0.1,1024,14,6,0
cached,0.1,1024,14,7,0
cached,0.1,1024,14,8,0
cached,0.1,1024,14,9,0
cached,0.1,1024,14,10,0
cached,0.1,1024,14,11,0
cached,0.1,1024,14,12,0
cached,0.1,1024,14,13,0
cached,0.1,1024,15,0,0
cached,0.1,1024,15,1,0
cached,0.1,1024,15,2,0
cached,0.1,1024,15,3,0
cached,0.1,1024,15,4,0
cached,0.1,1024,15,5,0
cached,0.1,1024,15,6,0
cached,0.1,1024,15,7,0
cached,0.1,1024,15,8,0
cached,0.1,1024,15,9,0
cached,0.1,1024,15,10,0
cached,0.1,1024,15,11,0
cached,0.1,1024,15,12,0
cached,0.1,1024,15,13,0
cached,0.1,1024,16,0,0
cached,0.1,1024,16,1,0
cached,0.1,1024,16,2,0
cached,0.1,1024,16,3,0
cached,0.1,1024,16,4,0
cached,0.1,1024,16,5,0
cached,0.1,1024,16,6,0
cached,0.1,1024,16,7,0
cached,0.1,1024,16,8,0
cached,0.1,1024,16,9,0
cached,0.1,1024,16,10,0
cached,0.1,1024,16,11,0
cached,0.1,1024,16,12,0
cached,0.1,1024,16,13,0
cached,0.1,1024,17,0,0
cached,0.1,1024,17,1,0
cached,0.1,1024,17,2,0
cached,0.1,1024,17,3,0
cached,0.1,1024,17,4,0
cached,0.1,1024,17,5,0
cached,0.1,1024,17,6,0
cached,0.1,1024,17,7,0
cached,0.1,1024,17,8,0
cached,0.1,1024,17,9,0
cached,0.1,1024,17,10,0
cached,0.1,1024,17,11,0
cached,0.1,1024,17,12,0
cached,0.1,1024,17,13,0
cached,0.1,1024,18,0,0
cached,0.1,1024,18,1,0
cached,0.1,1024,18,2,0
cached,0.1,1024,18,3,0
cached,0.1,1024,18,4,0
cached,0.1,1024,18,5,0
cached,0.1,1024,18,6,0
cached,0.1,1024,18,7,0
cached,0.1,1024,18,8,0
cached,0.1,1024,18,9,0
cached,0.1,1024,18,10,0
cached,0.1,1024,18,11,0
cached,0.1,1024,18,12,0
cached,0.1,1024,18,13,0
cached,0.1,1024,19,0,0
cached,0.1,1024,19,1,0
cached,0.1,1024,19,2,0
cached,0.1,1024,19,3,0
cached,0.1,1024,19,4,0
cached,0.1,1024,19,5,0
cached,0.1,1024,19,6,0
cached,0.1,1024,19,7,0
cached,0.1,1024,19,8,0
cached,0.1,1024,19,9,0
cached,0.1,1024,19,10,0
cached,0.1,1024,19,11,0
cached,0.1,1024,19,12,0
cached,0.1,1024,19,13,0
cached,0.1,1024,20,0,0
cached,0.1,1024,20,1,0
cached,0.1,1024,20,2,0
cached,0.1,1024,20,3,0
cached,0.1,1024,20,4,0
cached,0.1,1024,20,5,0
cached,0.1,1024,20,6,0
cached,0.1,1024,20,7,0
cached,0.1,1024,20,8,0
cached,0.1,1024,20,9,0
cached,0.1,1024,20,10,0
cached,0.1,1024,20,11,0
cached,0.1,1024,20,12,0
cached,0.1,1024,20,13,0
cached,0.1,1024,21,0,0
cached,0.1,1024,21,1,0
cached,0.1,1024,21,2,0
cached,0.1,1024,21,3,0
cached,0.1,1024,21,4,0
cached,0.1,1024,21,5,0
cached,0.1,1024,21,6,0
cached,0.1,1024,21,7,0
cached,0.1,1024,21,8,0
cached,0.1,1024,21,9,0
cached,0.1,1024,21,10,0
cached,0.1,1024,21,11,0
cached,0.1,1024,21,12,0
cached,0.1,1024,21,13,0
cached,0.1,1024,22,0,0
cached,0.1,1024,22,1,0
cached,0.1,1024,22,2,0
cached,0.1,1024,22,3,0
cached,0.1,1024,22,4,0
cached,0.1,1024,22,5,0
cached,0.1,1024,22,6,0
cached,0.1,1024,22,7,0
cached,0.1,1024,22,8,0
cached,0.1,1024,22,9,0
cached,0.1,1024,22,10,0
cached,0.1,1024,22,11,0
cached,0.1,1024,22,12,0
cached,0.1,1024,22,13,0
cached,0.1,1024,23,0,0
cached,0.1,1024,23,1,0
cached,0.1,1024,23,2,0
cached,0.1,1024,23,3,0
cached,0.1,1024,23,4,0
cached,0.1,1024,23,5,0
cached,0.1,1024,23,6,0
cached,0.1,1024,23,7,0
cached,0.1,1024,23,8,0
cached,0.1,1024,23,9,0
cached,0.1,1024,23,10,0
cached,0.1,1024,23,11,0
cached,0.1,1024,23,12,0
cached,0.1,1024,23,13,0
cached,0.1,2048,0,0,0
cached,0.1,2048,0,1,0
cached,0.1,2048,0,2,0
cached,0.1,2048,0,3,0
cached,0.1,2048,0,4,0
cached,0.1,2048,0,5,0
cached,0.1,2048,0,6,0
cached,0.1,2048,0,7,0
cached,0.1,2048,0,8,0
cached,0.1,2048,0,9,0
cached,0.1,2048,0,10,0
cached,0.1,2048,0,11,0
cached,0.1,2048,0,12,0
cached,0.1,2048,0,13,0
cached,0.1,2048,1,0,0
cached,0.1,2048,1,1,0
cached,0.1,2048,1,2,0
cached,0.1,2048,1,3,0
cached,0.1,2048,1,4,0
cached,0.1,2048,1,5,0
cached,0.1,2048,1,6,0
cached,0.1,2048,1,7,0
cached,0.1,2048,1,8,0
cached,0.1,2048,1,9,0
cached,0.1,2048,1,10,0
cached,0.1,2048,1,11,0
cached,0.1,2048,1,12,0
cached,0.1,2048,1,13,0
cached,0.1,2048,2,0,0
cached,0.1,2048,2,1,0
cached,0.1,2048,2,2,0
cached,0.1,2048,2,3,0
cached,0.1,2048,2,4,0
cached,0.1,2048,2,5,0
cached,0.1,2048,2,6,0
cached,0.1,2048,2,7,0
cached,0.1,2048,2,8,0
cached,0.1,2048,2,9,0
cached,0.1,2048,2,10,0
cached,0.1,2048,2,11,0
cached,0.1,2048,2,12,0
cached,0.1,2048,2,13,0
cached,0.1,2048,3,0,0
cached,0.1,2048,3,1,0
cached,0.1,2048,3,2,0
cached,0.1,2048,3,3,0
cached,0.1,2048,3,4,0
cached,0.1,2048,3,5,0
cached,0.1,2048,3,6,0
cached,0.1,2048,3,7,0
cached,0.1,2048,3,8,0
cached,0.1,2048,3,9,0
cached,0.1,2048,3,10,0
cached,0.1,2048,3,11,0
cached,0.1,2048,3,12,0
cached,0.1,2048,3,13,0
cached,0.1,2048,4,0,0
cached,0.1,2048,4,1,0
cached,0.1,2048,4,2,0
cached,0.1,2048,4,3,0
cached,0.1,2048,4,4,0
cached,0.1,2048,4,5,0
cached,0.1,2048,4,6,0
cached,0.1,2048,4,7,0
cached,0.1,2048,4,8,0
cached,0.1,2048,4,9,0
cached,0.1,2048,4,10,0
cached,0.1,2048,4,11,0
cached,0.1,2048,4,12,0
cached,0.1,2048,4,13,0
cached,0.1,2048,5,0,0
cached,0.1,2048,5,1,0
cached,0.1,2048,5,2,0
cached,0.1,2048,5,3,0
cached,0.1,2048,5,4,0
cached,0.1,2048,5,5,0
cached,0.1,2048,5,6,0
cached,0.1,2048,5,7,0
cached,0.1,2048,5,8,0
cached,0.1,2048,5,9,0
cached,0.1,2048,5,10,0
cached,0.1,2048,5,11,0
cached,0.1,2048,5,12,0
cached,0.1,2048,5,13,0
cached,0.1,2048,6,0,0
cached,0.1,2048,6,1,0
cached,0.1,2048,6,2,0
cached,0.1,2048,6,3,0
cached,0.1,2048,6,4,0
cached,0.1,2048,6,5,0
cached,0.1,2048,6,6,0
cached,0.1,2048,6,7,0
cached,0.1,2048,6,8,0
cached,0.1,2048,6,9,0
cached,0.1,2048,6,10,0
cached,0.1,2048,6,11,0
cached,0.1,2048,6,12,0
cached,0.1,2048,6,13,0
cached,0.1,2048,7,0,0
cached,0.1,2048,7,1,0
cached,0.1,2048,7,2,0
cached,0.1,2048,7,3,0
cached,0.1,2048,7,4,0
cached,0.1,2048,7,5,0
cached,0.1,2048,7,6,0
cached,0.1,2048,7,7,0
cached,0.1,2048,7,8,0
cached,0.1,2048,7,9,0
cached,0.1,2048,7,10,0
cached,0.1,2048,7,11,0
cached,0.1,2048,7,12,0
cached,0.1,2048,7,13,0
cached,0.1,2048,8,0,0
cached,0.1,2048,8,1,0
cached,0.1,2048,8,2,0
cached,0.1,2048,8,3,0
cached,0.1,2048,8,4,0
cached,0.1,2048,8,5,0
cached,0.1,2048,8,6,0
cached,0.1,2048,8,7,0
cached,0.1,2048,8,8,0
cached,0.1,2048,8,9,0
cached,0.1,2048,8,10,0
cached,0.1,2048,8,11,0
cached,0.1,2048,8,12,0
cached,0.1,2048,8,13,0
cached,0.1,2048,9,0,0
cached,0.1,2048,9,1,0
cached,0.1,2048,9,2,0
cached,0.1,2048,9,3,0
cached,0.1,2048,9,4,0
cached,0.1,2048,9,5,0
cached,0.1,2048,9,6,0
cached,0.1,2048,9,7,0
cached,0.1,2048,9,8,0
cached,0.1,2048,9,9,0
cached,0.1,2048,9,10,0
cached,0.1,2048,9,11,0
cached,0.1,2048,9,12,0
cached,0.1,2048,9,13,0
cached,0.1,2048,10,0,0
cached,0.1,2048,10,1,0
cached,0.1,2048,10,2,0
cached,0.1,2048,10,3,0
cached,0.1,2048,10,4,0
cached,0.1,2048,10,5,0
cached,0.1,2048,10,6,0
cached,0.1,2048,10,7,0
cached,0.1,2048,10,8,0
cached,0.1,2048,10,9,0
cached,0.1,2048,10,10,0
cached,0.1,2048,10,11,0
cached,0.1,2048,10,12,0
cached,0.1,2048,10,13,0
cached,0.1,2048,11,0,0
cached,0.1,2048,11,1,0
cached,0.1,2048,11,2,0
cached,0.1,2048,11,3,0
cached,0.1,2048,11,4,0
cached,0.1,2048,11,5,0
cached,0.1,2048,11,6,0
cached,0.1,2048,11,7,0
cached,0.1,2048,11,8,0
cached,0.1,2048,11,9,0
cached,0.1,2048,11,10,0
cached,0.1,2048,11,11,0
cached,0.1,2048,11,12,0
cached,0.1,2048,11,13,0
cached,0.1,2048,12,0,0
cached,0.1,2048,12,1,0
cached,0.1,2048,12,2,0
cached,0.1,2048,12,3,0
cached,0.1,2048,12,4,0
cached,0.1,2048,12,5,0
cached,0.1,2048,12,6,0
cached,0.1,2048,12,7,0
cached,0.1,2048,12,8,0
cached,0.1,2048,12,9,0
cached,0.1,2048,12,10,0
cached,0.1,2048,12,11,0
cached,0.1,2048,12,12,0
cached,0.1,2048,12,13,0
cached,0.1,2048,13,0,0
cached,0.1,2048,13,1,0
cached,0.1,2048,13,2,0
cached,0.1,2048,13,3,0
cached,0.1,2048,13,4,0
cached,0.1,2048,13,5,0
cached,0.1,2048,13,6,0
cached,0.1,2048,13,7,0
cached,0.1,2048,13,8,0
cached,0.1,2048,13,9,0
cached,0.1,2048,13,10,0
cached,0.1,2048,13,11,0
cached,0.1,2048,13,12,0
cached,0.1,2048,13,13,0
cached,0.1,2048,14,0,0
cached,0.1,2048,14,1,0
cached,0.1,2048,14,2,0
cached,0.1,2048,14,3,0
cached,0.1,2048,14,4,0
cached,0.1,2048,14,5,0
cached,0.1,2048,14,6,0
cached,0.1,2048,14,7,0
cached,0.1,2048,14,8,0
cached,0.1,2048,14,9,0
cached,0.1,2048,14,10,0
cached,0.1,2048,14,11,0
cached,0.1,2048,14,12,0
cached,0.1,2048,14,13,0
cached,0.1,2048,15,0,0
cached,0.1,2048,15,1,0
cached,0.1,2048,15,2,0
cached,0.1,2048,15,3,0
cached,0.1,2048,15,4,0
cached,0.1,2048,15,5,0
cached,0.1,2048,15,6,0
cached,0.1,2048,15,7,0
cached,0.1,2048,15,8,0
cached,0.1,2048,15,9,0
cached,0.1,2048,15,10,0
cached,0.1,2048,15,11,0
cached,0.1,2048,15,12,0
cached,0.1,2048,15,13,0
cached,0.1,2048,16,0,0
cached,0.1,2048,16,1,0
cached,0.1,2048,16,2,0
cached,0.1,2048,16,3,0
cached,0.1,2048,16,4,0
cached,0.1,2048,16,5,0
cached,0.1,2048,16,6,0
cached,0.1,2048,16,7,0
cached,0.1,2048,16,8,0
cached,0.1,2048,16,9,0
cached,0.1,2048,16,10,0
cached,0.1,2048,16,11,0
cached,0.1,2048,16,12,0
cached,0.1,2048,16,13,0
cached,0.1,2048,17,0,0
cached,0.1,2048,17,1,0
cached,0.1,2048,17,2,0
cached,0.1,2048,17,3,0
cached,0.1,2048,17,4,0
cached,0.1,2048,17,5,0
cached,0.1,2048,17,6,0
cached,0.1,2048,17,7,0
cached,0.1,2048,17,8,0
cached,0.1,2048,17,9,0
cached,0.1,2048,17,10,0
cached,0.1,2048,17,11,0
cached,0.1,2048,17,12,0
cached,0.1,2048,17,13,0
cached,0.1,2048,18,0,0
cached,0.1,2048,18,1,0
cached,0.1,2048,18,2,0
cached,0.1,2048,18,3,0
cached,0.1,2048,18,4,0
cached,0.1,2048,18,5,0
cached,0.1,2048,18,6,0
cached,0.1,2048,18,7,0
cached,0.1,2048,18,8,0
cached,0.1,2048,18,9,0
cached,0.1,2048,18,10,0
cached,0.1,2048,18,11,0
cached,0.1,2048,18,12,0
cached,0.1,2048,18,13,0
cached,0.1,2048,19,0,0
cached,0.1,2048,19,1,0
cached,0.1,2048,19,2,0
cached,0.1,2048,19,3,0
cached,0.1,2048,19,4,0
cached,0.1,2048,19,5,0
cached,0.1,2048,19,6,0
cached,0.1,2048,19,7,0
cached,0.1,2048,19,8,0
cached,0.1,2048,19,9,0
cached,0.1,2048,19,10,0
cached,0.1,2048,19,11,0
cached,0.1,2048,19,12,0
cached,0.1,2048,19,13,0
cached,0.1,2048,20,0,0
cached,0.1,2048,20,1,0
cached,0.1,2048,20,2,0
cached,0.1,2048,20,3,0
cached,0.1,2048,20,4,0
cached,0.1,2048,20,5,0
cached,0.1,2048,20,6,0
cached,0.1,2048,20,7,0
cached,0.1,2048,20,8,0
cached,0.1,2048,20,9,0
cached,0.1,2048,20,10,0
cached,0.1,2048,20,11,0
cached,0.1,2048,20,12,0
cached,0.1,2048,20,13,0
cached,0.1,2048,21,0,0
cached,0.1,2048,21,1,0
cached,0.1,2048,21,2,0
cached,0.1,2048,21,3,0
cached,0.1,2048,21,4,0
cached,0.1,2048,21,5,0
cached,0.1,2048,21,6,0
cached,0.1,2048,21,7,0
cached,0.1,2048,21,8,0
cached,0.1,2048,21,9,0
cached,0.1,2048,21,10,0
cached,0.1,2048,21,11,0
cached,0.1,2048,21,12,0
cached,0.1,2048,21,13,0
cached,0.1,2048,22,0,0
cached,0.1,2048,22,1,0
cached,0.1,2048,22,2,0
cached,0.1,2048,22,3,0
cached,0.1,2048,22,4,0
cached,0.1,2048,22,5,0
cached,0.1,2048,22,6,0
cached,0.1,2048,22,7,0
cached,0.1,2048,22,8,0
cached,0.1,2048,22,9,0
cached,0.1,2048,22,10,0
cached,0.1,2048,22,11,0
cached,0.1,2048,22,12,0
cached,0.1,2048,22,13,0
cached,0.1,2048,23,0,0
cached,0.1,2048,23,1,0
cached,0.1,2048,23,2,0
cached,0.1,2048,23,3,0
cached,0.1,2048,23,4,0
cached,0.1,2048,23,5,0
cached,0.1,2048,23,6,0
cached,0.1,2048,23,7,0
cached,0.1,2048,23,8,0
cached,0.1,2048,23,9,0
cached,0.1,2048,23,10,0
cached,0.1,2048,23,11,0
cached,0.1,2048,23,12,0
cached,0.1,2048,23,13,0
cached,0.1,4096,0,0,0
cached,0.1,4096,0,1,0
cached,0.1,4096,0,2,0
cached,0.1,4096,0,3,0
cached,0.1,4096,0,4,0
cached,0.1,4096,0,5,0
cached,0.1,4096,0,6,0
cached,0.1,4096,0,7,0
cached,0.1,4096,0,8,0
cached,0.1,4096,0,9,0
cached,0.1,4096,0,10,0
cached,0.1,4096,0,11,0
cached,0.1,4096,0,12,0
cached,0.1,4096,0,13,0
cached,0.1,4096,1,0,0
cached,0.1,4096,1,1,0
cached,0.1,4096,1,2,0
cached,0.1,4096,1,3,0
cached,0.1,4096,1,4,0
cached,0.1,4096,1,5,0
cached,0.1,4096,1,6,0
cached,0.1,4096,1,7,0
cached,0.1,4096,1,8,0
cached,0.1,4096,1,9,0
cached,0.1,4096,1,10,0
cached,0.1,4096,1,11,0
cached,0.1,4096,1,12,0
cached,0.1,4096,1,13,0
cached,0.1,4096,2,0,0
cached,0.1,4096,2,1,0
cached,0.1,4096,2,2,0
cached,0.1,4096,2,3,0
cached,0.1,4096,2,4,0
cached,0.1,4096,2,5,0
cached,0.1,4096,2,6,0
cached,0.1,4096,2,7,0
cached,0.1,4096,2,8,0
cached,0.1,4096,2,9,0
cached,0.1,4096,2,10,0
cached,0.1,4096,2,11,0
cached,0.1,4096,2,12,0
cached,0.1,4096,2,13,0
cached,0.1,4096,3,0,0
cached,0.1,4096,3,1,0
cached,0.1,4096,3,2,0
cached,0.1,4096,3,3,0
cached,0.1,4096,3,4,0
cached,0.1,4096,3,5,0
cached,0.1,4096,3,6,0
cached,0.1,4096,3,7,0
cached,0.1,4096,3,8,0
cached,0.1,4096,3,9,0
cached,0.1,4096,3,10,0
cached,0.1,4096,3,11,0
cached,0.1,4096,3,12,0
cached,0.1,4096,3,13,0
cached,0.1,4096,4,0,0
cached,0.1,4096,4,1,0
cached,0.1,4096,4,2,0
cached,0.1,4096,4,3,0
cached,0.1,4096,4,4,0
cached,0.1,4096,4,5,0
cached,0.1,4096,4,6,0
cached,0.1,4096,4,7,0
cached,0.1,4096,4,8,0
cached,0.1,4096,4,9,0
cached,0.1,4096,4,10,0
cached,0.1,4096,4,11,0
cached,0.1,4096,4,12,0
cached,0.1,4096,4,13,0
cached,0.1,4096,5,0,0
cached,0.1,4096,5,1,0
cached,0.1,4096,5,2,0
cached,0.1,4096,5,3,0
cached,0.1,4096,5,4,0
cached,0.1,4096,5,5,0
cached,0.1,4096,5,6,0
cached,0.1,4096,5,7,0
cached,0.1,4096,5,8,0
cached,0.1,4096,5,9,0
cached,0.1,4096,5,10,0
cached,0.1,4096,5,11,0
cached,0.1,4096,5,12,0
cached,0.1,4096,5,13,0
cached,0.1,4096,6,0,0
cached,0.1,4096,6,1,0
cached,0.1,4096,6,2,0
cached,0.1,4096,6,3,0
cached,0.1,4096,6,4,0
cached,0.1,4096,6,5,0
cached,0.1,4096,6,6,0
cached,0.1,4096,6,7,0
cached,0.1,4096,6,8,0
cached,0.1,4096,6,9,0
cached,0.1,4096,6,10,0
cached,0.1,4096,6,11,0
cached,0.1,4096,6,12,0
cached,0.1,4096,6,13,0
cached,0.1,4096,7,0,0
cached,0.1,4096,7,1,0
cached,0.1,4096,7,2,0
cached,0.1,4096,7,3,0
cached,0.1,4096,7,4,0
cached,0.1,4096,7,5,0
cached,0.1,4096,7,6,0
cached,0.1,4096,7,7,0
cached,0.1,4096,7,8,0
cached,0.1,4096,7,9,0
cached,0.1,4096,7,10,0
cached,0.1,4096,7,11,0
cached,0.1,4096,7,12,0
cached,0.1,4096,7,13,0
cached,0.1,4096,8,0,0
cached,0.1,4096,8,1,0
cached,0.1,4096,8,2,0
cached,0.1,4096,8,3,0
cached,0.1,4096,8,4,0
cached,0.1,4096,8,5,0
cached,0.1,4096,8,6,0
cached,0.1,4096,8,7,0
cached,0.1,4096,8,8,0
cached,0.1,4096,8,9,0
cached,0.1,4096,8,10,0
cached,0.1,4096,8,11,0
cached,0.1,4096,8,12,0
cached,0.1,4096,8,13,0
cached,0.1,4096,9,0,0
cached,0.1,4096,9,1,0
cached,0.1,4096,9,2,0
cached,0.1,4096,9,3,0
cached,0.1,4096,9,4,0
cached,0.1,4096,9,5,0
cached,0.1,4096,9,6,0
cached,0.1,4096,9,7,0
cached,0.1,4096,9,8,0
cached,0.1,4096,9,9,0
cached,0.1,4096,9,10,0
cached,0.1,4096,9,11,0
cached,0.1,4096,9,12,0
cached,0.1,4096,9,13,0
cached,0.1,4096,10,0,0
cached,0.1,4096,10,1,0
cached,0.1,4096,10,2,0
cached,0.1,4096,10,3,0
cached,0.1,4096,10,4,0
cached,0.1,4096,10,5,0
cached,0.1,4096,10,6,0
cached,0.1,4096,10,7,0
cached,0.1,4096,10,8,0
cached,0.1,4096,10,9,0
cached,0.1,4096,10,10,0
cached,0.1,4096,10,11,0
cached,0.1,4096,10,12,0
cached,0.1,4096,10,13,0
cached,0.1,4096,11,0,0
cached,0.1,4096,11,1,0
cached,0.1,4096,11,2,0
cached,0.1,4096,11,3,0
cached,0.1,4096,11,4,0
cached,0.1,4096,11,5,0
cached,0.1,4096,11,6,0
cached,0.1,4096,11,7,0
cached,0.1,4096,11,8,0
cached,0.1,4096,11,9,0
cached,0.1,4096,11,10,0
cached,0.1,4096,11,11,0
cached,0.1,4096,11,12,0
cached,0.1,4096,11,13,0
cached,0.1,4096,12,0,0
cached,0.1,4096,12,1,0
cached,0.1,4096,12,2,0
cached,0.1,4096,12,3,0
cached,0.1,4096,12,4,0
cached,0.1,4096,12,5,0
cached,0.1,4096,12,6,0
cached,0.1,4096,12,7,0
cached,0.1,4096,12,8,0
cached,0.1,4096,12,9,0
cached,0.1,4096,12,10,0
cached,0.1,4096,12,11,0
cached,0.1,4096,12,12,0
cached,0.1,4096,12,13,0
cached,0.1,4096,13,0,0
cached,0.1,4096,13,1,0
cached,0.1,4096,13,2,0
cached,0.1,4096,13,3,0
cached,0.1,4096,13,4,0
cached,0.1,4096,13,5,0
cached,0.1,4096,13,6,0
cached,0.1,4096,13,7,0
cached,0.1,4096,13,8,0
cached,0.1,4096,13,9,0
cached,0.1,4096,13,10,0
cached,0.1,4096,13,11,0
cached,0.1,4096,13,12,0
cached,0.1,4096,13,13,0
cached,0.1,4096,14,0,0
cached,0.1,4096,14,1,0
cached,0.1,4096,14,2,0
cached,0.1,4096,14,3,0
cached,0.1,4096,14,4,0
cached,0.1,4096,14,5,0
cached,0.1,4096,14,6,0
cached,0.1,4096,14,7,0
cached,0.1,4096,14,8,0
cached,0.1,4096,14,9,0
cached,0.1,4096,14,10,0
cached,0.1,4096,14,11,0
cached,0.1,4096,14,12,0
cached,0.1,4096,14,13,0
cached,0.1,4096,15,0,0
cached,0.1,4096,15,1,0
cached,0.1,4096,15,2,0
cached,0.1,4096,15,3,0
cached,0.1,4096,15,4,0
cached,0.1,4096,15,5,0
cached,0.1,4096,15,6,0
cached,0.1,4096,15,7,0
cached,0.1,4096,15,8,0
cached,0.1,4096,15,9,0
cached,0.1,4096,15,10,0
cached,0.1,4096,15,11,0
cached,0.1,4096,15,12,0
cached,0.1,4096,15,13,0
cached,0.1,4096,16,0,0
cached,0.1,4096,16,1,0
cached,0.1,4096,16,2,0
cached,0.1,4096,16,3,0
cached,0.1,4096,16,4,0
cached,0.1,4096,16,5,0
cached,0.1,4096,16,6,0
cached,0.1,4096,16,7,0
cached,0.1,4096,16,8,0
cached,0.1,4096,16,9,0
cached,0.1,4096,16,10,0
cached,0.1,4096,16,11,0
cached,0.1,4096,16,12,0
cached,0.1,4096,16,13,0
cached,0.1,4096,17,0,0
cached,0.1,4096,17,1,0
cached,0.1,4096,17,2,0
cached,0.1,4096,17,3,0
cached,0.1,4096,17,4,0
cached,0.1,4096,17,5,0
cached,0.1,4096,17,6,0
cached,0.1,4096,17,7,0
cached,0.1,4096,17,8,0
cached,0.1,4096,17,9,0
cached,0.1,4096,17,10,0
cached,0.1,4096,17,11,0
cached,0.1,4096,17,12,0
cached,0.1,4096,17,13,0
cached,0.1,4096,18,0,0
cached,0.1,4096,18,1,0
cached,0.1,4096,18,2,0
cached,0.1,4096,18,3,0
cached,0.1,4096,18,4,0
cached,0.1,4096,18,5,0
cached,0.1,4096,18,6,0
cached,0.1,4096,18,7,0
cached,0.1,4096,18,8,0
cached,0.1,4096,18,9,0
cached,0.1,4096,18,10,0
cached,0.1,4096,18,11,0
cached,0.1,4096,18,12,0
cached,0.1,4096,18,13,0
cached,0.1,4096,19,0,0
cached,0.1,4096,19,1,0
cached,0.1,4096,19,2,0
cached,0.1,4096,19,3,0
cached,0.1,4096,19,4,0
cached,0.1,4096,19,5,0
cached,0.1,4096,19,6,0
cached,0.1,4096,19,7,0
cached,0.1,4096,19,8,0
cached,0.1,4096,19,9,0
cached,0.1,4096,19,10,0
cached,0.1,4096,19,11,0
cached,0.1,4096,19,12,0
cached,0.1,4096,19,13,0
cached,0.1,4096,20,0,0
cached,0.1,4096,20,1,0
cached,0.1,4096,20,2,0
cached,0.1,4096,20,3,0
cached,0.1,4096,20,4,0
cached,0.1,4096,20,5,0
cached,0.1,4096,20,6,0
cached,0.1,4096,20,7,0
cached,0.1,4096,20,8,0
cached,0.1,4096,20,9,0
cached,0.1,4096,20,10,0
cached,0.1,4096,20,11,0
cached,0.1,4096,20,12,0
cached,0.1,4096,20,13,0
cached,0.1,4096,21,0,0
cached,0.1,4096,21,1,0
cached,0.1,4096,21,2,0
cached,0.1,4096,21,3,0
cached,0.1,4096,21,4,0
cached,0.1,4096,21,5,0
cached,0.1,4096,21,6,0
cached,0.1,4096,21,7,0
cached,0.1,4096,21,8,0
cached,0.1,4096,21,9,0
cached,0.1,4096,21,10,0
cached,0.1,4096,21,11,0
cached,0.1,4096,21,12,0
cached,0.1,4096,21,13,0
cached,0.1,4096,22,0,0
cached,0.1,4096,22,1,0
cached,0.1,4096,22,2,0
cached,0.1,4096,22,3,0
cached,0.1,4096,22,4,0
cached,0.1,4096,22,5,0
cached,0.1,4096,22,6,0
cached,0.1,4096,22,7,0
cached,0.1,4096,22,8,0
cached,0.1,4096,22,9,0
cached,0.1,4096,22,10,0
cached,0.1,4096,22,11,0
cached,0.1,4096,22,12,0
cached,0.1,4096,22,13,0
cached,0.1,4096,23,0,0
cached,0.1,4096,23,1,0
cached,0.1,4096,23,2,0
cached,0.1,4096,23,3,0
cached,0.1,4096,23,4,0
cached,0.1,4096,23,5,0
cached,0.1,4096,23,6,0
cached,0.1,4096,23,7,0
cached,0.1,4096,23,8,0
cached,0.1,4096,23,9,0
cached,0.1,4096,23,10,0
cached,0.1,4096,23,11,0
cached,0.1,4096,23,12,0
cached,0.1,4096,23,13,0
cached,0.1,8192,0,0,0
cached,0.1,8192,0,1,0
cached,0.1,8192,0,2,0
cached,0.1,8192,0,3,0
cached,0.1,8192,0,4,0
cached,0.1,8192,0,5,0
cached,0.1,8192,0,6,0
cached,0.1,8192,0,7,0
cached,0.1,8192,0,8,0
cached,0.1,8192,0,9,0
cached,0.1,8192,0,10,0
cached,0.1,8192,0,11,0
cached,0.1,8192,0,12,0
cached,0.1,8192,0,13,0
cached,0.1,8192,1,0,0
cached,0.1,8192,1,1,0
cached,0.1,8192,1,2,0
cached,0.1,8192,1,3,0
cached,0.1,8192,1,4,0
cached,0.1,8192,1,5,0
cached,0.1,8192,1,6,0
cached,0.1,8192,1,7,0
cached,0.1,8192,1,8,0
cached,0.1,8192,1,9,0
cached,0.1,8192,1,10,0
cached,0.1,8192,1,11,0
cached,0.1,8192,1,12,0
cached,0.1,8192,1,13,0
cached,0.1,8192,2,0,0
cached,0.1,8192,2,1,0
cached,0.1,8192,2,2,0
cached,0.1,8192,2,3,0
cached,0.1,8192,2,4,0
cached,0.1,8192,2,5,0
cached,0.1,8192,2,6,0
cached,0.1,8192,2,7,0
cached,0.1,8192,2,8,0
cached,0.1,8192,2,9,0
cached,0.1,8192,2,10,0
cached,0.1,8192,2,11,0
cached,0.1,8192,2,12,0
cached,0.1,8192,2,13,0
cached,0.1,8192,3,0,0
cached,0.1,8192,3,1,0
cached,0.1,8192,3,2,0
cached,0.1,8192,3,3,0
cached,0.1,8192,3,4,0
cached,0.1,8192,3,5,0
cached,0.1,8192,3,6,0
cached,0.1,8192,3,7,0
cached,0.1,8192,3,8,0
cached,0.1,8192,3,9,0
cached,0.1,8192,3,10,0
cached,0.1,8192,3,11,0
cached,0.1,8192,3,12,0
cached,0.1,8192,3,13,0
cached,0.1,8192,4,0,0
cached,0.1,8192,4,1,0
cached,0.1,8192,4,2,0
cached,0.1,8192,4,3,0
cached,0.1,8192,4,4,0
cached,0.1,8192,4,5,0
cached,0.1,8192,4,6,0
cached,0.1,8192,4,7,0
cached,0.1,8192,4,8,0
cached,0.1,8192,4,9,0
cached,0.1,8192,4,10,0
cached,0.1,8192,4,11,0
cached,0.1,8192,4,12,0
cached,0.1,8192,4,13,0
cached,0.1,8192,5,0,0
cached,0.1,8192,5,1,0
cached,0.1,8192,5,2,0
cached,0.1,8192,5,3,0
cached,0.1,8192,5,4,0
cached,0.1,8192,5,5,0
cached,0.1,8192,5,6,0
cached,0.1,8192,5,7,0
cached,0.1,8192,5,8,0
cached,0.1,8192,5,9,0
cached,0.1,8192,5,10,0
cached,0.1,8192,5,11,0
cached,0.1,8192,5,12,0
cached,0.1,8192,5,13,0
cached,0.1,8192,6,0,0
cached,0.1,8192,6,1,0
cached,0.1,8192,6,2,0
cached,0.1,8192,6,3,0
cached,0.1,8192,6,4,0
cached,0.1,8192,6,5,0
cached,0.1,8192,6,6,0
cached,0.1,8192,6,7,0
cached,0.1,8192,6,8,0
cached,0.1,8192,6,9,0
cached,0.1,8192,6,10,0
cached,0.1,8192,6,11,0
cached,0.1,8192,6,12,0
cached,0.1,8192,6,13,0
cached,0.1,8192,7,0,0
cached,0.1,8192,7,1,0
cached,0.1,8192,7,2,0
cached,0.1,8192,7,3,0
cached,0.1,8192,7,4,0
cached,0.1,8192,7,5,0
cached,0.1,8192,7,6,0
cached,0.1,8192,7,7,0
cached,0.1,8192,7,8,0
cached,0.1,8192,7,9,0
cached,0.1,8192,7,10,0
cached,0.1,8192,7,11,0
cached,0.1,8192,7,12,0
cached,0.1,8192,7,13,0
cached,0.1,8192,8,0,0
cached,0.1,8192,8,1,0
cached,0.1,8192,8,2,0
cached,0.1,8192,8,3,0
cached,0.1,8192,8,4,0
cached,0.1,8192,8,5,0
cached,0.1,8192,8,6,0
cached,0.1,8192,8,7,0
cached,0.1,8192,8,8,0
cached,0.1,8192,8,9,0
cached,0.1,8192,8,10,0
cached,0.1,8192,8,11,0
cached,0.1,8192,8,12,0
cached,0.1,8192,8,13,0
cached,0.1,8192,9,0,0
cached,0.1,8192,9,1,0
cached,0.1,8192,9,2,0
cached,0.1,8192,9,3,0
cached,0.1,8192,9,4,0
cached,0.1,8192,9,5,0
cached,0.1,8192,9,6,0
cached,0.1,8192,9,7,0
cached,0.1,8192,9,8,0
cached,0.1,8192,9,9,0
cached,0.1,8192,9,10,0
cached,0.1,8192,9,11,0
cached,0.1,8192,9,12,0
cached,0.1,8192,9,13,0
cached,0.1,8192,10,0,0
cached,0.1,8192,10,1,0
cached,0.1,8192,10,2,0
cached,0.1,8192,10,3,0
cached,0.1,8192,10,4,0
cached,0.1,8192,10,5,0
cached,0.1,8192,10,6,0
cached,0.1,8192,10,7,0
cached,0.1,8192,10,8,0
cached,0.1,8192,10,9,0
cached,0.1,8192,10,10,0
cached,0.1,8192,10,11,0
cached,0.1,8192,10,12,0
cached,0.1,8192,10,13,0
cached,0.1,8192,11,0,0
cached,0.1,8192,11,1,0
cached,0.1,8192,11,2,0
cached,0.1,8192,11,3,0
cached,0.1,8192,11,4,0
cached,0.1,8192,11,5,0
cached,0.1,8192,11,6,0
cached,0.1,8192,11,7,0
cached,0.1,8192,11,8,0
cached,0.1,8192,11,9,0
cached,0.1,8192,11,10,0
cached,0.1,8192,11,11,0
cached,0.1,8192,11,12,0
cached,0.1,8192,11,13,0
cached,0.1,8192,12,0,0
cached,0.1,8192,12,1,0
cached,0.1,8192,12,2,0
cached,0.1,8192,12,3,0
cached,0.1,8192,12,4,0
cached,0.1,8192,12,5,0
cached,0.1,8192,12,6,0
cached,0.1,8192,12,7,0
cached,0.1,8192,12,8,0
cached,0.1,8192,12,9,0
cached,0.1,8192,12,10,0
cached,0.1,8192,12,11,0
cached,0.1,8192,12,12,0
cached,0.1,8192,12,13,0
cached,0.1,8192,13,0,0
cached,0.1,8192,13,1,0
cached,0.1,8192,13,2,0
cached,0.1,8192,13,3,0
cached,0.1,8192,13,4,0
cached,0.1,8192,13,5,0
cached,0.1,8192,13,6,0
cached,0.1,8192,13,7,0
cached,0.1,8192,13,8,0
cached,0.1,8192,13,9,0
cached,0.1,8192,13,10,0
cached,0.1,8192,13,11,0
cached,0.1,8192,13,12,0
cached,0.1,8192,13,13,0
cached,0.1,8192,14,0,0
cached,0.1,8192,14,1,0
cached,0.1,8192,14,2,0
cached,0.1,8192,14,3,0
cached,0.1,8192,14,4,0
cached,0.1,8192,14,5,0
cached,0.1,8192,14,6,0
cached,0.1,8192,14,7,0
cached,0.1,8192,14,8,0
cached,0.1,8192,14,9,0
cached,0.1,8192,14,10,0
cached,0.1,8192,14,11,0
cached,0.1,8192,14,12,0
cached,0.1,8192,14,13,0
cached,0.1,8192,15,0,0
cached,0.1,8192,15,1,0
cached,0.1,8192,15,2,0
cached,0.1,8192,15,3,0
cached,0.1,8192,15,4,0
cached,0.1,8192,15,5,0
cached,0.1,8192,15,6,0
cached,0.1,8192,15,7,0
cached,0.1,8192,15,8,0
cached,0.1,8192,15,9,0
cached,0.1,8192,15,10,0
cached,0.1,8192,15,11,0
cached,0.1,8192,15,12,0
cached,0.1,8192,15,13,0
cached,0.1,8192,16,0,0
cached,0.1,8192,16,1,0
cached,0.1,8192,16,2,0
cached,0.1,8192,16,3,0
cached,0.1,8192,16,4,0
cached,0.1,8192,16,5,0
cached,0.1,8192,16,6,0
cached,0.1,8192,16,7,0
cached,0.1,8192,16,8,0
cached,0.1,8192,16,9,0
cached,0.1,8192,16,10,0
cached,0.1,8192,16,11,0
cached,0.1,8192,16,12,0
cached,0.1,8192,16,13,0
cached,0.1,8192,17,0,0
cached,0.1,8192,17,1,0
cached,0.1,8192,17,2,0
cached,0.1,8192,17,3,0
cached,0.1,8192,17,4,0
cached,0.1,8192,17,5,0
cached,0.1,8192,17,6,0
cached,0.1,8192,17,7,0
cached,0.1,8192,17,8,0
cached,0.1,8192,17,9,0
cached,0.1,8192,17,10,0
cached,0.1,8192,17,11,0
cached,0.1,8192,17,12,0
cached,0.1,8192,17,13,0
cached,0.1,8192,18,0,0
cached,0.1,8192,18,1,0
cached,0.1,8192,18,2,0
cached,0.1,8192,18,3,0
cached,0.1,8192,18,4,0
cached,0.1,8192,18,5,0
cached,0.1,8192,18,6,0
cached,0.1,8192,18,7,0
cached,0.1,8192,18,8,0
cached,0.1,8192,18,9,0
cached,0.1,8192,18,10,0
cached,0.1,8192,18,11,0
cached,0.1,8192,18,12,0
cached,0.1,8192,18,13,0
cached,0.1,8192,19,0,0
cached,0.1,8192,19,1,0
cached,0.1,8192,19,2,0
cached,0.1,8192,19,3,0
cached,0.1,8192,19,4,0
cached,0.1,8192,19,5,0
cached,0.1,8192,19,6,0
cached,0.1,8192,19,7,0
cached,0.1,8192,19,8,0
cached,0.1,8192,19,9,0
cached,0.1,8192,19,10,0
cached,0.1,8192,19,11,0
cached,0.1,8192,19,12,0
cached,0.1,8192,19,13,0
cached,0.1,8192,20,0,0
cached,0.1,8192,20,1,0
cached,0.1,8192,20,2,0
cached,0.1,8192,20,3,0
cached,0.1,8192,20,4,0
cached,0.1,8192,20,5,0
cached,0.1,8192,20,6,0
cached,0.1,8192,20,7,0
cached,0.1,8192,20,8,0
cached,0.1,8192,20,9,0
cached,0.1,8192,20,10,0
cached,0.1,8192,20,11,0
cached,0.1,8192,20,12,0
cached,0.1,8192,20,13,0
cached,0.1,8192,21,0,0
cached,0.1,8192,21,1,0
cached,0.1,8192,21,2,0
cached,0.1,8192,21,3,0
cached,0.1,8192,21,4,0
cached,0.1,8192,21,5,0
cached,0.1,8192,21,6,0
cached,0.1,8192,21,7,0
cached,0.1,8192,21,8,0
cached,0.1,8192,21,9,0
cached,0.1,8192,21,10,0
cached,0.1,8192,21,11,0
cached,0.1,8192,21,12,0
cached,0.1,8192,21,13,0
cached,0.1,8192,22,0,0
cached,0.1,8192,22,1,0
cached,0.1,8192,22,2,0
cached,0.1,8192,22,3,0
cached,0.1,8192,22,4,0
cached,0.1,8192,22,5,0
cached,0.1,8192,22,6,0
cached,0.1,8192,22,7,0
cached,0.1,8192,22,8,0
cached,0.1,8192,22,9,0
cached,0.1,8192,22,10,0
cached,0.1,8192,22,11,0
cached,0.1,8192,22,12,0
cached,0.1,8192,22,13,0
cached,0.1,8192,23,0,0
cached,0.1,8192,23,1,0
cached,0.1,8192,23,2,0
cached,0.1,8192,23,3,0
cached,0.1,8192,23,4,0
cached,0.1,8192,23,5,0
cached,0.1,8192,23,6,0
cached,0.1,8192,23,7,0
cached,0.1,8192,23,8,0
cached,0.1,8192,23,9,0
cached,0.1,8192,23,10,0
cached,0.1,8192,23,11,0
cached,0.1,8192,23,12,0
cached,0.1,8192,23,13,0
cached,0.2,1024,0,0,0
cached,0.2,1024,0,1,0
cached,0.2,1024,0,2,0
cached,0.2,1024,0,3,0
cached,0.2,1024,0,4,0
cached,0.2,1024,0,5,0
cached,0.2,1024,0,6,0
cached,0.2,1024,0,7,0
cached,0.2,1024,0,8,0
cached,0.2,1024,0,9,0
cached,0.2,1024,0,10,0
cached,0.2,1024,0,11,0
cached,0.2,1024,0,12,0
cached,0.2,1024,0,13,0
cached,0.2,1024,1,0,0
cached,0.2,1024,1,1,0
cached,0.2,1024,1,2,0
cached,0.2,1024,1,3,0
cached,0.2,1024,1,4,0
cached,0.2,1024,1,5,0
cached,0.2,1024,1,6,0
cached,0.2,1024,1,7,0
cached,0.2,1024,1,8,0
cached,0.2,1024,1,9,0
cached,0.2,1024,1,10,0
cached,0.2,1024,1,11,0
cached,0.2,1024,1,12,0
cached,0.2,1024,1,13,0
cached,0.2,1024,2,0,0
cached,0.2,1024,2,1,0
cached,0.2,1024,2,2,0
cached,0.2,1024,2,3,0
cached,0.2,1024,2,4,0
cached,0.2,1024,2,5,0
cached,0.2,1024,2,6,0
cached,0.2,1024,2,7,0
cached,0.2,1024,2,8,0
cached,0.2,1024,2,9,0
cached,0.2,1024,2,10,0
cached,0.2,1024,2,11,0
cached,0.2,1024,2,12,0
cached,0.2,1024,2,13,0
cached,0.2,1024,3,0,0
cached,0.2,1024,3,1,0
cached,0.2,1024,3,2,0
cached,0.2,1024,3,3,0
cached,0.2,1024,3,4,0
cached,0.2,1024,3,5,0
cached,0.2,1024,3,6,0
cached,0.2,1024,3,7,0
cached,0.2,1024,3,8,0
cached,0.2,1024,3,9,0
cached,0.2,1024,3,10,0
cached,0.2,1024,3,11,0
cached,0.2,1024,3,12,0
cached,0.2,1024,3,13,0
cached,0.2,1024,4,0,0
cached,0.2,1024,4,1,0
cached,0.2,1024,4,2,0
cached,0.2,1024,4,3,0
cached,0.2,1024,4,4,0
cached,0.2,1024,4,5,0
cached,0.2,1024,4,6,0
cached,0.2,1024,4,7,0
cached,0.2,1024,4,8,0
cached,0.2,1024,4,9,0
cached,0.2,1024,4,10,0
cached,0.2,1024,4,11,0
cached,0.2,1024,4,12,0
cached,0.2,1024,4,13,0
cached,0.2,1024,5,0,0
cached,0.2,1024,5,1,0
cached,0.2,1024,5,2,0
cached,0.2,1024,5,3,0
cached,0.2,1024,5,4,0
cached,0.2,1024,5,5,0
cached,0.2,1024,5,6,0
cached,0.2,1024,5,7,0
cached,0.2,1024,5,8,0
cached,0.2,1024,5,9,0
cached,0.2,1024,5,10,0
cached,0.2,1024,5,11,0
cached,0.2,1024,5,12,0
cached,0.2,1024,5,13,0
cached,0.2,1024,6,0,0
cached,0.2,1024,6,1,0
cached,0.2,1024,6,2,0
cached,0.2,1024,6,3,0
cached,0.2,1024,6,4,0
cached,0.2,1024,6,5,0
cached,0.2,1024,6,6,0
cached,0.2,1024,6,7,0
cached,0.2,1024,6,8,0
cached,0.2,1024,6,9,0
cached,0.2,1024,6,10,0
cached,0.2,1024,6,11,0
cached,0.2,1024,6,12,0
cached,0.2,1024,6,13,0
cached,0.2,1024,7,0,0
cached,0.2,1024,7,1,0
cached,0.2,1024,7,2,0
cached,0.2,1024,7,3,0
cached,0.2,1024,7,4,0
cached,0.2,1024,7,5,0
cached,0.2,1024,7,6,0
cached,0.2,1024,7,7,0
cached,0.2,1024,7,8,0
cached,0.2,1024,7,9,0
cached,0.2,1024,7,10,0
cached,0.2,1024,7,11,0
cached,0.2,1024,7,12,0
cached,0.2,1024,7,13,0
cached,0.2,1024,8,0,0
cached,0.2,1024,8,1,0
cached,0.2,1024,8,2,0
cached,0.2,1024,8,3,0
cached,0.2,1024,8,4,0
cached,0.2,1024,8,5,0
cached,0.2,1024,8,6,0
cached,0.2,1024,8,7,0
cached,0.2,1024,8,8,0
cached,0.2,1024,8,9,0
cached,0.2,1024,8,10,0
cached,0.2,1024,8,11,0
cached,0.2,1024,8,12,0
cached,0.2,1024,8,13,0
cached,0.2,1024,9,0,0
cached,0.2,1024,9,1,0
cached,0.2,1024,9,2,0
cached,0.2,1024,9,3,0
cached,0.2,1024,9,4,0
cached,0.2,1024,9,5,0
cached,0.2,1024,9,6,0
cached,0.2,1024,9,7,64
cached,0.2,1024,9,8,0
cached,0.2,1024,9,9,0
cached,0.2,1024,9,10,0
cached,0.2,1024,9,11,0
cached,0.2,1024,9,12,0
cached,0.2,1024,9,13,0
cached,0.2,1024,10,0,0
cached,0.2,1024,10,1,0
cached,0.2,1024,10,2,0
cached,0.2,1024,10,3,0
cached,0.2,1024,10,4,0
cached,0.2,1024,10,5,0
cached,0.2,1024,10,6,0
cached,0.2,1024,10,7,0
cached,0.2,1024,10,8,0
cached,0.2,1024,10,9,0
cached,0.2,1024,10,10,0
cached,0.2,1024,10,11,0
cached,0.2,1024,10,12,0
cached,0.2,1024,10,13,0
cached,0.2,1024,11,0,0
cached,0.2,1024,11,1,0
cached,0.2,1024,11,2,0
cached,0.2,1024,11,3,0
cached,0.2,1024,11,4,0
cached,0.2,1024,11,5,0
cached,0.2,1024,11,6,0
cached,0.2,1024,11,7,0
cached,0.2,1024,11,8,0
cached,0.2,1024,11,9,0
cached,0.2,1024,11,10,0
cached,0.2,1024,11,11,0
cached,0.2,1024,11,12,0
cached,0.2,1024,11,13,0
cached,0.2,1024,12,0,0
cached,0.2,1024,12,1,0
cached,0.2,1024,12,2,0
cached,0.2,1024,12,3,0
cached,0.2,1024,12,4,0
cached,0.2,1024,12,5,0
cached,0.2,1024,12,6,0
cached,0.2,1024,12,7,0
cached,0.2,1024,12,8,0
cached,0.2,1024,12,9,0
cached,0.2,1024,12,10,0
cached,0.2,1024,12,11,0
cached,0.2,1024,12,12,0
cached,0.2,1024,12,13,0
cached,0.2,1024,13,0,0
cached,0.2,1024,13,1,0
cached,0.2,1024,13,2,0
cached,0.2,1024,13,3,0
cached,0.2,1024,13,4,0
cached,0.2,1024,13,5,0
cached,0.2,1024,13,6,0
cached,0.2,1024,13,7,0
cached,0.2,1024,13,8,0
cached,0.2,1024,13,9,0
cached,0.2,1024,13,10,0
cached,0.2,1024,13,11,0
cached,0.2,1024,13,12,0
cached,0.2,1024,13,13,0
cached,0.2,1024,14,0,0
cached,0.2,1024,14,1,0
cached,0.2,1024,14,2,0
cached,0.2,1024,14,3,0
cached,0.2,1024,14,4,0
cached,0.2,1024,14,5,0
cached,0.2,1024,14,6,0
cached,0.2,1024,14,7,0
cached,0.2,1024,14,8,0
cached,0.2,1024,14,9,0
cached,0.2,1024,14,10,0
cached,0.2,1024,14,11,0
cached,0.2,1024,14,12,0
cached,0.2,1024,14,13,0
cached,0.2,1024,15,0,0
cached,0.2,1024,15,1,0
cached,0.2,1024,15,2,0
cached,0.2,1024,15,3,0
cached,0.2,1024,15,4,0
cached,0.2,1024,15,5,0
cached,0.2,1024,15,6,0
cached,0.2,1024,15,7,0
cached,0.2,1024,15,8,0
cached,0.2,1024,15,9,0
cached,0.2,1024,15,10,0
cached,0.2,1024,15,11,0
cached,0.2,1024,15,12,0
cached,0.2,1024,15,13,0
cached,0.2,1024,16,0,0
cached,0.2,1024,16,1,0
cached,0.2,1024,16,2,0
cached,0.2,1024,16,3,0
cached,0.2,1024,16,4,0
cached,0.2,1024,16,5,0
cached,0.2,1024,16,6,0
cached,0.2,1024,16,7,0
cached,0.2,1024,16,8,0
cached,0.2,1024,16,9,0
cached,0.2,1024,16,10,0
cached,0.2,1024,16,11,0
cached,0.2,1024,16,12,0
cached,0.2,1024,16,13,0
cached,0.2,1024,17,0,0
cached,0.2,1024,17,1,0
cached,0.2,1024,17,2,0
cached,0.2,1024,17,3,0
cached,0.2,1024,17,4,0
cached,0.2,1024,17,5,0
cached,0.2,1024,17,6,0
cached,0.2,1024,17,7,0
cached,0.2,1024,17,8,0
cached,0.2,1024,17,9,0
cached,0.2,1024,17,10,0
cached,0.2,1024,17,11,0
cached,0.2,1024,17,12,0
cached,0.2,1024,17,13,0
cached,0.2,1024,18,0,0
cached,0.2,1024,18,1,0
cached,0.2,1024,18,2,0
cached,0.2,1024,18,3,0
cached,0.2,1024,18,4,0
cached,0.2,1024,18,5,0
cached,0.2,1024,18,6,0
cached,0.2,1024,18,7,0
cached,0.2,1024,18,8,0
cached,0.2,1024,18,9,0
cached,0.2,1024,18,10,0
cached,0.2,1024,18,11,0
cached,0.2,1024,18,12,0
cached,0.2,1024,18,13,0
cached,0.2,1024,19,0,0
cached,0.2,1024,19,1,0
cached,0.2,1024,19,2,0
cached,0.2,1024,19,3,0
cached,0.2,1024,19,4,0
cached,0.2,1024,19,5,0
cached,0.2,1024,19,6,0
cached,0.2,1024,19,7,0
cached,0.2,1024,19,8,0
cached,0.2,1024,19,9,0
cached,0.2,1024,19,10,0
cached,0.2,1024,19,11,0
cached,0.2,1024,19,12,0
cached,0.2,1024,19,13,0
cached,0.2,1024,20,0,0
cached,0.2,1024,20,1,0
cached,0.2,1024,20,2,0
cached,0.2,1024,20,3,0
cached,0.2,1024,20,4,0
cached,0.2,1024,20,5,0
cached,0.2,1024,20,6,0
cached,0.2,1024,20,7,0
cached,0.2,1024,20,8,0
cached,0.2,1024,20,9,0
cached,0.2,1024,20,10,0
cached,0.2,1024,20,11,0
cached,0.2,1024,20,12,0
cached,0.2,1024,20,13,0
cached,0.2,1024,21,0,0
cached,0.2,1024,21,1,0
cached,0.2,1024,21,2,0
cached,0.2,1024,21,3,0
cached,0.2,1024,21,4,0
cached,0.2,1024,21,5,0
cached,0.2,1024,21,6,0
cached,0.2,1024,21,7,0
cached,0.2,1024,21,8,0
cached,0.2,1024,21,9,0
cached,0.2,1024,21,10,0
cached,0.2,1024,21,11,0
cached,0.2,1024,21,12,0
cached,0.2,1024,21,13,0
cached,0.2,1024,22,0,0
cached,0.2,1024,22,1,0
cached,0.2,1024,22,2,0
cached,0.2,1024,22,3,0
cached,0.2,1024,22,4,0
cached,0.2,1024,22,5,0
cached,0.2,1024,22,6,0
cached,0.2,1024,22,7,0
cached,0.2,1024,22,8,0
cached,0.2,1024,22,9,0
cached,0.2,1024,22,10,0
cached,0.2,1024,22,11,0
cached,0.2,1024,22,12,0
cached,0.2,1024,22,13,0
cached,0.2,1024,23,0,0
cached,0.2,1024,23,1,0
cached,0.2,1024,23,2,0
cached,0.2,1024,23,3,0
cached,0.2,1024,23,4,0
cached,0.2,1024,23,5,0
cached,0.2,1024,23,6,0
cached,0.2,1024,23,7,0
cached,0.2,1024,23,8,0
cached,0.2,1024,23,9,0
cached,0.2,1024,23,10,0
cached,0.2,1024,23,11,0
cached,0.2,1024,23,12,0
cached,0.2,1024,23,13,0
cached,0.2,2048,0,0,0
cached,0.2,2048,0,1,0
cached,0.2,2048,0,2,0
cached,0.2,2048,0,3,0
cached,0.2,2048,0,4,0
cached,0.2,2048,0,5,0
cached,0.2,2048,0,6,0
cached,0.2,2048,0,7,0
cached,0.2,2048,0,8,0
cached,0.2,2048,0,9,0
cached,0.2,2048,0,10,0
cached,0.2,2048,0,11,0
cached,0.2,2048,0,12,0
cached,0.2,2048,0,13,0
cached,0.2,2048,1,0,0
cached,0.2,2048,1,1,0
cached,0.2,2048,1,2,0
cached,0.2,2048,1,3,0
cached,0.2,2048,1,4,0
cached,0.2,2048,1,5,0
cached,0.2,2048,1,6,0
cached,0.2,2048,1,7,0
cached,0.2,2048,1,8,0
cached,0.2,2048,1,9,0
cached,0.2,2048,1,10,0
cached,0.2,2048,1,11,0
cached,0.2,2048,1,12,0
cached,0.2,2048,1,13,0
cached,0.2,2048,2,0,0
cached,0.2,2048,2,1,0
cached,0.2,2048,2,2,0
cached,0.2,2048,2,3,0
cached,0.2,2048,2,4,0
cached,0.2,2048,2,5,0
cached,0.2,2048,2,6,0
cached,0.2,2048,2,7,0
cached,0.2,2048,2,8,0
cached,0.2,2048,2,9,0
cached,0.2,2048,2,10,0
cached,0.2,2048,2,11,0
cached,0.2,2048,2,12,0
cached,0.2,2048,2,13,0
cached,0.2,2048,3,0,0
cached,0.2,2048,3,1,0
cached,0.2,2048,3,2,0
cached,0.2,2048,3,3,0
cached,0.2,2048,3,4,0
cached,0.2,2048,3,5,0
cached,0.2,2048,3,6,0
cached,0.2,2048,3,7,0
cached,0.2,2048,3,8,0
cached,0.2,2048,3,9,0
cached,0.2,2048,3,10,0
cached,0.2,2048,3,11,0
cached,0.2,2048,3,12,0
cached,0.2,2048,3,13,0
cached,0.2,2048,4,0,0
cached,0.2,2048,4,1,0
cached,0.2,2048,4,2,0
cached,0.2,2048,4,3,0
cached,0.2,2048,4,4,0
cached,0.2,2048,4,5,0
cached,0.2,2048,4,6,0
cached,0.2,2048,4,7,0
cached,0.2,2048,4,8,0
cached,0.2,2048,4,9,0
cached,0.2,2048,4,10,0
cached,0.2,2048,4,11,0
cached,0.2,2048,4,12,0
cached,0.2,2048,4,13,0
cached,0.2,2048,5,0,0
cached,0.2,2048,5,1,0
cached,0.2,2048,5,2,0
cached,0.2,2048,5,3,0
cached,0.2,2048,5,4,0
cached,0.2,2048,5,5,0
cached,0.2,2048,5,6,0
cached,0.2,2048,5,7,0
cached,0.2,2048,5,8,0
cached,0.2,2048,5,9,0
cached,0.2,2048,5,10,0
cached,0.2,2048,5,11,0
cached,0.2,2048,5,12,0
cached,0.2,2048,5,13,0
cached,0.2,2048,6,0,0
cached,0.2,2048,6,1,0
cached,0.2,2048,6,2,0
cached,0.2,2048,6,3,0
cached,0.2,2048,6,4,0
cached,0.2,2048,6,5,0
cached,0.2,2048,6,6,0
cached,0.2,2048,6,7,0
cached,0.2,2048,6,8,0
cached,0.2,2048,6,9,0
cached,0.2,2048,6,10,0
cached,0.2,2048,6,11,0
cached,0.2,2048,6,12,0
cached,0.2,2048,6,13,0
cached,0.2,2048,7,0,0
cached,0.2,2048,7,1,0
cached,0.2,2048,7,2,0
cached,0.2,2048,7,3,0
cached,0.2,2048,7,4,0
cached,0.2,2048,7,5,0
cached,0.2,2048,7,6,0
cached,0.2,2048,7,7,0
cached,0.2,2048,7,8,0
cached,0.2,2048,7,9,0
cached,0.2,2048,7,10,0
cached,0.2,2048,7,11,0
cached,0.2,2048,7,12,0
cached,0.2,2048,7,13,0
cached,0.2,2048,8,0,0
cached,0.2,2048,8,1,0
cached,0.2,2048,8,2,0
cached,0.2,2048,8,3,0
cached,0.2,2048,8,4,0
cached,0.2,2048,8,5,0
cached,0.2,2048,8,6,0
cached,0.2,2048,8,7,0
cached,0.2,2048,8,8,0
cached,0.2,2048,8,9,0
cached,0.2,2048,8,10,0
cached,0.2,2048,8,11,0
cached,0.2,2048,8,12,0
cached,0.2,2048,8,13,0
cached,0.2,2048,9,0,0
cached,0.2,2048,9,1,0
cached,0.2,2048,9,2,0
cached,0.2,2048,9,3,0
cached,0.2,2048,9,4,0
cached,0.2,2048,9,5,0
cached,0.2,2048,9,6,0
cached,0.2,2048,9,7,64
cached,0.2,2048,9,8,0
cached,0.2,2048,9,9,0
cached,0.2,2048,9,10,0
cached,0.2,2048,9,11,0
cached,0.2,2048,9,12,0
cached,0.2,2048,9,13,0
cached,0.2,2048,10,0,0
cached,0.2,2048,10,1,0
cached,0.2,2048,10,2,0
cached,0.2,2048,10,3,0
cached,0.2,2048,10,4,0
cached,0.2,2048,10,5,0
cached,0.2,2048,10,6,0
cached,0.2,2048,10,7,0
cached,0.2,2048,10,8,0
cached,0.2,2048,10,9,0
cached,0.2,2048,10,10,0
cached,0.2,2048,10,11,0
cached,0.2,2048,10,12,0
cached,0.2,2048,10,13,0
cached,0.2,2048,11,0,0
cached,0.2,2048,11,1,0
cached,0.2,2048,11,2,0
cached,0.2,2048,11,3,0
cached,0.2,2048,11,4,0
cached,0.2,2048,11,5,0
cached,0.2,2048,11,6,0
cached,0.2,2048,11,7,0
cached,0.2,2048,11,8,0
cached,0.2,2048,11,9,0
cached,0.2,2048,11,10,0
cached,0.2,2048,11,11,0
cached,0.2,2048,11,12,0
cached,0.2,2048,11,13,0
cached,0.2,2048,12,0,0
cached,0.2,2048,12,1,0
cached,0.2,2048,12,2,0
cached,0.2,2048,12,3,0
cached,0.2,2048,12,4,0
cached,0.2,2048,12,5,0
cached,0.2,2048,12,6,0
cached,0.2,2048,12,7,0
cached,0.2,2048,12,8,0
cached,0.2,2048,12,9,0
cached,0.2,2048,12,10,0
cached,0.2,2048,12,11,0
cached,0.2,2048,12,12,0
cached,0.2,2048,12,13,0
cached,0.2,2048,13,0,0
cached,0.2,2048,13,1,0
cached,0.2,2048,13,2,0
cached,0.2,2048,13,3,0
cached,0.2,2048,13,4,0
cached,0.2,2048,13,5,0
cached,0.2,2048,13,6,0
cached,0.2,2048,13,7,0
cached,0.2,2048,13,8,0
cached,0.2,2048,13,9,0
cached,0.2,2048,13,10,0
cached,0.2,2048,13,11,0
cached,0.2,2048,13,12,0
cached,0.2,2048,13,13,0
cached,0.2,2048,14,0,0
cached,0.2,2048,14,1,0
cached,0.2,2048,14,2,0
cached,0.2,2048,14,3,0
cached,0.2,2048,14,4,0
cached,0.2,2048,14,5,0
cached,0.2,2048,14,6,0
cached,0.2,2048,14,7,0
cached,0.2,2048,14,8,0
cached,0.2,2048,14,9,0
cached,0.2,2048,14,10,0
cached,0.2,2048,14,11,0
cached,0.2,2048,14,12,0
cached,0.2,2048,14,13,0
cached,0.2,2048,15,0,0
cached,0.2,2048,15,1,0
cached,0.2,2048,15,2,0
cached,0.2,2048,15,3,0
cached,0.2,2048,15,4,0
cached,0.2,2048,15,5,0
cached,0.2,2048,15,6,0
cached,0.2,2048,15,7,0
cached,0.2,2048,15,8,0
cached,0.2,2048,15,9,0
cached,0.2,2048,15,10,0
cached,0.2,2048,15,11,0
cached,0.2,2048,15,12,0
cached,0.2,2048,15,13,0
cached,0.2,2048,16,0,0
cached,0.2,2048,16,1,0
cached,0.2,2048,16,2,0
cached,0.2,2048,16,3,0
cached,0.2,2048,16,4,0
cached,0.2,2048,16,5,0
cached,0.2,2048,16,6,0
cached,0.2,2048,16,7,0
cached,0.2,2048,16,8,0
cached,0.2,2048,16,9,0
cached,0.2,2048,16,10,0
cached,0.2,2048,16,11,0
cached,0.2,2048,16,12,0
cached,0.2,2048,16,13,0
cached,0.2,2048,17,0,0
cached,0.2,2048,17,1,0
cached,0.2,2048,17,2,0
cached,0.2,2048,17,3,0
cached,0.2,2048,17,4,0
cached,0.2,2048,17,5,0
cached,0.2,2048,17,6,0
cached,0.2,2048,17,7,0
cached,0.2,2048,17,8,0
cached,0.2,2048,17,9,0
cached,0.2,2048,17,10,0
cached,0.2,2048,17,11,0
cached,0.2,2048,17,12,0
cached,0.2,2048,17,13,0
cached,0.2,2048,18,0,0
cached,0.2,2048,18,1,0
cached,0.2,2048,18,2,0
cached,0.2,2048,18,3,0
cached,0.2,2048,18,4,0
cached,0.2,2048,18,5,0
cached,0.2,2048,18,6,0
cached,0.2,2048,18,7,0
cached,0.2,2048,18,8,0
cached,0.2,2048,18,9,0
cached,0.2,2048,18,10,0
cached,0.2,2048,18,11,0
cached,0.2,2048,18,12,0
cached,0.2,2048,18,13,0
cached,0.2,2048,19,0,0
cached,0.2,2048,19,1,0
cached,0.2,2048,19,2,0
cached,0.2,2048,19,3,0
cached,0.2,2048,19,4,0
cached,0.2,2048,19,5,0
cached,0.2,2048,19,6,0
cached,0.2,2048,19,7,0
cached,0.2,2048,19,8,0
cached,0.2,2048,19,9,0
cached,0.2,2048,19,10,0
cached,0.2,2048,19,11,0
cached,0.2,2048,19,12,0
cached,0.2,2048,19,13,0
cached,0.2,2048,20,0,0
cached,0.2,2048,20,1,0
cached,0.2,2048,20,2,0
cached,0.2,2048,20,3,0
cached,0.2,2048,20,4,0
cached,0.2,2048,20,5,0
cached,0.2,2048,20,6,0
cached,0.2,2048,20,7,0
cached,0.2,2048,20,8,0
cached,0.2,2048,20,9,0
cached,0.2,2048,20,10,0
cached,0.2,2048,20,11,0
cached,0.2,2048,20,12,0
cached,0.2,2048,20,13,0
cached,0.2,2048,21,0,0
cached,0.2,2048,21,1,0
cached,0.2,2048,21,2,0
cached,0.2,2048,21,3,0
cached,0.2,2048,21,4,0
cached,0.2,2048,21,5,0
cached,0.2,2048,21,6,0
cached,0.2,2048,21,7,0
cached,0.2,2048,21,8,0
cached,0.2,2048,21,9,0
cached,0.2,2048,21,10,0
cached,0.2,2048,21,11,0
cached,0.2,2048,21,12,0
cached,0.2,2048,21,13,0
cached,0.2,2048,22,0,0
cached,0.2,2048,22,1,0
cached,0.2,2048,22,2,0
cached,0.2,2048,22,3,0
cached,0.2,2048,22,4,0
cached,0.2,2048,22,5,0
cached,0.2,2048,22,6,0
cached,0.2,2048,22,7,0
cached,0.2,2048,22,8,0
cached,0.2,2048,22,9,0
cached,0.2,2048,22,10,0
cached,0.2,2048,22,11,0
cached,0.2,2048,22,12,0
cached,0.2,2048,22,13,0
cached,0.2,2048,23,0,0
cached,0.2,2048,23,1,0
cached,0.2,2048,23,2,0
cached,0.2,2048,23,3,0
cached,0.2,2048,23,4,0
cached,0.2,2048,23,5,0
cached,0.2,2048,23,6,0
cached,0.2,2048,23,7,0
cached,0.2,2048,23,8,0
cached,0.2,2048,23,9,0
cached,0.2,2048,23,10,0
cached,0.2,2048,23,11,0
cached,0.2,2048,23,12,0
cached,0.2,2048,23,13,0
cached,0.2,4096,0,0,0
cached,0.2,4096,0,1,0
cached,0.2,4096,0,2,0
cached,0.2,4096,0,3,0
cached,0.2,4096,0,4,0
cached,0.2,4096,0,5,0
cached,0.2,4096,0,6,0
cached,0.2,4096,0,7,0
cached,0.2,4096,0,8,0
cached,0.2,4096,0,9,0
cached,0.2,4096,0,10,0
cached,0.2,4096,0,11,0
cached,0.2,4096,0,12,0
cached,0.2,4096,0,13,0
cached,0.2,4096,1,0,0
cached,0.2,4096,1,1,0
cached,0.2,4096,1,2,0
cached,0.2,4096,1,3,0
cached,0.2,4096,1,4,0
cached,0.2,4096,1,5,0
cached,0.2,4096,1,6,0
cached,0.2,4096,1,7,0
cached,0.2,4096,1,8,0
cached,0.2,4096,1,9,0
cached,0.2,4096,1,10,0
cached,0.2,4096,1,11,0
cached,0.2,4096,1,12,0
cached,0.2,4096,1,13,0
cached,0.2,4096,2,0,0
cached,0.2,4096,2,1,0
cached,0.2,4096,2,2,0
cached,0.2,4096,2,3,0
cached,0.2,4096,2,4,0
cached,0.2,4096,2,5,0
cached,0.2,4096,2,6,0
cached,0.2,4096,2,7,0
cached,0.2,4096,2,8,0
cached,0.2,4096,2,9,0
cached,0.2,4096,2,10,0
cached,0.2,4096,2,11,0
cached,0.2,4096,2,12,0
cached,0.2,4096,2,13,0
cached,0.2,4096,3,0,0
cached,0.2,4096,3,1,0
cached,0.2,4096,3,2,0
cached,0.2,4096,3,3,0
cached,0.2,4096,3,4,0
cached,0.2,4096,3,5,0
cached,0.2,4096,3,6,0
cached,0.2,4096,3,7,0
cached,0.2,4096,3,8,0
cached,0.2,4096,3,9,0
cached,0.2,4096,3,10,0
cached,0.2,4096,3,11,0
cached,0.2,4096,3,12,0
cached,0.2,4096,3,13,0
cached,0.2,4096,4,0,0
cached,0.2,4096,4,1,0
cached,0.2,4096,4,2,0
cached,0.2,4096,4,3,0
cached,0.2,4096,4,4,0
cached,0.2,4096,4,5,0
cached,0.2,4096,4,6,0
cached,0.2,4096,4,7,0
cached,0.2,4096,4,8,0
cached,0.2,4096,4,9,0
cached,0.2,4096,4,10,0
cached,0.2,4096,4,11,0
cached,0.2,4096,4,12,0
cached,0.2,4096,4,13,0
cached,0.2,4096,5,0,0
cached,0.2,4096,5,1,0
cached,0.2,4096,5,2,0
cached,0.2,4096,5,3,0
cached,0.2,4096,5,4,0
cached,0.2,4096,5,5,0
cached,0.2,4096,5,6,0
cached,0.2,4096,5,7,0
cached,0.2,4096,5,8,0
cached,0.2,4096,5,9,0
cached,0.2,4096,5,10,0
cached,0.2,4096,5,11,0
cached,0.2,4096,5,12,0
cached,0.2,4096,5,13,0
cached,0.2,4096,6,0,0
cached,0.2,4096,6,1,0
cached,0.2,4096,6,2,0
cached,0.2,4096,6,3,0
cached,0.2,4096,6,4,0
cached,0.2,4096,6,5,0
cached,0.2,4096,6,6,0
cached,0.2,4096,6,7,0
cached,0.2,4096,6,8,0
cached,0.2,4096,6,9,0
cached,0.2,4096,6,10,0
cached,0.2,4096,6,11,0
cached,0.2,4096,6,12,0
cached,0.2,4096,6,13,0
cached,0.2,4096,7,0,0
cached,0.2,4096,7,1,0
cached,0.2,4096,7,2,0
cached,0.2,4096,7,3,0
cached,0.2,4096,7,4,0
cached,0.2,4096,7,5,0
cached,0.2,4096,7,6,0
cached,0.2,4096,7,7,0
cached,0.2,4096,7,8,0
cached,0.2,4096,7,9,0
cached,0.2,4096,7,10,0
cached,0.2,4096,7,11,0
cached,0.2,4096,7,12,0
cached,0.2,4096,7,13,0
cached,0.2,4096,8,0,0
cached,0.2,4096,8,1,0
cached,0.2,4096,8,2,0
cached,0.2,4096,8,3,0
cached,0.2,4096,8,4,0
cached,0.2,4096,8,5,0
cached,0.2,4096,8,6,0
cached,0.2,4096,8,7,0
cached,0.2,4096,8,8,0
cached,0.2,4096,8,9,0
cached,0.2,4096,8,10,0
cached,0.2,4096,8,11,0
cached,0.2,4096,8,12,0
cached,0.2,4096,8,13,0
cached,0.2,4096,9,0,0
cached,0.2,4096,9,1,0
cached,0.2,4096,9,2,0
cached,0.2,4096,9,3,0
cached,0.2,4096,9,4,0
cached,0.2,4096,9,5,0
cached,0.2,4096,9,6,0
cached,0.2,4096,9,7,64
cached,0.2,4096,9,8,0
cached,0.2,4096,9,9,0
cached,0.2,4096,9,10,0
cached,0.2,4096,9,11,0
cached,0.2,4096,9,12,0
cached,0.2,4096,9,13,0
cached,0.2,4096,10,0,0
cached,0.2,4096,10,1,0
cached,0.2,4096,10,2,0
cached,0.2,4096,10,3,0
cached,0.2,4096,10,4,0
cached,0.2,4096,10,5,0
cached,0.2,4096,10,6,0
cached,0.2,4096,10,7,0
cached,0.2,4096,10,8,0
cached,0.2,4096,10,9,0
cached,0.2,4096,10,10,0
cached,0.2,4096,10,11,0
cached,0.2,4096,10,12,0
cached,0.2,4096,10,13,0
cached,0.2,4096,11,0,0
cached,0.2,4096,11,1,0
cached,0.2,4096,11,2,0
cached,0.2,4096,11,3,0
cached,0.2,4096,11,4,0
cached,0.2,4096,11,5,0
cached,0.2,4096,11,6,0
cached,0.2,4096,11,7,0
cached,0.2,4096,11,8,0
cached,0.2,4096,11,9,0
cached,0.2,4096,11,10,0
cached,0.2,4096,11,11,0
cached,0.2,4096,11,12,0
cached,0.2,4096,11,13,0
cached,0.2,4096,12,0,0
cached,0.2,4096,12,1,0
cached,0.2,4096,12,2,0
cached,0.2,4096,12,3,0
cached,0.2,4096,12,4,0
cached,0.2,4096,12,5,0
cached,0.2,4096,12,6,0
cached,0.2,4096,12,7,0
cached,0.2,4096,12,8,0
cached,0.2,4096,12,9,0
cached,0.2,4096,12,10,0
cached,0.2,4096,12,11,0
cached,0.2,4096,12,12,0
cached,0.2,4096,12,13,0
cached,0.2,4096,13,0,0
cached,0.2,4096,13,1,0
cached,0.2,4096,13,2,0
cached,0.2,4096,13,3,0
cached,0.2,4096,13,4,0
cached,0.2,4096,13,5,0
cached,0.2,4096,13,6,0
cached,0.2,4096,13,7,0
cached,0.2,4096,13,8,0
cached,0.2,4096,13,9,0
cached,0.2,4096,13,10,0
cached,0.2,4096,13,11,0
cached,0.2,4096,13,12,0
cached,0.2,4096,13,13,0
cached,0.2,4096,14,0,0
cached,0.2,4096,14,1,0
cached,0.2,4096,14,2,0
cached,0.2,4096,14,3,0
cached,0.2,4096,14,4,0
cached,0.2,4096,14,5,0
cached,0.2,4096,14,6,0
cached,0.2,4096,14,7,0
cached,0.2,4096,14,8,0
cached,0.2,4096,14,9,0
cached,0.2,4096,14,10,0
cached,0.2,4096,14,11,0
cached,0.2,4096,14,12,0
cached,0.2,4096,14,13,0
cached,0.2,4096,15,0,0
cached,0.2,4096,15,1,0
cached,0.2,4096,15,2,0
cached,0.2,4096,15,3,0
cached,0.2,4096,15,4,0
cached,0.2,4096,15,5,0
cached,0.2,4096,15,6,0
cached,0.2,4096,15,7,0
cached,0.2,4096,15,8,0
cached,0.2,4096,15,9,0
cached,0.2,4096,15,10,0
cached,0.2,4096,15,11,0
cached,0.2,4096,15,12,0
cached,0.2,4096,15,13,0
cached,0.2,4096,16,0,0
cached,0.2,4096,16,1,0
cached,0.2,4096,16,2,0
cached,0.2,4096,16,3,0
cached,0.2,4096,16,4,0
cached,0.2,4096,16,5,0
cached,0.2,4096,16,6,0
cached,0.2,4096,16,7,0
cached,0.2,4096,16,8,0
cached,0.2,4096,16,9,0
cached,0.2,4096,16,10,0
cached,0.2,4096,16,11,0
cached,0.2,4096,16,12,0
cached,0.2,4096,16,13,0
cached,0.2,4096,17,0,0
cached,0.2,4096,17,1,0
cached,0.2,4096,17,2,0
cached,0.2,4096,17,3,0
cached,0.2,4096,17,4,0
cached,0.2,4096,17,5,0
cached,0.2,4096,17,6,0
cached,0.2,4096,17,7,0
cached,0.2,4096,17,8,0
cached,0.2,4096,17,9,0
cached,0.2,4096,17,10,0
cached,0.2,4096,17,11,0
cached,0.2,4096,17,12,0
cached,0.2,4096,17,13,0
cached,0.2,4096,18,0,0
cached,0.2,4096,18,1,0
cached,0.2,4096,18,2,0
cached,0.2,4096,18,3,0
cached,0.2,4096,18,4,0
cached,0.2,4096,18,5,0
cached,0.2,4096,18,6,0
cached,0.2,4096,18,7,0
cached,0.2,4096,18,8,0
cached,0.2,4096,18,9,0
cached,0.2,4096,18,10,0
cached,0.2,4096,18,11,0
cached,0.2,4096,18,12,0
cached,0.2,4096,18,13,0
cached,0.2,4096,19,0,0
cached,0.2,4096,19,1,0
cached,0.2,4096,19,2,0
cached,0.2,4096,19,3,0
cached,0.2,4096,19,4,0
cached,0.2,4096,19,5,0
cached,0.2,4096,19,6,0
cached,0.2,4096,19,7,0
cached,0.2,4096,19,8,0
cached,0.2,4096,19,9,0
cached,0.2,4096,19,10,0
cached,0.2,4096,19,11,0
cached,0.2,4096,19,12,0
cached,0.2,4096,19,13,0
cached,0.2,4096,20,0,0
cached,0.2,4096,20,1,0
cached,0.2,4096,20,2,0
cached,0.2,4096,20,3,0
cached,0.2,4096,20,4,0
cached,0.2,4096,20,5,0
cached,0.2,4096,20,6,0
cached,0.2,4096,20,7,0
cached,0.2,4096,20,8,0
cached,0.2,4096,20,9,0
cached,0.2,4096,20,10,0
cached,0.2,4096,20,11,0
cached,0.2,4096,20,12,0
cached,0.2,4096,20,13,0
cached,0.2,4096,21,0,0
cached,0.2,4096,21,1,0
cached,0.2,4096,21,2,0
cached,0.2,4096,21,3,0
cached,0.2,4096,21,4,0
cached,0.2,4096,21,5,0
cached,0.2,4096,21,6,0
cached,0.2,4096,21,7,0
cached,0.2,4096,21,8,0
cached,0.2,4096,21,9,0
cached,0.2,4096,21,10,0
cached,0.2,4096,21,11,0
cached,0.2,4096,21,12,0
cached,0.2,4096,21,13,0
cached,0.2,4096,22,0,0
cached,0.2,4096,22,1,0
cached,0.2,4096,22,2,0
cached,0.2,4096,22,3,0
cached,0.2,4096,22,4,0
cached,0.2,4096,22,5,0
cached,0.2,4096,22,6,0
cached,0.2,4096,22,7,0
cached,0.2,4096,22,8,0
cached,0.2,4096,22,9,0
cached,0.2,4096,22,10,0
cached,0.2,4096,22,11,0
cached,0.2,4096,22,12,0
cached,0.2,4096,22,13,0
cached,0.2,4096,23,0,0
cached,0.2,4096,23,1,0
cached,0.2,4096,23,2,0
cached,0.2,4096,23,3,0
cached,0.2,4096,23,4,0
cached,0.2,4096,23,5,0
cached,0.2,4096,23,6,0
cached,0.2,4096,23,7,0
cached,0.2,4096,23,8,0
cached,0.2,4096,23,9,0
cached,0.2,4096,23,10,0
cached,0.2,4096,23,11,0
cached,0.2,4096,23,12,0
cached,0.2,4096,23,13,0
cached,0.2,8192,0,0,0
cached,0.2,8192,0,1,0
cached,0.2,8192,0,2,0
cached,0.2,8192,0,3,0
cached,0.2,8192,0,4,0
cached,0.2,8192,0,5,0
cached,0.2,8192,0,6,0
cached,0.2,8192,0,7,0
cached,0.2,8192,0,8,0
cached,0.2,8192,0,9,0
cached,0.2,8192,0,10,0
cached,0.2,8192,0,11,0
cached,0.2,8192,0,12,0
cached,0.2,8192,0,13,0
cached,0.2,8192,1,0,0
cached,0.2,8192,1,1,0
cached,0.2,8192,1,2,0
cached,0.2,8192,1,3,0
cached,0.2,8192,1,4,0
cached,0.2,8192,1,5,0
cached,0.2,8192,1,6,0
cached,0.2,8192,1,7,0
cached,0.2,8192,1,8,0
cached,0.2,8192,1,9,0
cached,0.2,8192,1,10,0
cached,0.2,8192,1,11,0
cached,0.2,8192,1,12,0
cached,0.2,8192,1,13,0
cached,0.2,8192,2,0,0
cached,0.2,8192,2,1,0
cached,0.2,8192,2,2,0
cached,0.2,8192,2,3,0
cached,0.2,8192,2,4,0
cached,0.2,8192,2,5,0
cached,0.2,8192,2,6,0
cached,0.2,8192,2,7,0
cached,0.2,8192,2,8,0
cached,0.2,8192,2,9,0
cached,0.2,8192,2,10,0
cached,0.2,8192,2,11,0
cached,0.2,8192,2,12,0
cached,0.2,8192,2,13,0
cached,0.2,8192,3,0,0
cached,0.2,8192,3,1,0
cached,0.2,8192,3,2,0
cached,0.2,8192,3,3,0
cached,0.2,8192,3,4,0
cached,0.2,8192,3,5,0
cached,0.2,8192,3,6,0
cached,0.2,8192,3,7,0
cached,0.2,8192,3,8,0
cached,0.2,8192,3,9,0
cached,0.2,8192,3,10,0
cached,0.2,8192,3,11,0
cached,0.2,8192,3,12,0
cached,0.2,8192,3,13,0
cached,0.2,8192,4,0,0
cached,0.2,8192,4,1,0
cached,0.2,8192,4,2,0
cached,0.2,8192,4,3,0
cached,0.2,8192,4,4,0
cached,0.2,8192,4,5,0
cached,0.2,8192,4,6,0
cached,0.2,8192,4,7,0
cached,0.2,8192,4,8,0
cached,0.2,8192,4,9,0
cached,0.2,8192,4,10,0
cached,0.2,8192,4,11,0
cached,0.2,8192,4,12,0
cached,0.2,8192,4,13,0
cached,0.2,8192,5,0,0
cached,0.2,8192,5,1,0
cached,0.2,8192,5,2,0
cached,0.2,8192,5,3,0
cached,0.2,8192,5,4,0
cached,0.2,8192,5,5,0
cached,0.2,8192,5,6,0
cached,0.2,8192,5,7,0
cached,0.2,8192,5,8,0
cached,0.2,8192,5,9,0
cached,0.2,8192,5,10,0
cached,0.2,8192,5,11,0
cached,0.2,8192,5,12,0
cached,0.2,8192,5,13,0
cached,0.2,8192,6,0,0
cached,0.2,8192,6,1,0
cached,0.2,8192,6,2,0
cached,0.2,8192,6,3,0
cached,0.2,8192,6,4,0
cached,0.2,8192,6,5,0
cached,0.2,8192,6,6,0
cached,0.2,8192,6,7,0
cached,0.2,8192,6,8,0
cached,0.2,8192,6,9,0
cached,0.2,8192,6,10,0
cached,0.2,8192,6,11,0
cached,0.2,8192,6,12,0
cached,0.2,8192,6,13,0
cached,0.2,8192,7,0,0
cached,0.2,8192,7,1,0
cached,0.2,8192,7,2,0
cached,0.2,8192,7,3,0
cached,0.2,8192,7,4,0
cached,0.2,8192,7,5,0
cached,0.2,8192,7,6,0
cached,0.2,8192,7,7,0
cached,0.2,8192,7,8,0
cached,0.2,8192,7,9,0
cached,0.2,8192,7,10,0
cached,0.2,8192,7,11,0
cached,0.2,8192,7,12,0
cached,0.2,8192,7,13,0
cached,0.2,8192,8,0,0
cached,0.2,8192,8,1,0
cached,0.2,8192,8,2,0
cached,0.2,8192,8,3,0
cached,0.2,8192,8,4,0
cached,0.2,8192,8,5,0
cached,0.2,8192,8,6,0
cached,0.2,8192,8,7,0
cached,0.2,8192,8,8,0
cached,0.2,8192,8,9,0
cached,0.2,8192,8,10,0
cached,0.2,8192,8,11,0
cached,0.2,8192,8,12,0
cached,0.2,8192,8,13,0
cached,0.2,8192,9,0,0
cached,0.2,8192,9,1,0
cached,0.2,8192,9,2,0
cached,0.2,8192,9,3,0
cached,0.2,8192,9,4,0
cached,0.2,8192,9,5,0
cached,0.2,8192,9,6,0
cached,0.2,8192,9,7,64
cached,0.2,8192,9,8,0
cached,0.2,8192,9,9,0
cached,0.2,8192,9,10,0
cached,0.2,8192,9,11,0
cached,0.2,8192,9,12,0
cached,0.2,8192,9,13,0
cached,0.2,8192,10,0,0
cached,0.2,8192,10,1,0
cached,0.2,8192,10,2,0
cached,0.2,8192,10,3,0
cached,0.2,8192,10,4,0
cached,0.2,8192,10,5,0
cached,0.2,8192,10,6,0
cached,0.2,8192,10,7,0
cached,0.2,8192,10,8,0
cached,0.2,8192,10,9,0
cached,0.2,8192,10,10,0
cached,0.2,8192,10,11,0
cached,0.2,8192,10,12,0
cached,0.2,8192,10,13,0
cached,0.2,8192,11,0,0
cached,0.2,8192,11,1,0
cached,0.2,8192,11,2,0
cached,0.2,8192,11,3,0
cached,0.2,8192,11,4,0
cached,0.2,8192,11,5,0
cached,0.2,8192,11,6,0
cached,0.2,8192,11,7,0
cached,0.2,8192,11,8,0
cached,0.2,8192,11,9,0
cached,0.2,8192,11,10,0
cached,0.2,8192,11,11,0
cached,0.2,8192,11,12,0
cached,0.2,8192,11,13,0
cached,0.2,8192,12,0,0
cached,0.2,8192,12,1,0
cached,0.2,8192,12,2,0
cached,0.2,8192,12,3,0
cached,0.2,8192,12,4,0
cached,0.2,8192,12,5,0
cached,0.2,8192,12,6,0
cached,0.2,8192,12,7,0
cached,0.2,8192,12,8,0
cached,0.2,8192,12,9,0
cached,0.2,8192,12,10,0
cached,0.2,8192,12,11,0
cached,0.2,8192,12,12,0
cached,0.2,8192,12,13,0
cached,0.2,8192,13,0,0
cached,0.2,8192,13,1,0
cached,0.2,8192,13,2,0
cached,0.2,8192,13,3,0
cached,0.2,8192,13,4,0
cached,0.2,8192,13,5,0
cached,0.2,8192,13,6,0
cached,0.2,8192,13,7,0
cached,0.2,8192,13,8,0
cached,0.2,8192,13,9,0
cached,0.2,8192,13,10,0
cached,0.2,8192,13,11,0
cached,0.2,8192,13,12,0
cached,0.2,8192,13,13,0
cached,0.2,8192,14,0,0
cached,0.2,8192,14,1,0
cached,0.2,8192,14,2,0
cached,0.2,8192,14,3,0
cached,0.2,8192,14,4,0
cached,0.2,8192,14,5,0
cached,0.2,8192,14,6,0
cached,0.2,8192,14,7,0
cached,0.2,8192,14,8,0
cached,0.2,8192,14,9,0
cached,0.2,8192,14,10,0
cached,0.2,8192,14,11,0
cached,0.2,8192,14,12,0
cached,0.2,8192,14,13,0
cached,0.2,8192,15,0,0
cached,0.2,8192,15,1,0
cached,0.2,8192,15,2,0
cached,0.2,8192,15,3,0
cached,0.2,8192,15,4,0
cached,0.2,8192,15,5,0
cached,0.2,8192,15,6,0
cached,0.2,8192,15,7,0
cached,0.2,8192,15,8,0
cached,0.2,8192,15,9,0
cached,0.2,8192,15,10,0
cached,0.2,8192,15,11,0
cached,0.2,8192,15,12,0
cached,0.2,8192,15,13,0
cached,0.2,8192,16,0,0
cached,0.2,8192,16,1,0
cached,0.2,8192,16,2,0
cached,0.2,8192,16,3,0
cached,0.2,8192,16,4,0
cached,0.2,8192,16,5,0
cached,0.2,8192,16,6,0
cached,0.2,8192,16,7,0
cached,0.2,8192,16,8,0
cached,0.2,8192,16,9,0
cached,0.2,8192,16,10,0
cached,0.2,8192,16,11,0
cached,0.2,8192,16,12,0
cached,0.2,8192,16,13,0
cached,0.2,8192,17,0,0
cached,0.2,8192,17,1,0
cached,0.2,8192,17,2,0
cached,0.2,8192,17,3,0
cached,0.2,8192,17,4,0
cached,0.2,8192,17,5,0
cached,0.2,8192,17,6,0
cached,0.2,8192,17,7,0
cached,0.2,8192,17,8,0
cached,0.2,8192,17,9,0
cached,0.2,8192,17,10,0
cached,0.2,8192,17,11,0
cached,0.2,8192,17,12,0
cached,0.2,8192,17,13,0
cached,0.2,8192,18,0,0
cached,0.2,8192,18,1,0
cached,0.2,8192,18,2,0
cached,0.2,8192,18,3,0
cached,0.2,8192,18,4,0
cached,0.2,8192,18,5,0
cached,0.2,8192,18,6,0
cached,0.2,8192,18,7,0
cached,0.2,8192,18,8,0
cached,0.2,8192,18,9,0
cached,0.2,8192,18,10,0
cached,0.2,8192,18,11,0
cached,0.2,8192,18,12,0
cached,0.2,8192,18,13,0
cached,0.2,8192,19,0,0
cached,0.2,8192,19,1,0
cached,0.2,8192,19,2,0
cached,0.2,8192,19,3,0
cached,0.2,8192,19,4,0
cached,0.2,8192,19,5,0
cached,0.2,8192,19,6,0
cached,0.2,8192,19,7,0
cached,0.2,8192,19,8,0
cached,0.2,8192,19,9,0
cached,0.2,8192,19,10,0
cached,0.2,8192,19,11,0
cached,0.2,8192,19,12,0
cached,0.2,8192,19,13,0
cached,0.2,8192,20,0,0
cached,0.2,8192,20,1,0
cached,0.2,8192,20,2,0
cached,0.2,8192,20,3,0
cached,0.2,8192,20,4,0
cached,0.2,8192,20,5,0
cached,0.2,8192,20,6,0
cached,0.2,8192,20,7,0
cached,0.2,8192,20,8,0
cached,0.2,8192,20,9,0
cached,0.2,8192,20,10,0
cached,0.2,8192,20,11,0
cached,0.2,8192,20,12,0
cached,0.2,8192,20,13,0
cached,0.2,8192,21,0,0
cached,0.2,8192,21,1,0
cached,0.2,8192,21,2,0
cached,0.2,8192,21,3,0
cached,0.2,8192,21,4,0
cached,0.2,8192,21,5,0
cached,0.2,8192,21,6,0
cached,0.2,8192,21,7,0
cached,0.2,8192,21,8,0
cached,0.2,8192,21,9,0
cached,0.2,8192,21,10,0
cached,0.2,8192,21,11,0
cached,0.2,8192,21,12,0
cached,0.2,8192,21,13,0
cached,0.2,8192,22,0,0
cached,0.2,8192,22,1,0
cached,0.2,8192,22,2,0
cached,0.2,8192,22,3,0
cached,0.2,8192,22,4,0
cached,0.2,8192,22,5,0
cached,0.2,8192,22,6,0
cached,0.2,8192,22,7,0
cached,0.2,8192,22,8,0
cached,0.2,8192,22,9,0
cached,0.2,8192,22,10,0
cached,0.2,8192,22,11,0
cached,0.2,8192,22,12,0
cached,0.2,8192,22,13,0
cached,0.2,8192,23,0,0
cached,0.2,8192,23,1,0
cached,0.2,8192,23,2,0
cached,0.2,8192,23,3,0
cached,0.2,8192,23,4,0
cached,0.2,8192,23,5,0
cached,0.2,8192,23,6,0
cached,0.2,8192,23,7,0
cached,0.2,8192,23,8,0
cached,0.2,8192,23,9,0
cached,0.2,8192,23,10,0
cached,0.2,8192,23,11,0
cached,0.2,8192,23,12,0
cached,0.2,8192,23,13,0
cached,0.4,1024,0,0,0
cached,0.4,1024,0,1,0
cached,0.4,1024,0,2,0
cached,0.4,1024,0,3,0
cached,0.4,1024,0,4,0
cached,0.4,1024,0,5,0
cached,0.4,1024,0,6,0
cached,0.4,1024,0,7,0
cached,0.4,1024,0,8,0
cached,0.4,1024,0,9,0
cached,0.4,1024,0,10,0
cached,0.4,1024,0,11,0
cached,0.4,1024,0,12,0
cached,0.4,1024,0,13,0
cached,0.4,1024,1,0,0
cached,0.4,1024,1,1,0
cached,0.4,1024,1,2,0
cached,0.4,1024,1,3,0
cached,0.4,1024,1,4,0
cached,0.4,1024,1,5,0
cached,0.4,1024,1,6,0
cached,0.4,1024,1,7,0
cached,0.4,1024,1,8,0
cached,0.4,1024,1,9,0
cached,0.4,1024,1,10,0
cached,0.4,1024,1,11,0
cached,0.4,1024,1,12,0
cached,0.4,1024,1,13,0
cached,0.4,1024,2,0,0
cached,0.4,1024,2,1,0
cached,0.4,1024,2,2,0
cached,0.4,1024,2,3,0
cached,0.4,1024,2,4,0
cached,0.4,1024,2,5,0
cached,0.4,1024,2,6,0
cached,0.4,1024,2,7,0
cached,0.4,1024,2,8,0
cached,0.4,1024,2,9,0
cached,0.4,1024,2,10,0
cached,0.4,1024,2,11,0
cached,0.4,1024,2,12,0
cached,0.4,1024,2,13,0
cached,0.4,1024,3,0,0
cached,0.4,1024,3,1,0
cached,0.4,1024,3,2,0
cached,0.4,1024,3,3,0
cached,0.4,1024,3,4,0
cached,0.4,1024,3,5,0
cached,0.4,1024,3,6,0
cached,0.4,1024,3,7,0
cached,0.4,1024,3,8,0
cached,0.4,1024,3,9,0
cached,0.4,1024,3,10,0
cached,0.4,1024,3,11,0
cached,0.4,1024,3,12,0
cached,0.4,1024,3,13,0
cached,0.4,1024,4,0,0
cached,0.4,1024,4,1,0
cached,0.4,1024,4,2,0
cached,0.4,1024,4,3,0
cached,0.4,1024,4,4,0
cached,0.4,1024,4,5,0
cached,0.4,1024,4,6,0
cached,0.4,1024,4,7,0
cached,0.4,1024,4,8,0
cached,0.4,1024,4,9,0
cached,0.4,1024,4,10,0
cached,0.4,1024,4,11,0
cached,0.4,1024,4,12,0
cached,0.4,1024,4,13,0
cached,0.4,1024,5,0,0
cached,0.4,1024,5,1,0
cached,0.4,1024,5,2,0
cached,0.4,1024,5,3,0
cached,0.4,1024,5,4,0
cached,0.4,1024,5,5,0
cached,0.4,1024,5,6,0
cached,0.4,1024,5,7,0
cached,0.4,1024,5,8,0
cached,0.4,1024,5,9,0
cached,0.4,1024,5,10,0
cached,0.4,1024,5,11,0
cached,0.4,1024,5,12,0
cached,0.4,1024,5,13,0
cached,0.4,1024,6,0,0
cached,0.4,1024,6,1,0
cached,0.4,1024,6,2,0
cached,0.4,1024,6,3,0
cached,0.4,1024,6,4,0
cached,0.4,1024,6,5,0
cached,0.4,1024,6,6,0
cached,0.4,1024,6,7,0
cached,0.4,1024,6,8,0
cached,0.4,1024,6,9,0
cached,0.4,1024,6,10,0
cached,0.4,1024,6,11,0
cached,0.4,1024,6,12,0
cached,0.4,1024,6,13,0
cached,0.4,1024,7,0,0
cached,0.4,1024,7,1,0
cached,0.4,1024,7,2,0
cached,0.4,1024,7,3,0
cached,0.4,1024,7,4,0
cached,0.4,1024,7,5,0
cached,0.4,1024,7,6,0
cached,0.4,1024,7,7,0
cached,0.4,1024,7,8,0
cached,0.4,1024,7,9,0
cached,0.4,1024,7,10,0
cached,0.4,1024,7,11,0
cached,0.4,1024,7,12,0
cached,0.4,1024,7,13,0
cached,0.4,1024,8,0,0
cached,0.4,1024,8,1,0
cached,0.4,1024,8,2,0
cached,0.4,1024,8,3,0
cached,0.4,1024,8,4,0
cached,0.4,1024,8,5,0
cached,0.4,1024,8,6,0
cached,0.4,1024,8,7,0
cached,0.4,1024,8,8,0
cached,0.4,1024,8,9,0
cached,0.4,1024,8,10,0
cached,0.4,1024,8,11,0
cached,0.4,1024,8,12,0
cached,0.4,1024,8,13,0
cached,0.4,1024,9,0,0
cached,0.4,1024,9,1,0
cached,0.4,1024,9,2,0
cached,0.4,1024,9,3,0
cached,0.4,1024,9,4,0
cached,0.4,1024,9,5,0
cached,0.4,1024,9,6,0
cached,0.4,1024,9,7,64
cached,0.4,1024,9,8,0
cached,0.4,1024,9,9,0
cached,0.4,1024,9,10,0
cached,0.4,1024,9,11,0
cached,0.4,1024,9,12,0
cached,0.4,1024,9,13,0
cached,0.4,1024,10,0,0
cached,0.4,1024,10,1,0
cached,0.4,1024,10,2,0
cached,0.4,1024,10,3,0
cached,0.4,1024,10,4,0
cached,0.4,1024,10,5,0
cached,0.4,1024,10,6,0
cached,0.4,1024,10,7,0
cached,0.4,1024,10,8,0
cached,0.4,1024,10,9,0
cached,0.4,1024,10,10,0
cached,0.4,1024,10,11,0
cached,0.4,1024,10,12,0
cached,0.4,1024,10,13,0
cached,0.4,1024,11,0,0
cached,0.4,1024,11,1,0
cached,0.4,1024,11,2,0
cached,0.4,1024,11,3,0
cached,0.4,1024,11,4,0
cached,0.4,1024,11,5,0
cached,0.4,1024,11,6,0
cached,0.4,1024,11,7,64
cached,0.4,1024,11,8,0
cached,0.4,1024,11,9,0
cached,0.4,1024,11,10,0
cached,0.4,1024,11,11,64
cached,0.4,1024,11,12,0
cached,0.4,1024,11,13,64
cached,0.4,1024,12,0,0
cached,0.4,1024,12,1,0
cached,0.4,1024,12,2,0
cached,0.4,1024,12,3,0
cached,0.4,1024,12,4,0
cached,0.4,1024,12,5,0
cached,0.4,1024,12,6,0
cached,0.4,1024,12,7,0
cached,0.4,1024,12,8,0
cached,0.4,1024,12,9,0
cached,0.4,1024,12,10,0
cached,0.4,1024,12,11,0
cached,0.4,1024,12,12,0
cached,0.4,1024,12,13,0
cached,0.4,1024,13,0,0
cached,0.4,1024,13,1,0
cached,0.4,1024,13,2,0
cached,0.4,1024,13,3,0
cached,0.4,1024,13,4,0
cached,0.4,1024,13,5,0
cached,0.4,1024,13,6,0
cached,0.4,1024,13,7,0
cached,0.4,1024,13,8,0
cached,0.4,1024,13,9,0
cached,0.4,1024,13,10,0
cached,0.4,1024,13,11,0
cached,0.4,1024,13,12,0
cached,0.4,1024,13,13,0
cached,0.4,1024,14,0,0
cached,0.4,1024,14,1,0
cached,0.4,1024,14,2,0
cached,0.4,1024,14,3,0
cached,0.4,1024,14,4,0
cached,0.4,1024,14,5,0
cached,0.4,1024,14,6,0
cached,0.4,1024,14,7,0
cached,0.4,1024,14,8,0
cached,0.4,1024,14,9,0
cached,0.4,1024,14,10,0
cached,0.4,1024,14,11,0
cached,0.4,1024,14,12,0
cached,0.4,1024,14,13,0
cached,0.4,1024,15,0,0
cached,0.4,1024,15,1,0
cached,0.4,1024,15,2,0
cached,0.4,1024,15,3,0
cached,0.4,1024,15,4,0
cached,0.4,1024,15,5,0
cached,0.4,1024,15,6,0
cached,0.4,1024,15,7,0
cached,0.4,1024,15,8,0
cached,0.4,1024,15,9,0
cached,0.4,1024,15,10,0
cached,0.4,1024,15,11,0
cached,0.4,1024,15,12,0
cached,0.4,1024,15,13,0
cached,0.4,1024,16,0,0
cached,0.4,1024,16,1,0
cached,0.4,1024,16,2,0
cached,0.4,1024,16,3,0
cached,0.4,1024,16,4,0
cached,0.4,1024,16,5,0
cached,0.4,1024,16,6,0
cached,0.4,1024,16,7,0
cached,0.4,1024,16,8,0
cached,0.4,1024,16,9,0
cached,0.4,1024,16,10,0
cached,0.4,1024,16,11,0
cached,0.4,1024,16,12,0
cached,0.4,1024,16,13,0
cached,0.4,1024,17,0,0
cached,0.4,1024,17,1,0
cached,0.4,1024,17,2,0
cached,0.4,1024,17,3,0
cached,0.4,1024,17,4,0
cached,0.4,1024,17,5,64
cached,0.4,1024,17,6,0
cached,0.4,1024,17,7,0
cached,0.4,1024,17,8,0
cached,0.4,1024,17,9,0
cached,0.4,1024,17,10,0
cached,0.4,1024,17,11,0
cached,0.4,1024,17,12,0
cached,0.4,1024,17,13,0
cached,0.4,1024,18,0,0
cached,0.4,1024,18,1,0
cached,0.4,1024,18,2,0
cached,0.4,1024,18,3,0
cached,0.4,1024,18,4,0
cached,0.4,1024,18,5,0
cached,0.4,1024,18,6,0
cached,0.4,1024,18,7,0
cached,0.4,1024,18,8,0
cached,0.4,1024,18,9,0
cached,0.4,1024,18,10,0
cached,0.4,1024,18,11,0
cached,0.4,1024,18,12,0
cached,0.4,1024,18,13,0
cached,0.4,1024,19,0,0
cached,0.4,1024,19,1,0
cached,0.4,1024,19,2,0
cached,0.4,1024,19,3,0
cached,0.4,1024,19,4,0
cached,0.4,1024,19,5,0
cached,0.4,1024,19,6,0
cached,0.4,1024,19,7,0
cached,0.4,1024,19,8,0
cached,0.4,1024,19,9,0
cached,0.4,1024,19,10,0
cached,0.4,1024,19,11,0
cached,0.4,1024,19,12,0
cached,0.4,1024,19,13,0
cached,0.4,1024,20,0,0
cached,0.4,1024,20,1,0
cached,0.4,1024,20,2,0
cached,0.4,1024,20,3,0
cached,0.4,1024,20,4,0
cached,0.4,1024,20,5,0
cached,0.4,1024,20,6,0
cached,0.4,1024,20,7,64
cached,0.4,1024,20,8,64
cached,0.4,1024,20,9,64
cached,0.4,1024,20,10,64
cached,0.4,1024,20,11,64
cached,0.4,1024,20,12,64
cached,0.4,1024,20,13,0
cached,0.4,1024,21,0,64
cached,0.4,1024,21,1,64
cached,0.4,1024,21,2,0
cached,0.4,1024,21,3,64
cached,0.4,1024,21,4,64
cached,0.4,1024,21,5,64
cached,0.4,1024,21,6,0
cached,0.4,1024,21,7,0
cached,0.4,1024,21,8,0
cached,0.4,1024,21,9,0
cached,0.4,1024,21,10,0
cached,0.4,1024,21,11,0
cached,0.4,1024,21,12,0
cached,0.4,1024,21,13,0
cached,0.4,1024,22,0,0
cached,0.4,1024,22,1,0
cached,0.4,1024,22,2,0
cached,0.4,1024,22,3,0
cached,0.4,1024,22,4,0
cached,0.4,1024,22,5,0
cached,0.4,1024,22,6,0
cached,0.4,1024,22,7,0
cached,0.4,1024,22,8,0
cached,0.4,1024,22,9,0
cached,0.4,1024,22,10,0
cached,0.4,1024,22,11,0
cached,0.4,1024,22,12,0
cached,0.4,1024,22,13,0
cached,0.4,1024,23,0,0
cached,0.4,1024,23,1,0
cached,0.4,1024,23,2,0
cached,0.4,1024,23,3,0
cached,0.4,1024,23,4,0
cached,0.4,1024,23,5,0
cached,0.4,1024,23,6,0
cached,0.4,1024,23,7,0
cached,0.4,1024,23,8,0
cached,0.4,1024,23,9,0
cached,0.4,1024,23,10,0
cached,0.4,1024,23,11,0
cached,0.4,1024,23,12,0
cached,0.4,1024,23,13,0
cached,0.4,2048,0,0,0
cached,0.4,2048,0,1,0
cached,0.4,2048,0,2,0
cached,0.4,2048,0,3,0
cached,0.4,2048,0,4,0
cached,0.4,2048,0,5,0
cached,0.4,2048,0,6,0
cached,0.4,2048,0,7,0
cached,0.4,2048,0,8,0
cached,0.4,2048,0,9,0
cached,0.4,2048,0,10,0
cached,0.4,2048,0,11,0
cached,0.4,2048,0,12,0
cached,0.4,2048,0,13,0
cached,0.4,2048,1,0,0
cached,0.4,2048,1,1,0
cached,0.4,2048,1,2,0
cached,0.4,2048,1,3,0
cached,0.4,2048,1,4,0
cached,0.4,2048,1,5,0
cached,0.4,2048,1,6,0
cached,0.4,2048,1,7,0
cached,0.4,2048,1,8,0
cached,0.4,2048,1,9,0
cached,0.4,2048,1,10,0
cached,0.4,2048,1,11,0
cached,0.4,2048,1,12,0
cached,0.4,2048,1,13,0
cached,0.4,2048,2,0,0
cached,0.4,2048,2,1,0
cached,0.4,2048,2,2,0
cached,0.4,2048,2,3,0
cached,0.4,2048,2,4,0
cached,0.4,2048,2,5,0
cached,0.4,2048,2,6,0
cached,0.4,2048,2,7,0
cached,0.4,2048,2,8,0
cached,0.4,2048,2,9,0
cached,0.4,2048,2,10,0
cached,0.4,2048,2,11,0
cached,0.4,2048,2,12,0
cached,0.4,2048,2,13,0
cached,0.4,2048,3,0,0
cached,0.4,2048,3,1,0
cached,0.4,2048,3,2,0
cached,0.4,2048,3,3,0
cached,0.4,2048,3,4,0
cached,0.4,2048,3,5,0
cached,0.4,2048,3,6,0
cached,0.4,2048,3,7,0
cached,0.4,2048,3,8,0
cached,0.4,2048,3,9,0
cached,0.4,2048,3,10,0
cached,0.4,2048,3,11,0
cached,0.4,2048,3,12,0
cached,0.4,2048,3,13,0
cached,0.4,2048,4,0,0
cached,0.4,2048,4,1,0
cached,0.4,2048,4,2,0
cached,0.4,2048,4,3,0
cached,0.4,2048,4,4,0
cached,0.4,2048,4,5,0
cached,0.4,2048,4,6,0
cached,0.4,2048,4,7,0
cached,0.4,2048,4,8,0
cached,0.4,2048,4,9,0
cached,0.4,2048,4,10,0
cached,0.4,2048,4,11,0
cached,0.4,2048,4,12,0
cached,0.4,2048,4,13,0
cached,0.4,2048,5,0,0
cached,0.4,2048,5,1,0
cached,0.4,2048,5,2,0
cached,0.4,2048,5,3,0
cached,0.4,2048,5,4,0
cached,0.4,2048,5,5,0
cached,0.4,2048,5,6,0
cached,0.4,2048,5,7,0
cached,0.4,2048,5,8,0
cached,0.4,2048,5,9,0
cached,0.4,2048,5,10,0
cached,0.4,2048,5,11,0
cached,0.4,2048,5,12,0
cached,0.4,2048,5,13,0
cached,0.4,2048,6,0,0
cached,0.4,2048,6,1,0
cached,0.4,2048,6,2,0
cached,0.4,2048,6,3,0
cached,0.4,2048,6,4,0
cached,0.4,2048,6,5,0
cached,0.4,2048,6,6,0
cached,0.4,2048,6,7,0
cached,0.4,2048,6,8,0
cached,0.4,2048,6,9,0
cached,0.4,2048,6,10,0
cached,0.4,2048,6,11,0
cached,0.4,2048,6,12,0
cached,0.4,2048,6,13,0
cached,0.4,2048,7,0,0
cached,0.4,2048,7,1,0
cached,0.4,2048,7,2,0
cached,0.4,2048,7,3,0
cached,0.4,2048,7,4,0
cached,0.4,2048,7,5,0
cached,0.4,2048,7,6,0
cached,0.4,2048,7,7,0
cached,0.4,2048,7,8,0
cached,0.4,2048,7,9,0
cached,0.4,2048,7,10,0
cached,0.4,2048,7,11,0
cached,0.4,2048,7,12,0
cached,0.4,2048,7,13,0
cached,0.4,2048,8,0,0
cached,0.4,2048,8,1,0
cached,0.4,2048,8,2,0
cached,0.4,2048,8,3,0
cached,0.4,2048,8,4,0
cached,0.4,2048,8,5,0
cached,0.4,2048,8,6,0
cached,0.4,2048,8,7,0
cached,0.4,2048,8,8,0
cached,0.4,2048,8,9,0
cached,0.4,2048,8,10,0
cached,0.4,2048,8,11,0
cached,0.4,2048,8,12,0
cached,0.4,2048,8,13,0
cached,0.4,2048,9,0,0
cached,0.4,2048,9,1,0
cached,0.4,2048,9,2,0
cached,0.4,2048,9,3,0
cached,0.4,2048,9,4,0
cached,0.4,2048,9,5,0
cached,0.4,2048,9,6,0
cached,0.4,2048,9,7,64
cached,0.4,2048,9,8,0
cached,0.4,2048,9,9,0
cached,0.4,2048,9,10,0
cached,0.4,2048,9,11,0
cached,0.4,2048,9,12,0
cached,0.4,2048,9,13,0
cached,0.4,2048,10,0,0
cached,0.4,2048,10,1,0
cached,0.4,2048,10,2,0
cached,0.4,2048,10,3,0
cached,0.4,2048,10,4,0
cached,0.4,2048,10,5,0
cached,0.4,2048,10,6,0
cached,0.4,2048,10,7,0
cached,0.4,2048,10,8,0
cached,0.4,2048,10,9,0
cached,0.4,2048,10,10,0
cached,0.4,2048,10,11,0
cached,0.4,2048,10,12,0
cached,0.4,2048,10,13,0
cached,0.4,2048,11,0,0
cached,0.4,2048,11,1,0
cached,0.4,2048,11,2,0
cached,0.4,2048,11,3,0
cached,0.4,2048,11,4,0
cached,0.4,2048,11,5,0
cached,0.4,2048,11,6,0
cached,0.4,2048,11,7,64
cached,0.4,2048,11,8,0
cached,0.4,2048,11,9,0
cached,0.4,2048,11,10,0
cached,0.4,2048,11,11,64
cached,0.4,2048,11,12,0
cached,0.4,2048,11,13,64
cached,0.4,2048,12,0,0
cached,0.4,2048,12,1,0
cached,0.4,2048,12,2,0
cached,0.4,2048,12,3,0
cached,0.4,2048,12,4,0
cached,0.4,2048,12,5,0
cached,0.4,2048,12,6,0
cached,0.4,2048,12,7,0
cached,0.4,2048,12,8,0
cached,0.4,2048,12,9,0
cached,0.4,2048,12,10,0
cached,0.4,2048,12,11,0
cached,0.4,2048,12,12,0
cached,0.4,2048,12,13,0
cached,0.4,2048,13,0,0
cached,0.4,2048,13,1,0
cached,0.4,2048,13,2,0
cached,0.4,2048,13,3,0
cached,0.4,2048,13,4,0
cached,0.4,2048,13,5,0
cached,0.4,2048,13,6,0
cached,0.4,2048,13,7,0
cached,0.4,2048,13,8,0
cached,0.4,2048,13,9,0
cached,0.4,2048,13,10,0
cached,0.4,2048,13,11,0
cached,0.4,2048,13,12,0
cached,0.4,2048,13,13,0
cached,0.4,2048,14,0,0
cached,0.4,2048,14,1,0
cached,0.4,2048,14,2,0
cached,0.4,2048,14,3,0
cached,0.4,2048,14,4,0
cached,0.4,2048,14,5,0
cached,0.4,2048,14,6,0
cached,0.4,2048,14,7,0
cached,0.4,2048,14,8,0
cached,0.4,2048,14,9,0
cached,0.4,2048,14,10,0
cached,0.4,2048,14,11,0
cached,0.4,2048,14,12,0
cached,0.4,2048,14,13,0
cached,0.4,2048,15,0,0
cached,0.4,2048,15,1,0
cached,0.4,2048,15,2,0
cached,0.4,2048,15,3,0
cached,0.4,2048,15,4,0
cached,0.4,2048,15,5,0
cached,0.4,2048,15,6,0
cached,0.4,2048,15,7,0
cached,0.4,2048,15,8,0
cached,0.4,2048,15,9,0
cached,0.4,2048,15,10,0
cached,0.4,2048,15,11,0
cached,0.4,2048,15,12,0
cached,0.4,2048,15,13,0
cached,0.4,2048,16,0,0
cached,0.4,2048,16,1,0
cached,0.4,2048,16,2,0
cached,0.4,2048,16,3,0
cached,0.4,2048,16,4,0
cached,0.4,2048,16,5,0
cached,0.4,2048,16,6,0
cached,0.4,2048,16,7,0
cached,0.4,2048,16,8,0
cached,0.4,2048,16,9,0
cached,0.4,2048,16,10,0
cached,0.4,2048,16,11,0
cached,0.4,2048,16,12,0
cached,0.4,2048,16,13,0
cached,0.4,2048,17,0,0
cached,0.4,2048,17,1,0
cached,0.4,2048,17,2,0
cached,0.4,2048,17,3,0
cached,0.4,2048,17,4,0
cached,0.4,2048,17,5,64
cached,0.4,2048,17,6,0
cached,0.4,2048,17,7,0
cached,0.4,2048,17,8,0
cached,0.4,2048,17,9,0
cached,0.4,2048,17,10,0
cached,0.4,2048,17,11,0
cached,0.4,2048,17,12,0
cached,0.4,2048,17,13,0
cached,0.4,2048,18,0,0
cached,0.4,2048,18,1,0
cached,0.4,2048,18,2,0
cached,0.4,2048,18,3,0
cached,0.4,2048,18,4,0
cached,0.4,2048,18,5,0
cached,0.4,2048,18,6,0
cached,0.4,2048,18,7,0
cached,0.4,2048,18,8,0
cached,0.4,2048,18,9,0
cached,0.4,2048,18,10,0
cached,0.4,2048,18,11,0
cached,0.4,2048,18,12,0
cached,0.4,2048,18,13,0
cached,0.4,2048,19,0,0
cached,0.4,2048,19,1,0
cached,0.4,2048,19,2,0
cached,0.4,2048,19,3,0
cached,0.4,2048,19,4,0
cached,0.4,2048,19,5,0
cached,0.4,2048,19,6,0
cached,0.4,2048,19,7,0
cached,0.4,2048,19,8,0
cached,0.4,2048,19,9,0
cached,0.4,2048,19,10,0
cached,0.4,2048,19,11,0
cached,0.4,2048,19,12,0
cached,0.4,2048,19,13,0
cached,0.4,2048,20,0,0
cached,0.4,2048,20,1,0
cached,0.4,2048,20,2,0
cached,0.4,2048,20,3,0
cached,0.4,2048,20,4,0
cached,0.4,2048,20,5,0
cached,0.4,2048,20,6,0
cached,0.4,2048,20,7,64
cached,0.4,2048,20,8,64
cached,0.4,2048,20,9,64
cached,0.4,2048,20,10,64
cached,0.4,2048,20,11,64
cached,0.4,2048,20,12,64
cached,0.4,2048,20,13,0
cached,0.4,2048,21,0,64
cached,0.4,2048,21,1,64
cached,0.4,2048,21,2,0
cached,0.4,2048,21,3,64
cached,0.4,2048,21,4,64
cached,0.4,2048,21,5,64
cached,0.4,2048,21,6,0
cached,0.4,2048,21,7,0
cached,0.4,2048,21,8,0
cached,0.4,2048,21,9,0
cached,0.4,2048,21,10,0
cached,0.4,2048,21,11,0
cached,0.4,2048,21,12,0
cached,0.4,2048,21,13,0
cached,0.4,2048,22,0,0
cached,0.4,2048,22,1,0
cached,0.4,2048,22,2,0
cached,0.4,2048,22,3,0
cached,0.4,2048,22,4,0
cached,0.4,2048,22,5,0
cached,0.4,2048,22,6,0
cached,0.4,2048,22,7,0
cached,0.4,2048,22,8,0
cached,0.4,2048,22,9,0
cached,0.4,2048,22,10,0
cached,0.4,2048,22,11,0
cached,0.4,2048,22,12,0
cached,0.4,2048,22,13,0
cached,0.4,2048,23,0,0
cached,0.4,2048,23,1,0
cached,0.4,2048,23,2,0
cached,0.4,2048,23,3,0
cached,0.4,2048,23,4,0
cached,0.4,2048,23,5,0
cached,0.4,2048,23,6,0
cached,0.4,2048,23,7,0
cached,0.4,2048,23,8,0
cached,0.4,2048,23,9,0
cached,0.4,2048,23,10,0
cached,0.4,2048,23,11,0
cached,0.4,2048,23,12,0
cached,0.4,2048,23,13,0
cached,0.4,4096,0,0,0
cached,0.4,4096,0,1,0
cached,0.4,4096,0,2,0
cached,0.4,4096,0,3,0
cached,0.4,4096,0,4,0
cached,0.4,4096,0,5,0
cached,0.4,4096,0,6,0
cached,0.4,4096,0,7,0
cached,0.4,4096,0,8,0
cached,0.4,4096,0,9,0
cached,0.4,4096,0,10,0
cached,0.4,4096,0,11,0
cached,0.4,4096,0,12,0
cached,0.4,4096,0,13,0
cached,0.4,4096,1,0,0
cached,0.4,4096,1,1,0
cached,0.4,4096,1,2,0
cached,0.4,4096,1,3,0
cached,0.4,4096,1,4,0
cached,0.4,4096,1,5,0
cached,0.4,4096,1,6,0
cached,0.4,4096,1,7,0
cached,0.4,4096,1,8,0
cached,0.4,4096,1,9,0
cached,0.4,4096,1,10,0
cached,0.4,4096,1,11,0
cached,0.4,4096,1,12,0
cached,0.4,4096,1,13,0
cached,0.4,4096,2,0,0
cached,0.4,4096,2,1,0
cached,0.4,4096,2,2,0
cached,0.4,4096,2,3,0
cached,0.4,4096,2,4,0
cached,0.4,4096,2,5,0
cached,0.4,4096,2,6,0
cached,0.4,4096,2,7,0
cached,0.4,4096,2,8,0
cached,0.4,4096,2,9,0
cached,0.4,4096,2,10,0
cached,0.4,4096,2,11,0
cached,0.4,4096,2,12,0
cached,0.4,4096,2,13,0
cached,0.4,4096,3,0,0
cached,0.4,4096,3,1,0
cached,0.4,4096,3,2,0
cached,0.4,4096,3,3,0
cached,0.4,4096,3,4,0
cached,0.4,4096,3,5,0
cached,0.4,4096,3,6,0
cached,0.4,4096,3,7,0
cached,0.4,4096,3,8,0
cached,0.4,4096,3,9,0
cached,0.4,4096,3,10,0
cached,0.4,4096,3,11,0
cached,0.4,4096,3,12,0
cached,0.4,4096,3,13,0
cached,0.4,4096,4,0,0
cached,0.4,4096,4,1,0
cached,0.4,4096,4,2,0
cached,0.4,4096,4,3,0
cached,0.4,4096,4,4,0
cached,0.4,4096,4,5,0
cached,0.4,4096,4,6,0
cached,0.4,4096,4,7,0
cached,0.4,4096,4,8,0
cached,0.4,4096,4,9,0
cached,0.4,4096,4,10,0
cached,0.4,4096,4,11,0
cached,0.4,4096,4,12,0
cached,0.4,4096,4,13,0
cached,0.4,4096,5,0,0
cached,0.4,4096,5,1,0
cached,0.4,4096,5,2,0
cached,0.4,4096,5,3,0
cached,0.4,4096,5,4,0
cached,0.4,4096,5,5,0
cached,0.4,4096,5,6,0
cached,0.4,4096,5,7,0
cached,0.4,4096,5,8,0
cached,0.4,4096,5,9,0
cached,0.4,4096,5,10,0
cached,0.4,4096,5,11,0
cached,0.4,4096,5,12,0
cached,0.4,4096,5,13,0
cached,0.4,4096,6,0,0
cached,0.4,4096,6,1,0
cached,0.4,4096,6,2,0
cached,0.4,4096,6,3,0
cached,0.4,4096,6,4,0
cached,0.4,4096,6,5,0
cached,0.4,4096,6,6,0
cached,0.4,4096,6,7,0
cached,0.4,4096,6,8,0
cached,0.4,4096,6,9,0
cached,0.4,4096,6,10,0
cached,0.4,4096,6,11,0
cached,0.4,4096,6,12,0
cached,0.4,4096,6,13,0
cached,0.4,4096,7,0,0
cached,0.4,4096,7,1,0
cached,0.4,4096,7,2,0
cached,0.4,4096,7,3,0
cached,0.4,4096,7,4,0
cached,0.4,4096,7,5,0
cached,0.4,4096,7,6,0
cached,0.4,4096,7,7,0
cached,0.4,4096,7,8,0
cached,0.4,4096,7,9,0
cached,0.4,4096,7,10,0
cached,0.4,4096,7,11,0
cached,0.4,4096,7,12,0
cached,0.4,4096,7,13,0
cached,0.4,4096,8,0,0
cached,0.4,4096,8,1,0
cached,0.4,4096,8,2,0
cached,0.4,4096,8,3,0
cached,0.4,4096,8,4,0
cached,0.4,4096,8,5,0
cached,0.4,4096,8,6,0
cached,0.4,4096,8,7,0
cached,0.4,4096,8,8,0
cached,0.4,4096,8,9,0
cached,0.4,4096,8,10,0
cached,0.4,4096,8,11,0
cached,0.4,4096,8,12,0
cached,0.4,4096,8,13,0
cached,0.4,4096,9,0,0
cached,0.4,4096,9,1,0
cached,0.4,4096,9,2,0
cached,0.4,4096,9,3,0
cached,0.4,4096,9,4,0
cached,0.4,4096,9,5,0
cached,0.4,4096,9,6,0
cached,0.4,4096,9,7,64
cached,0.4,4096,9,8,0
cached,0.4,4096,9,9,0
cached,0.4,4096,9,10,0
cached,0.4,4096,9,11,0
cached,0.4,4096,9,12,0
cached,0.4,4096,9,13,0
cached,0.4,4096,10,0,0
cached,0.4,4096,10,1,0
cached,0.4,4096,10,2,0
cached,0.4,4096,10,3,0
cached,0.4,4096,10,4,0
cached,0.4,4096,10,5,0
cached,0.4,4096,10,6,0
cached,0.4,4096,10,7,0
cached,0.4,4096,10,8,0
cached,0.4,4096,10,9,0
cached,0.4,4096,10,10,0
cached,0.4,4096,10,11,0
cached,0.4,4096,10,12,0
cached,0.4,4096,10,13,0
cached,0.4,4096,11,0,0
cached,0.4,4096,11,1,0
cached,0.4,4096,11,2,0
cached,0.4,4096,11,3,0
cached,0.4,4096,11,4,0
cached,0.4,4096,11,5,0
cached,0.4,4096,11,6,0
cached,0.4,4096,11,7,64
cached,0.4,4096,11,8,0
cached,0.4,4096,11,9,0
cached,0.4,4096,11,10,0
cached,0.4,4096,11,11,64
cached,0.4,4096,11,12,0
cached,0.4,4096,11,13,64
cached,0.4,4096,12,0,0
cached,0.4,4096,12,1,0
cached,0.4,4096,12,2,0
cached,0.4,4096,12,3,0
cached,0.4,4096,12,4,0
cached,0.4,4096,12,5,0
cached,0.4,4096,12,6,0
cached,0.4,4096,12,7,0
cached,0.4,4096,12,8,0
cached,0.4,4096,12,9,0
cached,0.4,4096,12,10,0
cached,0.4,4096,12,11,0
cached,0.4,4096,12,12,0
cached,0.4,4096,12,13,0
cached,0.4,4096,13,0,0
cached,0.4,4096,13,1,0
cached,0.4,4096,13,2,0
cached,0.4,4096,13,3,0
cached,0.4,4096,13,4,0
cached,0.4,4096,13,5,0
cached,0.4,4096,13,6,0
cached,0.4,4096,13,7,0
cached,0.4,4096,13,8,0
cached,0.4,4096,13,9,0
cached,0.4,4096,13,10,0
cached,0.4,4096,13,11,0
cached,0.4,4096,13,12,0
cached,0.4,4096,13,13,0
cached,0.4,4096,14,0,0
cached,0.4,4096,14,1,0
cached,0.4,4096,14,2,0
cached,0.4,4096,14,3,0
cached,0.4,4096,14,4,0
cached,0.4,4096,14,5,0
cached,0.4,4096,14,6,0
cached,0.4,4096,14,7,0
cached,0.4,4096,14,8,0
cached,0.4,4096,14,9,0
cached,0.4,4096,14,10,0
cached,0.4,4096,14,11,0
cached,0.4,4096,14,12,0
cached,0.4,4096,14,13,0
cached,0.4,4096,15,0,0
cached,0.4,4096,15,1,0
cached,0.4,4096,15,2,0
cached,0.4,4096,15,3,0
cached,0.4,4096,15,4,0
cached,0.4,4096,15,5,0
cached,0.4,4096,15,6,0
cached,0.4,4096,15,7,0
cached,0.4,4096,15,8,0
cached,0.4,4096,15,9,0
cached,0.4,4096,15,10,0
cached,0.4,4096,15,11,0
cached,0.4,4096,15,12,0
cached,0.4,4096,15,13,0
cached,0.4,4096,16,0,0
cached,0.4,4096,16,1,0
cached,0.4,4096,16,2,0
cached,0.4,4096,16,3,0
cached,0.4,4096,16,4,0
cached,0.4,4096,16,5,0
cached,0.4,4096,16,6,0
cached,0.4,4096,16,7,0
cached,0.4,4096,16,8,0
cached,0.4,4096,16,9,0
cached,0.4,4096,16,10,0
cached,0.4,4096,16,11,0
cached,0.4,4096,16,12,0
cached,0.4,4096,16,13,0
cached,0.4,4096,17,0,0
cached,0.4,4096,17,1,0
cached,0.4,4096,17,2,0
cached,0.4,4096,17,3,0
cached,0.4,4096,17,4,0
cached,0.4,4096,17,5,64
cached,0.4,4096,17,6,0
cached,0.4,4096,17,7,0
cached,0.4,4096,17,8,0
cached,0.4,4096,17,9,0
cached,0.4,4096,17,10,0
cached,0.4,4096,17,11,0
cached,0.4,4096,17,12,0
cached,0.4,4096,17,13,0
cached,0.4,4096,18,0,0
cached,0.4,4096,18,1,0
cached,0.4,4096,18,2,0
cached,0.4,4096,18,3,0
cached,0.4,4096,18,4,0
cached,0.4,4096,18,5,0
cached,0.4,4096,18,6,0
cached,0.4,4096,18,7,0
cached,0.4,4096,18,8,0
cached,0.4,4096,18,9,0
cached,0.4,4096,18,10,0
cached,0.4,4096,18,11,0
cached,0.4,4096,18,12,0
cached,0.4,4096,18,13,0
cached,0.4,4096,19,0,0
cached,0.4,4096,19,1,0
cached,0.4,4096,19,2,0
cached,0.4,4096,19,3,0
cached,0.4,4096,19,4,0
cached,0.4,4096,19,5,0
cached,0.4,4096,19,6,0
cached,0.4,4096,19,7,0
cached,0.4,4096,19,8,0
cached,0.4,4096,19,9,0
cached,0.4,4096,19,10,0
cached,0.4,4096,19,11,0
cached,0.4,4096,19,12,0
cached,0.4,4096,19,13,0
cached,0.4,4096,20,0,0
cached,0.4,4096,20,1,0
cached,0.4,4096,20,2,0
cached,0.4,4096,20,3,0
cached,0.4,4096,20,4,0
cached,0.4,4096,20,5,0
cached,0.4,4096,20,6,0
cached,0.4,4096,20,7,64
cached,0.4,4096,20,8,64
cached,0.4,4096,20,9,64
cached,0.4,4096,20,10,64
cached,0.4,4096,20,11,64
cached,0.4,4096,20,12,64
cached,0.4,4096,20,13,0
cached,0.4,4096,21,0,64
cached,0.4,4096,21,1,64
cached,0.4,4096,21,2,0
cached,0.4,4096,21,3,64
cached,0.4,4096,21,4,64
cached,0.4,4096,21,5,64
cached,0.4,4096,21,6,0
cached,0.4,4096,21,7,0
cached,0.4,4096,21,8,0
cached,0.4,4096,21,9,0
cached,0.4,4096,21,10,0
cached,0.4,4096,21,11,0
cached,0.4,4096,21,12,0
cached,0.4,4096,21,13,0
cached,0.4,4096,22,0,0
cached,0.4,4096,22,1,0
cached,0.4,4096,22,2,0
cached,0.4,4096,22,3,0
cached,0.4,4096,22,4,0
cached,0.4,4096,22,5,0
cached,0.4,4096,22,6,0
cached,0.4,4096,22,7,0
cached,0.4,4096,22,8,0
cached,0.4,4096,22,9,0
cached,0.4,4096,22,10,0
cached,0.4,4096,22,11,0
cached,0.4,4096,22,12,0
cached,0.4,4096,22,13,0
cached,0.4,4096,23,0,0
cached,0.4,4096,23,1,0
cached,0.4,4096,23,2,0
cached,0.4,4096,23,3,0
cached,0.4,4096,23,4,0
cached,0.4,4096,23,5,0
cached,0.4,4096,23,6,0
cached,0.4,4096,23,7,0
cached,0.4,4096,23,8,0
cached,0.4,4096,23,9,0
cached,0.4,4096,23,10,0
cached,0.4,4096,23,11,0
cached,0.4,4096,23,12,0
cached,0.4,4096,23,13,0
cached,0.4,8192,0,0,0
cached,0.4,8192,0,1,0
cached,0.4,8192,0,2,0
cached,0.4,8192,0,3,0
cached,0.4,8192,0,4,0
cached,0.4,8192,0,5,0
cached,0.4,8192,0,6,0
cached,0.4,8192,0,7,0
cached,0.4,8192,0,8,0
cached,0.4,8192,0,9,0
cached,0.4,8192,0,10,0
cached,0.4,8192,0,11,0
cached,0.4,8192,0,12,0
cached,0.4,8192,0,13,0
cached,0.4,8192,1,0,0
cached,0.4,8192,1,1,0
cached,0.4,8192,1,2,0
cached,0.4,8192,1,3,0
cached,0.4,8192,1,4,0
cached,0.4,8192,1,5,0
cached,0.4,8192,1,6,0
cached,0.4,8192,1,7,0
cached,0.4,8192,1,8,0
cached,0.4,8192,1,9,0
cached,0.4,8192,1,10,0
cached,0.4,8192,1,11,0
cached,0.4,8192,1,12,0
cached,0.4,8192,1,13,0
cached,0.4,8192,2,0,0
cached,0.4,8192,2,1,0
cached,0.4,8192,2,2,0
cached,0.4,8192,2,3,0
cached,0.4,8192,2,4,0
cached,0.4,8192,2,5,0
cached,0.4,8192,2,6,0
cached,0.4,8192,2,7,0
cached,0.4,8192,2,8,0
cached,0.4,8192,2,9,0
cached,0.4,8192,2,10,0
cached,0.4,8192,2,11,0
cached,0.4,8192,2,12,0
cached,0.4,8192,2,13,0
cached,0.4,8192,3,0,0
cached,0.4,8192,3,1,0
cached,0.4,8192,3,2,0
cached,0.4,8192,3,3,0
cached,0.4,8192,3,4,0
cached,0.4,8192,3,5,0
cached,0.4,8192,3,6,0
cached,0.4,8192,3,7,0
cached,0.4,8192,3,8,0
cached,0.4,8192,3,9,0
cached,0.4,8192,3,10,0
cached,0.4,8192,3,11,0
cached,0.4,8192,3,12,0
cached,0.4,8192,3,13,0
cached,0.4,8192,4,0,0
cached,0.4,8192,4,1,0
cached,0.4,8192,4,2,0
cached,0.4,8192,4,3,0
cached,0.4,8192,4,4,0
cached,0.4,8192,4,5,0
cached,0.4,8192,4,6,0
cached,0.4,8192,4,7,0
cached,0.4,8192,4,8,0
cached,0.4,8192,4,9,0
cached,0.4,8192,4,10,0
cached,0.4,8192,4,11,0
cached,0.4,8192,4,12,0
cached,0.4,8192,4,13,0
cached,0.4,8192,5,0,0
cached,0.4,8192,5,1,0
cached,0.4,8192,5,2,0
cached,0.4,8192,5,3,0
cached,0.4,8192,5,4,0
cached,0.4,8192,5,5,0
cached,0.4,8192,5,6,0
cached,0.4,8192,5,7,0
cached,0.4,8192,5,8,0
cached,0.4,8192,5,9,0
cached,0.4,8192,5,10,0
cached,0.4,8192,5,11,0
cached,0.4,8192,5,12,0
cached,0.4,8192,5,13,0
cached,0.4,8192,6,0,0
cached,0.4,8192,6,1,0
cached,0.4,8192,6,2,0
cached,0.4,8192,6,3,0
cached,0.4,8192,6,4,0
cached,0.4,8192,6,5,0
cached,0.4,8192,6,6,0
cached,0.4,8192,6,7,0
cached,0.4,8192,6,8,0
cached,0.4,8192,6,9,0
cached,0.4,8192,6,10,0
cached,0.4,8192,6,11,0
cached,0.4,8192,6,12,0
cached,0.4,8192,6,13,0
cached,0.4,8192,7,0,0
cached,0.4,8192,7,1,0
cached,0.4,8192,7,2,0
cached,0.4,8192,7,3,0
cached,0.4,8192,7,4,0
cached,0.4,8192,7,5,0
cached,0.4,8192,7,6,0
cached,0.4,8192,7,7,0
cached,0.4,8192,7,8,0
cached,0.4,8192,7,9,0
cached,0.4,8192,7,10,0
cached,0.4,8192,7,11,0
cached,0.4,8192,7,12,0
cached,0.4,8192,7,13,0
cached,0.4,8192,8,0,0
cached,0.4,8192,8,1,0
cached,0.4,8192,8,2,0
cached,0.4,8192,8,3,0
cached,0.4,8192,8,4,0
cached,0.4,8192,8,5,0
cached,0.4,8192,8,6,0
cached,0.4,8192,8,7,0
cached,0.4,8192,8,8,0
cached,0.4,8192,8,9,0
cached,0.4,8192,8,10,0
cached,0.4,8192,8,11,0
cached,0.4,8192,8,12,0
cached,0.4,8192,8,13,0
cached,0.4,8192,9,0,0
cached,0.4,8192,9,1,0
cached,0.4,8192,9,2,0
cached,0.4,8192,9,3,0
cached,0.4,8192,9,4,0
cached,0.4,8192,9,5,0
cached,0.4,8192,9,6,0
cached,0.4,8192,9,7,64
cached,0.4,8192,9,8,0
cached,0.4,8192,9,9,0
cached,0.4,8192,9,10,0
cached,0.4,8192,9,11,0
cached,0.4,8192,9,12,0
cached,0.4,8192,9,13,0
cached,0.4,8192,10,0,0
cached,0.4,8192,10,1,0
cached,0.4,8192,10,2,0
cached,0.4,8192,10,3,0
cached,0.4,8192,10,4,0
cached,0.4,8192,10,5,0
cached,0.4,8192,10,6,0
cached,0.4,8192,10,7,0
cached,0.4,8192,10,8,0
cached,0.4,8192,10,9,0
cached,0.4,8192,10,10,0
cached,0.4,8192,10,11,0
cached,0.4,8192,10,12,0
cached,0.4,8192,10,13,0
cached,0.4,8192,11,0,0
cached,0.4,8192,11,1,0
cached,0.4,8192,11,2,0
cached,0.4,8192,11,3,0
cached,0.4,8192,11,4,0
cached,0.4,8192,11,5,0
cached,0.4,8192,11,6,0
cached,0.4,8192,11,7,64
cached,0.4,8192,11,8,0
cached,0.4,8192,11,9,0
cached,0.4,8192,11,10,0
cached,0.4,8192,11,11,64
cached,0.4,8192,11,12,0
cached,0.4,8192,11,13,64
cached,0.4,8192,12,0,0
cached,0.4,8192,12,1,0
cached,0.4,8192,12,2,0
cached,0.4,8192,12,3,0
cached,0.4,8192,12,4,0
cached,0.4,8192,12,5,0
cached,0.4,8192,12,6,0
cached,0.4,8192,12,7,0
cached,0.4,8192,12,8,0
cached,0.4,8192,12,9,0
cached,0.4,8192,12,10,0
cached,0.4,8192,12,11,0
cached,0.4,8192,12,12,0
cached,0.4,8192,12,13,0
cached,0.4,8192,13,0,0
cached,0.4,8192,13,1,0
cached,0.4,8192,13,2,0
cached,0.4,8192,13,3,0
cached,0.4,8192,13,4,0
cached,0.4,8192,13,5,0
cached,0.4,8192,13,6,0
cached,0.4,8192,13,7,0
cached,0.4,8192,13,8,0
cached,0.4,8192,13,9,0
cached,0.4,8192,13,10,0
cached,0.4,8192,13,11,0
cached,0.4,8192,13,12,0
cached,0.4,8192,13,13,0
cached,0.4,8192,14,0,0
cached,0.4,8192,14,1,0
cached,0.4,8192,14,2,0
cached,0.4,8192,14,3,0
cached,0.4,8192,14,4,0
cached,0.4,8192,14,5,0
cached,0.4,8192,14,6,0
cached,0.4,8192,14,7,0
cached,0.4,8192,14,8,0
cached,0.4,8192,14,9,0
cached,0.4,8192,14,10,0
cached,0.4,8192,14,11,0
cached,0.4,8192,14,12,0
cached,0.4,8192,14,13,0
cached,0.4,8192,15,0,0
cached,0.4,8192,15,1,0
cached,0.4,8192,15,2,0
cached,0.4,8192,15,3,0
cached,0.4,8192,15,4,0
cached,0.4,8192,15,5,0
cached,0.4,8192,15,6,0
cached,0.4,8192,15,7,0
cached,0.4,8192,15,8,0
cached,0.4,8192,15,9,0
cached,0.4,8192,15,10,0
cached,0.4,8192,15,11,0
cached,0.4,8192,15,12,0
cached,0.4,8192,15,13,0
cached,0.4,8192,16,0,0
cached,0.4,8192,16,1,0
cached,0.4,8192,16,2,0
cached,0.4,8192,16,3,0
cached,0.4,8192,16,4,0
cached,0.4,8192,16,5,0
cached,0.4,8192,16,6,0
cached,0.4,8192,16,7,0
cached,0.4,8192,16,8,0
cached,0.4,8192,16,9,0
cached,0.4,8192,16,10,0
cached,0.4,8192,16,11,0
cached,0.4,8192,16,12,0
cached,0.4,8192,16,13,0
cached,0.4,8192,17,0,0
cached,0.4,8192,17,1,0
cached,0.4,8192,17,2,0
cached,0.4,8192,17,3,0
cached,0.4,8192,17,4,0
cached,0.4,8192,17,5,64
cached,0.4,8192,17,6,0
cached,0.4,8192,17,7,0
cached,0.4,8192,17,8,0
cached,0.4,8192,17,9,0
cached,0.4,8192,17,10,0
cached,0.4,8192,17,11,0
cached,0.4,8192,17,12,0
cached,0.4,8192,17,13,0
cached,0.4,8192,18,0,0
cached,0.4,8192,18,1,0
cached,0.4,8192,18,2,0
cached,0.4,8192,18,3,0
cached,0.4,8192,18,4,0
cached,0.4,8192,18,5,0
cached,0.4,8192,18,6,0
cached,0.4,8192,18,7,0
cached,0.4,8192,18,8,0
cached,0.4,8192,18,9,0
cached,0.4,8192,18,10,0
cached,0.4,8192,18,11,0
cached,0.4,8192,18,12,0
cached,0.4,8192,18,13,0
cached,0.4,8192,19,0,0
cached,0.4,8192,19,1,0
cached,0.4,8192,19,2,0
cached,0.4,8192,19,3,0
cached,0.4,8192,19,4,0
cached,0.4,8192,19,5,0
cached,0.4,8192,19,6,0
cached,0.4,8192,19,7,0
cached,0.4,8192,19,8,0
cached,0.4,8192,19,9,0
cached,0.4,8192,19,10,0
cached,0.4,8192,19,11,0
cached,0.4,8192,19,12,0
cached,0.4,8192,19,13,0
cached,0.4,8192,20,0,0
cached,0.4,8192,20,1,0
cached,0.4,8192,20,2,0
cached,0.4,8192,20,3,0
cached,0.4,8192,20,4,0
cached,0.4,8192,20,5,0
cached,0.4,8192,20,6,0
cached,0.4,8192,20,7,64
cached,0.4,8192,20,8,64
cached,0.4,8192,20,9,64
cached,0.4,8192,20,10,64
cached,0.4,8192,20,11,64
cached,0.4,8192,20,12,64
cached,0.4,8192,20,13,0
cached,0.4,8192,21,0,64
cached,0.4,8192,21,1,64
cached,0.4,8192,21,2,0
cached,0.4,8192,21,3,64
cached,0.4,8192,21,4,64
cached,0.4,8192,21,5,64
cached,0.4,8192,21,6,0
cached,0.4,8192,21,7,0
cached,0.4,8192,21,8,0
cached,0.4,8192,21,9,0
cached,0.4,8192,21,10,0
cached,0.4,8192,21,11,0
cached,0.4,8192,21,12,0
cached,0.4,8192,21,13,0
cached,0.4,8192,22,0,0
cached,0.4,8192,22,1,0
cached,0.4,8192,22,2,0
cached,0.4,8192,22,3,0
cached,0.4,8192,22,4,0
cached,0.4,8192,22,5,0
cached,0.4,8192,22,6,0
cached,0.4,8192,22,7,0
cached,0.4,8192,22,8,0
cached,0.4,8192,22,9,0
cached,0.4,8192,22,10,0
cached,0.4,8192,22,11,0
cached,0.4,8192,22,12,0
cached,0.4,8192,22,13,0
cached,0.4,8192,23,0,0
cached,0.4,8192,23,1,0
cached,0.4,8192,23,2,0
cached,0.4,8192,23,3,0
cached,0.4,8192,23,4,0
cached,0.4,8192,23,5,0
cached,0.4,8192,23,6,0
cached,0.4,8192,23,7,0
cached,0.4,8192,23,8,0
cached,0.4,8192,23,9,0
cached,0.4,8192,23,10,0
cached,0.4,8192,23,11,0
cached,0.4,8192,23,12,0
cached,0.4,8192,23,13,0
